folder_name,path,count
Nora Roberts,D:\Novels Library\Final_all_books\Nora Roberts,251
Bella Forrest,D:\Novels Library\Final_all_books\Bella Forrest,182
Elizabeth Lennox,D:\Novels Library\Final_all_books\Elizabeth Lennox,168
James Patterson,D:\Novels Library\Final_all_books\James Patterson,153
Jonathan Moeller,D:\Novels Library\Final_all_books\Jonathan Moeller,145
J. D. Robb,D:\Novels Library\Final_all_books\J. D. Robb,143
Penny Jordan,D:\Novels Library\Final_all_books\Penny Jordan,141
E. L. Todd,D:\Novels Library\Final_all_books\E. L. Todd,140
Danielle Steel,D:\Novels Library\Final_all_books\Danielle Steel,138
Diana Palmer,D:\Novels Library\Final_all_books\Diana Palmer,120
Carole Mortimer,D:\Novels Library\Final_all_books\Carole Mortimer,111
Lynne Graham,D:\Novels Library\Final_all_books\Lynne Graham,110
Alison Roberts,D:\Novels Library\Final_all_books\Alison Roberts,109
Maya Banks,D:\Novels Library\Final_all_books\Maya Banks,108
Shannon Mayer,D:\Novels Library\Final_all_books\Shannon Mayer,105
Nalini Singh,D:\Novels Library\Final_all_books\Nalini Singh,104
Charlie Richards,D:\Novels Library\Final_all_books\Charlie Richards,98
James Hadley Chase,D:\Novels Library\Final_all_books\James Hadley Chase,89
Rick Riordan,D:\Novels Library\Final_all_books\Rick Riordan,88
Meg Xuemei X,D:\Novels Library\Final_all_books\Meg Xuemei X,80
William Shakespeare,D:\Novels Library\Final_all_books\William Shakespeare,80
Miranda Lee,D:\Novels Library\Final_all_books\Miranda Lee,73
John Grisham,D:\Novels Library\Final_all_books\John Grisham,72
Lee Child,D:\Novels Library\Final_all_books\Lee Child,72
R. L. Stine,D:\Novels Library\Final_all_books\R. L. Stine,70
Heather Graham,D:\Novels Library\Final_all_books\Heather Graham,69
Stephen King,D:\Novels Library\Final_all_books\Stephen King,68
Cassandra Clare,D:\Novels Library\Final_all_books\Cassandra Clare,67
Lindsay Buroker,D:\Novels Library\Final_all_books\Lindsay Buroker,66
Mercedes Lackey,D:\Novels Library\Final_all_books\Mercedes Lackey,66
Anne Mather,D:\Novels Library\Final_all_books\Anne Mather,65
CLARE CONNELLY,D:\Novels Library\Final_all_books\CLARE CONNELLY,63
Catherine Mann,D:\Novels Library\Final_all_books\Catherine Mann,61
David Baldacci,D:\Novels Library\Final_all_books\David Baldacci,61
Keri Arthur,D:\Novels Library\Final_all_books\Keri Arthur,61
Carla Cassidy,D:\Novels Library\Final_all_books\Carla Cassidy,60
Janice Maynard,D:\Novels Library\Final_all_books\Janice Maynard,60
Neil Gaiman,D:\Novels Library\Final_all_books\Neil Gaiman,60
Amy Sumida,D:\Novels Library\Final_all_books\Amy Sumida,59
Dana Mentink,D:\Novels Library\Final_all_books\Dana Mentink,59
Jane Jamison,D:\Novels Library\Final_all_books\Jane Jamison,59
Vanessa Vale,D:\Novels Library\Final_all_books\Vanessa Vale,59
Andre Norton,D:\Novels Library\Final_all_books\Andre Norton,58
Daniel Arenson,D:\Novels Library\Final_all_books\Daniel Arenson,58
Maisey Yates,D:\Novels Library\Final_all_books\Maisey Yates,57
Alex Archer,D:\Novels Library\Final_all_books\Alex Archer,56
Day Leclaire,D:\Novels Library\Final_all_books\Day Leclaire,55
Simon R. Green,D:\Novels Library\Final_all_books\Simon R. Green,55
Charlaine Harris,D:\Novels Library\Final_all_books\Charlaine Harris,54
Diane Capri,D:\Novels Library\Final_all_books\Diane Capri,54
S. E. Smith,D:\Novels Library\Final_all_books\S. E. Smith,53
Marion Lennox,D:\Novels Library\Final_all_books\Marion Lennox,52
Sharon Kendrick,D:\Novels Library\Final_all_books\Sharon Kendrick,51
J. R. R. Tolkien,D:\Novels Library\Final_all_books\J. R. R. Tolkien,50
Dale Mayer,D:\Novels Library\Final_all_books\Dale Mayer,49
Dave Duncan,D:\Novels Library\Final_all_books\Dave Duncan,49
Ilona Andrews,D:\Novels Library\Final_all_books\Ilona Andrews,49
Emma Darcy,D:\Novels Library\Final_all_books\Emma Darcy,48
Viola Grace,D:\Novels Library\Final_all_books\Viola Grace,48
Yvonne Lindsay,D:\Novels Library\Final_all_books\Yvonne Lindsay,48
Carol Marinelli,D:\Novels Library\Final_all_books\Carol Marinelli,47
Charlotte Lamb,D:\Novels Library\Final_all_books\Charlotte Lamb,47
George R. R. Martin,D:\Novels Library\Final_all_books\George R. R. Martin,47
Barb Hendee,D:\Novels Library\Final_all_books\Barb Hendee,46
C. J. Cherryh,D:\Novels Library\Final_all_books\C. J. Cherryh,46
Brandon Sanderson,D:\Novels Library\Final_all_books\Brandon Sanderson,45
Katie Dowe,D:\Novels Library\Final_all_books\Katie Dowe,45
Lynsay Sands,D:\Novels Library\Final_all_books\Lynsay Sands,45
Piers Anthony,D:\Novels Library\Final_all_books\Piers Anthony,45
Sarah Morgan,D:\Novels Library\Final_all_books\Sarah Morgan,45
Franklin W. Dixon,D:\Novels Library\Final_all_books\Franklin W. Dixon,44
Kelley Armstrong,D:\Novels Library\Final_all_books\Kelley Armstrong,44
Elizabeth Bevarly,D:\Novels Library\Final_all_books\Elizabeth Bevarly,43
Evangeline Anderson,D:\Novels Library\Final_all_books\Evangeline Anderson,42
Jeff Wheeler,D:\Novels Library\Final_all_books\Jeff Wheeler,42
Janet Evanovich,D:\Novels Library\Final_all_books\Janet Evanovich,41
Laurann Dohner,D:\Novels Library\Final_all_books\Laurann Dohner,41
Lucy Monroe,D:\Novels Library\Final_all_books\Lucy Monroe,40
Shayne Silvers,D:\Novels Library\Final_all_books\Shayne Silvers,40
Terry Goodkind,D:\Novels Library\Final_all_books\Terry Goodkind,40
Diane Gaston,D:\Novels Library\Final_all_books\Diane Gaston,39
Judith Berens,D:\Novels Library\Final_all_books\Judith Berens,39
Adele Abbott,D:\Novels Library\Final_all_books\Adele Abbott,38
Alexis Morgan,D:\Novels Library\Final_all_books\Alexis Morgan,38
Kel Carpenter,D:\Novels Library\Final_all_books\Kel Carpenter,38
Lora Leigh,D:\Novels Library\Final_all_books\Lora Leigh,38
Penelope Sky,D:\Novels Library\Final_all_books\Penelope Sky,38
Raven Snow,D:\Novels Library\Final_all_books\Raven Snow,38
Teresa Southwick,D:\Novels Library\Final_all_books\Teresa Southwick,38
Cindy Gerard,D:\Novels Library\Final_all_books\Cindy Gerard,37
Iris Johansen,D:\Novels Library\Final_all_books\Iris Johansen,37
Jenna Kernan,D:\Novels Library\Final_all_books\Jenna Kernan,37
Terry Brooks,D:\Novels Library\Final_all_books\Terry Brooks,37
Maureen Child,D:\Novels Library\Final_all_books\Maureen Child,36
Michelle Reid,D:\Novels Library\Final_all_books\Michelle Reid,36
Michelle M. Pillow,D:\Novels Library\Final_all_books\Michelle M. Pillow,35
P. C. Cast,D:\Novels Library\Final_all_books\P. C. Cast,35
Sara Craven,D:\Novels Library\Final_all_books\Sara Craven,35
Abby Green,D:\Novels Library\Final_all_books\Abby Green,34
Anna J. Stewart,D:\Novels Library\Final_all_books\Anna J. Stewart,34
Caitlin Crews,D:\Novels Library\Final_all_books\Caitlin Crews,34
Christine Merrill,D:\Novels Library\Final_all_books\Christine Merrill,34
Cindy Dees,D:\Novels Library\Final_all_books\Cindy Dees,34
J. R. Rain,D:\Novels Library\Final_all_books\J. R. Rain,34
Michael Todd,D:\Novels Library\Final_all_books\Michael Todd,34
Seanan McGuire,D:\Novels Library\Final_all_books\Seanan McGuire,34
Addison Fox,D:\Novels Library\Final_all_books\Addison Fox,33
Claire Delacroix,D:\Novels Library\Final_all_books\Claire Delacroix,33
Geri Krotow,D:\Novels Library\Final_all_books\Geri Krotow,33
Melanie Milburne,D:\Novels Library\Final_all_books\Melanie Milburne,33
Rachel Caine,D:\Novels Library\Final_all_books\Rachel Caine,33
Tom Abrahams,D:\Novels Library\Final_all_books\Tom Abrahams,33
Deb Marlowe,D:\Novels Library\Final_all_books\Deb Marlowe,32
Doranna Durgin,D:\Novels Library\Final_all_books\Doranna Durgin,32
Elizabeth Bear,D:\Novels Library\Final_all_books\Elizabeth Bear,32
Jennifer L. Armentrout,D:\Novels Library\Final_all_books\Jennifer L. Armentrout,32
Michael Connelly,D:\Novels Library\Final_all_books\Michael Connelly,32
Debbie Herbert,D:\Novels Library\Final_all_books\Debbie Herbert,31
Diana Hamilton,D:\Novels Library\Final_all_books\Diana Hamilton,31
James S. A. Corey,D:\Novels Library\Final_all_books\James S. A. Corey,31
Milly Taiden,D:\Novels Library\Final_all_books\Milly Taiden,31
Andrea Laurence,D:\Novels Library\Final_all_books\Andrea Laurence,30
David Gemmell,D:\Novels Library\Final_all_books\David Gemmell,30
Deborah Fletcher Mello,D:\Novels Library\Final_all_books\Deborah Fletcher Mello,30
Jane Godman,D:\Novels Library\Final_all_books\Jane Godman,30
Jennie Lucas,D:\Novels Library\Final_all_books\Jennie Lucas,30
Katherine Kurtz,D:\Novels Library\Final_all_books\Katherine Kurtz,30
L. J. Smith,D:\Novels Library\Final_all_books\L. J. Smith,30
Meghan March,D:\Novels Library\Final_all_books\Meghan March,30
Mia Sheridan,D:\Novels Library\Final_all_books\Mia Sheridan,30
Michelle Smart,D:\Novels Library\Final_all_books\Michelle Smart,30
Patricia Rice,D:\Novels Library\Final_all_books\Patricia Rice,30
Richelle Mead,D:\Novels Library\Final_all_books\Richelle Mead,30
Stella Bagwell,D:\Novels Library\Final_all_books\Stella Bagwell,30
Brenda Trim,D:\Novels Library\Final_all_books\Brenda Trim,29
Helen Dickson,D:\Novels Library\Final_all_books\Helen Dickson,29
Jane Porter,D:\Novels Library\Final_all_books\Jane Porter,29
Karen Rose Smith,D:\Novels Library\Final_all_books\Karen Rose Smith,29
Kresley Cole,D:\Novels Library\Final_all_books\Kresley Cole,29
Lisa Renee Jones,D:\Novels Library\Final_all_books\Lisa Renee Jones,29
Liz Schulte,D:\Novels Library\Final_all_books\Liz Schulte,29
Robin Cook,D:\Novels Library\Final_all_books\Robin Cook,29
Sherrilyn Kenyon,D:\Novels Library\Final_all_books\Sherrilyn Kenyon,29
Brenda Jackson,D:\Novels Library\Final_all_books\Brenda Jackson,28
Cathy Williams,D:\Novels Library\Final_all_books\Cathy Williams,28
Charles Dickens,D:\Novels Library\Final_all_books\Charles Dickens,28
Eileen Wilks,D:\Novels Library\Final_all_books\Eileen Wilks,28
Isaac Asimov,D:\Novels Library\Final_all_books\Isaac Asimov,28
Kate Hardy,D:\Novels Library\Final_all_books\Kate Hardy,28
Kate Hewitt,D:\Novels Library\Final_all_books\Kate Hewitt,28
Kim Lawrence,D:\Novels Library\Final_all_books\Kim Lawrence,28
Pandora Pine,D:\Novels Library\Final_all_books\Pandora Pine,28
Alexandra Ivy,D:\Novels Library\Final_all_books\Alexandra Ivy,27
Annie West,D:\Novels Library\Final_all_books\Annie West,27
Jennifer Greene,D:\Novels Library\Final_all_books\Jennifer Greene,27
Laura Thalassa,D:\Novels Library\Final_all_books\Laura Thalassa,27
"Lamb, Charlotte","D:\Novels Library\Final_all_books\Lamb, Charlotte",27
May Sage,D:\Novels Library\Final_all_books\May Sage,27
Sarina Bowen,D:\Novels Library\Final_all_books\Sarina Bowen,27
Andrew Dobell,D:\Novels Library\Final_all_books\Andrew Dobell,26
C. J. Archer,D:\Novels Library\Final_all_books\C. J. Archer,26
Caridad Pineiro,D:\Novels Library\Final_all_books\Caridad Pineiro,26
Gayle Wilson,D:\Novels Library\Final_all_books\Gayle Wilson,26
George R.R. Martin,D:\Novels Library\Final_all_books\George R.R. Martin,26
John Corwin,D:\Novels Library\Final_all_books\John Corwin,26
Kailin Gow,D:\Novels Library\Final_all_books\Kailin Gow,26
Katharine Kerr,D:\Novels Library\Final_all_books\Katharine Kerr,26
Lara Adrian,D:\Novels Library\Final_all_books\Lara Adrian,26
Lily Harper Hart,D:\Novels Library\Final_all_books\Lily Harper Hart,26
Mark Lawrence,D:\Novels Library\Final_all_books\Mark Lawrence,26
Robert J. Crane,D:\Novels Library\Final_all_books\Robert J. Crane,26
T. C. Edge,D:\Novels Library\Final_all_books\T. C. Edge,26
Bonnie Lamer,D:\Novels Library\Final_all_books\Bonnie Lamer,25
D. K. Holmberg,D:\Novels Library\Final_all_books\D. K. Holmberg,25
David Eddings,D:\Novels Library\Final_all_books\David Eddings,25
Debra Kayn,D:\Novels Library\Final_all_books\Debra Kayn,25
Kimbra Swain,D:\Novels Library\Final_all_books\Kimbra Swain,25
Robert Kroese,D:\Novels Library\Final_all_books\Robert Kroese,25
Thea Harrison,D:\Novels Library\Final_all_books\Thea Harrison,25
Addison Moore,D:\Novels Library\Final_all_books\Addison Moore,24
Ava Richardson,D:\Novels Library\Final_all_books\Ava Richardson,24
Bonnie Vanak,D:\Novels Library\Final_all_books\Bonnie Vanak,24
Chantelle Shaw,D:\Novels Library\Final_all_books\Chantelle Shaw,24
Edward W. Robertson,D:\Novels Library\Final_all_books\Edward W. Robertson,24
Janice Kay Johnson,D:\Novels Library\Final_all_books\Janice Kay Johnson,24
Judy Duarte,D:\Novels Library\Final_all_books\Judy Duarte,24
Michele Bardsley,D:\Novels Library\Final_all_books\Michele Bardsley,24
Natalie Anderson,D:\Novels Library\Final_all_books\Natalie Anderson,24
Quinn Loftis,D:\Novels Library\Final_all_books\Quinn Loftis,24
Rachel van Dyken,D:\Novels Library\Final_all_books\Rachel van Dyken,24
Ripley Proserpina,D:\Novels Library\Final_all_books\Ripley Proserpina,24
Robert Jordan,D:\Novels Library\Final_all_books\Robert Jordan,24
Tahereh Mafi,D:\Novels Library\Final_all_books\Tahereh Mafi,24
Violet Winspear,D:\Novels Library\Final_all_books\Violet Winspear,24
Wild Cards Trust,D:\Novels Library\Final_all_books\Wild Cards Trust,24
Yasmine Galenorn,D:\Novels Library\Final_all_books\Yasmine Galenorn,24
Alaric Longward,D:\Novels Library\Final_all_books\Alaric Longward,23
B.T. Narro,D:\Novels Library\Final_all_books\B.T. Narro,23
Betty Neels,D:\Novels Library\Final_all_books\Betty Neels,23
Catherine Fisher,D:\Novels Library\Final_all_books\Catherine Fisher,23
Dannika Dark,D:\Novels Library\Final_all_books\Dannika Dark,23
Elie Wiesel,D:\Novels Library\Final_all_books\Elie Wiesel,23
Eva Chase,D:\Novels Library\Final_all_books\Eva Chase,23
Jessie Donovan,D:\Novels Library\Final_all_books\Jessie Donovan,23
Jo Leigh,D:\Novels Library\Final_all_books\Jo Leigh,23
Linda Fairstein,D:\Novels Library\Final_all_books\Linda Fairstein,23
Sandra Marton,D:\Novels Library\Final_all_books\Sandra Marton,23
Sara C. Roethle,D:\Novels Library\Final_all_books\Sara C. Roethle,23
Scarlett Haven,D:\Novels Library\Final_all_books\Scarlett Haven,23
Serena Akeroyd,D:\Novels Library\Final_all_books\Serena Akeroyd,23
Steven Erikson,D:\Novels Library\Final_all_books\Steven Erikson,23
Trina M. Lee,D:\Novels Library\Final_all_books\Trina M. Lee,23
Vivienne Savage,D:\Novels Library\Final_all_books\Vivienne Savage,23
Alex Scarrow,D:\Novels Library\Final_all_books\Alex Scarrow,22
Alyson Noel,D:\Novels Library\Final_all_books\Alyson Noel,22
Amanda M. Lee,D:\Novels Library\Final_all_books\Amanda M. Lee,22
Bailey Bradford,D:\Novels Library\Final_all_books\Bailey Bradford,22
Beth Cornelison,D:\Novels Library\Final_all_books\Beth Cornelison,22
C.J. Archer,D:\Novels Library\Final_all_books\C.J. Archer,22
Christine Pope,D:\Novels Library\Final_all_books\Christine Pope,22
Dani Collins,D:\Novels Library\Final_all_books\Dani Collins,22
Elizabeth Rolls,D:\Novels Library\Final_all_books\Elizabeth Rolls,22
G. Bailey,D:\Novels Library\Final_all_books\G. Bailey,22
Griff Hosker,D:\Novels Library\Final_all_books\Griff Hosker,22
Jennifer Estep,D:\Novels Library\Final_all_books\Jennifer Estep,22
Jennifer Snow,D:\Novels Library\Final_all_books\Jennifer Snow,22
Jim Butcher,D:\Novels Library\Final_all_books\Jim Butcher,22
Joanne Rock,D:\Novels Library\Final_all_books\Joanne Rock,22
Julie Trettel,D:\Novels Library\Final_all_books\Julie Trettel,22
Justine Davis,D:\Novels Library\Final_all_books\Justine Davis,22
Lotta Smith,D:\Novels Library\Final_all_books\Lotta Smith,22
Melanie Karsak,D:\Novels Library\Final_all_books\Melanie Karsak,22
Myles Munroe,D:\Novels Library\Final_all_books\Myles Munroe,22
Renee Rose,D:\Novels Library\Final_all_books\Renee Rose,22
Sarah Noffke,D:\Novels Library\Final_all_books\Sarah Noffke,22
Diana Gabaldon,D:\Novels Library\Final_all_books\Diana Gabaldon,21
Emily McKay,D:\Novels Library\Final_all_books\Emily McKay,21
Eva Shepherd,D:\Novels Library\Final_all_books\Eva Shepherd,21
Helen Brooks,D:\Novels Library\Final_all_books\Helen Brooks,21
Jayci Lee,D:\Novels Library\Final_all_books\Jayci Lee,21
Kallysten,D:\Novels Library\Final_all_books\Kallysten,21
Katherine Garbera,D:\Novels Library\Final_all_books\Katherine Garbera,21
M. L. Bullock,D:\Novels Library\Final_all_books\M. L. Bullock,21
Marshall Thornton,D:\Novels Library\Final_all_books\Marshall Thornton,21
Max Hudson,D:\Novels Library\Final_all_books\Max Hudson,21
Parnell Hall,D:\Novels Library\Final_all_books\Parnell Hall,21
"Patterson, James","D:\Novels Library\Final_all_books\Patterson, James",21
Paulo Coelho,D:\Novels Library\Final_all_books\Paulo Coelho,21
Pippa Dacosta,D:\Novels Library\Final_all_books\Pippa Dacosta,21
Teyla Branton,D:\Novels Library\Final_all_books\Teyla Branton,21
Anne Rice,D:\Novels Library\Final_all_books\Anne Rice,20
"Christie, Agatha","D:\Novels Library\Final_all_books\Christie, Agatha",20
Erin R. Flynn,D:\Novels Library\Final_all_books\Erin R. Flynn,20
Felicity Heaton,D:\Novels Library\Final_all_books\Felicity Heaton,20
Irving Wallace,D:\Novels Library\Final_all_books\Irving Wallace,20
Ivy Barrett,D:\Novels Library\Final_all_books\Ivy Barrett,20
Jessica Steele,D:\Novels Library\Final_all_books\Jessica Steele,20
Karin Slaughter,D:\Novels Library\Final_all_books\Karin Slaughter,20
Michael Anderle,D:\Novels Library\Final_all_books\Michael Anderle,20
Patricia Cornwell,D:\Novels Library\Final_all_books\Patricia Cornwell,20
Pittacus Lore,D:\Novels Library\Final_all_books\Pittacus Lore,20
Rachel Morgan,D:\Novels Library\Final_all_books\Rachel Morgan,20
Shandi Boyes,D:\Novels Library\Final_all_books\Shandi Boyes,20
Shay Roberts,D:\Novels Library\Final_all_books\Shay Roberts,20
Vella Day,D:\Novels Library\Final_all_books\Vella Day,20
Amy Vastine,D:\Novels Library\Final_all_books\Amy Vastine,19
C. M. Stunich,D:\Novels Library\Final_all_books\C. M. Stunich,19
Cassandra Lawson,D:\Novels Library\Final_all_books\Cassandra Lawson,19
D. B. Reynolds,D:\Novels Library\Final_all_books\D. B. Reynolds,19
Dakota Cassidy,D:\Novels Library\Final_all_books\Dakota Cassidy,19
Eastern Sword,D:\Novels Library\Final_all_books\Eastern Sword,19
Elle Kennedy,D:\Novels Library\Final_all_books\Elle Kennedy,19
Emilie Rose,D:\Novels Library\Final_all_books\Emilie Rose,19
Jacqueline Baird,D:\Novels Library\Final_all_books\Jacqueline Baird,19
JULES BENNETT,D:\Novels Library\Final_all_books\JULES BENNETT,19
Julia James,D:\Novels Library\Final_all_books\Julia James,19
Kathryn Le Veque,D:\Novels Library\Final_all_books\Kathryn Le Veque,19
Lia Davis,D:\Novels Library\Final_all_books\Lia Davis,19
Lisa Shearin,D:\Novels Library\Final_all_books\Lisa Shearin,19
Mandy M. Roth,D:\Novels Library\Final_all_books\Mandy M. Roth,19
R. A. Salvatore,D:\Novels Library\Final_all_books\R. A. Salvatore,19
Rebecca York,D:\Novels Library\Final_all_books\Rebecca York,19
Tamara Rose Blodgett,D:\Novels Library\Final_all_books\Tamara Rose Blodgett,19
Willow Rose,D:\Novels Library\Final_all_books\Willow Rose,19
Aidy Award,D:\Novels Library\Final_all_books\Aidy Award,18
C. S. Johnson,D:\Novels Library\Final_all_books\C. S. Johnson,18
Cara Colter,D:\Novels Library\Final_all_books\Cara Colter,18
Chloe Garner,D:\Novels Library\Final_all_books\Chloe Garner,18
Danielle Garrett,D:\Novels Library\Final_all_books\Danielle Garrett,18
Elizabeth Lane,D:\Novels Library\Final_all_books\Elizabeth Lane,18
Emma Hamm,D:\Novels Library\Final_all_books\Emma Hamm,18
Holly Hook,D:\Novels Library\Final_all_books\Holly Hook,18
Joan Holub,D:\Novels Library\Final_all_books\Joan Holub,18
Kathryn Ross,D:\Novels Library\Final_all_books\Kathryn Ross,18
L. E. Modesitt Jr_,D:\Novels Library\Final_all_books\L. E. Modesitt Jr_,18
Lori Handeland,D:\Novels Library\Final_all_books\Lori Handeland,18
Marie Ferrarella,D:\Novels Library\Final_all_books\Marie Ferrarella,18
Meg Cabot,D:\Novels Library\Final_all_books\Meg Cabot,18
Michael James Ploof,D:\Novels Library\Final_all_books\Michael James Ploof,18
Mometrix,D:\Novels Library\Final_all_books\Mometrix,18
R. A. Steffan,D:\Novels Library\Final_all_books\R. A. Steffan,18
R. L. King,D:\Novels Library\Final_all_books\R. L. King,18
Stephanie Hudson,D:\Novels Library\Final_all_books\Stephanie Hudson,18
Tamora Pierce,D:\Novels Library\Final_all_books\Tamora Pierce,18
Thea Atkinson,D:\Novels Library\Final_all_books\Thea Atkinson,18
Wilbur Smith,D:\Novels Library\Final_all_books\Wilbur Smith,18
Bianca D'Arc,D:\Novels Library\Final_all_books\Bianca D'Arc,17
Carrie Summers,D:\Novels Library\Final_all_books\Carrie Summers,17
Christopher Nuttall,D:\Novels Library\Final_all_books\Christopher Nuttall,17
Colleen Thompson,D:\Novels Library\Final_all_books\Colleen Thompson,17
Demelza Carlton,D:\Novels Library\Final_all_books\Demelza Carlton,17
Diana Xarissa,D:\Novels Library\Final_all_books\Diana Xarissa,17
Elisabeth Hobbes,D:\Novels Library\Final_all_books\Elisabeth Hobbes,17
Emma L. Adams,D:\Novels Library\Final_all_books\Emma L. Adams,17
Eve Langlais,D:\Novels Library\Final_all_books\Eve Langlais,17
Helen Allan,D:\Novels Library\Final_all_books\Helen Allan,17
Helena Rookwood,D:\Novels Library\Final_all_books\Helena Rookwood,17
Jackie Braun,D:\Novels Library\Final_all_books\Jackie Braun,17
Jessica Gadziala,D:\Novels Library\Final_all_books\Jessica Gadziala,17
Lacey Carter Andersen,D:\Novels Library\Final_all_books\Lacey Carter Andersen,17
Laurelin Paige,D:\Novels Library\Final_all_books\Laurelin Paige,17
Lisa Childs,D:\Novels Library\Final_all_books\Lisa Childs,17
Mary Burchell,D:\Novels Library\Final_all_books\Mary Burchell,17
Meghan Ciana Doidge,D:\Novels Library\Final_all_books\Meghan Ciana Doidge,17
Mila Young,D:\Novels Library\Final_all_books\Mila Young,17
Pamela Palmer,D:\Novels Library\Final_all_books\Pamela Palmer,17
Robin D. Owens,D:\Novels Library\Final_all_books\Robin D. Owens,17
Shona Husk,D:\Novels Library\Final_all_books\Shona Husk,17
Sophie Stern,D:\Novels Library\Final_all_books\Sophie Stern,17
Stormie Omartian,D:\Novels Library\Final_all_books\Stormie Omartian,17
Susan Illene,D:\Novels Library\Final_all_books\Susan Illene,17
Tijan,D:\Novels Library\Final_all_books\Tijan,17
Tom Clancy,D:\Novels Library\Final_all_books\Tom Clancy,17
Zoe York,D:\Novels Library\Final_all_books\Zoe York,17
Carole Nelson Douglas,D:\Novels Library\Final_all_books\Carole Nelson Douglas,16
Dervla Murphy,D:\Novels Library\Final_all_books\Dervla Murphy,16
Elizabeth Gilbert,D:\Novels Library\Final_all_books\Elizabeth Gilbert,16
Jessica Gunn,D:\Novels Library\Final_all_books\Jessica Gunn,16
Jody Morse,D:\Novels Library\Final_all_books\Jody Morse,16
John Conroe,D:\Novels Library\Final_all_books\John Conroe,16
Julia Justiss,D:\Novels Library\Final_all_books\Julia Justiss,16
Julie Miller,D:\Novels Library\Final_all_books\Julie Miller,16
Kate Walker,D:\Novels Library\Final_all_books\Kate Walker,16
Kristen Banet,D:\Novels Library\Final_all_books\Kristen Banet,16
LJ Andrews,D:\Novels Library\Final_all_books\LJ Andrews,16
Michael G. Manning,D:\Novels Library\Final_all_books\Michael G. Manning,16
R. D. Brady,D:\Novels Library\Final_all_books\R. D. Brady,16
S.E. Smith,D:\Novels Library\Final_all_books\S.E. Smith,16
Sadie Carter,D:\Novels Library\Final_all_books\Sadie Carter,16
Sam Crescent,D:\Novels Library\Final_all_books\Sam Crescent,16
Shanna Swendson,D:\Novels Library\Final_all_books\Shanna Swendson,16
T. A. Barron,D:\Novels Library\Final_all_books\T. A. Barron,16
Tianna Xander,D:\Novels Library\Final_all_books\Tianna Xander,16
Vicki Lewis Thompson,D:\Novels Library\Final_all_books\Vicki Lewis Thompson,16
Ally Blake,D:\Novels Library\Final_all_books\Ally Blake,15
Anne Malcom,D:\Novels Library\Final_all_books\Anne Malcom,15
Caroline Lee,D:\Novels Library\Final_all_books\Caroline Lee,15
Celia Kyle,D:\Novels Library\Final_all_books\Celia Kyle,15
Chanda Hahn,D:\Novels Library\Final_all_books\Chanda Hahn,15
Charlene Sands,D:\Novels Library\Final_all_books\Charlene Sands,15
David Dalglish,D:\Novels Library\Final_all_books\David Dalglish,15
Deborah Simmons,D:\Novels Library\Final_all_books\Deborah Simmons,15
Delores Fossen,D:\Novels Library\Final_all_books\Delores Fossen,15
Dianne Drake,D:\Novels Library\Final_all_books\Dianne Drake,15
E. J. Stevens,D:\Novels Library\Final_all_books\E. J. Stevens,15
Erin Bedford,D:\Novels Library\Final_all_books\Erin Bedford,15
Heidi Rice,D:\Novels Library\Final_all_books\Heidi Rice,15
I. D. Johnson,D:\Novels Library\Final_all_books\I. D. Johnson,15
J. J. Thompson,D:\Novels Library\Final_all_books\J. J. Thompson,15
Jude Deveraux,D:\Novels Library\Final_all_books\Jude Deveraux,15
Julie Kagawa,D:\Novels Library\Final_all_books\Julie Kagawa,15
Kate Avery Ellison,D:\Novels Library\Final_all_books\Kate Avery Ellison,15
Kiersten White,D:\Novels Library\Final_all_books\Kiersten White,15
Layla Silver,D:\Novels Library\Final_all_books\Layla Silver,15
Laylah Roberts,D:\Novels Library\Final_all_books\Laylah Roberts,15
Lena Mae Hill,D:\Novels Library\Final_all_books\Lena Mae Hill,15
Lynne Marshall,D:\Novels Library\Final_all_books\Lynne Marshall,15
Marcy Jacks,D:\Novels Library\Final_all_books\Marcy Jacks,15
Margaret Mayo,D:\Novels Library\Final_all_books\Margaret Mayo,15
Marguerite Kaye,D:\Novels Library\Final_all_books\Marguerite Kaye,15
Maya Blake,D:\Novels Library\Final_all_books\Maya Blake,15
Melissa de la Cruz,D:\Novels Library\Final_all_books\Melissa de la Cruz,15
Michael J. Sullivan,D:\Novels Library\Final_all_books\Michael J. Sullivan,15
Michelle Sagara,D:\Novels Library\Final_all_books\Michelle Sagara,15
Miranda James,D:\Novels Library\Final_all_books\Miranda James,15
Norah Hess,D:\Novels Library\Final_all_books\Norah Hess,15
Patricia Briggs,D:\Novels Library\Final_all_books\Patricia Briggs,15
Rebecca Ethington,D:\Novels Library\Final_all_books\Rebecca Ethington,15
Robyn Donald,D:\Novels Library\Final_all_books\Robyn Donald,15
Sara Orwig,D:\Novels Library\Final_all_books\Sara Orwig,15
Tara Brown,D:\Novels Library\Final_all_books\Tara Brown,15
Tom Sharpe,D:\Novels Library\Final_all_books\Tom Sharpe,15
Alex Lidell,D:\Novels Library\Final_all_books\Alex Lidell,14
Alexandra Sokoloff,D:\Novels Library\Final_all_books\Alexandra Sokoloff,14
Amity Cross,D:\Novels Library\Final_all_books\Amity Cross,14
Andy Peloquin,D:\Novels Library\Final_all_books\Andy Peloquin,14
Andrzej Sapkowski,D:\Novels Library\Final_all_books\Andrzej Sapkowski,14
B. Kristin McMichael,D:\Novels Library\Final_all_books\B. Kristin McMichael,14
Bilinda Sheehan,D:\Novels Library\Final_all_books\Bilinda Sheehan,14
Brian Jacques,D:\Novels Library\Final_all_books\Brian Jacques,14
C. C. Hunter,D:\Novels Library\Final_all_books\C. C. Hunter,14
Cheryl St.John,D:\Novels Library\Final_all_books\Cheryl St.John,14
D. W. Jackson,D:\Novels Library\Final_all_books\D. W. Jackson,14
Dan Ames,D:\Novels Library\Final_all_books\Dan Ames,14
David Farland,D:\Novels Library\Final_all_books\David Farland,14
Dixie Browning,D:\Novels Library\Final_all_books\Dixie Browning,14
Donna Alward,D:\Novels Library\Final_all_books\Donna Alward,14
Georgie Lee,D:\Novels Library\Final_all_books\Georgie Lee,14
Heidi Betts,D:\Novels Library\Final_all_books\Heidi Betts,14
Ingrid Seymour,D:\Novels Library\Final_all_books\Ingrid Seymour,14
Ivy Hearne,D:\Novels Library\Final_all_books\Ivy Hearne,14
Jane Hinchey,D:\Novels Library\Final_all_books\Jane Hinchey,14
Joseph Daniel,D:\Novels Library\Final_all_books\Joseph Daniel,14
Karen Booth,D:\Novels Library\Final_all_books\Karen Booth,14
Kate Elliott,D:\Novels Library\Final_all_books\Kate Elliott,14
Kathy Reichs,D:\Novels Library\Final_all_books\Kathy Reichs,14
Kira Saito,D:\Novels Library\Final_all_books\Kira Saito,14
Kristen Painter,D:\Novels Library\Final_all_books\Kristen Painter,14
L M Krier,D:\Novels Library\Final_all_books\L M Krier,14
Lauri Robinson,D:\Novels Library\Final_all_books\Lauri Robinson,14
M. S. Parker,D:\Novels Library\Final_all_books\M. S. Parker,14
Melinda Curtis,D:\Novels Library\Final_all_books\Melinda Curtis,14
Michele Hauf,D:\Novels Library\Final_all_books\Michele Hauf,14
Michelle Conder,D:\Novels Library\Final_all_books\Michelle Conder,14
Morgana Best,D:\Novels Library\Final_all_books\Morgana Best,14
Olivia Ash,D:\Novels Library\Final_all_books\Olivia Ash,14
Rhyannon Byrd,D:\Novels Library\Final_all_books\Rhyannon Byrd,14
Sadie Moss,D:\Novels Library\Final_all_books\Sadie Moss,14
Sidney Sheldon,D:\Novels Library\Final_all_books\Sidney Sheldon,14
Stephen R. Donaldson,D:\Novels Library\Final_all_books\Stephen R. Donaldson,14
T. G. Ayer,D:\Novels Library\Final_all_books\T. G. Ayer,14
Tessa Dawn,D:\Novels Library\Final_all_books\Tessa Dawn,14
Unknown,D:\Novels Library\Final_all_books\Unknown,14
W. J. May,D:\Novels Library\Final_all_books\W. J. May,14
Aleera Anaya Ceres,D:\Novels Library\Final_all_books\Aleera Anaya Ceres,13
Anne Hampson,D:\Novels Library\Final_all_books\Anne Hampson,13
"Banks, Maya","D:\Novels Library\Final_all_books\Banks, Maya",13
Briana Michaels,D:\Novels Library\Final_all_books\Briana Michaels,13
C. C. Dragon,D:\Novels Library\Final_all_books\C. C. Dragon,13
C.M. Steele,D:\Novels Library\Final_all_books\C.M. Steele,13
Charlotte E. English,D:\Novels Library\Final_all_books\Charlotte E. English,13
Christine Feehan,D:\Novels Library\Final_all_books\Christine Feehan,13
Craig Halloran,D:\Novels Library\Final_all_books\Craig Halloran,13
Debbie Cassidy,D:\Novels Library\Final_all_books\Debbie Cassidy,13
Elizabeth Power,D:\Novels Library\Final_all_books\Elizabeth Power,13
Emma Dean,D:\Novels Library\Final_all_books\Emma Dean,13
Ian Fleming,D:\Novels Library\Final_all_books\Ian Fleming,13
J. Kenner,D:\Novels Library\Final_all_books\J. Kenner,13
J. K. Rowling,D:\Novels Library\Final_all_books\J. K. Rowling,13
Jada Fisher,D:\Novels Library\Final_all_books\Jada Fisher,13
Janice Preston,D:\Novels Library\Final_all_books\Janice Preston,13
Janet Dailey,D:\Novels Library\Final_all_books\Janet Dailey,13
Jeanne C. Stein,D:\Novels Library\Final_all_books\Jeanne C. Stein,13
Jennifer Fallon,D:\Novels Library\Final_all_books\Jennifer Fallon,13
Kay Hooper,D:\Novels Library\Final_all_books\Kay Hooper,13
Krista Street,D:\Novels Library\Final_all_books\Krista Street,13
Kym Grosso,D:\Novels Library\Final_all_books\Kym Grosso,13
"L. E. Modesitt, Jr_","D:\Novels Library\Final_all_books\L. E. Modesitt, Jr_",13
Leanne Banks,D:\Novels Library\Final_all_books\Leanne Banks,13
Lily Thomas,D:\Novels Library\Final_all_books\Lily Thomas,13
Lisa Blackwood,D:\Novels Library\Final_all_books\Lisa Blackwood,13
Lola StVil,D:\Novels Library\Final_all_books\Lola StVil,13
Lynn Stark,D:\Novels Library\Final_all_books\Lynn Stark,13
Marissa Meyer,D:\Novels Library\Final_all_books\Marissa Meyer,13
Melanie Rawn,D:\Novels Library\Final_all_books\Melanie Rawn,13
Midnight Coven,D:\Novels Library\Final_all_books\Midnight Coven,13
Millie Adams,D:\Novels Library\Final_all_books\Millie Adams,13
Morgan Rice,D:\Novels Library\Final_all_books\Morgan Rice,13
Morgan Rhodes,D:\Novels Library\Final_all_books\Morgan Rhodes,13
P.C. Cast,D:\Novels Library\Final_all_books\P.C. Cast,13
Rachael Thomas,D:\Novels Library\Final_all_books\Rachael Thomas,13
Raymond Benson,D:\Novels Library\Final_all_books\Raymond Benson,13
Robin Hobb,D:\Novels Library\Final_all_books\Robin Hobb,13
Ron Roy,D:\Novels Library\Final_all_books\Ron Roy,13
Sandra Hill,D:\Novels Library\Final_all_books\Sandra Hill,13
Sara Bourgeois,D:\Novels Library\Final_all_books\Sara Bourgeois,13
Sarah Bailey,D:\Novels Library\Final_all_books\Sarah Bailey,13
Sarah J. Maas,D:\Novels Library\Final_all_books\Sarah J. Maas,13
Scott Baron,D:\Novels Library\Final_all_books\Scott Baron,13
Sean Stone,D:\Novels Library\Final_all_books\Sean Stone,13
Stacia Kane,D:\Novels Library\Final_all_books\Stacia Kane,13
Taran Matharu,D:\Novels Library\Final_all_books\Taran Matharu,13
Tillie Cole,D:\Novels Library\Final_all_books\Tillie Cole,13
Trish Morey,D:\Novels Library\Final_all_books\Trish Morey,13
Alexa B. James,D:\Novels Library\Final_all_books\Alexa B. James,12
Alisa Adams,D:\Novels Library\Final_all_books\Alisa Adams,12
Amy Boyles,D:\Novels Library\Final_all_books\Amy Boyles,12
Amy J. Fetzer,D:\Novels Library\Final_all_books\Amy J. Fetzer,12
Ana Calin,D:\Novels Library\Final_all_books\Ana Calin,12
Anne Oliver,D:\Novels Library\Final_all_books\Anne Oliver,12
Auryn Hadley,D:\Novels Library\Final_all_books\Auryn Hadley,12
Barbara Dunlop,D:\Novels Library\Final_all_books\Barbara Dunlop,12
Beverly Long,D:\Novels Library\Final_all_books\Beverly Long,12
Brad Taylor,D:\Novels Library\Final_all_books\Brad Taylor,12
C.M. Stunich,D:\Novels Library\Final_all_books\C.M. Stunich,12
Candy Crum,D:\Novels Library\Final_all_books\Candy Crum,12
Caryn Moya Block,D:\Novels Library\Final_all_books\Caryn Moya Block,12
Chloe Neill,D:\Novels Library\Final_all_books\Chloe Neill,12
Chinua Achebe,D:\Novels Library\Final_all_books\Chinua Achebe,12
Chris Lowry,D:\Novels Library\Final_all_books\Chris Lowry,12
Christina Bauer,D:\Novels Library\Final_all_books\Christina Bauer,12
Denise Grover Swank,D:\Novels Library\Final_all_books\Denise Grover Swank,12
"Dwyer, Dixie Lynn","D:\Novels Library\Final_all_books\Dwyer, Dixie Lynn",12
Eoin Colfer,D:\Novels Library\Final_all_books\Eoin Colfer,12
Havenwood Falls,D:\Novels Library\Final_all_books\Havenwood Falls,12
Helena Hunting,D:\Novels Library\Final_all_books\Helena Hunting,12
Holly Black,D:\Novels Library\Final_all_books\Holly Black,12
Izzy Shows,D:\Novels Library\Final_all_books\Izzy Shows,12
J. S. Scott,D:\Novels Library\Final_all_books\J. S. Scott,12
Jeaniene Frost,D:\Novels Library\Final_all_books\Jeaniene Frost,12
Jess Lourey,D:\Novels Library\Final_all_books\Jess Lourey,12
Jodi Meadows,D:\Novels Library\Final_all_books\Jodi Meadows,12
Jon Cronshaw,D:\Novels Library\Final_all_books\Jon Cronshaw,12
Joya Chanatry,D:\Novels Library\Final_all_books\Joya Chanatry,12
Karen Rock,D:\Novels Library\Final_all_books\Karen Rock,12
Kara Lennox,D:\Novels Library\Final_all_books\Kara Lennox,12
Kathie Denosky,D:\Novels Library\Final_all_books\Kathie Denosky,12
Katie May,D:\Novels Library\Final_all_books\Katie May,12
Katrina Cope,D:\Novels Library\Final_all_books\Katrina Cope,12
Kristi Gold,D:\Novels Library\Final_all_books\Kristi Gold,12
Linda Kage,D:\Novels Library\Final_all_books\Linda Kage,12
M. Z. Andrews,D:\Novels Library\Final_all_books\M. Z. Andrews,12
Martha Carr,D:\Novels Library\Final_all_books\Martha Carr,12
Mary Oliver,D:\Novels Library\Final_all_books\Mary Oliver,12
Michele Notaro,D:\Novels Library\Final_all_books\Michele Notaro,12
Michelle Celmer,D:\Novels Library\Final_all_books\Michelle Celmer,12
Molly Harper,D:\Novels Library\Final_all_books\Molly Harper,12
"morgan, rachel","D:\Novels Library\Final_all_books\morgan, rachel",12
R. A. MacAvoy,D:\Novels Library\Final_all_books\R. A. MacAvoy,12
R. L. Naquin,D:\Novels Library\Final_all_books\R. L. Naquin,12
Rachel Vincent,D:\Novels Library\Final_all_books\Rachel Vincent,12
Remington Kane,D:\Novels Library\Final_all_books\Remington Kane,12
Roberta Leigh,D:\Novels Library\Final_all_books\Roberta Leigh,12
S. M. Gaither,D:\Novels Library\Final_all_books\S. M. Gaither,12
Sabrina Kade,D:\Novels Library\Final_all_books\Sabrina Kade,12
Sasha Summers,D:\Novels Library\Final_all_books\Sasha Summers,12
Shannon K. Butcher,D:\Novels Library\Final_all_books\Shannon K. Butcher,12
Storm Savage,D:\Novels Library\Final_all_books\Storm Savage,12
Susi Hawke,D:\Novels Library\Final_all_books\Susi Hawke,12
Tara Pammi,D:\Novels Library\Final_all_books\Tara Pammi,12
Valerie Parv,D:\Novels Library\Final_all_books\Valerie Parv,12
Virginia Heath,D:\Novels Library\Final_all_books\Virginia Heath,12
Aaron Hodges,D:\Novels Library\Final_all_books\Aaron Hodges,11
Aja James,D:\Novels Library\Final_all_books\Aja James,11
Alexandra Moody,D:\Novels Library\Final_all_books\Alexandra Moody,11
Anabel Bright,D:\Novels Library\Final_all_books\Anabel Bright,11
Angel Lawson,D:\Novels Library\Final_all_books\Angel Lawson,11
Anne Elisabeth Stengl,D:\Novels Library\Final_all_books\Anne Elisabeth Stengl,11
Ava Sinclair,D:\Novels Library\Final_all_books\Ava Sinclair,11
Bradley P. Beaulieu,D:\Novels Library\Final_all_books\Bradley P. Beaulieu,11
C. M. Steele,D:\Novels Library\Final_all_books\C. M. Steele,11
Caro Carson,D:\Novels Library\Final_all_books\Caro Carson,11
Catherine Banks,D:\Novels Library\Final_all_books\Catherine Banks,11
Cecy Robson,D:\Novels Library\Final_all_books\Cecy Robson,11
Christine Rimmer,D:\Novels Library\Final_all_books\Christine Rimmer,11
Cormac McCarthy,D:\Novels Library\Final_all_books\Cormac McCarthy,11
Dagmar Avery,D:\Novels Library\Final_all_books\Dagmar Avery,11
Dani Rene,D:\Novels Library\Final_all_books\Dani Rene,11
Debra Doyle,D:\Novels Library\Final_all_books\Debra Doyle,11
Diana Pharaoh Francis,D:\Novels Library\Final_all_books\Diana Pharaoh Francis,11
E. A. Copen,D:\Novels Library\Final_all_books\E. A. Copen,11
Elise Kova,D:\Novels Library\Final_all_books\Elise Kova,11
Erica Stevens,D:\Novels Library\Final_all_books\Erica Stevens,11
Helen Bianchin,D:\Novels Library\Final_all_books\Helen Bianchin,11
Ian C. Esslemont,D:\Novels Library\Final_all_books\Ian C. Esslemont,11
James Dashner,D:\Novels Library\Final_all_books\James Dashner,11
Janice Carter,D:\Novels Library\Final_all_books\Janice Carter,11
Jay Crownover,D:\Novels Library\Final_all_books\Jay Crownover,11
Jaymin Eve,D:\Novels Library\Final_all_books\Jaymin Eve,11
Jennifer Faye,D:\Novels Library\Final_all_books\Jennifer Faye,11
Joanna Sims,D:\Novels Library\Final_all_books\Joanna Sims,11
John Gardner,D:\Novels Library\Final_all_books\John Gardner,11
Joss Wood,D:\Novels Library\Final_all_books\Joss Wood,11
K. F. Breene,D:\Novels Library\Final_all_books\K. F. Breene,11
K. Bromberg,D:\Novels Library\Final_all_books\K. Bromberg,11
K. N. Lee,D:\Novels Library\Final_all_books\K. N. Lee,11
L. J. Andrews,D:\Novels Library\Final_all_books\L. J. Andrews,11
L. J. Vickery,D:\Novels Library\Final_all_books\L. J. Vickery,11
Larissa Ione,D:\Novels Library\Final_all_books\Larissa Ione,11
Laura Martin,D:\Novels Library\Final_all_books\Laura Martin,11
Laurell K. Hamilton,D:\Novels Library\Final_all_books\Laurell K. Hamilton,11
Leia Stone,D:\Novels Library\Final_all_books\Leia Stone,11
Leslie Kelly,D:\Novels Library\Final_all_books\Leslie Kelly,11
Leighann Dobbs,D:\Novels Library\Final_all_books\Leighann Dobbs,11
Lexi C. Foss,D:\Novels Library\Final_all_books\Lexi C. Foss,11
Lindsay Armstrong,D:\Novels Library\Final_all_books\Lindsay Armstrong,11
Lisa Kleypas,D:\Novels Library\Final_all_books\Lisa Kleypas,11
Lizzy Ford,D:\Novels Library\Final_all_books\Lizzy Ford,11
Maggie Stiefvater,D:\Novels Library\Final_all_books\Maggie Stiefvater,11
"Mary, Kate L_","D:\Novels Library\Final_all_books\Mary, Kate L_",11
Maya Daniels,D:\Novels Library\Final_all_books\Maya Daniels,11
Megan Slayer,D:\Novels Library\Final_all_books\Megan Slayer,11
Miranda Martin,D:\Novels Library\Final_all_books\Miranda Martin,11
N. P. Martin,D:\Novels Library\Final_all_books\N. P. Martin,11
Natalie Grey,D:\Novels Library\Final_all_books\Natalie Grey,11
Ngugi Wa Thiong'o,D:\Novels Library\Final_all_books\Ngugi Wa Thiong'o,11
Nina Croft,D:\Novels Library\Final_all_books\Nina Croft,11
Nova Nelson,D:\Novels Library\Final_all_books\Nova Nelson,11
Olivia Gates,D:\Novels Library\Final_all_books\Olivia Gates,11
Patricia Wilson,D:\Novels Library\Final_all_books\Patricia Wilson,11
Penny Reid,D:\Novels Library\Final_all_books\Penny Reid,11
R. G. Long,D:\Novels Library\Final_all_books\R. G. Long,11
Raven Steele,D:\Novels Library\Final_all_books\Raven Steele,11
Rebekah R. Ganiere,D:\Novels Library\Final_all_books\Rebekah R. Ganiere,11
Sapphire Knight,D:\Novels Library\Final_all_books\Sapphire Knight,11
Sarah Mayberry,D:\Novels Library\Final_all_books\Sarah Mayberry,11
Simone Pond,D:\Novels Library\Final_all_books\Simone Pond,11
Skyler Andra,D:\Novels Library\Final_all_books\Skyler Andra,11
Sophia Singh Sasson,D:\Novels Library\Final_all_books\Sophia Singh Sasson,11
Sophia James,D:\Novels Library\Final_all_books\Sophia James,11
Susan Stephens,D:\Novels Library\Final_all_books\Susan Stephens,11
Tanith Lee,D:\Novels Library\Final_all_books\Tanith Lee,11
Tegan Maher,D:\Novels Library\Final_all_books\Tegan Maher,11
Tera Lynn Childs,D:\Novels Library\Final_all_books\Tera Lynn Childs,11
Victoria Aveyard,D:\Novels Library\Final_all_books\Victoria Aveyard,11
Victoria Laurie,D:\Novels Library\Final_all_books\Victoria Laurie,11
William Massa,D:\Novels Library\Final_all_books\William Massa,11
A.K. Koonce,D:\Novels Library\Final_all_books\A.K. Koonce,10
Aleatha Romig,D:\Novels Library\Final_all_books\Aleatha Romig,10
Amie Denman,D:\Novels Library\Final_all_books\Amie Denman,10
Angela Roquet,D:\Novels Library\Final_all_books\Angela Roquet,10
Anitra Lynn McLeod,D:\Novels Library\Final_all_books\Anitra Lynn McLeod,10
Anne Bishop,D:\Novels Library\Final_all_books\Anne Bishop,10
Anna Santos,D:\Novels Library\Final_all_books\Anna Santos,10
Anthology,D:\Novels Library\Final_all_books\Anthology,10
Aprilynne Pike,D:\Novels Library\Final_all_books\Aprilynne Pike,10
Apryl Baker,D:\Novels Library\Final_all_books\Apryl Baker,10
Arizona Tape,D:\Novels Library\Final_all_books\Arizona Tape,10
B. T. Narro,D:\Novels Library\Final_all_books\B. T. Narro,10
Betty McLain,D:\Novels Library\Final_all_books\Betty McLain,10
Blair Drake,D:\Novels Library\Final_all_books\Blair Drake,10
Brenda K. Davies,D:\Novels Library\Final_all_books\Brenda K. Davies,10
Brigid Kemmerer,D:\Novels Library\Final_all_books\Brigid Kemmerer,10
C. Gockel,D:\Novels Library\Final_all_books\C. Gockel,10
C. R. Jane,D:\Novels Library\Final_all_books\C. R. Jane,10
Caitlin Kittredge,D:\Novels Library\Final_all_books\Caitlin Kittredge,10
Cassandra Chandler,D:\Novels Library\Final_all_books\Cassandra Chandler,10
Cassie Alexander,D:\Novels Library\Final_all_books\Cassie Alexander,10
Christopher Paolini,D:\Novels Library\Final_all_books\Christopher Paolini,10
D.K. Holmberg,D:\Novels Library\Final_all_books\D.K. Holmberg,10
Denise Lynn,D:\Novels Library\Final_all_books\Denise Lynn,10
Donna Fletcher,D:\Novels Library\Final_all_books\Donna Fletcher,10
Guy Gavriel Kay,D:\Novels Library\Final_all_books\Guy Gavriel Kay,10
H. P. Mallory,D:\Novels Library\Final_all_books\H. P. Mallory,10
Hayley Lawson,D:\Novels Library\Final_all_books\Hayley Lawson,10
Helen Scott,D:\Novels Library\Final_all_books\Helen Scott,10
J.A. Armitage,D:\Novels Library\Final_all_books\J.A. Armitage,10
Jackie Ashenden,D:\Novels Library\Final_all_books\Jackie Ashenden,10
Jeanne St. James,D:\Novels Library\Final_all_books\Jeanne St. James,10
Jennifer Lewis,D:\Novels Library\Final_all_books\Jennifer Lewis,10
Jennifer Rose McMahon,D:\Novels Library\Final_all_books\Jennifer Rose McMahon,10
Jessica Hart,D:\Novels Library\Final_all_books\Jessica Hart,10
Jessica Sorensen,D:\Novels Library\Final_all_books\Jessica Sorensen,10
Jill Shalvis,D:\Novels Library\Final_all_books\Jill Shalvis,10
Joely Sue Burkhart,D:\Novels Library\Final_all_books\Joely Sue Burkhart,10
K.N. Lee,D:\Novels Library\Final_all_books\K.N. Lee,10
Katherine Lowry Logan,D:\Novels Library\Final_all_books\Katherine Lowry Logan,10
Kiera Cass,D:\Novels Library\Final_all_books\Kiera Cass,10
Kimberly Loth,D:\Novels Library\Final_all_books\Kimberly Loth,10
L. M. Adams,D:\Novels Library\Final_all_books\L. M. Adams,10
Lara Temple,D:\Novels Library\Final_all_books\Lara Temple,10
"Lee, Miranda","D:\Novels Library\Final_all_books\Lee, Miranda",10
Lily S. Thomas,D:\Novels Library\Final_all_books\Lily S. Thomas,10
Liz Tyner,D:\Novels Library\Final_all_books\Liz Tyner,10
Lori Wilde,D:\Novels Library\Final_all_books\Lori Wilde,10
Lynn Raye Harris,D:\Novels Library\Final_all_books\Lynn Raye Harris,10
M. G. Vassanji,D:\Novels Library\Final_all_books\M. G. Vassanji,10
Maggie Cox,D:\Novels Library\Final_all_books\Maggie Cox,10
Marie Lu,D:\Novels Library\Final_all_books\Marie Lu,10
Michelle Major,D:\Novels Library\Final_all_books\Michelle Major,10
Michelle Madow,D:\Novels Library\Final_all_books\Michelle Madow,10
Mickey Zucker Reichert,D:\Novels Library\Final_all_books\Mickey Zucker Reichert,10
N. K. Jemisin,D:\Novels Library\Final_all_books\N. K. Jemisin,10
Nancy Gideon,D:\Novels Library\Final_all_books\Nancy Gideon,10
Nazri Noor,D:\Novels Library\Final_all_books\Nazri Noor,10
Orson Scott Card,D:\Novels Library\Final_all_books\Orson Scott Card,10
Peter Newman,D:\Novels Library\Final_all_books\Peter Newman,10
Priscilla Shirer,D:\Novels Library\Final_all_books\Priscilla Shirer,10
R.L. Naquin,D:\Novels Library\Final_all_books\R.L. Naquin,10
Rob Cornell,D:\Novels Library\Final_all_books\Rob Cornell,10
Rodney W. Hartman,D:\Novels Library\Final_all_books\Rodney W. Hartman,10
Ryan Attard,D:\Novels Library\Final_all_books\Ryan Attard,10
Shawn McGuire,D:\Novels Library\Final_all_books\Shawn McGuire,10
Sonya Bateman,D:\Novels Library\Final_all_books\Sonya Bateman,10
Steve Higgs,D:\Novels Library\Final_all_books\Steve Higgs,10
Tawny Weber,D:\Novels Library\Final_all_books\Tawny Weber,10
Terri Brisbin,D:\Novels Library\Final_all_books\Terri Brisbin,10
Tessa Radley,D:\Novels Library\Final_all_books\Tessa Radley,10
TR Cameron,D:\Novels Library\Final_all_books\TR Cameron,10
Aaron Crash,D:\Novels Library\Final_all_books\Aaron Crash,9
"adams, cat","D:\Novels Library\Final_all_books\adams, cat",9
Angela Addams,D:\Novels Library\Final_all_books\Angela Addams,9
Angela C. Blackmoore,D:\Novels Library\Final_all_books\Angela C. Blackmoore,9
Anita Oh,D:\Novels Library\Final_all_books\Anita Oh,9
Ann Major,D:\Novels Library\Final_all_books\Ann Major,9
Anne McCaffrey,D:\Novels Library\Final_all_books\Anne McCaffrey,9
Anne McAllister,D:\Novels Library\Final_all_books\Anne McAllister,9
Annie Claydon,D:\Novels Library\Final_all_books\Annie Claydon,9
Aria Grace,D:\Novels Library\Final_all_books\Aria Grace,9
Ashley McLeo,D:\Novels Library\Final_all_books\Ashley McLeo,9
Ashley Meira,D:\Novels Library\Final_all_books\Ashley Meira,9
Barbara Hambly,D:\Novels Library\Final_all_books\Barbara Hambly,9
Barbara McCauley,D:\Novels Library\Final_all_books\Barbara McCauley,9
Benedict Jacka,D:\Novels Library\Final_all_books\Benedict Jacka,9
Benjamin Medrano,D:\Novels Library\Final_all_books\Benjamin Medrano,9
Bradford Bates,D:\Novels Library\Final_all_books\Bradford Bates,9
Brandy L. Rivers,D:\Novels Library\Final_all_books\Brandy L. Rivers,9
Brenda Novak,D:\Novels Library\Final_all_books\Brenda Novak,9
Bruce Beckham,D:\Novels Library\Final_all_books\Bruce Beckham,9
C. R. Daems,D:\Novels Library\Final_all_books\C. R. Daems,9
"Card, Orson Scott","D:\Novels Library\Final_all_books\Card, Orson Scott",9
Catherine Lanigan,D:\Novels Library\Final_all_books\Catherine Lanigan,9
Chris Marie Green,D:\Novels Library\Final_all_books\Chris Marie Green,9
Christina Lauren,D:\Novels Library\Final_all_books\Christina Lauren,9
Claire McEwen,D:\Novels Library\Final_all_books\Claire McEwen,9
Cynthia Cooke,D:\Novels Library\Final_all_books\Cynthia Cooke,9
D. N. Leo,D:\Novels Library\Final_all_books\D. N. Leo,9
Dallas Schulze,D:\Novels Library\Final_all_books\Dallas Schulze,9
Damien Boyd,D:\Novels Library\Final_all_books\Damien Boyd,9
Dan Davis,D:\Novels Library\Final_all_books\Dan Davis,9
David Drake,D:\Novels Library\Final_all_books\David Drake,9
David Field,D:\Novels Library\Final_all_books\David Field,9
David Leadbeater,D:\Novels Library\Final_all_books\David Leadbeater,9
Debra Kristi,D:\Novels Library\Final_all_books\Debra Kristi,9
"Dees, Cindy","D:\Novels Library\Final_all_books\Dees, Cindy",9
Derek Landy,D:\Novels Library\Final_all_books\Derek Landy,9
Devney Perry,D:\Novels Library\Final_all_books\Devney Perry,9
Doreen Owens Malek,D:\Novels Library\Final_all_books\Doreen Owens Malek,9
Elicia Hyder,D:\Novels Library\Final_all_books\Elicia Hyder,9
Elena Lawson,D:\Novels Library\Final_all_books\Elena Lawson,9
G. M. Ford,D:\Novels Library\Final_all_books\G. M. Ford,9
Garrett Robinson,D:\Novels Library\Final_all_books\Garrett Robinson,9
Glenda Larke,D:\Novels Library\Final_all_books\Glenda Larke,9
Greg Iles,D:\Novels Library\Final_all_books\Greg Iles,9
Heather Graham Pozzessere,D:\Novels Library\Final_all_books\Heather Graham Pozzessere,9
I. T. Lucas,D:\Novels Library\Final_all_books\I. T. Lucas,9
Jasmin Quinn,D:\Novels Library\Final_all_books\Jasmin Quinn,9
Jen Rasmussen,D:\Novels Library\Final_all_books\Jen Rasmussen,9
Jenn Stark,D:\Novels Library\Final_all_books\Jenn Stark,9
John Jakes,D:\Novels Library\Final_all_books\John Jakes,9
Julianne MacLean,D:\Novels Library\Final_all_books\Julianne MacLean,9
Justin Sloan,D:\Novels Library\Final_all_books\Justin Sloan,9
K. E. O'Connor,D:\Novels Library\Final_all_books\K. E. O'Connor,9
K.A. Merikan,D:\Novels Library\Final_all_books\K.A. Merikan,9
Kate Bridges,D:\Novels Library\Final_all_books\Kate Bridges,9
Kendra Leigh Castle,D:\Novels Library\Final_all_books\Kendra Leigh Castle,9
Kimberly Van Meter,D:\Novels Library\Final_all_books\Kimberly Van Meter,9
L. Danvers,D:\Novels Library\Final_all_books\L. Danvers,9
L. L. Shute,D:\Novels Library\Final_all_books\L. L. Shute,9
L. L. Frost,D:\Novels Library\Final_all_books\L. L. Frost,9
Lauren Oliver,D:\Novels Library\Final_all_books\Lauren Oliver,9
"Lennox, Elizabeth","D:\Novels Library\Final_all_books\Lennox, Elizabeth",9
Linda O. Johnston,D:\Novels Library\Final_all_books\Linda O. Johnston,9
Lindsay McKenna,D:\Novels Library\Final_all_books\Lindsay McKenna,9
Lola Dodge,D:\Novels Library\Final_all_books\Lola Dodge,9
Louisa Heaton,D:\Novels Library\Final_all_books\Louisa Heaton,9
Louise Fuller,D:\Novels Library\Final_all_books\Louise Fuller,9
Louise Allen,D:\Novels Library\Final_all_books\Louise Allen,9
Lucy Auburn,D:\Novels Library\Final_all_books\Lucy Auburn,9
Lynna Banning,D:\Novels Library\Final_all_books\Lynna Banning,9
"Maas, Sarah J_","D:\Novels Library\Final_all_books\Maas, Sarah J_",9
Marie Johnston,D:\Novels Library\Final_all_books\Marie Johnston,9
Mark Bowden,D:\Novels Library\Final_all_books\Mark Bowden,9
Mark Hayden,D:\Novels Library\Final_all_books\Mark Hayden,9
Mark Reps,D:\Novels Library\Final_all_books\Mark Reps,9
Matthew S. Cox,D:\Novels Library\Final_all_books\Matthew S. Cox,9
Maxine Sullivan,D:\Novels Library\Final_all_books\Maxine Sullivan,9
Megan Derr,D:\Novels Library\Final_all_books\Megan Derr,9
Melody Raven,D:\Novels Library\Final_all_books\Melody Raven,9
Michael Chambers,D:\Novels Library\Final_all_books\Michael Chambers,9
Michael Buckley,D:\Novels Library\Final_all_books\Michael Buckley,9
Michael McClung,D:\Novels Library\Final_all_books\Michael McClung,9
Michelle Willingham,D:\Novels Library\Final_all_books\Michelle Willingham,9
Miranda Honfleur,D:\Novels Library\Final_all_books\Miranda Honfleur,9
Misty Evans,D:\Novels Library\Final_all_books\Misty Evans,9
Nancy Holder,D:\Novels Library\Final_all_books\Nancy Holder,9
Nicholas Sparks,D:\Novels Library\Final_all_books\Nicholas Sparks,9
Nikki Landis,D:\Novels Library\Final_all_books\Nikki Landis,9
P. S. Power,D:\Novels Library\Final_all_books\P. S. Power,9
Peter V. Brett,D:\Novels Library\Final_all_books\Peter V. Brett,9
R.L. Stine,D:\Novels Library\Final_all_books\R.L. Stine,9
Rachel M. Raithby,D:\Novels Library\Final_all_books\Rachel M. Raithby,9
Renee Ahdieh,D:\Novels Library\Final_all_books\Renee Ahdieh,9
Rhonda Nelson,D:\Novels Library\Final_all_books\Rhonda Nelson,9
Robert Innes,D:\Novels Library\Final_all_books\Robert Innes,9
Robyn Grady,D:\Novels Library\Final_all_books\Robyn Grady,9
S. M. Schmitz,D:\Novels Library\Final_all_books\S. M. Schmitz,9
S. L. Morgan,D:\Novels Library\Final_all_books\S. L. Morgan,9
Sally Wentworth,D:\Novels Library\Final_all_books\Sally Wentworth,9
Samantha Silver,D:\Novels Library\Final_all_books\Samantha Silver,9
Sarah Mallory,D:\Novels Library\Final_all_books\Sarah Mallory,9
Sarah J. Stone,D:\Novels Library\Final_all_books\Sarah J. Stone,9
Sarah Prineas,D:\Novels Library\Final_all_books\Sarah Prineas,9
Sean Black,D:\Novels Library\Final_all_books\Sean Black,9
Sharon Stevenson,D:\Novels Library\Final_all_books\Sharon Stevenson,9
Sherry Foster,D:\Novels Library\Final_all_books\Sherry Foster,9
"Shute, L. L_","D:\Novels Library\Final_all_books\Shute, L. L_",9
Silhouette Nocturne,D:\Novels Library\Final_all_books\Silhouette Nocturne,9
Stacey Brutger,D:\Novels Library\Final_all_books\Stacey Brutger,9
Stephen Deas,D:\Novels Library\Final_all_books\Stephen Deas,9
Susan Mallery,D:\Novels Library\Final_all_books\Susan Mallery,9
Susan Trombley,D:\Novels Library\Final_all_books\Susan Trombley,9
Sylvia Day,D:\Novels Library\Final_all_books\Sylvia Day,9
T. Thorn Coyle,D:\Novels Library\Final_all_books\T. Thorn Coyle,9
Tamar Sloan,D:\Novels Library\Final_all_books\Tamar Sloan,9
Tate James,D:\Novels Library\Final_all_books\Tate James,9
Tom Keller,D:\Novels Library\Final_all_books\Tom Keller,9
Alexandria Clarke,D:\Novels Library\Final_all_books\Alexandria Clarke,8
Alicia Rades,D:\Novels Library\Final_all_books\Alicia Rades,8
Alison Goodman,D:\Novels Library\Final_all_books\Alison Goodman,8
Alivia Grayson,D:\Novels Library\Final_all_books\Alivia Grayson,8
Amanda Carlson,D:\Novels Library\Final_all_books\Amanda Carlson,8
Andrew Matthews,D:\Novels Library\Final_all_books\Andrew Matthews,8
Annabel Chase,D:\Novels Library\Final_all_books\Annabel Chase,8
Anne Marie Winston,D:\Novels Library\Final_all_books\Anne Marie Winston,8
Annette Marie,D:\Novels Library\Final_all_books\Annette Marie,8
Atsuko Asano,D:\Novels Library\Final_all_books\Atsuko Asano,8
Avery Song,D:\Novels Library\Final_all_books\Avery Song,8
Bailey Dark,D:\Novels Library\Final_all_books\Bailey Dark,8
B.L. Brunnemer,D:\Novels Library\Final_all_books\B.L. Brunnemer,8
Brenda Mott,D:\Novels Library\Final_all_books\Brenda Mott,8
Carol Arens,D:\Novels Library\Final_all_books\Carol Arens,8
Cecelia Mecca,D:\Novels Library\Final_all_books\Cecelia Mecca,8
Charlene Hartnady,D:\Novels Library\Final_all_books\Charlene Hartnady,8
Colleen Helme,D:\Novels Library\Final_all_books\Colleen Helme,8
D. R. Rosier,D:\Novels Library\Final_all_books\D. R. Rosier,8
David B. Coe,D:\Novels Library\Final_all_books\David B. Coe,8
David J. Normoyle,D:\Novels Library\Final_all_books\David J. Normoyle,8
Deanna Raybourn,D:\Novels Library\Final_all_books\Deanna Raybourn,8
Deborah Blake,D:\Novels Library\Final_all_books\Deborah Blake,8
Dean Koontz,D:\Novels Library\Final_all_books\Dean Koontz,8
Debra Cowan,D:\Novels Library\Final_all_books\Debra Cowan,8
Debbie Macomber,D:\Novels Library\Final_all_books\Debbie Macomber,8
E L Todd,D:\Novels Library\Final_all_books\E L Todd,8
E J Stevens,D:\Novels Library\Final_all_books\E J Stevens,8
Elizabeth Loraine,D:\Novels Library\Final_all_books\Elizabeth Loraine,8
Elle Adams,D:\Novels Library\Final_all_books\Elle Adams,8
Ella Quinn,D:\Novels Library\Final_all_books\Ella Quinn,8
Erin L. Snyder,D:\Novels Library\Final_all_books\Erin L. Snyder,8
Everly Frost,D:\Novels Library\Final_all_books\Everly Frost,8
G. J. Kelly,D:\Novels Library\Final_all_books\G. J. Kelly,8
Geri Foster,D:\Novels Library\Final_all_books\Geri Foster,8
"Grisham, John","D:\Novels Library\Final_all_books\Grisham, John",8
J. A. Armitage,D:\Novels Library\Final_all_books\J. A. Armitage,8
J. L. Madore,D:\Novels Library\Final_all_books\J. L. Madore,8
J.K. Rowling,D:\Novels Library\Final_all_books\J.K. Rowling,8
J.L. Beck,D:\Novels Library\Final_all_books\J.L. Beck,8
J.J. McAvoy,D:\Novels Library\Final_all_books\J.J. McAvoy,8
James David Victor,D:\Novels Library\Final_all_books\James David Victor,8
Jamie Edmundson,D:\Novels Library\Final_all_books\Jamie Edmundson,8
Janice Lynn,D:\Novels Library\Final_all_books\Janice Lynn,8
K. A. Riley,D:\Novels Library\Final_all_books\K. A. Riley,8
Karen Ann Hopkins,D:\Novels Library\Final_all_books\Karen Ann Hopkins,8
Katee Robert,D:\Novels Library\Final_all_books\Katee Robert,8
Kathryn Moon,D:\Novels Library\Final_all_books\Kathryn Moon,8
Katy Baker,D:\Novels Library\Final_all_books\Katy Baker,8
Kelly McCullough,D:\Novels Library\Final_all_books\Kelly McCullough,8
Kim Faulks,D:\Novels Library\Final_all_books\Kim Faulks,8
Kristin Miller,D:\Novels Library\Final_all_books\Kristin Miller,8
Laura Anne Gilman,D:\Novels Library\Final_all_books\Laura Anne Gilman,8
Laurie London,D:\Novels Library\Final_all_books\Laurie London,8
Lidiya Foxglove,D:\Novels Library\Final_all_books\Lidiya Foxglove,8
Lily Archer,D:\Novels Library\Final_all_books\Lily Archer,8
Livia Quinn,D:\Novels Library\Final_all_books\Livia Quinn,8
Luanne Bennett,D:\Novels Library\Final_all_books\Luanne Bennett,8
"Ludlum, Robert","D:\Novels Library\Final_all_books\Ludlum, Robert",8
Lux Miller,D:\Novels Library\Final_all_books\Lux Miller,8
Lyla Payne,D:\Novels Library\Final_all_books\Lyla Payne,8
Marie Andreas,D:\Novels Library\Final_all_books\Marie Andreas,8
Mary Martel,D:\Novels Library\Final_all_books\Mary Martel,8
Maya Angelou,D:\Novels Library\Final_all_books\Maya Angelou,8
Merline Lovelace,D:\Novels Library\Final_all_books\Merline Lovelace,8
Michela Wrong,D:\Novels Library\Final_all_books\Michela Wrong,8
Michelle Rowen,D:\Novels Library\Final_all_books\Michelle Rowen,8
Miranda Brock,D:\Novels Library\Final_all_books\Miranda Brock,8
"Munroe, Myles","D:\Novels Library\Final_all_books\Munroe, Myles",8
Ophelia Bell,D:\Novels Library\Final_all_books\Ophelia Bell,8
P. G. Allison,D:\Novels Library\Final_all_books\P. G. Allison,8
Patricia Johns,D:\Novels Library\Final_all_books\Patricia Johns,8
Rachel Lee,D:\Novels Library\Final_all_books\Rachel Lee,8
Ramy Vance,D:\Novels Library\Final_all_books\Ramy Vance,8
Raymond E. Feist,D:\Novels Library\Final_all_books\Raymond E. Feist,8
Regan Black,D:\Novels Library\Final_all_books\Regan Black,8
Rob J. Hayes,D:\Novels Library\Final_all_books\Rob J. Hayes,8
Robert M. Sapolsky,D:\Novels Library\Final_all_books\Robert M. Sapolsky,8
Robert Greene,D:\Novels Library\Final_all_books\Robert Greene,8
Ron Collins,D:\Novels Library\Final_all_books\Ron Collins,8
Ron Ripley,D:\Novels Library\Final_all_books\Ron Ripley,8
Ruby Raine,D:\Novels Library\Final_all_books\Ruby Raine,8
S E Smith,D:\Novels Library\Final_all_books\S E Smith,8
Ruth Ryan Langan,D:\Novels Library\Final_all_books\Ruth Ryan Langan,8
S. T. Bende,D:\Novels Library\Final_all_books\S. T. Bende,8
SAMANTHA SHANNON,D:\Novels Library\Final_all_books\SAMANTHA SHANNON,8
Sara Clancy,D:\Novels Library\Final_all_books\Sara Clancy,8
Sara Humphreys,D:\Novels Library\Final_all_books\Sara Humphreys,8
Sarah M. Anderson,D:\Novels Library\Final_all_books\Sarah M. Anderson,8
Sarah Pinborough,D:\Novels Library\Final_all_books\Sarah Pinborough,8
Savannah Verte,D:\Novels Library\Final_all_books\Savannah Verte,8
Savannah Rylan,D:\Novels Library\Final_all_books\Savannah Rylan,8
Sheri WhiteFeather,D:\Novels Library\Final_all_books\Sheri WhiteFeather,8
Silver James,D:\Novels Library\Final_all_books\Silver James,8
Sky Purington,D:\Novels Library\Final_all_books\Sky Purington,8
Skye Malone,D:\Novels Library\Final_all_books\Skye Malone,8
Stephen R. Lawhead,D:\Novels Library\Final_all_books\Stephen R. Lawhead,8
Stormy Glenn,D:\Novels Library\Final_all_books\Stormy Glenn,8
T. M. Cromer,D:\Novels Library\Final_all_books\T. M. Cromer,8
Ursula K. Le Guin,D:\Novels Library\Final_all_books\Ursula K. Le Guin,8
Alexandra Fuller,D:\Novels Library\Final_all_books\Alexandra Fuller,7
Alice Clayton,D:\Novels Library\Final_all_books\Alice Clayton,7
Alexia Purdy,D:\Novels Library\Final_all_books\Alexia Purdy,7
Amber Lynn Natusch,D:\Novels Library\Final_all_books\Amber Lynn Natusch,7
Andrea Pearson,D:\Novels Library\Final_all_books\Andrea Pearson,7
Anna Depalo,D:\Novels Library\Final_all_books\Anna Depalo,7
Annette Broadrick,D:\Novels Library\Final_all_books\Annette Broadrick,7
Ariel Marie,D:\Novels Library\Final_all_books\Ariel Marie,7
Aya DeAniege,D:\Novels Library\Final_all_books\Aya DeAniege,7
Barbara Kyle,D:\Novels Library\Final_all_books\Barbara Kyle,7
Bella Jewel,D:\Novels Library\Final_all_books\Bella Jewel,7
Bernadette Rowley,D:\Novels Library\Final_all_books\Bernadette Rowley,7
Brian Ruckley,D:\Novels Library\Final_all_books\Brian Ruckley,7
Bryce O'Connor,D:\Novels Library\Final_all_books\Bryce O'Connor,7
Cait London,D:\Novels Library\Final_all_books\Cait London,7
Carissa Andrews,D:\Novels Library\Final_all_books\Carissa Andrews,7
Carol Berg,D:\Novels Library\Final_all_books\Carol Berg,7
Cate Lawley,D:\Novels Library\Final_all_books\Cate Lawley,7
Celine Conway,D:\Novels Library\Final_all_books\Celine Conway,7
Chandelle LaVaun,D:\Novels Library\Final_all_books\Chandelle LaVaun,7
Cilla Lee,D:\Novels Library\Final_all_books\Cilla Lee,7
"Clancy, Tom","D:\Novels Library\Final_all_books\Clancy, Tom",7
Cora Seton,D:\Novels Library\Final_all_books\Cora Seton,7
Coralee June,D:\Novels Library\Final_all_books\Coralee June,7
Deborah Chester,D:\Novels Library\Final_all_books\Deborah Chester,7
Deborah Harkness,D:\Novels Library\Final_all_books\Deborah Harkness,7
Dolly Alderton,D:\Novels Library\Final_all_books\Dolly Alderton,7
Elizabeth Rose,D:\Novels Library\Final_all_books\Elizabeth Rose,7
G. A. Chase,D:\Novels Library\Final_all_books\G. A. Chase,7
Heidi Catherine,D:\Novels Library\Final_all_books\Heidi Catherine,7
India Grey,D:\Novels Library\Final_all_books\India Grey,7
James B. Stewart,D:\Novels Library\Final_all_books\James B. Stewart,7
James S.A. Corey,D:\Novels Library\Final_all_books\James S.A. Corey,7
Jane Lindskold,D:\Novels Library\Final_all_books\Jane Lindskold,7
Jeannette Walls,D:\Novels Library\Final_all_books\Jeannette Walls,7
Jenn LeBlanc,D:\Novels Library\Final_all_books\Jenn LeBlanc,7
Jennifer Armintrout,D:\Novels Library\Final_all_books\Jennifer Armintrout,7
Jessica Gilmore,D:\Novels Library\Final_all_books\Jessica Gilmore,7
Jillian Dodd,D:\Novels Library\Final_all_books\Jillian Dodd,7
John Ronald Reuel Tolkien,D:\Novels Library\Final_all_books\John Ronald Reuel Tolkien,7
Josephine Angelini,D:\Novels Library\Final_all_books\Josephine Angelini,7
Julian Barnes,D:\Novels Library\Final_all_books\Julian Barnes,7
Juliet Marillier,D:\Novels Library\Final_all_books\Juliet Marillier,7
K. A. Linde,D:\Novels Library\Final_all_books\K. A. Linde,7
Karen Kincy,D:\Novels Library\Final_all_books\Karen Kincy,7
Katherine Sparrow,D:\Novels Library\Final_all_books\Katherine Sparrow,7
Kelli Ireland,D:\Novels Library\Final_all_books\Kelli Ireland,7
Kelly Hunter,D:\Novels Library\Final_all_books\Kelly Hunter,7
Kendare Blake,D:\Novels Library\Final_all_books\Kendare Blake,7
Kim Harrison,D:\Novels Library\Final_all_books\Kim Harrison,7
Kinley MacGregor,D:\Novels Library\Final_all_books\Kinley MacGregor,7
Kit Hawthorne,D:\Novels Library\Final_all_books\Kit Hawthorne,7
Kristi Belcamino,D:\Novels Library\Final_all_books\Kristi Belcamino,7
L. J. Swallow,D:\Novels Library\Final_all_books\L. J. Swallow,7
Lana Melyan,D:\Novels Library\Final_all_books\Lana Melyan,7
Lana Axe,D:\Novels Library\Final_all_books\Lana Axe,7
Laurel Chase,D:\Novels Library\Final_all_books\Laurel Chase,7
"Lawrence, Mark","D:\Novels Library\Final_all_books\Lawrence, Mark",7
"LeClaire, Day","D:\Novels Library\Final_all_books\LeClaire, Day",7
Leigh Michaels,D:\Novels Library\Final_all_books\Leigh Michaels,7
Leigh Bardugo,D:\Novels Library\Final_all_books\Leigh Bardugo,7
Leilani Love,D:\Novels Library\Final_all_books\Leilani Love,7
Leslie North,D:\Novels Library\Final_all_books\Leslie North,7
Lina J. Potter,D:\Novels Library\Final_all_books\Lina J. Potter,7
Linda Thomas-Sundstrom,D:\Novels Library\Final_all_books\Linda Thomas-Sundstrom,7
Lisa Manifold,D:\Novels Library\Final_all_books\Lisa Manifold,7
Loreth Anne White,D:\Novels Library\Final_all_books\Loreth Anne White,7
Lydia San Andres,D:\Novels Library\Final_all_books\Lydia San Andres,7
Maggie Shayne,D:\Novels Library\Final_all_books\Maggie Shayne,7
Margo Ryerkerk,D:\Novels Library\Final_all_books\Margo Ryerkerk,7
Mark Albany,D:\Novels Library\Final_all_books\Mark Albany,7
Mary Brendan,D:\Novels Library\Final_all_books\Mary Brendan,7
May Freighter,D:\Novels Library\Final_all_books\May Freighter,7
Melanie Cellier,D:\Novels Library\Final_all_books\Melanie Cellier,7
Metsy Hingle,D:\Novels Library\Final_all_books\Metsy Hingle,7
Mike Faricy,D:\Novels Library\Final_all_books\Mike Faricy,7
Morgan Kelley,D:\Novels Library\Final_all_books\Morgan Kelley,7
Naomi Lucas,D:\Novels Library\Final_all_books\Naomi Lucas,7
Nicola Cornick,D:\Novels Library\Final_all_books\Nicola Cornick,7
Octavia Randolph,D:\Novels Library\Final_all_books\Octavia Randolph,7
"Omartian, Stormie","D:\Novels Library\Final_all_books\Omartian, Stormie",7
"Parker, M. S_","D:\Novels Library\Final_all_books\Parker, M. S_",7
Paula Brackston,D:\Novels Library\Final_all_books\Paula Brackston,7
Philip Caputo,D:\Novels Library\Final_all_books\Philip Caputo,7
Phillip Strang,D:\Novels Library\Final_all_books\Phillip Strang,7
Pippa Roscoe,D:\Novels Library\Final_all_books\Pippa Roscoe,7
R. A. Boyd,D:\Novels Library\Final_all_books\R. A. Boyd,7
Rachel Lindsay,D:\Novels Library\Final_all_books\Rachel Lindsay,7
Rachel Bailey,D:\Novels Library\Final_all_books\Rachel Bailey,7
Rae Carson,D:\Novels Library\Final_all_books\Rae Carson,7
Ramona Finn,D:\Novels Library\Final_all_books\Ramona Finn,7
Red Garnier,D:\Novels Library\Final_all_books\Red Garnier,7
Rhett C. Bruno,D:\Novels Library\Final_all_books\Rhett C. Bruno,7
Robin Covington,D:\Novels Library\Final_all_books\Robin Covington,7
Rodney Hartman,D:\Novels Library\Final_all_books\Rodney Hartman,7
Roxanne St. Claire,D:\Novels Library\Final_all_books\Roxanne St. Claire,7
Samantha Sabian,D:\Novels Library\Final_all_books\Samantha Sabian,7
Samantha Young,D:\Novels Library\Final_all_books\Samantha Young,7
Sarah Painter,D:\Novels Library\Final_all_books\Sarah Painter,7
Scarlett St. Clair,D:\Novels Library\Final_all_books\Scarlett St. Clair,7
Scott Westerfeld,D:\Novels Library\Final_all_books\Scott Westerfeld,7
Sebastien de Castell,D:\Novels Library\Final_all_books\Sebastien de Castell,7
Shai August,D:\Novels Library\Final_all_books\Shai August,7
Sharon Hannaford,D:\Novels Library\Final_all_books\Sharon Hannaford,7
Sierra Simone,D:\Novels Library\Final_all_books\Sierra Simone,7
"Snoak, Penny","D:\Novels Library\Final_all_books\Snoak, Penny",7
"Singh, Nalini","D:\Novels Library\Final_all_books\Singh, Nalini",7
Stacey Kayne,D:\Novels Library\Final_all_books\Stacey Kayne,7
Sotia Lazu,D:\Novels Library\Final_all_books\Sotia Lazu,7
Starla Night,D:\Novels Library\Final_all_books\Starla Night,7
Stephanie Bond,D:\Novels Library\Final_all_books\Stephanie Bond,7
Stephen Allan,D:\Novels Library\Final_all_books\Stephen Allan,7
Stephen Hunter,D:\Novels Library\Final_all_books\Stephen Hunter,7
Susan Krinard,D:\Novels Library\Final_all_books\Susan Krinard,7
Susan Napier,D:\Novels Library\Final_all_books\Susan Napier,7
Susan Crosby,D:\Novels Library\Final_all_books\Susan Crosby,7
Susan Hayes,D:\Novels Library\Final_all_books\Susan Hayes,7
Suzanne Collins,D:\Novels Library\Final_all_books\Suzanne Collins,7
T. R. Cameron,D:\Novels Library\Final_all_books\T. R. Cameron,7
Tansey Morgan,D:\Novels Library\Final_all_books\Tansey Morgan,7
Tena Stetler,D:\Novels Library\Final_all_books\Tena Stetler,7
Toby Neal,D:\Novels Library\Final_all_books\Toby Neal,7
"Todd, E. L_","D:\Novels Library\Final_all_books\Todd, E. L_",7
Tony Corden,D:\Novels Library\Final_all_books\Tony Corden,7
Traci Douglass,D:\Novels Library\Final_all_books\Traci Douglass,7
VA,D:\Novels Library\Final_all_books\VA,7
Veronica Roth,D:\Novels Library\Final_all_books\Veronica Roth,7
Virginia McCullough,D:\Novels Library\Final_all_books\Virginia McCullough,7
W. E. B. Du Bois,D:\Novels Library\Final_all_books\W. E. B. Du Bois,7
A. C. Cobble,D:\Novels Library\Final_all_books\A. C. Cobble,6
Aimee Carter,D:\Novels Library\Final_all_books\Aimee Carter,6
Agatha Frost,D:\Novels Library\Final_all_books\Agatha Frost,6
Ainsley St Claire,D:\Novels Library\Final_all_books\Ainsley St Claire,6
Alex Erickson,D:\Novels Library\Final_all_books\Alex Erickson,6
Amanda A. Allen,D:\Novels Library\Final_all_books\Amanda A. Allen,6
Amy Proebstel,D:\Novels Library\Final_all_books\Amy Proebstel,6
Ann Gimpel,D:\Novels Library\Final_all_books\Ann Gimpel,6
Anna Banks,D:\Novels Library\Final_all_books\Anna Banks,6
Anna Abner,D:\Novels Library\Final_all_books\Anna Abner,6
Anna Hackett,D:\Novels Library\Final_all_books\Anna Hackett,6
Anthony Horowitz,D:\Novels Library\Final_all_books\Anthony Horowitz,6
Arturo Perez-Reverte,D:\Novels Library\Final_all_books\Arturo Perez-Reverte,6
Autumn Reed,D:\Novels Library\Final_all_books\Autumn Reed,6
B. J. Hanlon,D:\Novels Library\Final_all_books\B. J. Hanlon,6
Barbara Wood,D:\Novels Library\Final_all_books\Barbara Wood,6
Becca Vincenza,D:\Novels Library\Final_all_books\Becca Vincenza,6
Ben Mezrich,D:\Novels Library\Final_all_books\Ben Mezrich,6
Ben Hale,D:\Novels Library\Final_all_books\Ben Hale,6
Brittany Fichter,D:\Novels Library\Final_all_books\Brittany Fichter,6
Bronwyn Jameson,D:\Novels Library\Final_all_books\Bronwyn Jameson,6
Bruce Blake,D:\Novels Library\Final_all_books\Bruce Blake,6
Callie Rose,D:\Novels Library\Final_all_books\Callie Rose,6
Cameron O'Connell,D:\Novels Library\Final_all_books\Cameron O'Connell,6
Candace Blevins,D:\Novels Library\Final_all_books\Candace Blevins,6
Cari Silverwood,D:\Novels Library\Final_all_books\Cari Silverwood,6
Carly Spade,D:\Novels Library\Final_all_books\Carly Spade,6
Carol Beth Anderson,D:\Novels Library\Final_all_books\Carol Beth Anderson,6
Carolyn Hennesy,D:\Novels Library\Final_all_books\Carolyn Hennesy,6
Caroline Peckham,D:\Novels Library\Final_all_books\Caroline Peckham,6
Catherine Spangler,D:\Novels Library\Final_all_books\Catherine Spangler,6
Catherine George,D:\Novels Library\Final_all_books\Catherine George,6
Charles Stross,D:\Novels Library\Final_all_books\Charles Stross,6
Charlie Hart,D:\Novels Library\Final_all_books\Charlie Hart,6
Cheryl St. John,D:\Novels Library\Final_all_books\Cheryl St. John,6
Cheree Alsop,D:\Novels Library\Final_all_books\Cheree Alsop,6
Chris Bradford,D:\Novels Library\Final_all_books\Chris Bradford,6
Christopher G. Nuttall,D:\Novels Library\Final_all_books\Christopher G. Nuttall,6
Christopher Mitchell,D:\Novels Library\Final_all_books\Christopher Mitchell,6
Cinda Williams Chima,D:\Novels Library\Final_all_books\Cinda Williams Chima,6
Claudia King,D:\Novels Library\Final_all_books\Claudia King,6
"Connelly, Clare","D:\Novels Library\Final_all_books\Connelly, Clare",6
D. B. Nielsen,D:\Novels Library\Final_all_books\D. B. Nielsen,6
Curtis Jobling,D:\Novels Library\Final_all_books\Curtis Jobling,6
Dan Brown,D:\Novels Library\Final_all_books\Dan Brown,6
Dan Rix,D:\Novels Library\Final_all_books\Dan Rix,6
Duncan Lay,D:\Novels Library\Final_all_books\Duncan Lay,6
E. C. Ambrose,D:\Novels Library\Final_all_books\E. C. Ambrose,6
Ed Greenwood,D:\Novels Library\Final_all_books\Ed Greenwood,6
Elin Peer,D:\Novels Library\Final_all_books\Elin Peer,6
Elizabeth Dunlap,D:\Novels Library\Final_all_books\Elizabeth Dunlap,6
Elizabeth Rain,D:\Novels Library\Final_all_books\Elizabeth Rain,6
Elizabeth Lowell,D:\Novels Library\Final_all_books\Elizabeth Lowell,6
Emigh Cannaday,D:\Novels Library\Final_all_books\Emigh Cannaday,6
Emily Goodwin,D:\Novels Library\Final_all_books\Emily Goodwin,6
Eva Brandt,D:\Novels Library\Final_all_books\Eva Brandt,6
Eve Newton,D:\Novels Library\Final_all_books\Eve Newton,6
Fiona Davenport,D:\Novels Library\Final_all_books\Fiona Davenport,6
Gena Showalter,D:\Novels Library\Final_all_books\Gena Showalter,6
Greg Cox,D:\Novels Library\Final_all_books\Greg Cox,6
H. M. Gooden,D:\Novels Library\Final_all_books\H. M. Gooden,6
Hailey Edwards,D:\Novels Library\Final_all_books\Hailey Edwards,6
Harley James,D:\Novels Library\Final_all_books\Harley James,6
Heather Sunseri,D:\Novels Library\Final_all_books\Heather Sunseri,6
Hilari Bell,D:\Novels Library\Final_all_books\Hilari Bell,6
Honey Palomino,D:\Novels Library\Final_all_books\Honey Palomino,6
India Drummond,D:\Novels Library\Final_all_books\India Drummond,6
J. C. McKenzie,D:\Novels Library\Final_all_books\J. C. McKenzie,6
J. R. Ward,D:\Novels Library\Final_all_books\J. R. Ward,6
Jackie May,D:\Novels Library\Final_all_books\Jackie May,6
James Clemens,D:\Novels Library\Final_all_books\James Clemens,6
James Calbraith,D:\Novels Library\Final_all_books\James Calbraith,6
Jamie McGuire,D:\Novels Library\Final_all_books\Jamie McGuire,6
Jana DeLeon,D:\Novels Library\Final_all_books\Jana DeLeon,6
Jennifer Hayward,D:\Novels Library\Final_all_books\Jennifer Hayward,6
Jennifer Ellision,D:\Novels Library\Final_all_books\Jennifer Ellision,6
Jerry Ahern,D:\Novels Library\Final_all_books\Jerry Ahern,6
Jillian Hart,D:\Novels Library\Final_all_books\Jillian Hart,6
Joanna Johnson,D:\Novels Library\Final_all_books\Joanna Johnson,6
Jodi Picoult,D:\Novels Library\Final_all_books\Jodi Picoult,6
Jocelyn Fox,D:\Novels Library\Final_all_books\Jocelyn Fox,6
Jonathan Yanez,D:\Novels Library\Final_all_books\Jonathan Yanez,6
Jonathan Stroud,D:\Novels Library\Final_all_books\Jonathan Stroud,6
"Jones, Lisa Renee","D:\Novels Library\Final_all_books\Jones, Lisa Renee",6
Jude Hardin,D:\Novels Library\Final_all_books\Jude Hardin,6
Kaitlyn Davis,D:\Novels Library\Final_all_books\Kaitlyn Davis,6
Karen Foley,D:\Novels Library\Final_all_books\Karen Foley,6
Karen Azinger,D:\Novels Library\Final_all_books\Karen Azinger,6
Karpov Kinrade,D:\Novels Library\Final_all_books\Karpov Kinrade,6
Kat Cantrell,D:\Novels Library\Final_all_books\Kat Cantrell,6
Kate O'Hearn,D:\Novels Library\Final_all_books\Kate O'Hearn,6
Kathleen Kelly,D:\Novels Library\Final_all_books\Kathleen Kelly,6
Kendra Elliot,D:\Novels Library\Final_all_books\Kendra Elliot,6
Kerri Maniscalco,D:\Novels Library\Final_all_books\Kerri Maniscalco,6
Kestra Pingree,D:\Novels Library\Final_all_books\Kestra Pingree,6
Kimberly Adams,D:\Novels Library\Final_all_books\Kimberly Adams,6
Kory M. Shrum,D:\Novels Library\Final_all_books\Kory M. Shrum,6
L. A. McGinnis,D:\Novels Library\Final_all_books\L. A. McGinnis,6
LaQuette,D:\Novels Library\Final_all_books\LaQuette,6
Lara Lacombe,D:\Novels Library\Final_all_books\Lara Lacombe,6
Laura Scott,D:\Novels Library\Final_all_books\Laura Scott,6
Layla Valentine,D:\Novels Library\Final_all_books\Layla Valentine,6
Linda Winstead Jones,D:\Novels Library\Final_all_books\Linda Winstead Jones,6
Linsey Hall,D:\Novels Library\Final_all_books\Linsey Hall,6
Lisa Plumley,D:\Novels Library\Final_all_books\Lisa Plumley,6
Loree Lough,D:\Novels Library\Final_all_books\Loree Lough,6
Lori Devoti,D:\Novels Library\Final_all_books\Lori Devoti,6
Lorena Angell,D:\Novels Library\Final_all_books\Lorena Angell,6
Lotte R. James,D:\Novels Library\Final_all_books\Lotte R. James,6
Lysa Daley,D:\Novels Library\Final_all_books\Lysa Daley,6
M. R. Mathias,D:\Novels Library\Final_all_books\M. R. Mathias,6
Margaret Rome,D:\Novels Library\Final_all_books\Margaret Rome,6
Marianne de Pierres,D:\Novels Library\Final_all_books\Marianne de Pierres,6
Mark Charan Newton,D:\Novels Library\Final_all_books\Mark Charan Newton,6
Mary E. Pearson,D:\Novels Library\Final_all_books\Mary E. Pearson,6
Megan Linski,D:\Novels Library\Final_all_books\Megan Linski,6
Meja Mwangi,D:\Novels Library\Final_all_books\Meja Mwangi,6
Melissa McShane,D:\Novels Library\Final_all_books\Melissa McShane,6
Melissa Marr,D:\Novels Library\Final_all_books\Melissa Marr,6
Michael La Ronn,D:\Novels Library\Final_all_books\Michael La Ronn,6
Mike Shelton,D:\Novels Library\Final_all_books\Mike Shelton,6
Mirren Hogan,D:\Novels Library\Final_all_books\Mirren Hogan,6
Naima Simone,D:\Novels Library\Final_all_books\Naima Simone,6
Nancy Warren,D:\Novels Library\Final_all_books\Nancy Warren,6
Nicole Locke,D:\Novels Library\Final_all_books\Nicole Locke,6
Nicole Thorn,D:\Novels Library\Final_all_books\Nicole Thorn,6
Niobia Bryant,D:\Novels Library\Final_all_books\Niobia Bryant,6
Olivia Hutchinson,D:\Novels Library\Final_all_books\Olivia Hutchinson,6
Pamela Tracy,D:\Novels Library\Final_all_books\Pamela Tracy,6
Patrick Rothfuss,D:\Novels Library\Final_all_books\Patrick Rothfuss,6
Paula Marshall,D:\Novels Library\Final_all_books\Paula Marshall,6
Peggy Moreland,D:\Novels Library\Final_all_books\Peggy Moreland,6
Rachel Burns,D:\Novels Library\Final_all_books\Rachel Burns,6
Renee Pawlish,D:\Novels Library\Final_all_books\Renee Pawlish,6
Robert Bryndza,D:\Novels Library\Final_all_books\Robert Bryndza,6
Robyn Wideman,D:\Novels Library\Final_all_books\Robyn Wideman,6
Ruth Reichl,D:\Novels Library\Final_all_books\Ruth Reichl,6
Roxy Sinclaire,D:\Novels Library\Final_all_books\Roxy Sinclaire,6
S. Dalambakis,D:\Novels Library\Final_all_books\S. Dalambakis,6
Samantha Britt,D:\Novels Library\Final_all_books\Samantha Britt,6
Sarah Andrews,D:\Novels Library\Final_all_books\Sarah Andrews,6
Selene Charles,D:\Novels Library\Final_all_books\Selene Charles,6
September Stone,D:\Novels Library\Final_all_books\September Stone,6
Shannon McKenna,D:\Novels Library\Final_all_books\Shannon McKenna,6
Simone Elkeles,D:\Novels Library\Final_all_books\Simone Elkeles,6
Siobhan Davis,D:\Novels Library\Final_all_books\Siobhan Davis,6
Soman Chainani,D:\Novels Library\Final_all_books\Soman Chainani,6
Stacey Alabaster,D:\Novels Library\Final_all_books\Stacey Alabaster,6
Staci Hart,D:\Novels Library\Final_all_books\Staci Hart,6
Stacy Reid,D:\Novels Library\Final_all_books\Stacy Reid,6
Stephanie Draven,D:\Novels Library\Final_all_books\Stephanie Draven,6
Stacey Rourke,D:\Novels Library\Final_all_books\Stacey Rourke,6
Steven Konkoly,D:\Novels Library\Final_all_books\Steven Konkoly,6
Susan Cooper,D:\Novels Library\Final_all_books\Susan Cooper,6
Susan Harris,D:\Novels Library\Final_all_books\Susan Harris,6
Suzanne Johnson,D:\Novels Library\Final_all_books\Suzanne Johnson,6
Tatiana March,D:\Novels Library\Final_all_books\Tatiana March,6
Terri Garey,D:\Novels Library\Final_all_books\Terri Garey,6
Tessa Gratton,D:\Novels Library\Final_all_books\Tessa Gratton,6
Thomas E. Sniegoski,D:\Novels Library\Final_all_books\Thomas E. Sniegoski,6
Tia Didmon,D:\Novels Library\Final_all_books\Tia Didmon,6
Tim Heath,D:\Novels Library\Final_all_books\Tim Heath,6
Travis S. Taylor,D:\Novels Library\Final_all_books\Travis S. Taylor,6
Val St. Crowe,D:\Novels Library\Final_all_books\Val St. Crowe,6
Victoria Tait,D:\Novels Library\Final_all_books\Victoria Tait,6
Victoria Quinn,D:\Novels Library\Final_all_books\Victoria Quinn,6
Wendy Higgins,D:\Novels Library\Final_all_books\Wendy Higgins,6
William Stadler,D:\Novels Library\Final_all_books\William Stadler,6
A. E. Rayne,D:\Novels Library\Final_all_books\A. E. Rayne,5
A. C. James,D:\Novels Library\Final_all_books\A. C. James,5
A. A. Albright,D:\Novels Library\Final_all_books\A. A. Albright,5
Aaron L. Speer,D:\Novels Library\Final_all_books\Aaron L. Speer,5
A.L. Knorr,D:\Novels Library\Final_all_books\A.L. Knorr,5
Al Boudreau,D:\Novels Library\Final_all_books\Al Boudreau,5
Aimee Easterling,D:\Novels Library\Final_all_books\Aimee Easterling,5
Alison Kent,D:\Novels Library\Final_all_books\Alison Kent,5
Ally Summers,D:\Novels Library\Final_all_books\Ally Summers,5
Amanda Hocking,D:\Novels Library\Final_all_books\Amanda Hocking,5
Amanda Pillar,D:\Novels Library\Final_all_books\Amanda Pillar,5
Amber Foxx,D:\Novels Library\Final_all_books\Amber Foxx,5
Amy Jarecki,D:\Novels Library\Final_all_books\Amy Jarecki,5
Amy A. Bartol,D:\Novels Library\Final_all_books\Amy A. Bartol,5
Amy Lamont,D:\Novels Library\Final_all_books\Amy Lamont,5
Angela Bissell,D:\Novels Library\Final_all_books\Angela Bissell,5
Angelina J. Steffort,D:\Novels Library\Final_all_books\Angelina J. Steffort,5
Angela Colsin,D:\Novels Library\Final_all_books\Angela Colsin,5
Anna Todd,D:\Novels Library\Final_all_books\Anna Todd,5
Annie Burrows,D:\Novels Library\Final_all_books\Annie Burrows,5
Annie Nicholas,D:\Novels Library\Final_all_books\Annie Nicholas,5
Annie Anderson,D:\Novels Library\Final_all_books\Annie Anderson,5
"Armentrout, Jennifer L_","D:\Novels Library\Final_all_books\Armentrout, Jennifer L_",5
Arthur Slade,D:\Novels Library\Final_all_books\Arthur Slade,5
Ash Fitzsimmons,D:\Novels Library\Final_all_books\Ash Fitzsimmons,5
Ava Benton,D:\Novels Library\Final_all_books\Ava Benton,5
B. C. Palmer,D:\Novels Library\Final_all_books\B. C. Palmer,5
B. J. Smash,D:\Novels Library\Final_all_books\B. J. Smash,5
B A Paris,D:\Novels Library\Final_all_books\B A Paris,5
Barbara Kingsolver,D:\Novels Library\Final_all_books\Barbara Kingsolver,5
Barbara McMahon,D:\Novels Library\Final_all_books\Barbara McMahon,5
Becca Fitzpatrick,D:\Novels Library\Final_all_books\Becca Fitzpatrick,5
Beverly Barton,D:\Novels Library\Final_all_books\Beverly Barton,5
Bobby Akart,D:\Novels Library\Final_all_books\Bobby Akart,5
Caitlin Rowan,D:\Novels Library\Final_all_books\Caitlin Rowan,5
Camilla Chafer,D:\Novels Library\Final_all_books\Camilla Chafer,5
Cara Summers,D:\Novels Library\Final_all_books\Cara Summers,5
Carla Jablonski,D:\Novels Library\Final_all_books\Carla Jablonski,5
Caroline Anderson,D:\Novels Library\Final_all_books\Caroline Anderson,5
Caroline Cross,D:\Novels Library\Final_all_books\Caroline Cross,5
Carolyn Keene,D:\Novels Library\Final_all_books\Carolyn Keene,5
Cate Dean,D:\Novels Library\Final_all_books\Cate Dean,5
Cecelia Holland,D:\Novels Library\Final_all_books\Cecelia Holland,5
Cecilia Lane,D:\Novels Library\Final_all_books\Cecilia Lane,5
Charles Lamb,D:\Novels Library\Final_all_books\Charles Lamb,5
Charlie Higson,D:\Novels Library\Final_all_books\Charlie Higson,5
Charlotte Byrd,D:\Novels Library\Final_all_books\Charlotte Byrd,5
"Child, Lee","D:\Novels Library\Final_all_books\Child, Lee",5
Cheryl Rush Cowperthwait,D:\Novels Library\Final_all_books\Cheryl Rush Cowperthwait,5
Chimamanda Ngozi Adichie,D:\Novels Library\Final_all_books\Chimamanda Ngozi Adichie,5
Chloe Hart,D:\Novels Library\Final_all_books\Chloe Hart,5
Christine Gray,D:\Novels Library\Final_all_books\Christine Gray,5
Corinne Hofmann,D:\Novels Library\Final_all_books\Corinne Hofmann,5
Crystal Ash,D:\Novels Library\Final_all_books\Crystal Ash,5
D. B. Sieders,D:\Novels Library\Final_all_books\D. B. Sieders,5
Dane Griggs,D:\Novels Library\Final_all_books\Dane Griggs,5
Darlene Kuncytes,D:\Novels Library\Final_all_books\Darlene Kuncytes,5
"Dashner, James","D:\Novels Library\Final_all_books\Dashner, James",5
David Archer,D:\Novels Library\Final_all_books\David Archer,5
David Lennon,D:\Novels Library\Final_all_books\David Lennon,5
Debbi Rawlins,D:\Novels Library\Final_all_books\Debbi Rawlins,5
Dixie Lynn Dwyer,D:\Novels Library\Final_all_books\Dixie Lynn Dwyer,5
Donna Doyle,D:\Novels Library\Final_all_books\Donna Doyle,5
Donya Lynne,D:\Novels Library\Final_all_books\Donya Lynne,5
E. A. Foley,D:\Novels Library\Final_all_books\E. A. Foley,5
E L James,D:\Novels Library\Final_all_books\E L James,5
E. E. Holmes,D:\Novels Library\Final_all_books\E. E. Holmes,5
Edmund A. M. Batara,D:\Novels Library\Final_all_books\Edmund A. M. Batara,5
Elena Gray,D:\Novels Library\Final_all_books\Elena Gray,5
Eleanor Webster,D:\Novels Library\Final_all_books\Eleanor Webster,5
Eli Steele,D:\Novels Library\Final_all_books\Eli Steele,5
Eliza Raine,D:\Novels Library\Final_all_books\Eliza Raine,5
Elizabeth Blake,D:\Novels Library\Final_all_books\Elizabeth Blake,5
Elizabeth Vaughan,D:\Novels Library\Final_all_books\Elizabeth Vaughan,5
Elspeth Huxley,D:\Novels Library\Final_all_books\Elspeth Huxley,5
Emilia Hartley,D:\Novels Library\Final_all_books\Emilia Hartley,5
Emilia Ferguson,D:\Novels Library\Final_all_books\Emilia Ferguson,5
Emma Newman,D:\Novels Library\Final_all_books\Emma Newman,5
Erin Johnson,D:\Novels Library\Final_all_books\Erin Johnson,5
Erin McCarthy,D:\Novels Library\Final_all_books\Erin McCarthy,5
Evan Currie,D:\Novels Library\Final_all_books\Evan Currie,5
Frances Smith,D:\Novels Library\Final_all_books\Frances Smith,5
Frank Hurt,D:\Novels Library\Final_all_books\Frank Hurt,5
Frances Osborne,D:\Novels Library\Final_all_books\Frances Osborne,5
Frost Kay,D:\Novels Library\Final_all_books\Frost Kay,5
Fredrik Backman,D:\Novels Library\Final_all_books\Fredrik Backman,5
Frank Tayell,D:\Novels Library\Final_all_books\Frank Tayell,5
Geof Johnson,D:\Novels Library\Final_all_books\Geof Johnson,5
Geraldine Harris,D:\Novels Library\Final_all_books\Geraldine Harris,5
Greg Keyes,D:\Novels Library\Final_all_books\Greg Keyes,5
Greta Gilbert,D:\Novels Library\Final_all_books\Greta Gilbert,5
Guy Antibes,D:\Novels Library\Final_all_books\Guy Antibes,5
H. Y. Hanna,D:\Novels Library\Final_all_books\H. Y. Hanna,5
Hannah Lynn,D:\Novels Library\Final_all_books\Hannah Lynn,5
Heather Brewer,D:\Novels Library\Final_all_books\Heather Brewer,5
Holly Roberds,D:\Novels Library\Final_all_books\Holly Roberds,5
"Hunter, Stephen","D:\Novels Library\Final_all_books\Hunter, Stephen",5
"Hunter, Stephen - Bob Lee Swagger","D:\Novels Library\Final_all_books\Hunter, Stephen - Bob Lee Swagger",5
Imani L. Hawkins,D:\Novels Library\Final_all_books\Imani L. Hawkins,5
J. E. Martin,D:\Novels Library\Final_all_books\J. E. Martin,5
J. D. Brown,D:\Novels Library\Final_all_books\J. D. Brown,5
J. D. Cavan,D:\Novels Library\Final_all_books\J. D. Cavan,5
J. H. Croix,D:\Novels Library\Final_all_books\J. H. Croix,5
J. R. Erickson,D:\Novels Library\Final_all_books\J. R. Erickson,5
J.S. Scott,D:\Novels Library\Final_all_books\J.S. Scott,5
Jacqueline Druga,D:\Novels Library\Final_all_books\Jacqueline Druga,5
James Hunt,D:\Novels Library\Final_all_books\James Hunt,5
James Fox,D:\Novels Library\Final_all_books\James Fox,5
James Maxwell,D:\Novels Library\Final_all_books\James Maxwell,5
Jason Paul Rice,D:\Novels Library\Final_all_books\Jason Paul Rice,5
Jeff Kinney,D:\Novels Library\Final_all_books\Jeff Kinney,5
Jeff Rovin,D:\Novels Library\Final_all_books\Jeff Rovin,5
Jenetta Penner,D:\Novels Library\Final_all_books\Jenetta Penner,5
Jill Cooper,D:\Novels Library\Final_all_books\Jill Cooper,5
Jill Myles,D:\Novels Library\Final_all_books\Jill Myles,5
Jim Farris,D:\Novels Library\Final_all_books\Jim Farris,5
Joan Hohl,D:\Novels Library\Final_all_books\Joan Hohl,5
John Eckhardt,D:\Novels Library\Final_all_books\John Eckhardt,5
Jon Sprunk,D:\Novels Library\Final_all_books\Jon Sprunk,5
Joseph Lallo,D:\Novels Library\Final_all_books\Joseph Lallo,5
Joss Stirling,D:\Novels Library\Final_all_books\Joss Stirling,5
Judy Christenberry,D:\Novels Library\Final_all_books\Judy Christenberry,5
Julia London,D:\Novels Library\Final_all_books\Julia London,5
Juliet Anderson,D:\Novels Library\Final_all_books\Juliet Anderson,5
K. M. Scott,D:\Novels Library\Final_all_books\K. M. Scott,5
K. R. Thompson,D:\Novels Library\Final_all_books\K. R. Thompson,5
Kaitlin Bevis,D:\Novels Library\Final_all_books\Kaitlin Bevis,5
Karen Whiddon,D:\Novels Library\Final_all_books\Karen Whiddon,5
Karen Tomlinson,D:\Novels Library\Final_all_books\Karen Tomlinson,5
Karen Miller,D:\Novels Library\Final_all_books\Karen Miller,5
Karilyn Bentley,D:\Novels Library\Final_all_books\Karilyn Bentley,5
Kate Griffin,D:\Novels Library\Final_all_books\Kate Griffin,5
Katherine Arden,D:\Novels Library\Final_all_books\Katherine Arden,5
Kathryn Jensen,D:\Novels Library\Final_all_books\Kathryn Jensen,5
Katie French,D:\Novels Library\Final_all_books\Katie French,5
Katya Moore,D:\Novels Library\Final_all_books\Katya Moore,5
Kaydence Snow,D:\Novels Library\Final_all_books\Kaydence Snow,5
Kelly Armenta,D:\Novels Library\Final_all_books\Kelly Armenta,5
Kelly N. Jane,D:\Novels Library\Final_all_books\Kelly N. Jane,5
Keri Armstrong,D:\Novels Library\Final_all_books\Keri Armstrong,5
Kim Richardson,D:\Novels Library\Final_all_books\Kim Richardson,5
Kristine Rolofson,D:\Novels Library\Final_all_books\Kristine Rolofson,5
Kristin Cast,D:\Novels Library\Final_all_books\Kristin Cast,5
L. H. Cosway,D:\Novels Library\Final_all_books\L. H. Cosway,5
Laini Taylor,D:\Novels Library\Final_all_books\Laini Taylor,5
Lana Sky,D:\Novels Library\Final_all_books\Lana Sky,5
Lauren Kate,D:\Novels Library\Final_all_books\Lauren Kate,5
Laurence Dahners,D:\Novels Library\Final_all_books\Laurence Dahners,5
Laurie Roma,D:\Novels Library\Final_all_books\Laurie Roma,5
Lazette Gifford,D:\Novels Library\Final_all_books\Lazette Gifford,5
Leela Ash,D:\Novels Library\Final_all_books\Leela Ash,5
Lillian Sable,D:\Novels Library\Final_all_books\Lillian Sable,5
Lily Luchesi,D:\Novels Library\Final_all_books\Lily Luchesi,5
Lindsey Fairleigh,D:\Novels Library\Final_all_books\Lindsey Fairleigh,5
Lisa Emme,D:\Novels Library\Final_all_books\Lisa Emme,5
Lisa Freed,D:\Novels Library\Final_all_books\Lisa Freed,5
Lisa McMann,D:\Novels Library\Final_all_books\Lisa McMann,5
Linzi Basset,D:\Novels Library\Final_all_books\Linzi Basset,5
Liz Reinhardt,D:\Novels Library\Final_all_books\Liz Reinhardt,5
Lora Edwards,D:\Novels Library\Final_all_books\Lora Edwards,5
Louisa George,D:\Novels Library\Final_all_books\Louisa George,5
Lucy Tempest,D:\Novels Library\Final_all_books\Lucy Tempest,5
Lyn Stone,D:\Novels Library\Final_all_books\Lyn Stone,5
Lynette Noni,D:\Novels Library\Final_all_books\Lynette Noni,5
M. H. Johnson,D:\Novels Library\Final_all_books\M. H. Johnson,5
M. K. Eidem,D:\Novels Library\Final_all_books\M. K. Eidem,5
M. M. Kaye,D:\Novels Library\Final_all_books\M. M. Kaye,5
M. L. Forman,D:\Novels Library\Final_all_books\M. L. Forman,5
M.S. Force,D:\Novels Library\Final_all_books\M.S. Force,5
Macy Blake,D:\Novels Library\Final_all_books\Macy Blake,5
"Mann, Catherine","D:\Novels Library\Final_all_books\Mann, Catherine",5
Margaret McPhee,D:\Novels Library\Final_all_books\Margaret McPhee,5
Margo Bond Collins,D:\Novels Library\Final_all_books\Margo Bond Collins,5
Mark Dawson,D:\Novels Library\Final_all_books\Mark Dawson,5
Mark Anthony,D:\Novels Library\Final_all_books\Mark Anthony,5
MaryJanice Davidson,D:\Novels Library\Final_all_books\MaryJanice Davidson,5
Matt Ryan,D:\Novels Library\Final_all_books\Matt Ryan,5
Meagan Brandy,D:\Novels Library\Final_all_books\Meagan Brandy,5
Megan Haskell,D:\Novels Library\Final_all_books\Megan Haskell,5
Mel Todd,D:\Novels Library\Final_all_books\Mel Todd,5
Melissa F. Olson,D:\Novels Library\Final_all_books\Melissa F. Olson,5
Melissa Haag,D:\Novels Library\Final_all_books\Melissa Haag,5
Melissa Giorgio,D:\Novels Library\Final_all_books\Melissa Giorgio,5
"Meyer, Stephenie","D:\Novels Library\Final_all_books\Meyer, Stephenie",5
Michael Pollan,D:\Novels Library\Final_all_books\Michael Pollan,5
Michelle Pennington,D:\Novels Library\Final_all_books\Michelle Pennington,5
Mike Carey,D:\Novels Library\Final_all_books\Mike Carey,5
N. L. Hoffmann,D:\Novels Library\Final_all_books\N. L. Hoffmann,5
Natalie Bennett,D:\Novels Library\Final_all_books\Natalie Bennett,5
"Narro, B.T_","D:\Novels Library\Final_all_books\Narro, B.T_",5
Natalie Haynes,D:\Novels Library\Final_all_books\Natalie Haynes,5
Nia Mars,D:\Novels Library\Final_all_books\Nia Mars,5
Nicholas Bella,D:\Novels Library\Final_all_books\Nicholas Bella,5
Nicole Jordan,D:\Novels Library\Final_all_books\Nicole Jordan,5
Nikki Haverstock,D:\Novels Library\Final_all_books\Nikki Haverstock,5
Nina Bruhns,D:\Novels Library\Final_all_books\Nina Bruhns,5
Nicole Coverdale,D:\Novels Library\Final_all_books\Nicole Coverdale,5
Nikki Jefford,D:\Novels Library\Final_all_books\Nikki Jefford,5
Noree Cosper,D:\Novels Library\Final_all_books\Noree Cosper,5
Philip Pullman,D:\Novels Library\Final_all_books\Philip Pullman,5
Poppy Jacobson,D:\Novels Library\Final_all_books\Poppy Jacobson,5
Rachel Amphlett,D:\Novels Library\Final_all_books\Rachel Amphlett,5
Rachel Medhurst,D:\Novels Library\Final_all_books\Rachel Medhurst,5
Rebecca Chastain,D:\Novels Library\Final_all_books\Rebecca Chastain,5
Rebecca Royce,D:\Novels Library\Final_all_books\Rebecca Royce,5
Regine Abel,D:\Novels Library\Final_all_books\Regine Abel,5
Robert Kirkman,D:\Novels Library\Final_all_books\Robert Kirkman,5
Robert J. Walker,D:\Novels Library\Final_all_books\Robert J. Walker,5
Robin G. Austin,D:\Novels Library\Final_all_books\Robin G. Austin,5
Rosie Scott,D:\Novels Library\Final_all_books\Rosie Scott,5
Roz Denny Fox,D:\Novels Library\Final_all_books\Roz Denny Fox,5
Rula Sinara,D:\Novels Library\Final_all_books\Rula Sinara,5
S. A. Magnusson,D:\Novels Library\Final_all_books\S. A. Magnusson,5
S. Lawrence,D:\Novels Library\Final_all_books\S. Lawrence,5
S. McPherson,D:\Novels Library\Final_all_books\S. McPherson,5
Samantha Bell,D:\Novels Library\Final_all_books\Samantha Bell,5
Samantha Cayto,D:\Novels Library\Final_all_books\Samantha Cayto,5
Sara Shanning,D:\Novels Library\Final_all_books\Sara Shanning,5
Serena Meadows,D:\Novels Library\Final_all_books\Serena Meadows,5
Shana Abe,D:\Novels Library\Final_all_books\Shana Abe,5
Shalini Boland,D:\Novels Library\Final_all_books\Shalini Boland,5
Sharon C. Cooper,D:\Novels Library\Final_all_books\Sharon C. Cooper,5
Sherry Thomas,D:\Novels Library\Final_all_books\Sherry Thomas,5
Sheryl Browne,D:\Novels Library\Final_all_books\Sheryl Browne,5
Skye MacKinnon,D:\Novels Library\Final_all_books\Skye MacKinnon,5
Sophie Weston,D:\Novels Library\Final_all_books\Sophie Weston,5
Steven Kelliher,D:\Novels Library\Final_all_books\Steven Kelliher,5
Steven A. McKay,D:\Novels Library\Final_all_books\Steven A. McKay,5
Steven McKinnon,D:\Novels Library\Final_all_books\Steven McKinnon,5
Susan Fox,D:\Novels Library\Final_all_books\Susan Fox,5
Susie Kelly,D:\Novels Library\Final_all_books\Susie Kelly,5
Suzanne Arruda,D:\Novels Library\Final_all_books\Suzanne Arruda,5
T. L. Cerepaka,D:\Novels Library\Final_all_books\T. L. Cerepaka,5
Tamara Grantham,D:\Novels Library\Final_all_books\Tamara Grantham,5
Tara Randel,D:\Novels Library\Final_all_books\Tara Randel,5
Tara Taylor Quinn,D:\Novels Library\Final_all_books\Tara Taylor Quinn,5
Terry Pratchett,D:\Novels Library\Final_all_books\Terry Pratchett,5
Theresa Meyers,D:\Novels Library\Final_all_books\Theresa Meyers,5
Tina Folsom,D:\Novels Library\Final_all_books\Tina Folsom,5
Tom Kratman,D:\Novels Library\Final_all_books\Tom Kratman,5
Tori Carrington,D:\Novels Library\Final_all_books\Tori Carrington,5
Tori Phillips,D:\Novels Library\Final_all_books\Tori Phillips,5
V. M. Sang,D:\Novels Library\Final_all_books\V. M. Sang,5
Val St Crowe,D:\Novels Library\Final_all_books\Val St Crowe,5
Valia Lind,D:\Novels Library\Final_all_books\Valia Lind,5
Various,D:\Novels Library\Final_all_books\Various,5
Vickie Knestaut,D:\Novels Library\Final_all_books\Vickie Knestaut,5
Wendy Vella,D:\Novels Library\Final_all_books\Wendy Vella,5
Wo Chi Xi Hong Shi,D:\Novels Library\Final_all_books\Wo Chi Xi Hong Shi,5
A. C. Gaughen,D:\Novels Library\Final_all_books\A. C. Gaughen,4
A. L. Knorr,D:\Novels Library\Final_all_books\A. L. Knorr,4
A. K. Koonce,D:\Novels Library\Final_all_books\A. K. Koonce,4
Aaron J. Ethridge,D:\Novels Library\Final_all_books\Aaron J. Ethridge,4
"Abrahams, Tom","D:\Novels Library\Final_all_books\Abrahams, Tom",4
Addison Cain,D:\Novels Library\Final_all_books\Addison Cain,4
Adolfo Garza Jr_,D:\Novels Library\Final_all_books\Adolfo Garza Jr_,4
Adler James Stark,D:\Novels Library\Final_all_books\Adler James Stark,4
Ainsley St. Claire,D:\Novels Library\Final_all_books\Ainsley St. Claire,4
Alan Campbell,D:\Novels Library\Final_all_books\Alan Campbell,4
Alastair Reynolds,D:\Novels Library\Final_all_books\Alastair Reynolds,4
Alex Steele,D:\Novels Library\Final_all_books\Alex Steele,4
Alexandra Bracken,D:\Novels Library\Final_all_books\Alexandra Bracken,4
Alicia Montgomery,D:\Novels Library\Final_all_books\Alicia Montgomery,4
Ally Condie,D:\Novels Library\Final_all_books\Ally Condie,4
Allison Pang,D:\Novels Library\Final_all_books\Allison Pang,4
Ally Thomas,D:\Novels Library\Final_all_books\Ally Thomas,4
Amanda Cinelli,D:\Novels Library\Final_all_books\Amanda Cinelli,4
Amanda McCabe,D:\Novels Library\Final_all_books\Amanda McCabe,4
Amo Jones,D:\Novels Library\Final_all_books\Amo Jones,4
Amy Andrews,D:\Novels Library\Final_all_books\Amy Andrews,4
Amir Lane,D:\Novels Library\Final_all_books\Amir Lane,4
Amy DuBoff,D:\Novels Library\Final_all_books\Amy DuBoff,4
Amy Sparling,D:\Novels Library\Final_all_books\Amy Sparling,4
Andrew Clawson,D:\Novels Library\Final_all_books\Andrew Clawson,4
"Andrews, Ilona","D:\Novels Library\Final_all_books\Andrews, Ilona",4
Andy Briggs,D:\Novels Library\Final_all_books\Andy Briggs,4
Angelique S. Anderson,D:\Novels Library\Final_all_books\Angelique S. Anderson,4
Ann Denton,D:\Novels Library\Final_all_books\Ann Denton,4
Anthony Ryan,D:\Novels Library\Final_all_books\Anthony Ryan,4
Ariella Moon,D:\Novels Library\Final_all_books\Ariella Moon,4
Aster North,D:\Novels Library\Final_all_books\Aster North,4
Atlas Rose,D:\Novels Library\Final_all_books\Atlas Rose,4
Ava York,D:\Novels Library\Final_all_books\Ava York,4
"Baldacci, David","D:\Novels Library\Final_all_books\Baldacci, David",4
Becket,D:\Novels Library\Final_all_books\Becket,4
"Bates, Austin","D:\Novels Library\Final_all_books\Bates, Austin",4
Bella Roccaforte,D:\Novels Library\Final_all_books\Bella Roccaforte,4
Bella Falls,D:\Novels Library\Final_all_books\Bella Falls,4
Bella Mannaro,D:\Novels Library\Final_all_books\Bella Mannaro,4
Ben Swallow,D:\Novels Library\Final_all_books\Ben Swallow,4
Ben S. Dobson,D:\Novels Library\Final_all_books\Ben S. Dobson,4
Blake Banner,D:\Novels Library\Final_all_books\Blake Banner,4
BR Kingsolver,D:\Novels Library\Final_all_books\BR Kingsolver,4
Brenda Harlen,D:\Novels Library\Final_all_books\Brenda Harlen,4
Brian D. Anderson,D:\Novels Library\Final_all_books\Brian D. Anderson,4
Brian Rella,D:\Novels Library\Final_all_books\Brian Rella,4
Brian McClellan,D:\Novels Library\Final_all_books\Brian McClellan,4
Brittany Cavallaro,D:\Novels Library\Final_all_books\Brittany Cavallaro,4
Bronwyn Scott,D:\Novels Library\Final_all_books\Bronwyn Scott,4
C. J. Beaumont,D:\Novels Library\Final_all_books\C. J. Beaumont,4
C. L. Coffey,D:\Novels Library\Final_all_books\C. L. Coffey,4
C. M. Raymond,D:\Novels Library\Final_all_books\C. M. Raymond,4
C. M. Hayden,D:\Novels Library\Final_all_books\C. M. Hayden,4
C. R. Robertson,D:\Novels Library\Final_all_books\C. R. Robertson,4
Caia Daniels,D:\Novels Library\Final_all_books\Caia Daniels,4
Cameron Coral,D:\Novels Library\Final_all_books\Cameron Coral,4
Cameron Jace,D:\Novels Library\Final_all_books\Cameron Jace,4
Carina Cook,D:\Novels Library\Final_all_books\Carina Cook,4
Carly Fall,D:\Novels Library\Final_all_books\Carly Fall,4
Carol Drinkwater,D:\Novels Library\Final_all_books\Carol Drinkwater,4
Carolyne Aarsen,D:\Novels Library\Final_all_books\Carolyne Aarsen,4
Cassandra Boyson,D:\Novels Library\Final_all_books\Cassandra Boyson,4
Cassandra Gannon,D:\Novels Library\Final_all_books\Cassandra Gannon,4
"Cassidy, Carla","D:\Novels Library\Final_all_books\Cassidy, Carla",4
Cate Farren,D:\Novels Library\Final_all_books\Cate Farren,4
Cat Schield,D:\Novels Library\Final_all_books\Cat Schield,4
Cat Bruno,D:\Novels Library\Final_all_books\Cat Bruno,4
Chris Pierson,D:\Novels Library\Final_all_books\Chris Pierson,4
Chris Underwood,D:\Novels Library\Final_all_books\Chris Underwood,4
Christopher Patterson,D:\Novels Library\Final_all_books\Christopher Patterson,4
Chuck Palahniuk,D:\Novels Library\Final_all_books\Chuck Palahniuk,4
Ciara Knight,D:\Novels Library\Final_all_books\Ciara Knight,4
Claire Frank,D:\Novels Library\Final_all_books\Claire Frank,4
Clare Littlemore,D:\Novels Library\Final_all_books\Clare Littlemore,4
"Clarke, Arthur C_","D:\Novels Library\Final_all_books\Clarke, Arthur C_",4
Cora Reilly,D:\Novels Library\Final_all_books\Cora Reilly,4
Corrie ten Boom,D:\Novels Library\Final_all_books\Corrie ten Boom,4
Crystal Dawn,D:\Novels Library\Final_all_books\Crystal Dawn,4
Curtis Sittenfeld,D:\Novels Library\Final_all_books\Curtis Sittenfeld,4
D. J. Salisbury,D:\Novels Library\Final_all_books\D. J. Salisbury,4
D. L. Harrison,D:\Novels Library\Final_all_books\D. L. Harrison,4
D.B. Reynolds,D:\Novels Library\Final_all_books\D.B. Reynolds,4
Dale Ivan Smith,D:\Novels Library\Final_all_books\Dale Ivan Smith,4
Daniel Jose Older,D:\Novels Library\Final_all_books\Daniel Jose Older,4
Danielle Annett,D:\Novels Library\Final_all_books\Danielle Annett,4
Danielle L. Jensen,D:\Novels Library\Final_all_books\Danielle L. Jensen,4
Daphne Clair,D:\Novels Library\Final_all_books\Daphne Clair,4
"Darcy, Emma","D:\Novels Library\Final_all_books\Darcy, Emma",4
David Zindell,D:\Novels Library\Final_all_books\David Zindell,4
Dawn Peers,D:\Novels Library\Final_all_books\Dawn Peers,4
"Day, Vella","D:\Novels Library\Final_all_books\Day, Vella",4
Dean Floyd,D:\Novels Library\Final_all_books\Dean Floyd,4
Deborah Cooke,D:\Novels Library\Final_all_books\Deborah Cooke,4
Demitria Lunetta,D:\Novels Library\Final_all_books\Demitria Lunetta,4
Derek Shupert,D:\Novels Library\Final_all_books\Derek Shupert,4
Diana Rowland,D:\Novels Library\Final_all_books\Diana Rowland,4
Donna Augustine,D:\Novels Library\Final_all_books\Donna Augustine,4
Dominique Eastwick,D:\Novels Library\Final_all_books\Dominique Eastwick,4
"Dixon, Ruby","D:\Novels Library\Final_all_books\Dixon, Ruby",4
"Dowe, Katie","D:\Novels Library\Final_all_books\Dowe, Katie",4
Drew Sera,D:\Novels Library\Final_all_books\Drew Sera,4
E. J. King,D:\Novels Library\Final_all_books\E. J. King,4
Eden Beck,D:\Novels Library\Final_all_books\Eden Beck,4
Ed McDonald,D:\Novels Library\Final_all_books\Ed McDonald,4
Edna O'Brien,D:\Novels Library\Final_all_books\Edna O'Brien,4
Eileen Mueller,D:\Novels Library\Final_all_books\Eileen Mueller,4
Eleanor Herman,D:\Novels Library\Final_all_books\Eleanor Herman,4
Elisabeth Naughton,D:\Novels Library\Final_all_books\Elisabeth Naughton,4
Elizabeth Boyer,D:\Novels Library\Final_all_books\Elizabeth Boyer,4
Elizabeth Kelly,D:\Novels Library\Final_all_books\Elizabeth Kelly,4
Ell Leigh Clarke,D:\Novels Library\Final_all_books\Ell Leigh Clarke,4
Elle James,D:\Novels Library\Final_all_books\Elle James,4
Ellie Masters,D:\Novels Library\Final_all_books\Ellie Masters,4
Elodie Colt,D:\Novels Library\Final_all_books\Elodie Colt,4
Elliot Ackerman,D:\Novels Library\Final_all_books\Elliot Ackerman,4
Emilia Rose,D:\Novels Library\Final_all_books\Emilia Rose,4
Emma Goldrick,D:\Novels Library\Final_all_books\Emma Goldrick,4
Eric Kent Edstrom,D:\Novels Library\Final_all_books\Eric Kent Edstrom,4
Erin M. Leaf,D:\Novels Library\Final_all_books\Erin M. Leaf,4
Erzabet Bishop,D:\Novels Library\Final_all_books\Erzabet Bishop,4
Erin Summerill,D:\Novels Library\Final_all_books\Erin Summerill,4
Ernest Hemingway,D:\Novels Library\Final_all_books\Ernest Hemingway,4
Frank Mccourt,D:\Novels Library\Final_all_books\Frank Mccourt,4
Francesca Marciano,D:\Novels Library\Final_all_books\Francesca Marciano,4
Frank P. Ryan,D:\Novels Library\Final_all_books\Frank P. Ryan,4
Freida McFadden,D:\Novels Library\Final_all_books\Freida McFadden,4
"Frost, Jeaniene","D:\Novels Library\Final_all_books\Frost, Jeaniene",4
G. P. Taylor,D:\Novels Library\Final_all_books\G. P. Taylor,4
"Gaiman, Neil","D:\Novels Library\Final_all_books\Gaiman, Neil",4
Gemma James,D:\Novels Library\Final_all_books\Gemma James,4
"Gerard, Cindy","D:\Novels Library\Final_all_books\Gerard, Cindy",4
Gillian Flynn,D:\Novels Library\Final_all_books\Gillian Flynn,4
Gill Sanderson,D:\Novels Library\Final_all_books\Gill Sanderson,4
Ginna Moran,D:\Novels Library\Final_all_books\Ginna Moran,4
"Graham, Lynne","D:\Novels Library\Final_all_books\Graham, Lynne",4
"Grey, Aspen","D:\Novels Library\Final_all_books\Grey, Aspen",4
H. Jonas Rhynedahll,D:\Novels Library\Final_all_books\H. Jonas Rhynedahll,4
H. D. A. Roberts,D:\Novels Library\Final_all_books\H. D. A. Roberts,4
Hailey Turner,D:\Novels Library\Final_all_books\Hailey Turner,4
Hans Bezdek,D:\Novels Library\Final_all_books\Hans Bezdek,4
Harper St. George,D:\Novels Library\Final_all_books\Harper St. George,4
Heather Renee,D:\Novels Library\Final_all_books\Heather Renee,4
Heidi McLaughlin,D:\Novels Library\Final_all_books\Heidi McLaughlin,4
Hilary Thompson,D:\Novels Library\Final_all_books\Hilary Thompson,4
Hermione Stark,D:\Novels Library\Final_all_books\Hermione Stark,4
Holly Bell,D:\Novels Library\Final_all_books\Holly Bell,4
Holly Lisle,D:\Novels Library\Final_all_books\Holly Lisle,4
Ian Tuhovsky,D:\Novels Library\Final_all_books\Ian Tuhovsky,4
Isabel Jordan,D:\Novels Library\Final_all_books\Isabel Jordan,4
Isaac Hooke,D:\Novels Library\Final_all_books\Isaac Hooke,4
Ivy Fox,D:\Novels Library\Final_all_books\Ivy Fox,4
J. E. Taylor,D:\Novels Library\Final_all_books\J. E. Taylor,4
J. N. Colon,D:\Novels Library\Final_all_books\J. N. Colon,4
J.R. Erickson,D:\Novels Library\Final_all_books\J.R. Erickson,4
Jack Gatland,D:\Novels Library\Final_all_books\Jack Gatland,4
Jack Miles,D:\Novels Library\Final_all_books\Jack Miles,4
Jack Vance,D:\Novels Library\Final_all_books\Jack Vance,4
Jacob Peppers,D:\Novels Library\Final_all_books\Jacob Peppers,4
Jacque Stevens,D:\Novels Library\Final_all_books\Jacque Stevens,4
Jade Royal,D:\Novels Library\Final_all_books\Jade Royal,4
James Kipling,D:\Novels Library\Final_all_books\James Kipling,4
James A. Moore,D:\Novels Library\Final_all_books\James A. Moore,4
Jan Colley,D:\Novels Library\Final_all_books\Jan Colley,4
Jasper T. Scott,D:\Novels Library\Final_all_books\Jasper T. Scott,4
Jaxon Reed,D:\Novels Library\Final_all_books\Jaxon Reed,4
Jaylen Florian,D:\Novels Library\Final_all_books\Jaylen Florian,4
Jeffrey Quyle,D:\Novels Library\Final_all_books\Jeffrey Quyle,4
Jeffrey Getzin,D:\Novels Library\Final_all_books\Jeffrey Getzin,4
Jen Pretty,D:\Novels Library\Final_all_books\Jen Pretty,4
Jen Talty,D:\Novels Library\Final_all_books\Jen Talty,4
Jen Ponce,D:\Novels Library\Final_all_books\Jen Ponce,4
Jenna Elizabeth Johnson,D:\Novels Library\Final_all_books\Jenna Elizabeth Johnson,4
Jennifer Anne Davis,D:\Novels Library\Final_all_books\Jennifer Anne Davis,4
Jennifer Ealey,D:\Novels Library\Final_all_books\Jennifer Ealey,4
Jennifer Jones,D:\Novels Library\Final_all_books\Jennifer Jones,4
Jennifer Hilt,D:\Novels Library\Final_all_books\Jennifer Hilt,4
Jennifer Saint,D:\Novels Library\Final_all_books\Jennifer Saint,4
Jennifer Snyder,D:\Novels Library\Final_all_books\Jennifer Snyder,4
Jessica Gilliland,D:\Novels Library\Final_all_books\Jessica Gilliland,4
Jillian James,D:\Novels Library\Final_all_books\Jillian James,4
Joanna Blake,D:\Novels Library\Final_all_books\Joanna Blake,4
Joel Abernathy,D:\Novels Library\Final_all_books\Joel Abernathy,4
Johanna Lindsey,D:\Novels Library\Final_all_books\Johanna Lindsey,4
John P. Logsdon,D:\Novels Library\Final_all_books\John P. Logsdon,4
John Green,D:\Novels Library\Final_all_books\John Green,4
John Steinbeck,D:\Novels Library\Final_all_books\John Steinbeck,4
John Sandford,D:\Novels Library\Final_all_books\John Sandford,4
Jon Bender,D:\Novels Library\Final_all_books\Jon Bender,4
Jordanna Max Brodsky,D:\Novels Library\Final_all_books\Jordanna Max Brodsky,4
Juliana Haygert,D:\Novels Library\Final_all_books\Juliana Haygert,4
Julie James,D:\Novels Library\Final_all_books\Julie James,4
Justin Somper,D:\Novels Library\Final_all_books\Justin Somper,4
K. B. Anne,D:\Novels Library\Final_all_books\K. B. Anne,4
K. J. Charles,D:\Novels Library\Final_all_books\K. J. Charles,4
K. Patrick Donoghue,D:\Novels Library\Final_all_books\K. Patrick Donoghue,4
K.L. Grayson,D:\Novels Library\Final_all_books\K.L. Grayson,4
K.A. Linde,D:\Novels Library\Final_all_books\K.A. Linde,4
Kali Argent,D:\Novels Library\Final_all_books\Kali Argent,4
Kami Garcia,D:\Novels Library\Final_all_books\Kami Garcia,4
"Kappes, Tonya","D:\Novels Library\Final_all_books\Kappes, Tonya",4
Karen Lynch,D:\Novels Library\Final_all_books\Karen Lynch,4
Kate McMullan,D:\Novels Library\Final_all_books\Kate McMullan,4
Katerina Martinez,D:\Novels Library\Final_all_books\Katerina Martinez,4
Kathleen O'Reilly,D:\Novels Library\Final_all_books\Kathleen O'Reilly,4
Kathryne Kennedy,D:\Novels Library\Final_all_books\Kathryne Kennedy,4
Katie Cherry,D:\Novels Library\Final_all_books\Katie Cherry,4
Kayla Krantz,D:\Novels Library\Final_all_books\Kayla Krantz,4
Kelly Hall,D:\Novels Library\Final_all_books\Kelly Hall,4
Kimberly Raye,D:\Novels Library\Final_all_books\Kimberly Raye,4
Kimberly Forrest,D:\Novels Library\Final_all_books\Kimberly Forrest,4
"King, Stephen","D:\Novels Library\Final_all_books\King, Stephen",4
Klarissa King,D:\Novels Library\Final_all_books\Klarissa King,4
Kristen Proby,D:\Novels Library\Final_all_books\Kristen Proby,4
Kristi Charish,D:\Novels Library\Final_all_books\Kristi Charish,4
Kristin Hardy,D:\Novels Library\Final_all_books\Kristin Hardy,4
L. M. Krier,D:\Novels Library\Final_all_books\L. M. Krier,4
L. T. Vargus,D:\Novels Library\Final_all_books\L. T. Vargus,4
L. G. Rollins,D:\Novels Library\Final_all_books\L. G. Rollins,4
L.V. Lane,D:\Novels Library\Final_all_books\L.V. Lane,4
L.J. Shen,D:\Novels Library\Final_all_books\L.J. Shen,4
Lan Chan,D:\Novels Library\Final_all_books\Lan Chan,4
Lana Pecherczyk,D:\Novels Library\Final_all_books\Lana Pecherczyk,4
Laura Bickle,D:\Novels Library\Final_all_books\Laura Bickle,4
Laura Greenwood,D:\Novels Library\Final_all_books\Laura Greenwood,4
Laura Iding,D:\Novels Library\Final_all_books\Laura Iding,4
Laxmi Hariharan,D:\Novels Library\Final_all_books\Laxmi Hariharan,4
Leah Ashton,D:\Novels Library\Final_all_books\Leah Ashton,4
Lea Doue,D:\Novels Library\Final_all_books\Lea Doue,4
Lee Wilkinson,D:\Novels Library\Final_all_books\Lee Wilkinson,4
Lemony Snicket,D:\Novels Library\Final_all_books\Lemony Snicket,4
Lexi Ostrow,D:\Novels Library\Final_all_books\Lexi Ostrow,4
Lilly Black,D:\Novels Library\Final_all_books\Lilly Black,4
"Linde, K.A_","D:\Novels Library\Final_all_books\Linde, K.A_",4
Lissa Kasey,D:\Novels Library\Final_all_books\Lissa Kasey,4
Liv Brywood,D:\Novels Library\Final_all_books\Liv Brywood,4
Liz Meldon,D:\Novels Library\Final_all_books\Liz Meldon,4
Lizzy Prince,D:\Novels Library\Final_all_books\Lizzy Prince,4
"London, Cait","D:\Novels Library\Final_all_books\London, Cait",4
Lora Andrews,D:\Novels Library\Final_all_books\Lora Andrews,4
Lori Brighton,D:\Novels Library\Final_all_books\Lori Brighton,4
Lou Vane,D:\Novels Library\Final_all_books\Lou Vane,4
Lorraine Heath,D:\Novels Library\Final_all_books\Lorraine Heath,4
Lucian Bane,D:\Novels Library\Final_all_books\Lucian Bane,4
Lucy Gordon,D:\Novels Library\Final_all_books\Lucy Gordon,4
Luna Hunter,D:\Novels Library\Final_all_books\Luna Hunter,4
Lyndon Hardy,D:\Novels Library\Final_all_books\Lyndon Hardy,4
M. D. Stewart,D:\Novels Library\Final_all_books\M. D. Stewart,4
M. J. Haag,D:\Novels Library\Final_all_books\M. J. Haag,4
M. Sinclair,D:\Novels Library\Final_all_books\M. Sinclair,4
Mackenzie Ford,D:\Novels Library\Final_all_books\Mackenzie Ford,4
Madison Stevens,D:\Novels Library\Final_all_books\Madison Stevens,4
Maggie Akhurst,D:\Novels Library\Final_all_books\Maggie Akhurst,4
"Mafi, Tahereh","D:\Novels Library\Final_all_books\Mafi, Tahereh",4
Maggie Dallen,D:\Novels Library\Final_all_books\Maggie Dallen,4
"Mallery, Susan","D:\Novels Library\Final_all_books\Mallery, Susan",4
Margaret Atwood,D:\Novels Library\Final_all_books\Margaret Atwood,4
Marie Wilkens,D:\Novels Library\Final_all_books\Marie Wilkens,4
Marisol Logan,D:\Novels Library\Final_all_books\Marisol Logan,4
Marisa Claire,D:\Novels Library\Final_all_books\Marisa Claire,4
Mark Seal,D:\Novels Library\Final_all_books\Mark Seal,4
"Martin, George R. R_","D:\Novels Library\Final_all_books\Martin, George R. R_",4
Martin Hengst,D:\Novels Library\Final_all_books\Martin Hengst,4
Mary Ting,D:\Novels Library\Final_all_books\Mary Ting,4
"McCarthy, Cormac","D:\Novels Library\Final_all_books\McCarthy, Cormac",4
"Mead, Richelle","D:\Novels Library\Final_all_books\Mead, Richelle",4
Meg Anne,D:\Novels Library\Final_all_books\Meg Anne,4
Melania Tolan,D:\Novels Library\Final_all_books\Melania Tolan,4
Melanie Card,D:\Novels Library\Final_all_books\Melanie Card,4
Melina Marchetta,D:\Novels Library\Final_all_books\Melina Marchetta,4
Melinda Salisbury,D:\Novels Library\Final_all_books\Melinda Salisbury,4
Melissa Faye,D:\Novels Library\Final_all_books\Melissa Faye,4
Melissa Monroe,D:\Novels Library\Final_all_books\Melissa Monroe,4
Melissa McPhail,D:\Novels Library\Final_all_books\Melissa McPhail,4
Melissa Stevens,D:\Novels Library\Final_all_books\Melissa Stevens,4
Meredith Mansfield,D:\Novels Library\Final_all_books\Meredith Mansfield,4
Mia Marshall,D:\Novels Library\Final_all_books\Mia Marshall,4
Meriel Fuller,D:\Novels Library\Final_all_books\Meriel Fuller,4
Michael Clement,D:\Novels Library\Final_all_books\Michael Clement,4
Michael Northrop,D:\Novels Library\Final_all_books\Michael Northrop,4
Mina Khan,D:\Novels Library\Final_all_books\Mina Khan,4
Mina Thorne,D:\Novels Library\Final_all_books\Mina Thorne,4
Miranda Jarrett,D:\Novels Library\Final_all_books\Miranda Jarrett,4
Mixi J. Applebottom,D:\Novels Library\Final_all_books\Mixi J. Applebottom,4
N. J. Tanger,D:\Novels Library\Final_all_books\N. J. Tanger,4
Natalie C. Parker,D:\Novels Library\Final_all_books\Natalie C. Parker,4
Neal Shusterman,D:\Novels Library\Final_all_books\Neal Shusterman,4
Nic Saint,D:\Novels Library\Final_all_books\Nic Saint,4
Nicholas Sansbury Smith,D:\Novels Library\Final_all_books\Nicholas Sansbury Smith,4
Nicole Fiorina,D:\Novels Library\Final_all_books\Nicole Fiorina,4
Noella Royce,D:\Novels Library\Final_all_books\Noella Royce,4
Nova Archer,D:\Novels Library\Final_all_books\Nova Archer,4
O. R. Melling,D:\Novels Library\Final_all_books\O. R. Melling,4
P.T. Hylton,D:\Novels Library\Final_all_books\P.T. Hylton,4
Parker de Vesci,D:\Novels Library\Final_all_books\Parker de Vesci,4
Patrick W. Carr,D:\Novels Library\Final_all_books\Patrick W. Carr,4
Paula Black,D:\Novels Library\Final_all_books\Paula Black,4
Peter Watts,D:\Novels Library\Final_all_books\Peter Watts,4
Philip K. Dick,D:\Novels Library\Final_all_books\Philip K. Dick,4
"pope, christine","D:\Novels Library\Final_all_books\pope, christine",4
R. A. Steffan Narrated Bygwendolyn,D:\Novels Library\Final_all_books\R. A. Steffan Narrated Bygwendolyn,4
R. D. Bernstein,D:\Novels Library\Final_all_books\R. D. Bernstein,4
R. F. Kuang,D:\Novels Library\Final_all_books\R. F. Kuang,4
R. L. Mathewson,D:\Novels Library\Final_all_books\R. L. Mathewson,4
R.L. Mathewson,D:\Novels Library\Final_all_books\R.L. Mathewson,4
r.h. Sin,D:\Novels Library\Final_all_books\r.h. Sin,4
Rachel Aaron,D:\Novels Library\Final_all_books\Rachel Aaron,4
Raleigh Davis,D:\Novels Library\Final_all_books\Raleigh Davis,4
Rainbow Rowell,D:\Novels Library\Final_all_books\Rainbow Rowell,4
Raquel Lyon,D:\Novels Library\Final_all_books\Raquel Lyon,4
Randy Wayne White,D:\Novels Library\Final_all_books\Randy Wayne White,4
Ransom Riggs,D:\Novels Library\Final_all_books\Ransom Riggs,4
Rebecca James,D:\Novels Library\Final_all_books\Rebecca James,4
Rebecca Regnier,D:\Novels Library\Final_all_books\Rebecca Regnier,4
Rebecca Winters,D:\Novels Library\Final_all_books\Rebecca Winters,4
Rex Baron,D:\Novels Library\Final_all_books\Rex Baron,4
Richard Amos,D:\Novels Library\Final_all_books\Richard Amos,4
Richards Charlie,D:\Novels Library\Final_all_books\Richards Charlie,4
Riley Sager,D:\Novels Library\Final_all_books\Riley Sager,4
Riley S. Keene,D:\Novels Library\Final_all_books\Riley S. Keene,4
Richard Fierce,D:\Novels Library\Final_all_books\Richard Fierce,4
Rob Jones,D:\Novels Library\Final_all_books\Rob Jones,4
Robert Joseph Greene,D:\Novels Library\Final_all_books\Robert Joseph Greene,4
Robin D. Mahle,D:\Novels Library\Final_all_books\Robin D. Mahle,4
Robyn Neeley,D:\Novels Library\Final_all_books\Robyn Neeley,4
"Rose, Renee","D:\Novels Library\Final_all_books\Rose, Renee",4
Roxie Rivera,D:\Novels Library\Final_all_books\Roxie Rivera,4
Ryshia Kennie,D:\Novels Library\Final_all_books\Ryshia Kennie,4
S. L. Harpel,D:\Novels Library\Final_all_books\S. L. Harpel,4
S. Usher Evans,D:\Novels Library\Final_all_books\S. Usher Evans,4
Sabaa Tahir,D:\Novels Library\Final_all_books\Sabaa Tahir,4
Sabrina Flynn,D:\Novels Library\Final_all_books\Sabrina Flynn,4
S.T. Bende,D:\Novels Library\Final_all_books\S.T. Bende,4
Sam Sykes,D:\Novels Library\Final_all_books\Sam Sykes,4
Samaire Provost,D:\Novels Library\Final_all_books\Samaire Provost,4
"Sanderson, Brandon","D:\Novels Library\Final_all_books\Sanderson, Brandon",4
Sarah Bale,D:\Novels Library\Final_all_books\Sarah Bale,4
Sarah Beth Durst,D:\Novels Library\Final_all_books\Sarah Beth Durst,4
Sarah E. Burr,D:\Novels Library\Final_all_books\Sarah E. Burr,4
Sarah Fine,D:\Novels Library\Final_all_books\Sarah Fine,4
Sarina Dorie,D:\Novels Library\Final_all_books\Sarina Dorie,4
"Schulze, Dallas","D:\Novels Library\Final_all_books\Schulze, Dallas",4
Sean Fletcher,D:\Novels Library\Final_all_books\Sean Fletcher,4
Sean Hinn,D:\Novels Library\Final_all_books\Sean Hinn,4
Sever Bronny,D:\Novels Library\Final_all_books\Sever Bronny,4
Sharon Hinck,D:\Novels Library\Final_all_books\Sharon Hinck,4
Shawn Inmon,D:\Novels Library\Final_all_books\Shawn Inmon,4
Shawn Robert Smith,D:\Novels Library\Final_all_books\Shawn Robert Smith,4
Sheila Connolly,D:\Novels Library\Final_all_books\Sheila Connolly,4
Sherelle Green,D:\Novels Library\Final_all_books\Sherelle Green,4
Sherri Mitchell,D:\Novels Library\Final_all_books\Sherri Mitchell,4
Sheridan Anne,D:\Novels Library\Final_all_books\Sheridan Anne,4
Sienna Mynx,D:\Novels Library\Final_all_books\Sienna Mynx,4
Sheryl Steines,D:\Novels Library\Final_all_books\Sheryl Steines,4
Simone Lari,D:\Novels Library\Final_all_books\Simone Lari,4
"Snicket, Lemony","D:\Novels Library\Final_all_books\Snicket, Lemony",4
Sophia Stafford,D:\Novels Library\Final_all_books\Sophia Stafford,4
"Sparks, Nicholas","D:\Novels Library\Final_all_books\Sparks, Nicholas",4
Stacey O'Neale,D:\Novels Library\Final_all_books\Stacey O'Neale,4
Stacy Claflin,D:\Novels Library\Final_all_books\Stacy Claflin,4
Stephanie Brother,D:\Novels Library\Final_all_books\Stephanie Brother,4
Steve Cavanagh,D:\Novels Library\Final_all_books\Steve Cavanagh,4
Stephenie Meyer,D:\Novels Library\Final_all_books\Stephenie Meyer,4
Steve McHugh,D:\Novels Library\Final_all_books\Steve McHugh,4
"Striker, Randy","D:\Novels Library\Final_all_books\Striker, Randy",4
Stuart Meczes,D:\Novels Library\Final_all_books\Stuart Meczes,4
Sue Duff,D:\Novels Library\Final_all_books\Sue Duff,4
Susan D. Kalior,D:\Novels Library\Final_all_books\Susan D. Kalior,4
Susan Dennard,D:\Novels Library\Final_all_books\Susan Dennard,4
Susan Faw,D:\Novels Library\Final_all_books\Susan Faw,4
Susan Stec,D:\Novels Library\Final_all_books\Susan Stec,4
T. F. Walsh,D:\Novels Library\Final_all_books\T. F. Walsh,4
T. J. Quinn,D:\Novels Library\Final_all_books\T. J. Quinn,4
Tabitha Scott,D:\Novels Library\Final_all_books\Tabitha Scott,4
Talina Perkins,D:\Novels Library\Final_all_books\Talina Perkins,4
Tameri Etherton,D:\Novels Library\Final_all_books\Tameri Etherton,4
Taylor Lee,D:\Novels Library\Final_all_books\Taylor Lee,4
Ted Tayler,D:\Novels Library\Final_all_books\Ted Tayler,4
Ted Neill,D:\Novels Library\Final_all_books\Ted Neill,4
Temple Grandin,D:\Novels Library\Final_all_books\Temple Grandin,4
Terra Kelly,D:\Novels Library\Final_all_books\Terra Kelly,4
Tessa Cole,D:\Novels Library\Final_all_books\Tessa Cole,4
Terry Marchion,D:\Novels Library\Final_all_books\Terry Marchion,4
Thomas Rouxville,D:\Novels Library\Final_all_books\Thomas Rouxville,4
Tina Gower,D:\Novels Library\Final_all_books\Tina Gower,4
Tima Maria Lacoba,D:\Novels Library\Final_all_books\Tima Maria Lacoba,4
Tim Niederriter,D:\Novels Library\Final_all_books\Tim Niederriter,4
Travis Simmons,D:\Novels Library\Final_all_books\Travis Simmons,4
Travis Luedke,D:\Novels Library\Final_all_books\Travis Luedke,4
Tori Centanni,D:\Novels Library\Final_all_books\Tori Centanni,4
Trevor Baxendale,D:\Novels Library\Final_all_books\Trevor Baxendale,4
User,D:\Novels Library\Final_all_books\User,4
Victoria Danann,D:\Novels Library\Final_all_books\Victoria Danann,4
Virginia Morell,D:\Novels Library\Final_all_books\Virginia Morell,4
Virginia Woolf,D:\Novels Library\Final_all_books\Virginia Woolf,4
Virginia Boecker,D:\Novels Library\Final_all_books\Virginia Boecker,4
Vitaltext Publications,D:\Novels Library\Final_all_books\Vitaltext Publications,4
Walter Isaacson,D:\Novels Library\Final_all_books\Walter Isaacson,4
Watson Davis,D:\Novels Library\Final_all_books\Watson Davis,4
Wes Markin,D:\Novels Library\Final_all_books\Wes Markin,4
Willa Hart,D:\Novels Library\Final_all_books\Willa Hart,4
Willie E. Dalton,D:\Novels Library\Final_all_books\Willie E. Dalton,4
Whit McClendon,D:\Novels Library\Final_all_books\Whit McClendon,4
Yvonne Whittal,D:\Novels Library\Final_all_books\Yvonne Whittal,4
Zoe Parker,D:\Novels Library\Final_all_books\Zoe Parker,4
A. J. Downey,D:\Novels Library\Final_all_books\A. J. Downey,3
A. American,D:\Novels Library\Final_all_books\A. American,3
A. J. Macey,D:\Novels Library\Final_all_books\A. J. Macey,3
A. Giacomi,D:\Novels Library\Final_all_books\A. Giacomi,3
A. J. Martinez,D:\Novels Library\Final_all_books\A. J. Martinez,3
A. M. Hughes,D:\Novels Library\Final_all_books\A. M. Hughes,3
A. K. Michaels,D:\Novels Library\Final_all_books\A. K. Michaels,3
A. J. Ponder,D:\Novels Library\Final_all_books\A. J. Ponder,3
A. R. Shaw,D:\Novels Library\Final_all_books\A. R. Shaw,3
A. K. Thorne,D:\Novels Library\Final_all_books\A. K. Thorne,3
Abigail Grant,D:\Novels Library\Final_all_books\Abigail Grant,3
Abby James,D:\Novels Library\Final_all_books\Abby James,3
"Adams, Alisa","D:\Novels Library\Final_all_books\Adams, Alisa",3
Adelaide Walsh,D:\Novels Library\Final_all_books\Adelaide Walsh,3
Agatha Christie,D:\Novels Library\Final_all_books\Agatha Christie,3
Aimee Carson,D:\Novels Library\Final_all_books\Aimee Carson,3
Aimee Brissay,D:\Novels Library\Final_all_books\Aimee Brissay,3
Alessa Ellefson,D:\Novels Library\Final_all_books\Alessa Ellefson,3
Aleese Hughes,D:\Novels Library\Final_all_books\Aleese Hughes,3
Alex Gedgaudas,D:\Novels Library\Final_all_books\Alex Gedgaudas,3
Alec Hutson,D:\Novels Library\Final_all_books\Alec Hutson,3
Alex Irvine,D:\Novels Library\Final_all_books\Alex Irvine,3
Alex Rivers,D:\Novels Library\Final_all_books\Alex Rivers,3
Alexa Riley,D:\Novels Library\Final_all_books\Alexa Riley,3
Alexandre Dumas,D:\Novels Library\Final_all_books\Alexandre Dumas,3
Alexis Davie,D:\Novels Library\Final_all_books\Alexis Davie,3
Ali Parker,D:\Novels Library\Final_all_books\Ali Parker,3
Alisha Rai,D:\Novels Library\Final_all_books\Alisha Rai,3
Alison Henderson,D:\Novels Library\Final_all_books\Alison Henderson,3
Allison Norfolk,D:\Novels Library\Final_all_books\Allison Norfolk,3
Allie Pleiter,D:\Novels Library\Final_all_books\Allie Pleiter,3
Alyson Chase,D:\Novels Library\Final_all_books\Alyson Chase,3
Alys Arden,D:\Novels Library\Final_all_books\Alys Arden,3
Amanda Bouchet,D:\Novels Library\Final_all_books\Amanda Bouchet,3
Amanda Carol,D:\Novels Library\Final_all_books\Amanda Carol,3
Amanda Lynn,D:\Novels Library\Final_all_books\Amanda Lynn,3
Amelia Faulkner,D:\Novels Library\Final_all_books\Amelia Faulkner,3
Amelia Autin,D:\Novels Library\Final_all_books\Amelia Autin,3
Amor Towles,D:\Novels Library\Final_all_books\Amor Towles,3
Amy S. Foster,D:\Novels Library\Final_all_books\Amy S. Foster,3
Analeigh Ford,D:\Novels Library\Final_all_books\Analeigh Ford,3
Andie Brock,D:\Novels Library\Final_all_books\Andie Brock,3
Andrew Einspruch,D:\Novels Library\Final_all_books\Andrew Einspruch,3
Andrew J. Offutt,D:\Novels Library\Final_all_books\Andrew J. Offutt,3
Andy Maslen,D:\Novels Library\Final_all_books\Andy Maslen,3
Angel James,D:\Novels Library\Final_all_books\Angel James,3
Angela Pepper,D:\Novels Library\Final_all_books\Angela Pepper,3
Angela Sanders,D:\Novels Library\Final_all_books\Angela Sanders,3
Angelique Anderson,D:\Novels Library\Final_all_books\Angelique Anderson,3
Anna Argent,D:\Novels Library\Final_all_books\Anna Argent,3
Anna Cleary,D:\Novels Library\Final_all_books\Anna Cleary,3
Annalise Alexis,D:\Novels Library\Final_all_books\Annalise Alexis,3
Anna Smith Spark,D:\Novels Library\Final_all_books\Anna Smith Spark,3
Anna Heskin,D:\Novels Library\Final_all_books\Anna Heskin,3
Anne Renwick,D:\Novels Library\Final_all_books\Anne Renwick,3
Anonymous,D:\Novels Library\Final_all_books\Anonymous,3
Anthony Milhorn,D:\Novels Library\Final_all_books\Anthony Milhorn,3
April Canavan,D:\Novels Library\Final_all_books\April Canavan,3
April Genevieve Tucholke,D:\Novels Library\Final_all_books\April Genevieve Tucholke,3
April Hollingworth,D:\Novels Library\Final_all_books\April Hollingworth,3
Ari McKay,D:\Novels Library\Final_all_books\Ari McKay,3
"Aratare, X_","D:\Novels Library\Final_all_books\Aratare, X_",3
"Arthur, Keri","D:\Novels Library\Final_all_books\Arthur, Keri",3
Ashley Jade,D:\Novels Library\Final_all_books\Ashley Jade,3
Ashley Beasley,D:\Novels Library\Final_all_books\Ashley Beasley,3
Atlanta Bushnell,D:\Novels Library\Final_all_books\Atlanta Bushnell,3
Audrey Faye,D:\Novels Library\Final_all_books\Audrey Faye,3
Ava Kyle,D:\Novels Library\Final_all_books\Ava Kyle,3
B.J. Daniels,D:\Novels Library\Final_all_books\B.J. Daniels,3
"Baker, Katy","D:\Novels Library\Final_all_books\Baker, Katy",3
Barack Obama,D:\Novels Library\Final_all_books\Barack Obama,3
Barb Shuler,D:\Novels Library\Final_all_books\Barb Shuler,3
Barbara Keating,D:\Novels Library\Final_all_books\Barbara Keating,3
Barbara Hartzler,D:\Novels Library\Final_all_books\Barbara Hartzler,3
Bea Paige,D:\Novels Library\Final_all_books\Bea Paige,3
Beca Lewis,D:\Novels Library\Final_all_books\Beca Lewis,3
Belle Malory,D:\Novels Library\Final_all_books\Belle Malory,3
Belle Harper,D:\Novels Library\Final_all_books\Belle Harper,3
Ben Alderson,D:\Novels Library\Final_all_books\Ben Alderson,3
Beth Cato,D:\Novels Library\Final_all_books\Beth Cato,3
Bethany-Kris,D:\Novels Library\Final_all_books\Bethany-Kris,3
"Bevis, Kaitlin","D:\Novels Library\Final_all_books\Bevis, Kaitlin",3
Beverley Lee,D:\Novels Library\Final_all_books\Beverley Lee,3
Bill Thompson,D:\Novels Library\Final_all_books\Bill Thompson,3
"Blackmore, Keith C_","D:\Novels Library\Final_all_books\Blackmore, Keith C_",3
Binyavanga Wainaina,D:\Novels Library\Final_all_books\Binyavanga Wainaina,3
Blair Howard,D:\Novels Library\Final_all_books\Blair Howard,3
Blake Blessing,D:\Novels Library\Final_all_books\Blake Blessing,3
Blake Charlton,D:\Novels Library\Final_all_books\Blake Charlton,3
Boone Brux,D:\Novels Library\Final_all_books\Boone Brux,3
"Bowden, Mark","D:\Novels Library\Final_all_books\Bowden, Mark",3
"Bradford, Chris","D:\Novels Library\Final_all_books\Bradford, Chris",3
Brandy Slaven,D:\Novels Library\Final_all_books\Brandy Slaven,3
Bree Porter,D:\Novels Library\Final_all_books\Bree Porter,3
Brittainy Cherry,D:\Novels Library\Final_all_books\Brittainy Cherry,3
Brynn Paulin,D:\Novels Library\Final_all_books\Brynn Paulin,3
C. A. McHugh,D:\Novels Library\Final_all_books\C. A. McHugh,3
C. D. Gorri,D:\Novels Library\Final_all_books\C. D. Gorri,3
C. C. Solomon,D:\Novels Library\Final_all_books\C. C. Solomon,3
C. E. Laureano,D:\Novels Library\Final_all_books\C. E. Laureano,3
C. J. Abedi,D:\Novels Library\Final_all_books\C. J. Abedi,3
C. I. Black,D:\Novels Library\Final_all_books\C. I. Black,3
C. K. Page,D:\Novels Library\Final_all_books\C. K. Page,3
C. L. Stone,D:\Novels Library\Final_all_books\C. L. Stone,3
C. J. Daugherty,D:\Novels Library\Final_all_books\C. J. Daugherty,3
C. M. Cevis,D:\Novels Library\Final_all_books\C. M. Cevis,3
C. J. Hill,D:\Novels Library\Final_all_books\C. J. Hill,3
C. T. Adams,D:\Novels Library\Final_all_books\C. T. Adams,3
"C., Priyanka","D:\Novels Library\Final_all_books\C., Priyanka",3
C.M. Owens,D:\Novels Library\Final_all_books\C.M. Owens,3
C.N. Crawford,D:\Novels Library\Final_all_books\C.N. Crawford,3
Caitlin Brennan,D:\Novels Library\Final_all_books\Caitlin Brennan,3
Calinda B_,D:\Novels Library\Final_all_books\Calinda B_,3
Candle Sutton,D:\Novels Library\Final_all_books\Candle Sutton,3
Candy J Starr,D:\Novels Library\Final_all_books\Candy J Starr,3
"Carlson, Amanda","D:\Novels Library\Final_all_books\Carlson, Amanda",3
Carly Jordynn,D:\Novels Library\Final_all_books\Carly Jordynn,3
Carol Van Natta,D:\Novels Library\Final_all_books\Carol Van Natta,3
"Carpenter, Kel","D:\Novels Library\Final_all_books\Carpenter, Kel",3
Carolyn Ridder Aspenson,D:\Novels Library\Final_all_books\Carolyn Ridder Aspenson,3
Carrie Ann Ryan,D:\Novels Library\Final_all_books\Carrie Ann Ryan,3
Casey L. Bond,D:\Novels Library\Final_all_books\Casey L. Bond,3
Carrie Patel,D:\Novels Library\Final_all_books\Carrie Patel,3
Cassandra Finnerty,D:\Novels Library\Final_all_books\Cassandra Finnerty,3
Cassia Meare,D:\Novels Library\Final_all_books\Cassia Meare,3
Cate Martin,D:\Novels Library\Final_all_books\Cate Martin,3
Cate Tiernan,D:\Novels Library\Final_all_books\Cate Tiernan,3
Catherine Cerveny,D:\Novels Library\Final_all_books\Catherine Cerveny,3
Catherine Asaro,D:\Novels Library\Final_all_books\Catherine Asaro,3
Catherine Egan,D:\Novels Library\Final_all_books\Catherine Egan,3
Cecilia Dominic,D:\Novels Library\Final_all_books\Cecilia Dominic,3
Cecilia Dart-Thornton,D:\Novels Library\Final_all_books\Cecilia Dart-Thornton,3
Charles Frazier,D:\Novels Library\Final_all_books\Charles Frazier,3
Charissa Dufour,D:\Novels Library\Final_all_books\Charissa Dufour,3
Charles Soule,D:\Novels Library\Final_all_books\Charles Soule,3
Charmaine Pauls,D:\Novels Library\Final_all_books\Charmaine Pauls,3
Cherise Sinclair,D:\Novels Library\Final_all_books\Cherise Sinclair,3
Cheyenne Mccray,D:\Novels Library\Final_all_books\Cheyenne Mccray,3
Chris Fornwalt,D:\Novels Library\Final_all_books\Chris Fornwalt,3
Christa Wolf,D:\Novels Library\Final_all_books\Christa Wolf,3
Chrissie Buhr,D:\Novels Library\Final_all_books\Chrissie Buhr,3
Christina Dodd,D:\Novels Library\Final_all_books\Christina Dodd,3
Christina Escue,D:\Novels Library\Final_all_books\Christina Escue,3
Christian Warren Freed,D:\Novels Library\Final_all_books\Christian Warren Freed,3
Ciara Graves,D:\Novels Library\Final_all_books\Ciara Graves,3
Chrysoula Tzavelas,D:\Novels Library\Final_all_books\Chrysoula Tzavelas,3
Claire Kent,D:\Novels Library\Final_all_books\Claire Kent,3
Clara Coulson,D:\Novels Library\Final_all_books\Clara Coulson,3
"Clarkson, Jeremy","D:\Novels Library\Final_all_books\Clarkson, Jeremy",3
Clare Smith,D:\Novels Library\Final_all_books\Clare Smith,3
Claudia Gray,D:\Novels Library\Final_all_books\Claudia Gray,3
Cleo Fox,D:\Novels Library\Final_all_books\Cleo Fox,3
Clea Simon,D:\Novels Library\Final_all_books\Clea Simon,3
Clive Cussler,D:\Novels Library\Final_all_books\Clive Cussler,3
Cole Pain,D:\Novels Library\Final_all_books\Cole Pain,3
Cliff McNish,D:\Novels Library\Final_all_books\Cliff McNish,3
Colton Lively,D:\Novels Library\Final_all_books\Colton Lively,3
Conner Kressley,D:\Novels Library\Final_all_books\Conner Kressley,3
Cory Reynolds,D:\Novels Library\Final_all_books\Cory Reynolds,3
"Corey, James S. A_","D:\Novels Library\Final_all_books\Corey, James S. A_",3
Courtney Schafer,D:\Novels Library\Final_all_books\Courtney Schafer,3
Courtney Privett,D:\Novels Library\Final_all_books\Courtney Privett,3
Crista Crown,D:\Novels Library\Final_all_books\Crista Crown,3
"Croft, Nina","D:\Novels Library\Final_all_books\Croft, Nina",3
Craig Schaefer,D:\Novels Library\Final_all_books\Craig Schaefer,3
D K Holmberg,D:\Novels Library\Final_all_books\D K Holmberg,3
D. J. DuMont,D:\Novels Library\Final_all_books\D. J. DuMont,3
D. Fischer,D:\Novels Library\Final_all_books\D. Fischer,3
D. L. Blade,D:\Novels Library\Final_all_books\D. L. Blade,3
Dan Petrosini,D:\Novels Library\Final_all_books\Dan Petrosini,3
Dana Fredsti,D:\Novels Library\Final_all_books\Dana Fredsti,3
Dani Hoots,D:\Novels Library\Final_all_books\Dani Hoots,3
Dani Matthews,D:\Novels Library\Final_all_books\Dani Matthews,3
Daniel Mignault,D:\Novels Library\Final_all_books\Daniel Mignault,3
Daniel Kuhnley,D:\Novels Library\Final_all_books\Daniel Kuhnley,3
Daniel Young,D:\Novels Library\Final_all_books\Daniel Young,3
Daniel Peyton,D:\Novels Library\Final_all_books\Daniel Peyton,3
Danielle Rose,D:\Novels Library\Final_all_books\Danielle Rose,3
Danielle Lori,D:\Novels Library\Final_all_books\Danielle Lori,3
Dara Girard,D:\Novels Library\Final_all_books\Dara Girard,3
Dave Morris,D:\Novels Library\Final_all_books\Dave Morris,3
Dave Skinner,D:\Novels Library\Final_all_books\Dave Skinner,3
David Estes,D:\Novels Library\Final_all_books\David Estes,3
David Forbes,D:\Novels Library\Final_all_books\David Forbes,3
David McCullough,D:\Novels Library\Final_all_books\David McCullough,3
David Lagercrantz,D:\Novels Library\Final_all_books\David Lagercrantz,3
Dawn Brookes,D:\Novels Library\Final_all_books\Dawn Brookes,3
"Davis, Kaitlyn","D:\Novels Library\Final_all_books\Davis, Kaitlyn",3
Debra Burroughs,D:\Novels Library\Final_all_books\Debra Burroughs,3
Dee Davis,D:\Novels Library\Final_all_books\Dee Davis,3
Delta James,D:\Novels Library\Final_all_books\Delta James,3
Delia Castel,D:\Novels Library\Final_all_books\Delia Castel,3
Denise Rossetti,D:\Novels Library\Final_all_books\Denise Rossetti,3
Desmond Doane,D:\Novels Library\Final_all_books\Desmond Doane,3
Diana,D:\Novels Library\Final_all_books\Diana,3
Devin Hanson,D:\Novels Library\Final_all_books\Devin Hanson,3
"DICKENS, CHARLES","D:\Novels Library\Final_all_books\DICKENS, CHARLES",3
Dionne Lister,D:\Novels Library\Final_all_books\Dionne Lister,3
Dominique Mondesir,D:\Novels Library\Final_all_books\Dominique Mondesir,3
Dom Testa,D:\Novels Library\Final_all_books\Dom Testa,3
Douglas Niles,D:\Novels Library\Final_all_books\Douglas Niles,3
Douglas Preston,D:\Novels Library\Final_all_books\Douglas Preston,3
Dr. Rebecca Sharp,D:\Novels Library\Final_all_books\Dr. Rebecca Sharp,3
Drew Hayes,D:\Novels Library\Final_all_books\Drew Hayes,3
Dyan Chick,D:\Novels Library\Final_all_books\Dyan Chick,3
"Durrani, Maryam","D:\Novels Library\Final_all_books\Durrani, Maryam",3
Duncan M. Hamilton,D:\Novels Library\Final_all_books\Duncan M. Hamilton,3
E. M. Jaye,D:\Novels Library\Final_all_books\E. M. Jaye,3
Ee Isherwood,D:\Novels Library\Final_all_books\Ee Isherwood,3
Elisabeth J. Hobbes,D:\Novels Library\Final_all_books\Elisabeth J. Hobbes,3
Eldon Thompson,D:\Novels Library\Final_all_books\Eldon Thompson,3
Elise Faber,D:\Novels Library\Final_all_books\Elise Faber,3
Eliza Grace,D:\Novels Library\Final_all_books\Eliza Grace,3
Elizabeth Hunter,D:\Novels Library\Final_all_books\Elizabeth Hunter,3
Elizabeth Oldfield,D:\Novels Library\Final_all_books\Elizabeth Oldfield,3
Elizabeth Stephens,D:\Novels Library\Final_all_books\Elizabeth Stephens,3
Ella J. Smyth,D:\Novels Library\Final_all_books\Ella J. Smyth,3
Elle Middaugh,D:\Novels Library\Final_all_books\Elle Middaugh,3
Ella Summers,D:\Novels Library\Final_all_books\Ella Summers,3
"Elliott, Kate","D:\Novels Library\Final_all_books\Elliott, Kate",3
Emily Hauser,D:\Novels Library\Final_all_books\Emily Hauser,3
Emily Larkin,D:\Novels Library\Final_all_books\Emily Larkin,3
Emily Mayer,D:\Novels Library\Final_all_books\Emily Mayer,3
Emily Organ,D:\Novels Library\Final_all_books\Emily Organ,3
Emily Rodda,D:\Novels Library\Final_all_books\Emily Rodda,3
Emily Oscar,D:\Novels Library\Final_all_books\Emily Oscar,3
Emma Glass,D:\Novels Library\Final_all_books\Emma Glass,3
Emma Night,D:\Novels Library\Final_all_books\Emma Night,3
Eola Eden,D:\Novels Library\Final_all_books\Eola Eden,3
Eric Warren,D:\Novels Library\Final_all_books\Eric Warren,3
Erica Kirov,D:\Novels Library\Final_all_books\Erica Kirov,3
"Erikson, Steven","D:\Novels Library\Final_all_books\Erikson, Steven",3
Erik Henry Vick,D:\Novels Library\Final_all_books\Erik Henry Vick,3
Erin Cain,D:\Novels Library\Final_all_books\Erin Cain,3
Estelle Maskame,D:\Novels Library\Final_all_books\Estelle Maskame,3
Eva Pohler,D:\Novels Library\Final_all_books\Eva Pohler,3
F. P. Adriani,D:\Novels Library\Final_all_books\F. P. Adriani,3
Fiona Lowe,D:\Novels Library\Final_all_books\Fiona Lowe,3
Flora Kidd,D:\Novels Library\Final_all_books\Flora Kidd,3
Fiona McIntosh,D:\Novels Library\Final_all_books\Fiona McIntosh,3
Franca Storm,D:\Novels Library\Final_all_books\Franca Storm,3
Frankie Love,D:\Novels Library\Final_all_books\Frankie Love,3
Freya Pickard,D:\Novels Library\Final_all_books\Freya Pickard,3
G. K. DeRosa,D:\Novels Library\Final_all_books\G. K. DeRosa,3
G. K. Lund,D:\Novels Library\Final_all_books\G. K. Lund,3
Gabrielle G_,D:\Novels Library\Final_all_books\Gabrielle G_,3
Gaja J. Kos,D:\Novels Library\Final_all_books\Gaja J. Kos,3
Gareth Hanrahan,D:\Novels Library\Final_all_books\Gareth Hanrahan,3
George Orwell,D:\Novels Library\Final_all_books\George Orwell,3
Gillian Bronte Adams,D:\Novels Library\Final_all_books\Gillian Bronte Adams,3
Glennon Doyle,D:\Novels Library\Final_all_books\Glennon Doyle,3
Glennon Doyle Melton,D:\Novels Library\Final_all_books\Glennon Doyle Melton,3
Golden Angel,D:\Novels Library\Final_all_books\Golden Angel,3
Glynn James,D:\Novels Library\Final_all_books\Glynn James,3
"Graham, Heather","D:\Novels Library\Final_all_books\Graham, Heather",3
"Greene, Jennifer","D:\Novels Library\Final_all_books\Greene, Jennifer",3
"Grey, T. A_","D:\Novels Library\Final_all_books\Grey, T. A_",3
H G Wells,D:\Novels Library\Final_all_books\H G Wells,3
H. P. Bayne,D:\Novels Library\Final_all_books\H. P. Bayne,3
Hal Emerson,D:\Novels Library\Final_all_books\Hal Emerson,3
Hailey Griffiths,D:\Novels Library\Final_all_books\Hailey Griffiths,3
Hannah Ford,D:\Novels Library\Final_all_books\Hannah Ford,3
Hailey Lind,D:\Novels Library\Final_all_books\Hailey Lind,3
Harry Nix,D:\Novels Library\Final_all_books\Harry Nix,3
"Hart, Emma","D:\Novels Library\Final_all_books\Hart, Emma",3
Harry James Fox,D:\Novels Library\Final_all_books\Harry James Fox,3
Haruki Murakami,D:\Novels Library\Final_all_books\Haruki Murakami,3
Heather Fawcett,D:\Novels Library\Final_all_books\Heather Fawcett,3
Heather Lee Dyer,D:\Novels Library\Final_all_books\Heather Lee Dyer,3
Helen Brenna,D:\Novels Library\Final_all_books\Helen Brenna,3
Helen Hollick,D:\Novels Library\Final_all_books\Helen Hollick,3
Helene Gadot,D:\Novels Library\Final_all_books\Helene Gadot,3
Herman Steuernagel,D:\Novels Library\Final_all_books\Herman Steuernagel,3
Holly Renee,D:\Novels Library\Final_all_books\Holly Renee,3
"Holub, Joan","D:\Novels Library\Final_all_books\Holub, Joan",3
Ian Irvine,D:\Novels Library\Final_all_books\Ian Irvine,3
Iman Verjee,D:\Novels Library\Final_all_books\Iman Verjee,3
Isabel Sharpe,D:\Novels Library\Final_all_books\Isabel Sharpe,3
Ivy Asher,D:\Novels Library\Final_all_books\Ivy Asher,3
Ivy Layne,D:\Novels Library\Final_all_books\Ivy Layne,3
Ivy Black,D:\Novels Library\Final_all_books\Ivy Black,3
J D Robb,D:\Novels Library\Final_all_books\J D Robb,3
J S Scott,D:\Novels Library\Final_all_books\J S Scott,3
J. B. Simmons,D:\Novels Library\Final_all_books\J. B. Simmons,3
J. C. Gilbert,D:\Novels Library\Final_all_books\J. C. Gilbert,3
J. B. Cantwell,D:\Novels Library\Final_all_books\J. B. Cantwell,3
J. C. Nelson,D:\Novels Library\Final_all_books\J. C. Nelson,3
J. L. Collins,D:\Novels Library\Final_all_books\J. L. Collins,3
J. M. Buckler,D:\Novels Library\Final_all_books\J. M. Buckler,3
J. P. Nelson,D:\Novels Library\Final_all_books\J. P. Nelson,3
J. Eric Booker,D:\Novels Library\Final_all_books\J. Eric Booker,3
J. P. Rice,D:\Novels Library\Final_all_books\J. P. Rice,3
J. T. Williams,D:\Novels Library\Final_all_books\J. T. Williams,3
J.D. Oppenheim,D:\Novels Library\Final_all_books\J.D. Oppenheim,3
Jaci Wheeler,D:\Novels Library\Final_all_books\Jaci Wheeler,3
JA Huss,D:\Novels Library\Final_all_books\JA Huss,3
Jack Higgins,D:\Novels Library\Final_all_books\Jack Higgins,3
Jack Thompson,D:\Novels Library\Final_all_books\Jack Thompson,3
Jacqueline Diamond,D:\Novels Library\Final_all_books\Jacqueline Diamond,3
Jaida Jones,D:\Novels Library\Final_all_books\Jaida Jones,3
James Agee Jr_,D:\Novels Library\Final_all_books\James Agee Jr_,3
James Eggebeen,D:\Novels Library\Final_all_books\James Eggebeen,3
James Berardinelli,D:\Novels Library\Final_all_books\James Berardinelli,3
James Islington,D:\Novels Library\Final_all_books\James Islington,3
"James, Joshua","D:\Novels Library\Final_all_books\James, Joshua",3
Jami Klein,D:\Novels Library\Final_all_books\Jami Klein,3
Jamie Sobrato,D:\Novels Library\Final_all_books\Jamie Sobrato,3
Janalyn Voigt,D:\Novels Library\Final_all_books\Janalyn Voigt,3
Jane Austen,D:\Novels Library\Final_all_books\Jane Austen,3
Jane Yolen,D:\Novels Library\Final_all_books\Jane Yolen,3
Jane S. Fancher,D:\Novels Library\Final_all_books\Jane S. Fancher,3
"Jarrett, Brian J_","D:\Novels Library\Final_all_books\Jarrett, Brian J_",3
Janie Marie,D:\Novels Library\Final_all_books\Janie Marie,3
Jasmine Mills,D:\Novels Library\Final_all_books\Jasmine Mills,3
Jason Segel,D:\Novels Library\Final_all_books\Jason Segel,3
Jason Hamilton,D:\Novels Library\Final_all_books\Jason Hamilton,3
Jason Ayres,D:\Novels Library\Final_all_books\Jason Ayres,3
Jay Asher,D:\Novels Library\Final_all_books\Jay Asher,3
Jay Swanson,D:\Novels Library\Final_all_books\Jay Swanson,3
JD Robbins,D:\Novels Library\Final_all_books\JD Robbins,3
Jay Allan Storey,D:\Novels Library\Final_all_books\Jay Allan Storey,3
Jeanne Kalogridis,D:\Novels Library\Final_all_books\Jeanne Kalogridis,3
Jeff Altabef,D:\Novels Library\Final_all_books\Jeff Altabef,3
Jeff Deck,D:\Novels Library\Final_all_books\Jeff Deck,3
Jeffery Deaver,D:\Novels Library\Final_all_books\Jeffery Deaver,3
Jeffery Russell,D:\Novels Library\Final_all_books\Jeffery Russell,3
Jeffrey L. Kohanek,D:\Novels Library\Final_all_books\Jeffrey L. Kohanek,3
Jenni Fletcher,D:\Novels Library\Final_all_books\Jenni Fletcher,3
Jenna Rhodes,D:\Novels Library\Final_all_books\Jenna Rhodes,3
Jennifer Bell,D:\Novels Library\Final_all_books\Jennifer Bell,3
Jennifer Labrecque,D:\Novels Library\Final_all_books\Jennifer Labrecque,3
Jennifer Lynn Barnes,D:\Novels Library\Final_all_books\Jennifer Lynn Barnes,3
Jennifer L. Jennings,D:\Novels Library\Final_all_books\Jennifer L. Jennings,3
Jennifer McVeigh,D:\Novels Library\Final_all_books\Jennifer McVeigh,3
Jennifer Lohmann,D:\Novels Library\Final_all_books\Jennifer Lohmann,3
Jennifer Probst,D:\Novels Library\Final_all_books\Jennifer Probst,3
Jessica Cage,D:\Novels Library\Final_all_books\Jessica Cage,3
Jessica Cluess,D:\Novels Library\Final_all_books\Jessica Cluess,3
Jessica Florence,D:\Novels Library\Final_all_books\Jessica Florence,3
Jessica Hawkins,D:\Novels Library\Final_all_books\Jessica Hawkins,3
Jessie Mihalik,D:\Novels Library\Final_all_books\Jessie Mihalik,3
Jo Spurrier,D:\Novels Library\Final_all_books\Jo Spurrier,3
Joanne Bertin,D:\Novels Library\Final_all_books\Joanne Bertin,3
Joanna Mansell,D:\Novels Library\Final_all_books\Joanna Mansell,3
John Kiriamiti,D:\Novels Library\Final_all_books\John Kiriamiti,3
John Keats,D:\Novels Library\Final_all_books\John Keats,3
John Gregory Betancourt,D:\Novels Library\Final_all_books\John Gregory Betancourt,3
John Passarella,D:\Novels Library\Final_all_books\John Passarella,3
John Twelve Hawks,D:\Novels Library\Final_all_books\John Twelve Hawks,3
John Stephens,D:\Novels Library\Final_all_books\John Stephens,3
"Johnson, Jenna Elizabeth","D:\Novels Library\Final_all_books\Johnson, Jenna Elizabeth",3
Jon Messenger,D:\Novels Library\Final_all_books\Jon Messenger,3
Jordan Rivet,D:\Novels Library\Final_all_books\Jordan Rivet,3
Jordan Silver,D:\Novels Library\Final_all_books\Jordan Silver,3
Joshua Khan,D:\Novels Library\Final_all_books\Joshua Khan,3
Josie Jaffrey,D:\Novels Library\Final_all_books\Josie Jaffrey,3
Judith Starkston,D:\Novels Library\Final_all_books\Judith Starkston,3
Juanita Carberry,D:\Novels Library\Final_all_books\Juanita Carberry,3
Julie Leto,D:\Novels Library\Final_all_books\Julie Leto,3
Julie Johnson,D:\Novels Library\Final_all_books\Julie Johnson,3
Julie Cross,D:\Novels Library\Final_all_books\Julie Cross,3
Julie Shaw,D:\Novels Library\Final_all_books\Julie Shaw,3
Julie Morgan,D:\Novels Library\Final_all_books\Julie Morgan,3
Julie Plec,D:\Novels Library\Final_all_books\Julie Plec,3
Juliette Cross,D:\Novels Library\Final_all_books\Juliette Cross,3
Justin Fike,D:\Novels Library\Final_all_books\Justin Fike,3
K. Arsenault Rivera,D:\Novels Library\Final_all_books\K. Arsenault Rivera,3
K. A. Faul,D:\Novels Library\Final_all_books\K. A. Faul,3
K. M. Shea,D:\Novels Library\Final_all_books\K. M. Shea,3
K. S. Nikakis,D:\Novels Library\Final_all_books\K. S. Nikakis,3
K.L. Rymer,D:\Novels Library\Final_all_books\K.L. Rymer,3
Kali Rose Schmidt,D:\Novels Library\Final_all_books\Kali Rose Schmidt,3
Kameron Hurley,D:\Novels Library\Final_all_books\Kameron Hurley,3
Kamery Solomon,D:\Novels Library\Final_all_books\Kamery Solomon,3
Kali Anthony,D:\Novels Library\Final_all_books\Kali Anthony,3
Karen Baugh Menuhin,D:\Novels Library\Final_all_books\Karen Baugh Menuhin,3
Karen Kendall,D:\Novels Library\Final_all_books\Karen Kendall,3
Karen MacRae,D:\Novels Library\Final_all_books\Karen MacRae,3
Karen Hancock,D:\Novels Library\Final_all_books\Karen Hancock,3
Karim Soliman,D:\Novels Library\Final_all_books\Karim Soliman,3
Karin Shah,D:\Novels Library\Final_all_books\Karin Shah,3
Kass Morgan,D:\Novels Library\Final_all_books\Kass Morgan,3
Kate Foster,D:\Novels Library\Final_all_books\Kate Foster,3
Kate L. Mary,D:\Novels Library\Final_all_books\Kate L. Mary,3
Katherine Bogle,D:\Novels Library\Final_all_books\Katherine Bogle,3
Katherine Irons,D:\Novels Library\Final_all_books\Katherine Irons,3
KATHLEEN KORBEL,D:\Novels Library\Final_all_books\KATHLEEN KORBEL,3
Kathryn Albright,D:\Novels Library\Final_all_books\Kathryn Albright,3
Kathryn Ann Kingsley,D:\Novels Library\Final_all_books\Kathryn Ann Kingsley,3
Kathrin Hutson,D:\Novels Library\Final_all_books\Kathrin Hutson,3
Katrina Cudmore,D:\Novels Library\Final_all_books\Katrina Cudmore,3
Kay Thorpe,D:\Novels Library\Final_all_books\Kay Thorpe,3
Kaye Draper,D:\Novels Library\Final_all_books\Kaye Draper,3
Keith C. Blackmore,D:\Novels Library\Final_all_books\Keith C. Blackmore,3
Kelechi Agu,D:\Novels Library\Final_all_books\Kelechi Agu,3
Keith R.A. DeCandido,D:\Novels Library\Final_all_books\Keith R.A. DeCandido,3
Kelly Carrero,D:\Novels Library\Final_all_books\Kelly Carrero,3
Kelly Keaton,D:\Novels Library\Final_all_books\Kelly Keaton,3
Kelly Jamieson,D:\Novels Library\Final_all_books\Kelly Jamieson,3
Kelly St Clare,D:\Novels Library\Final_all_books\Kelly St Clare,3
Ken Hood,D:\Novels Library\Final_all_books\Ken Hood,3
Ken Follett,D:\Novels Library\Final_all_books\Ken Follett,3
Kendall Ryan,D:\Novels Library\Final_all_books\Kendall Ryan,3
Kennedy Layne,D:\Novels Library\Final_all_books\Kennedy Layne,3
Kendrai Meeks,D:\Novels Library\Final_all_books\Kendrai Meeks,3
Ker Dukey,D:\Novels Library\Final_all_books\Ker Dukey,3
"Kernan, Jenna","D:\Novels Library\Final_all_books\Kernan, Jenna",3
Kim Falconer,D:\Novels Library\Final_all_books\Kim Falconer,3
Kim Fox,D:\Novels Library\Final_all_books\Kim Fox,3
Kim Loraine,D:\Novels Library\Final_all_books\Kim Loraine,3
Kimberly A. Rogers,D:\Novels Library\Final_all_books\Kimberly A. Rogers,3
Kimberly Lang,D:\Novels Library\Final_all_books\Kimberly Lang,3
"Kinrade, Karpov","D:\Novels Library\Final_all_books\Kinrade, Karpov",3
Kirsten Osbourne,D:\Novels Library\Final_all_books\Kirsten Osbourne,3
"Knight, Natasha","D:\Novels Library\Final_all_books\Knight, Natasha",3
Kortney Keisel,D:\Novels Library\Final_all_books\Kortney Keisel,3
Kris Kendall,D:\Novels Library\Final_all_books\Kris Kendall,3
"Kova, Elise","D:\Novels Library\Final_all_books\Kova, Elise",3
Kristen Martin,D:\Novels Library\Final_all_books\Kristen Martin,3
Kristin Mayer,D:\Novels Library\Final_all_books\Kristin Mayer,3
Kristy McCaffrey,D:\Novels Library\Final_all_books\Kristy McCaffrey,3
Kylie Griffin,D:\Novels Library\Final_all_books\Kylie Griffin,3
Krista Ritchie,D:\Novels Library\Final_all_books\Krista Ritchie,3
Kylie Marcus,D:\Novels Library\Final_all_books\Kylie Marcus,3
L. D. Greenwood,D:\Novels Library\Final_all_books\L. D. Greenwood,3
L. R. Braden,D:\Novels Library\Final_all_books\L. R. Braden,3
Lana Kole,D:\Novels Library\Final_all_books\Lana Kole,3
Lani Lynn Vale,D:\Novels Library\Final_all_books\Lani Lynn Vale,3
Laura Hillenbrand,D:\Novels Library\Final_all_books\Laura Hillenbrand,3
Laura Kenyon,D:\Novels Library\Final_all_books\Laura Kenyon,3
Laura Wright,D:\Novels Library\Final_all_books\Laura Wright,3
Laurie Forest,D:\Novels Library\Final_all_books\Laurie Forest,3
Layla WIlde,D:\Novels Library\Final_all_books\Layla WIlde,3
"Le Veque, Kathryn","D:\Novels Library\Final_all_books\Le Veque, Kathryn",3
Lee McKenzie,D:\Novels Library\Final_all_books\Lee McKenzie,3
Leigh Kelsey,D:\Novels Library\Final_all_books\Leigh Kelsey,3
Leigh Hatchmann,D:\Novels Library\Final_all_books\Leigh Hatchmann,3
Leigh Roberts,D:\Novels Library\Final_all_books\Leigh Roberts,3
Leonard Goldberg,D:\Novels Library\Final_all_books\Leonard Goldberg,3
Leonard Petracci,D:\Novels Library\Final_all_books\Leonard Petracci,3
Lex Chase,D:\Novels Library\Final_all_books\Lex Chase,3
Lela May Wight,D:\Novels Library\Final_all_books\Lela May Wight,3
Lexi Blake,D:\Novels Library\Final_all_books\Lexi Blake,3
Lian Hearn,D:\Novels Library\Final_all_books\Lian Hearn,3
Lilian Peake,D:\Novels Library\Final_all_books\Lilian Peake,3
Lichelle Slater,D:\Novels Library\Final_all_books\Lichelle Slater,3
Lilith Saintcrow,D:\Novels Library\Final_all_books\Lilith Saintcrow,3
Liliana Hart,D:\Novels Library\Final_all_books\Liliana Hart,3
Lily Graison,D:\Novels Library\Final_all_books\Lily Graison,3
Lily Blackwood,D:\Novels Library\Final_all_books\Lily Blackwood,3
Lily LaVae,D:\Novels Library\Final_all_books\Lily LaVae,3
Lily Hart,D:\Novels Library\Final_all_books\Lily Hart,3
Linda Barnes,D:\Novels Library\Final_all_books\Linda Barnes,3
Lindsey R. Loucks,D:\Novels Library\Final_all_books\Lindsey R. Loucks,3
Linnea Hartsuyker,D:\Novels Library\Final_all_books\Linnea Hartsuyker,3
Lisa Daniels,D:\Novels Library\Final_all_books\Lisa Daniels,3
Liv Leighton,D:\Novels Library\Final_all_books\Liv Leighton,3
Liza Mitchell,D:\Novels Library\Final_all_books\Liza Mitchell,3
Liz Talley,D:\Novels Library\Final_all_books\Liz Talley,3
Liz Isaacson,D:\Novels Library\Final_all_books\Liz Isaacson,3
Lizabeth Scott,D:\Novels Library\Final_all_books\Lizabeth Scott,3
Lois Greiman,D:\Novels Library\Final_all_books\Lois Greiman,3
Lizzy Gomez,D:\Novels Library\Final_all_books\Lizzy Gomez,3
London Miller,D:\Novels Library\Final_all_books\London Miller,3
Lori Titus,D:\Novels Library\Final_all_books\Lori Titus,3
Lori Goldstein,D:\Novels Library\Final_all_books\Lori Goldstein,3
Lorraine Thomson,D:\Novels Library\Final_all_books\Lorraine Thomson,3
Lori Foster,D:\Novels Library\Final_all_books\Lori Foster,3
Lucia Ashta,D:\Novels Library\Final_all_books\Lucia Ashta,3
Lucinda Dark,D:\Novels Library\Final_all_books\Lucinda Dark,3
Lucy King,D:\Novels Library\Final_all_books\Lucy King,3
"Lu, Marie","D:\Novels Library\Final_all_books\Lu, Marie",3
Lucy Banks,D:\Novels Library\Final_all_books\Lucy Banks,3
"Luedke, Travis","D:\Novels Library\Final_all_books\Luedke, Travis",3
Luke R. Mitchell,D:\Novels Library\Final_all_books\Luke R. Mitchell,3
Lydia Michaels,D:\Novels Library\Final_all_books\Lydia Michaels,3
Lynn Landes,D:\Novels Library\Final_all_books\Lynn Landes,3
Lynne Hill-Clark,D:\Novels Library\Final_all_books\Lynne Hill-Clark,3
Lyla Oweds,D:\Novels Library\Final_all_books\Lyla Oweds,3
M. D. Massey,D:\Novels Library\Final_all_books\M. D. Massey,3
M. J. Rose,D:\Novels Library\Final_all_books\M. J. Rose,3
M. L Briers,D:\Novels Library\Final_all_books\M. L Briers,3
M. L. Taylor,D:\Novels Library\Final_all_books\M. L. Taylor,3
M. Leighton,D:\Novels Library\Final_all_books\M. Leighton,3
M. M. Kin,D:\Novels Library\Final_all_books\M. M. Kin,3
M. N. Arzu,D:\Novels Library\Final_all_books\M. N. Arzu,3
M. L. N. Hanover,D:\Novels Library\Final_all_books\M. L. N. Hanover,3
M. T. Harrte,D:\Novels Library\Final_all_books\M. T. Harrte,3
M.S. Parker,D:\Novels Library\Final_all_books\M.S. Parker,3
Madeline Miller,D:\Novels Library\Final_all_books\Madeline Miller,3
Madison Faye,D:\Novels Library\Final_all_books\Madison Faye,3
Mackenzie Morgan,D:\Novels Library\Final_all_books\Mackenzie Morgan,3
Maia Starr,D:\Novels Library\Final_all_books\Maia Starr,3
Maggie Lynn Heron-Heidel,D:\Novels Library\Final_all_books\Maggie Lynn Heron-Heidel,3
"Malek, Doreen Owens","D:\Novels Library\Final_all_books\Malek, Doreen Owens",3
Malric,D:\Novels Library\Final_all_books\Malric,3
Manna Francis,D:\Novels Library\Final_all_books\Manna Francis,3
Mallory McCartney,D:\Novels Library\Final_all_books\Mallory McCartney,3
Margaret Daley,D:\Novels Library\Final_all_books\Margaret Daley,3
March McCarron,D:\Novels Library\Final_all_books\March McCarron,3
Margaret Pargeter,D:\Novels Library\Final_all_books\Margaret Pargeter,3
Marian Tee,D:\Novels Library\Final_all_books\Marian Tee,3
Marie Donovan,D:\Novels Library\Final_all_books\Marie Donovan,3
Marie Harte,D:\Novels Library\Final_all_books\Marie Harte,3
Marina Simcoe,D:\Novels Library\Final_all_books\Marina Simcoe,3
Marissa Farrar,D:\Novels Library\Final_all_books\Marissa Farrar,3
Mark Edwards,D:\Novels Library\Final_all_books\Mark Edwards,3
Mark Knowles,D:\Novels Library\Final_all_books\Mark Knowles,3
"Marton, Sandra","D:\Novels Library\Final_all_books\Marton, Sandra",3
Mark T. Barnes,D:\Novels Library\Final_all_books\Mark T. Barnes,3
Mary Lyons,D:\Novels Library\Final_all_books\Mary Lyons,3
Mary Leo,D:\Novels Library\Final_all_books\Mary Leo,3
Masha Hamilton,D:\Novels Library\Final_all_books\Masha Hamilton,3
Matt Larkin,D:\Novels Library\Final_all_books\Matt Larkin,3
May Dawson,D:\Novels Library\Final_all_books\May Dawson,3
"McCarty, Monica","D:\Novels Library\Final_all_books\McCarty, Monica",3
McCaffrey-Winner,D:\Novels Library\Final_all_books\McCaffrey-Winner,3
Meg Maguire,D:\Novels Library\Final_all_books\Meg Maguire,3
Meg Ripley,D:\Novels Library\Final_all_books\Meg Ripley,3
"Mecca, Cecelia","D:\Novels Library\Final_all_books\Mecca, Cecelia",3
Megg Jensen,D:\Novels Library\Final_all_books\Megg Jensen,3
Mel Teshco,D:\Novels Library\Final_all_books\Mel Teshco,3
Melinda Cross,D:\Novels Library\Final_all_books\Melinda Cross,3
Melinda Kucsera,D:\Novels Library\Final_all_books\Melinda Kucsera,3
Melinda Leigh,D:\Novels Library\Final_all_books\Melinda Leigh,3
Melissa Grey,D:\Novels Library\Final_all_books\Melissa Grey,3
Melissa McClone,D:\Novels Library\Final_all_books\Melissa McClone,3
Melissa Eskue Ousley,D:\Novels Library\Final_all_books\Melissa Eskue Ousley,3
Meredith Medina,D:\Novels Library\Final_all_books\Meredith Medina,3
Meredith Nisse,D:\Novels Library\Final_all_books\Meredith Nisse,3
Merrie Destefano,D:\Novels Library\Final_all_books\Merrie Destefano,3
Mia James,D:\Novels Library\Final_all_books\Mia James,3
Michael Cobley,D:\Novels Library\Final_all_books\Michael Cobley,3
Michael Gardner,D:\Novels Library\Final_all_books\Michael Gardner,3
Michael Foster,D:\Novels Library\Final_all_books\Michael Foster,3
Michael Pierce,D:\Novels Library\Final_all_books\Michael Pierce,3
Michael Robertson,D:\Novels Library\Final_all_books\Michael Robertson,3
Michaela Riley Karr,D:\Novels Library\Final_all_books\Michaela Riley Karr,3
Michael W. Huard,D:\Novels Library\Final_all_books\Michael W. Huard,3
Michael Pryor,D:\Novels Library\Final_all_books\Michael Pryor,3
Michelle Bryan,D:\Novels Library\Final_all_books\Michelle Bryan,3
Michelle Douglas,D:\Novels Library\Final_all_books\Michelle Douglas,3
Michelle Frost,D:\Novels Library\Final_all_books\Michelle Frost,3
Michelle Paver,D:\Novels Library\Final_all_books\Michelle Paver,3
Milana Jacks,D:\Novels Library\Final_all_books\Milana Jacks,3
Mike Stagg,D:\Novels Library\Final_all_books\Mike Stagg,3
Mike Ryan,D:\Novels Library\Final_all_books\Mike Ryan,3
Mikel Evins,D:\Novels Library\Final_all_books\Mikel Evins,3
Mira Lyn Kelly,D:\Novels Library\Final_all_books\Mira Lyn Kelly,3
Miranda Hardy,D:\Novels Library\Final_all_books\Miranda Hardy,3
Mitchell Graham,D:\Novels Library\Final_all_books\Mitchell Graham,3
Morgan Howell,D:\Novels Library\Final_all_books\Morgan Howell,3
Monica McCarty,D:\Novels Library\Final_all_books\Monica McCarty,3
Mukami Ngari,D:\Novels Library\Final_all_books\Mukami Ngari,3
Mysti Parker,D:\Novels Library\Final_all_books\Mysti Parker,3
N. A. K. Baldron,D:\Novels Library\Final_all_books\N. A. K. Baldron,3
Nancy Springer,D:\Novels Library\Final_all_books\Nancy Springer,3
Natalie Aejaz,D:\Novels Library\Final_all_books\Natalie Aejaz,3
Natalia Jaster,D:\Novels Library\Final_all_books\Natalia Jaster,3
Natalie Erin,D:\Novels Library\Final_all_books\Natalie Erin,3
Nazarea Andrews,D:\Novels Library\Final_all_books\Nazarea Andrews,3
Nathan Thompson,D:\Novels Library\Final_all_books\Nathan Thompson,3
Nathan King,D:\Novels Library\Final_all_books\Nathan King,3
Nicola Marsh,D:\Novels Library\Final_all_books\Nicola Marsh,3
Nick Moseley,D:\Novels Library\Final_all_books\Nick Moseley,3
Nikki Kardnov,D:\Novels Library\Final_all_books\Nikki Kardnov,3
Nikki Rae,D:\Novels Library\Final_all_books\Nikki Rae,3
Nikki Frank,D:\Novels Library\Final_all_books\Nikki Frank,3
Norma Hinkens,D:\Novels Library\Final_all_books\Norma Hinkens,3
Nissa Leder,D:\Novels Library\Final_all_books\Nissa Leder,3
Olivia Swift,D:\Novels Library\Final_all_books\Olivia Swift,3
Olivia T. Turner,D:\Novels Library\Final_all_books\Olivia T. Turner,3
Owen Elgie,D:\Novels Library\Final_all_books\Owen Elgie,3
P. A. Minyard,D:\Novels Library\Final_all_books\P. A. Minyard,3
"Palmer, Pamela","D:\Novels Library\Final_all_books\Palmer, Pamela",3
Page Morgan,D:\Novels Library\Final_all_books\Page Morgan,3
"Parker, Ali","D:\Novels Library\Final_all_books\Parker, Ali",3
Patricia Rosemoor,D:\Novels Library\Final_all_books\Patricia Rosemoor,3
Patricia Thayer,D:\Novels Library\Final_all_books\Patricia Thayer,3
Patrick Hodges,D:\Novels Library\Final_all_books\Patrick Hodges,3
Patti Larsen,D:\Novels Library\Final_all_books\Patti Larsen,3
Patrick Laplante,D:\Novels Library\Final_all_books\Patrick Laplante,3
Paula Quinn,D:\Novels Library\Final_all_books\Paula Quinn,3
Paula Lester,D:\Novels Library\Final_all_books\Paula Lester,3
Priyanka C_,D:\Novels Library\Final_all_books\Priyanka C_,3
R. A. Lewis,D:\Novels Library\Final_all_books\R. A. Lewis,3
R. A. Rock,D:\Novels Library\Final_all_books\R. A. Rock,3
R. A. Lindo,D:\Novels Library\Final_all_books\R. A. Lindo,3
R. K. Lander,D:\Novels Library\Final_all_books\R. K. Lander,3
R. J. Hanson,D:\Novels Library\Final_all_books\R. J. Hanson,3
R. K. Close,D:\Novels Library\Final_all_books\R. K. Close,3
R. K. Ryals,D:\Novels Library\Final_all_books\R. K. Ryals,3
R. Saint Claire,D:\Novels Library\Final_all_books\R. Saint Claire,3
Rachael Rawlings,D:\Novels Library\Final_all_books\Rachael Rawlings,3
Rachel A. Marks,D:\Novels Library\Final_all_books\Rachel A. Marks,3
Rachel A. Collett,D:\Novels Library\Final_all_books\Rachel A. Collett,3
Rachel Aukes,D:\Novels Library\Final_all_books\Rachel Aukes,3
Rae Hendricks,D:\Novels Library\Final_all_books\Rae Hendricks,3
"Rain, J.R_","D:\Novels Library\Final_all_books\Rain, J.R_",3
Ramesh Menon,D:\Novels Library\Final_all_books\Ramesh Menon,3
Rebecca Danese,D:\Novels Library\Final_all_books\Rebecca Danese,3
Richard Crompton,D:\Novels Library\Final_all_books\Richard Crompton,3
Richard L. King,D:\Novels Library\Final_all_books\Richard L. King,3
Richard Paul Evans,D:\Novels Library\Final_all_books\Richard Paul Evans,3
Riley London,D:\Novels Library\Final_all_books\Riley London,3
"Riley, Alexa","D:\Novels Library\Final_all_books\Riley, Alexa",3
Roald Dahl,D:\Novels Library\Final_all_books\Roald Dahl,3
Robert D. Jones,D:\Novels Library\Final_all_books\Robert D. Jones,3
Robert Carter,D:\Novels Library\Final_all_books\Robert Carter,3
Robert K. Massie,D:\Novels Library\Final_all_books\Robert K. Massie,3
Robert Ruark,D:\Novels Library\Final_all_books\Robert Ruark,3
Robert Ryan,D:\Novels Library\Final_all_books\Robert Ryan,3
"Roberts, Alison","D:\Novels Library\Final_all_books\Roberts, Alison",3
Roger Hayden,D:\Novels Library\Final_all_books\Roger Hayden,3
Robyn Peterman,D:\Novels Library\Final_all_books\Robyn Peterman,3
"Ross, Christina","D:\Novels Library\Final_all_books\Ross, Christina",3
"Ryan, Matt","D:\Novels Library\Final_all_books\Ryan, Matt",3
Ryan Mullaney,D:\Novels Library\Final_all_books\Ryan Mullaney,3
S Doyle,D:\Novels Library\Final_all_books\S Doyle,3
Ruth Rendell,D:\Novels Library\Final_all_books\Ruth Rendell,3
S. C. Stokes,D:\Novels Library\Final_all_books\S. C. Stokes,3
S. J. Hosken,D:\Novels Library\Final_all_books\S. J. Hosken,3
S. M. Perlow,D:\Novels Library\Final_all_books\S. M. Perlow,3
S. M. Boyce,D:\Novels Library\Final_all_books\S. M. Boyce,3
S. L. Perrine,D:\Novels Library\Final_all_books\S. L. Perrine,3
S. W. Clarke,D:\Novels Library\Final_all_books\S. W. Clarke,3
S.A. Parker,D:\Novels Library\Final_all_books\S.A. Parker,3
S.A. Price,D:\Novels Library\Final_all_books\S.A. Price,3
S.M. Soto,D:\Novels Library\Final_all_books\S.M. Soto,3
Sabrina Bardot,D:\Novels Library\Final_all_books\Sabrina Bardot,3
Sabrina Shelley,D:\Novels Library\Final_all_books\Sabrina Shelley,3
Sam Hall,D:\Novels Library\Final_all_books\Sam Hall,3
Sage Parker,D:\Novels Library\Final_all_books\Sage Parker,3
Sam Ferguson,D:\Novels Library\Final_all_books\Sam Ferguson,3
Samantha Coville,D:\Novels Library\Final_all_books\Samantha Coville,3
Samantha Chase,D:\Novels Library\Final_all_books\Samantha Chase,3
Samantha Hunter,D:\Novels Library\Final_all_books\Samantha Hunter,3
Samantha Holt,D:\Novels Library\Final_all_books\Samantha Holt,3
sanami matoh,D:\Novels Library\Final_all_books\sanami matoh,3
Sandra Hyatt,D:\Novels Library\Final_all_books\Sandra Hyatt,3
Sandra R. Neeley,D:\Novels Library\Final_all_books\Sandra R. Neeley,3
Sara Daniel,D:\Novels Library\Final_all_books\Sara Daniel,3
Sara Wood,D:\Novels Library\Final_all_books\Sara Wood,3
Sara Raasch,D:\Novels Library\Final_all_books\Sara Raasch,3
Sara J. Bernhardt,D:\Novels Library\Final_all_books\Sara J. Bernhardt,3
Sarah Ash,D:\Novels Library\Final_all_books\Sarah Ash,3
Sarah Dessen,D:\Novels Library\Final_all_books\Sarah Dessen,3
Sarah Monette,D:\Novels Library\Final_all_books\Sarah Monette,3
Saruuh Kelsey,D:\Novels Library\Final_all_books\Saruuh Kelsey,3
Scarlett Snow,D:\Novels Library\Final_all_books\Scarlett Snow,3
Sawyer Bennett,D:\Novels Library\Final_all_books\Sawyer Bennett,3
Scarlett Black,D:\Novels Library\Final_all_books\Scarlett Black,3
Scott Lynch,D:\Novels Library\Final_all_books\Scott Lynch,3
Scott D. Muller,D:\Novels Library\Final_all_books\Scott D. Muller,3
"Scott, J. S_","D:\Novels Library\Final_all_books\Scott, J. S_",3
Seressia Glass,D:\Novels Library\Final_all_books\Seressia Glass,3
Seth Rain,D:\Novels Library\Final_all_books\Seth Rain,3
Shanae Johnson,D:\Novels Library\Final_all_books\Shanae Johnson,3
Shani Petroff,D:\Novels Library\Final_all_books\Shani Petroff,3
Shanna Bell,D:\Novels Library\Final_all_books\Shanna Bell,3
Sharon Ashwood,D:\Novels Library\Final_all_books\Sharon Ashwood,3
Shannon Messenger,D:\Novels Library\Final_all_books\Shannon Messenger,3
Sharilyn Skye,D:\Novels Library\Final_all_books\Sharilyn Skye,3
Shaw Hart,D:\Novels Library\Final_all_books\Shaw Hart,3
Sharon Karaa,D:\Novels Library\Final_all_books\Sharon Karaa,3
Sharon Shinn,D:\Novels Library\Final_all_books\Sharon Shinn,3
Shawn Knightley,D:\Novels Library\Final_all_books\Shawn Knightley,3
Shawn E. Crapo,D:\Novels Library\Final_all_books\Shawn E. Crapo,3
Shawna Delacorte,D:\Novels Library\Final_all_books\Shawna Delacorte,3
Shayne Ford,D:\Novels Library\Final_all_books\Shayne Ford,3
Shelley Galloway,D:\Novels Library\Final_all_books\Shelley Galloway,3
Sheri-Lynn Marean,D:\Novels Library\Final_all_books\Sheri-Lynn Marean,3
Shelly Crane,D:\Novels Library\Final_all_books\Shelly Crane,3
Sheritta Bitikofer,D:\Novels Library\Final_all_books\Sheritta Bitikofer,3
Shiva Naipaul,D:\Novels Library\Final_all_books\Shiva Naipaul,3
"Sisavath, Sam","D:\Novels Library\Final_all_books\Sisavath, Sam",3
SK Quinn,D:\Novels Library\Final_all_books\SK Quinn,3
"Smith, L. J_","D:\Novels Library\Final_all_books\Smith, L. J_",3
Sloane Murphy,D:\Novels Library\Final_all_books\Sloane Murphy,3
"Smith, S. E_","D:\Novels Library\Final_all_books\Smith, S. E_",3
Sofia Daniel,D:\Novels Library\Final_all_books\Sofia Daniel,3
Sophia Clarke,D:\Novels Library\Final_all_books\Sophia Clarke,3
"Sokoloff, Alexandra","D:\Novels Library\Final_all_books\Sokoloff, Alexandra",3
Sophie Davis,D:\Novels Library\Final_all_books\Sophie Davis,3
Sophie L. Osborne,D:\Novels Library\Final_all_books\Sophie L. Osborne,3
Stacy Connelly,D:\Novels Library\Final_all_books\Stacy Connelly,3
Stella Gray,D:\Novels Library\Final_all_books\Stella Gray,3
Stella Hart,D:\Novels Library\Final_all_books\Stella Hart,3
Stephanie Karpinske,D:\Novels Library\Final_all_books\Stephanie Karpinske,3
Stephanie Garber,D:\Novels Library\Final_all_books\Stephanie Garber,3
Stephen Aryan,D:\Novels Library\Final_all_books\Stephen Aryan,3
Stephanie Mirro,D:\Novels Library\Final_all_books\Stephanie Mirro,3
Stephen Fry,D:\Novels Library\Final_all_books\Stephen Fry,3
Steve Neil Johnson,D:\Novels Library\Final_all_books\Steve Neil Johnson,3
Steven R. Burke,D:\Novels Library\Final_all_books\Steven R. Burke,3
Stieg Larsson,D:\Novels Library\Final_all_books\Stieg Larsson,3
"Stiefvater, Maggie","D:\Novels Library\Final_all_books\Stiefvater, Maggie",3
Stevie J. Cole,D:\Novels Library\Final_all_books\Stevie J. Cole,3
"Stewart, Anna J_","D:\Novels Library\Final_all_books\Stewart, Anna J_",3
Stuart Daly,D:\Novels Library\Final_all_books\Stuart Daly,3
Sue Grafton,D:\Novels Library\Final_all_books\Sue Grafton,3
Sujata Massey,D:\Novels Library\Final_all_books\Sujata Massey,3
Susan Cain,D:\Novels Library\Final_all_books\Susan Cain,3
Susan Ee,D:\Novels Library\Final_all_books\Susan Ee,3
Summer Cooper,D:\Novels Library\Final_all_books\Summer Cooper,3
Susan Alexander,D:\Novels Library\Final_all_books\Susan Alexander,3
Susan Fletcher,D:\Novels Library\Final_all_books\Susan Fletcher,3
Susan Hubbard,D:\Novels Library\Final_all_books\Susan Hubbard,3
Suzannah Rowntree,D:\Novels Library\Final_all_books\Suzannah Rowntree,3
Suzi Davis,D:\Novels Library\Final_all_books\Suzi Davis,3
Suzie Grace,D:\Novels Library\Final_all_books\Suzie Grace,3
Sylvia Mercedes,D:\Novels Library\Final_all_books\Sylvia Mercedes,3
T. L. Callahan,D:\Novels Library\Final_all_books\T. L. Callahan,3
T. L. Greylock,D:\Novels Library\Final_all_books\T. L. Greylock,3
T. S. Joyce,D:\Novels Library\Final_all_books\T. S. Joyce,3
T.C. Edge,D:\Novels Library\Final_all_books\T.C. Edge,3
T.L. Cerepaka,D:\Novels Library\Final_all_books\T.L. Cerepaka,3
Ta Moore,D:\Novels Library\Final_all_books\Ta Moore,3
T.R. Harris,D:\Novels Library\Final_all_books\T.R. Harris,3
Taki Drake,D:\Novels Library\Final_all_books\Taki Drake,3
Tamara Geraeds,D:\Novels Library\Final_all_books\Tamara Geraeds,3
Tami Julka,D:\Novels Library\Final_all_books\Tami Julka,3
Tammy Falkner,D:\Novels Library\Final_all_books\Tammy Falkner,3
Tami Dane,D:\Novels Library\Final_all_books\Tami Dane,3
Tamsin Baker,D:\Novels Library\Final_all_books\Tamsin Baker,3
Tanya R. Taylor,D:\Novels Library\Final_all_books\Tanya R. Taylor,3
Tanya Milne,D:\Novels Library\Final_all_books\Tanya Milne,3
Tara Westover,D:\Novels Library\Final_all_books\Tara Westover,3
Ted Dekker,D:\Novels Library\Final_all_books\Ted Dekker,3
Teresa Noelle Roberts,D:\Novels Library\Final_all_books\Teresa Noelle Roberts,3
Tessa Escalera,D:\Novels Library\Final_all_books\Tessa Escalera,3
"Thalassa, Laura","D:\Novels Library\Final_all_books\Thalassa, Laura",3
Thandiwe Mpofu,D:\Novels Library\Final_all_books\Thandiwe Mpofu,3
Theodora Taylor,D:\Novels Library\Final_all_books\Theodora Taylor,3
Theodora Goss,D:\Novels Library\Final_all_books\Theodora Goss,3
Tiffany Shand,D:\Novels Library\Final_all_books\Tiffany Shand,3
Tim Akers,D:\Novels Library\Final_all_books\Tim Akers,3
Todd Fahnestock,D:\Novels Library\Final_all_books\Todd Fahnestock,3
"Todd, E.L_","D:\Novels Library\Final_all_books\Todd, E.L_",3
Tom Harper,D:\Novels Library\Final_all_books\Tom Harper,3
Toni Andrews,D:\Novels Library\Final_all_books\Toni Andrews,3
Tonya Kappes,D:\Novels Library\Final_all_books\Tonya Kappes,3
Tony Urban,D:\Novels Library\Final_all_books\Tony Urban,3
Trevor Noah,D:\Novels Library\Final_all_books\Trevor Noah,3
Trish Beninato,D:\Novels Library\Final_all_books\Trish Beninato,3
TS McKinney,D:\Novels Library\Final_all_books\TS McKinney,3
Unknown Author,D:\Novels Library\Final_all_books\Unknown Author,3
Ulff Lehmann,D:\Novels Library\Final_all_books\Ulff Lehmann,3
Ty Johnston,D:\Novels Library\Final_all_books\Ty Johnston,3
V. Vaughn,D:\Novels Library\Final_all_books\V. Vaughn,3
Val O. Morris,D:\Novels Library\Final_all_books\Val O. Morris,3
Vennessa Robertson,D:\Novels Library\Final_all_books\Vennessa Robertson,3
Vi Carter,D:\Novels Library\Final_all_books\Vi Carter,3
Victoria Parker,D:\Novels Library\Final_all_books\Victoria Parker,3
Viola Carr,D:\Novels Library\Final_all_books\Viola Carr,3
Vivien Summer,D:\Novels Library\Final_all_books\Vivien Summer,3
Wangari Maathai,D:\Novels Library\Final_all_books\Wangari Maathai,3
Wendy Knight,D:\Novels Library\Final_all_books\Wendy Knight,3
Wes Allen,D:\Novels Library\Final_all_books\Wes Allen,3
Wayne Kyle Spitzer,D:\Novels Library\Final_all_books\Wayne Kyle Spitzer,3
Wesley Cross,D:\Novels Library\Final_all_books\Wesley Cross,3
"Whittington, Shaun","D:\Novels Library\Final_all_books\Whittington, Shaun",3
William Faulkner,D:\Novels Library\Final_all_books\William Faulkner,3
William Ritter,D:\Novels Library\Final_all_books\William Ritter,3
X. Aratare,D:\Novels Library\Final_all_books\X. Aratare,3
Yvonne Adhiambo Owuor,D:\Novels Library\Final_all_books\Yvonne Adhiambo Owuor,3
Yolanda Olson,D:\Novels Library\Final_all_books\Yolanda Olson,3
Yuval Noah Harari,D:\Novels Library\Final_all_books\Yuval Noah Harari,3
Zoe Matthews,D:\Novels Library\Final_all_books\Zoe Matthews,3
Zoe Blake,D:\Novels Library\Final_all_books\Zoe Blake,3
Zina Abbott,D:\Novels Library\Final_all_books\Zina Abbott,3
Zahra Girard,D:\Novels Library\Final_all_books\Zahra Girard,3
Zane Michaelson,D:\Novels Library\Final_all_books\Zane Michaelson,3
A. J. Lape,D:\Novels Library\Final_all_books\A. J. Lape,2
A. D. Rhine,D:\Novels Library\Final_all_books\A. D. Rhine,2
A. D. Starrling,D:\Novels Library\Final_all_books\A. D. Starrling,2
A. G. Marshall,D:\Novels Library\Final_all_books\A. G. Marshall,2
A. G. Riddle,D:\Novels Library\Final_all_books\A. G. Riddle,2
A. J. Finn,D:\Novels Library\Final_all_books\A. J. Finn,2
A C F Bookens,D:\Novels Library\Final_all_books\A C F Bookens,2
A. G. Khaliq,D:\Novels Library\Final_all_books\A. G. Khaliq,2
A. J. Ryder,D:\Novels Library\Final_all_books\A. J. Ryder,2
A. J. Lancaster,D:\Novels Library\Final_all_books\A. J. Lancaster,2
A. L. Janney,D:\Novels Library\Final_all_books\A. L. Janney,2
A. M. Kusi,D:\Novels Library\Final_all_books\A. M. Kusi,2
A.G. Riddle,D:\Novels Library\Final_all_books\A.G. Riddle,2
A. Vers,D:\Novels Library\Final_all_books\A. Vers,2
A.J. Flowers,D:\Novels Library\Final_all_books\A.J. Flowers,2
A.S. Green,D:\Novels Library\Final_all_books\A.S. Green,2
A.J. Macey,D:\Novels Library\Final_all_books\A.J. Macey,2
A.M. Arthur,D:\Novels Library\Final_all_books\A.M. Arthur,2
Aaron Oster,D:\Novels Library\Final_all_books\Aaron Oster,2
Abbie Lyons,D:\Novels Library\Final_all_books\Abbie Lyons,2
Abigail Keam,D:\Novels Library\Final_all_books\Abigail Keam,2
ACF Bookens,D:\Novels Library\Final_all_books\ACF Bookens,2
"Achebe, Chinua","D:\Novels Library\Final_all_books\Achebe, Chinua",2
Adam Drake,D:\Novels Library\Final_all_books\Adam Drake,2
"Abernathy, Joel","D:\Novels Library\Final_all_books\Abernathy, Joel",2
Adam Messer,D:\Novels Library\Final_all_books\Adam Messer,2
Addison Creek,D:\Novels Library\Final_all_books\Addison Creek,2
Adele Clee,D:\Novels Library\Final_all_books\Adele Clee,2
Adriana Herrera,D:\Novels Library\Final_all_books\Adriana Herrera,2
"Ahern, Cecelia","D:\Novels Library\Final_all_books\Ahern, Cecelia",2
Adriana Licio,D:\Novels Library\Final_all_books\Adriana Licio,2
Alan Dean Foster,D:\Novels Library\Final_all_books\Alan Dean Foster,2
Alan Lee,D:\Novels Library\Final_all_books\Alan Lee,2
Alana Terry,D:\Novels Library\Final_all_books\Alana Terry,2
"Akeroyd, Serena","D:\Novels Library\Final_all_books\Akeroyd, Serena",2
Albert Einstein,D:\Novels Library\Final_all_books\Albert Einstein,2
Alec Worley,D:\Novels Library\Final_all_books\Alec Worley,2
Alessandra Torre,D:\Novels Library\Final_all_books\Alessandra Torre,2
Alex Grayson,D:\Novels Library\Final_all_books\Alex Grayson,2
Alex Dean,D:\Novels Library\Final_all_books\Alex Dean,2
Alex Oakchest,D:\Novels Library\Final_all_books\Alex Oakchest,2
Alex London,D:\Novels Library\Final_all_books\Alex London,2
Alex Silver,D:\Novels Library\Final_all_books\Alex Silver,2
Alex Owens,D:\Novels Library\Final_all_books\Alex Owens,2
Alex P. Berg,D:\Novels Library\Final_all_books\Alex P. Berg,2
Alexa Davis,D:\Novels Library\Final_all_books\Alexa Davis,2
Alexa Padgett,D:\Novels Library\Final_all_books\Alexa Padgett,2
Alexandira Clarke,D:\Novels Library\Final_all_books\Alexandira Clarke,2
Alexander Bizzell,D:\Novels Library\Final_all_books\Alexander Bizzell,2
Alexandra Rushe,D:\Novels Library\Final_all_books\Alexandra Rushe,2
Alice Henderson,D:\Novels Library\Final_all_books\Alice Henderson,2
Alice Bello,D:\Novels Library\Final_all_books\Alice Bello,2
Alice McDermott,D:\Novels Library\Final_all_books\Alice McDermott,2
Alison Fraser,D:\Novels Library\Final_all_books\Alison Fraser,2
Alisha Klapheke,D:\Novels Library\Final_all_books\Alisha Klapheke,2
Alison Weir,D:\Novels Library\Final_all_books\Alison Weir,2
Allan Joyal,D:\Novels Library\Final_all_books\Allan Joyal,2
Allison Leigh,D:\Novels Library\Final_all_books\Allison Leigh,2
"Allen, Dylan","D:\Novels Library\Final_all_books\Allen, Dylan",2
Ally Carter,D:\Novels Library\Final_all_books\Ally Carter,2
Alta Hensley,D:\Novels Library\Final_all_books\Alta Hensley,2
Alwyn Hamilton,D:\Novels Library\Final_all_books\Alwyn Hamilton,2
Allyson K. Abbott,D:\Novels Library\Final_all_books\Allyson K. Abbott,2
Alma Alexander,D:\Novels Library\Final_all_books\Alma Alexander,2
Alysha King,D:\Novels Library\Final_all_books\Alysha King,2
Alyssa Day,D:\Novels Library\Final_all_books\Alyssa Day,2
Amanda Arista,D:\Novels Library\Final_all_books\Amanda Arista,2
Amanda Charles,D:\Novels Library\Final_all_books\Amanda Charles,2
Amanda Jones,D:\Novels Library\Final_all_books\Amanda Jones,2
Amanda M Lee,D:\Novels Library\Final_all_books\Amanda M Lee,2
Amanda Quick,D:\Novels Library\Final_all_books\Amanda Quick,2
Amber R. Duell,D:\Novels Library\Final_all_books\Amber R. Duell,2
Amber Benson,D:\Novels Library\Final_all_books\Amber Benson,2
Amelia C. Adams,D:\Novels Library\Final_all_books\Amelia C. Adams,2
Ami Diane,D:\Novels Library\Final_all_books\Ami Diane,2
Amie Kaufman,D:\Novels Library\Final_all_books\Amie Kaufman,2
Amish Tripathi,D:\Novels Library\Final_all_books\Amish Tripathi,2
"Amore, Dani","D:\Novels Library\Final_all_books\Amore, Dani",2
Amy Bearce,D:\Novels Library\Final_all_books\Amy Bearce,2
Amy Brock McNew,D:\Novels Library\Final_all_books\Amy Brock McNew,2
Amy J Fetzer,D:\Novels Library\Final_all_books\Amy J Fetzer,2
Amy Harmon,D:\Novels Library\Final_all_books\Amy Harmon,2
Amy J. Hawthorn,D:\Novels Library\Final_all_books\Amy J. Hawthorn,2
Amy Vansant,D:\Novels Library\Final_all_books\Amy Vansant,2
Amy Ruttan,D:\Novels Library\Final_all_books\Amy Ruttan,2
Amy Sevan,D:\Novels Library\Final_all_books\Amy Sevan,2
"Andra, Skyler","D:\Novels Library\Final_all_books\Andra, Skyler",2
Andre Agassi,D:\Novels Library\Final_all_books\Andre Agassi,2
Anastasia King,D:\Novels Library\Final_all_books\Anastasia King,2
Andre Dubus III,D:\Novels Library\Final_all_books\Andre Dubus III,2
Andrea Hicks,D:\Novels Library\Final_all_books\Andrea Hicks,2
Andrew Warren,D:\Novels Library\Final_all_books\Andrew Warren,2
Angela Verdenius,D:\Novels Library\Final_all_books\Angela Verdenius,2
Angharad Thompson Rees,D:\Novels Library\Final_all_books\Angharad Thompson Rees,2
Angie Thomas,D:\Novels Library\Final_all_books\Angie Thomas,2
Ann DeFee,D:\Novels Library\Final_all_books\Ann DeFee,2
Ann McIntosh,D:\Novels Library\Final_all_books\Ann McIntosh,2
Ann Omasta,D:\Novels Library\Final_all_books\Ann Omasta,2
Anna Applegate,D:\Novels Library\Final_all_books\Anna Applegate,2
Ann Patchett,D:\Novels Library\Final_all_books\Ann Patchett,2
Anna Fury,D:\Novels Library\Final_all_books\Anna Fury,2
Anna Stephens,D:\Novels Library\Final_all_books\Anna Stephens,2
Annalee Adams,D:\Novels Library\Final_all_books\Annalee Adams,2
Anne Forbes,D:\Novels Library\Final_all_books\Anne Forbes,2
Anne Marsh,D:\Novels Library\Final_all_books\Anne Marsh,2
Anne Weale,D:\Novels Library\Final_all_books\Anne Weale,2
Annie Sullivan,D:\Novels Library\Final_all_books\Annie Sullivan,2
Annika Steele,D:\Novels Library\Final_all_books\Annika Steele,2
Anthony Doerr,D:\Novels Library\Final_all_books\Anthony Doerr,2
Antonia Fraser,D:\Novels Library\Final_all_books\Antonia Fraser,2
Ardent Artist Books,D:\Novels Library\Final_all_books\Ardent Artist Books,2
Ariel Lawhon,D:\Novels Library\Final_all_books\Ariel Lawhon,2
Ariana Nash,D:\Novels Library\Final_all_books\Ariana Nash,2
Ariella Talix,D:\Novels Library\Final_all_books\Ariella Talix,2
Arjay Lewis,D:\Novels Library\Final_all_books\Arjay Lewis,2
Arkady Strugatsky,D:\Novels Library\Final_all_books\Arkady Strugatsky,2
"Armstrong, Lindsay","D:\Novels Library\Final_all_books\Armstrong, Lindsay",2
Arthur C. Clarke,D:\Novels Library\Final_all_books\Arthur C. Clarke,2
Arthur Conan Doyle,D:\Novels Library\Final_all_books\Arthur Conan Doyle,2
Ashlee Vance,D:\Novels Library\Final_all_books\Ashlee Vance,2
Asha Lemmie,D:\Novels Library\Final_all_books\Asha Lemmie,2
Ashley Amy,D:\Novels Library\Final_all_books\Ashley Amy,2
Ashlyn Mathews,D:\Novels Library\Final_all_books\Ashlyn Mathews,2
Astrid Arditi,D:\Novels Library\Final_all_books\Astrid Arditi,2
Atwood Margaret,D:\Novels Library\Final_all_books\Atwood Margaret,2
Aubrey Harper,D:\Novels Library\Final_all_books\Aubrey Harper,2
Autumn Archer,D:\Novels Library\Final_all_books\Autumn Archer,2
"Augustine, Donna","D:\Novels Library\Final_all_books\Augustine, Donna",2
Ava Edwards,D:\Novels Library\Final_all_books\Ava Edwards,2
Ava Ryant,D:\Novels Library\Final_all_books\Ava Ryant,2
Ava Reid,D:\Novels Library\Final_all_books\Ava Reid,2
Ava Silvers,D:\Novels Library\Final_all_books\Ava Silvers,2
Ayn Rand,D:\Novels Library\Final_all_books\Ayn Rand,2
Avery Gale,D:\Novels Library\Final_all_books\Avery Gale,2
B. C. Burgess,D:\Novels Library\Final_all_books\B. C. Burgess,2
B. E. Baker,D:\Novels Library\Final_all_books\B. E. Baker,2
B. Collins,D:\Novels Library\Final_all_books\B. Collins,2
B.B. Reid,D:\Novels Library\Final_all_books\B.B. Reid,2
"Banner, Blake","D:\Novels Library\Final_all_books\Banner, Blake",2
Barbara Freethy,D:\Novels Library\Final_all_books\Barbara Freethy,2
Barbara Hannay,D:\Novels Library\Final_all_books\Barbara Hannay,2
"Barnes, A.D_","D:\Novels Library\Final_all_books\Barnes, A.D_",2
Bard Constantine,D:\Novels Library\Final_all_books\Bard Constantine,2
Bec McMaster,D:\Novels Library\Final_all_books\Bec McMaster,2
Belinda White,D:\Novels Library\Final_all_books\Belinda White,2
Becky Albertalli,D:\Novels Library\Final_all_books\Becky Albertalli,2
Bella Jacobs,D:\Novels Library\Final_all_books\Bella Jacobs,2
Bella Frances,D:\Novels Library\Final_all_books\Bella Frances,2
Belinda Huijuan Tang,D:\Novels Library\Final_all_books\Belinda Huijuan Tang,2
Belladona Cunning,D:\Novels Library\Final_all_books\Belladona Cunning,2
Ben Galley,D:\Novels Library\Final_all_books\Ben Galley,2
Ben Cass,D:\Novels Library\Final_all_books\Ben Cass,2
Benjamin Alire Saenz,D:\Novels Library\Final_all_books\Benjamin Alire Saenz,2
Beth Carpenter,D:\Novels Library\Final_all_books\Beth Carpenter,2
Beth Byers,D:\Novels Library\Final_all_books\Beth Byers,2
Bianca Pheasant,D:\Novels Library\Final_all_books\Bianca Pheasant,2
Bill Bryson,D:\Novels Library\Final_all_books\Bill Bryson,2
Bill Hiatt,D:\Novels Library\Final_all_books\Bill Hiatt,2
Blythe Gifford,D:\Novels Library\Final_all_books\Blythe Gifford,2
"Blake, Joanna","D:\Novels Library\Final_all_books\Blake, Joanna",2
"Bracken, Alexandra","D:\Novels Library\Final_all_books\Bracken, Alexandra",2
"Bradbury, Ray","D:\Novels Library\Final_all_books\Bradbury, Ray",2
Bradley Wright,D:\Novels Library\Final_all_books\Bradley Wright,2
Brandon Ellis,D:\Novels Library\Final_all_books\Brandon Ellis,2
Brandy L. Cunningham,D:\Novels Library\Final_all_books\Brandy L. Cunningham,2
Brandi Bell,D:\Novels Library\Final_all_books\Brandi Bell,2
"Braun, Jackie","D:\Novels Library\Final_all_books\Braun, Jackie",2
Brenda Kennedy,D:\Novels Library\Final_all_books\Brenda Kennedy,2
Brenda Drake,D:\Novels Library\Final_all_books\Brenda Drake,2
Brenda Rothert,D:\Novels Library\Final_all_books\Brenda Rothert,2
Brian Braden,D:\Novels Library\Final_all_books\Brian Braden,2
Brian Olsen,D:\Novels Library\Final_all_books\Brian Olsen,2
Bridget E. Baker,D:\Novels Library\Final_all_books\Bridget E. Baker,2
Brindi Quinn,D:\Novels Library\Final_all_books\Brindi Quinn,2
Brittainy C. Cherry,D:\Novels Library\Final_all_books\Brittainy C. Cherry,2
Brittany Rose,D:\Novels Library\Final_all_books\Brittany Rose,2
Brooke Hodge,D:\Novels Library\Final_all_books\Brooke Hodge,2
"Brooks, Jonathan","D:\Novels Library\Final_all_books\Brooks, Jonathan",2
"Brown, Dan","D:\Novels Library\Final_all_books\Brown, Dan",2
"Brooks, Terry","D:\Novels Library\Final_all_books\Brooks, Terry",2
Bryan VanDyke,D:\Novels Library\Final_all_books\Bryan VanDyke,2
"Burchell, Mary","D:\Novels Library\Final_all_books\Burchell, Mary",2
C. A. Harms,D:\Novels Library\Final_all_books\C. A. Harms,2
C Farren,D:\Novels Library\Final_all_books\C Farren,2
"Burkhart, Joely Sue","D:\Novels Library\Final_all_books\Burkhart, Joely Sue",2
C. Farren,D:\Novels Library\Final_all_books\C. Farren,2
C. E. Murphy,D:\Novels Library\Final_all_books\C. E. Murphy,2
C. Gold,D:\Novels Library\Final_all_books\C. Gold,2
C. Lee McKenzie,D:\Novels Library\Final_all_books\C. Lee McKenzie,2
C. M. Carney,D:\Novels Library\Final_all_books\C. M. Carney,2
C. J. Box,D:\Novels Library\Final_all_books\C. J. Box,2
C. J. Matthew,D:\Novels Library\Final_all_books\C. J. Matthew,2
C. N. Crawford,D:\Novels Library\Final_all_books\C. N. Crawford,2
C. Mantis,D:\Novels Library\Final_all_books\C. Mantis,2
C. S. Patra,D:\Novels Library\Final_all_books\C. S. Patra,2
C. R. Langille,D:\Novels Library\Final_all_books\C. R. Langille,2
C. S. Lewis,D:\Novels Library\Final_all_books\C. S. Lewis,2
C. Y. Jones,D:\Novels Library\Final_all_books\C. Y. Jones,2
C.D. Gorri,D:\Novels Library\Final_all_books\C.D. Gorri,2
C.C. Sommerly,D:\Novels Library\Final_all_books\C.C. Sommerly,2
C.R. Pugh,D:\Novels Library\Final_all_books\C.R. Pugh,2
Camilla Blake,D:\Novels Library\Final_all_books\Camilla Blake,2
Camilla Stevens,D:\Novels Library\Final_all_books\Camilla Stevens,2
Cara Alexander,D:\Novels Library\Final_all_books\Cara Alexander,2
Candace Havens,D:\Novels Library\Final_all_books\Candace Havens,2
Cara Violet,D:\Novels Library\Final_all_books\Cara Violet,2
Carey Scheppner,D:\Novels Library\Final_all_books\Carey Scheppner,2
Carla Kelly,D:\Novels Library\Final_all_books\Carla Kelly,2
Carla Reighard,D:\Novels Library\Final_all_books\Carla Reighard,2
Carlton Mellick III,D:\Novels Library\Final_all_books\Carlton Mellick III,2
Carmen Fox,D:\Novels Library\Final_all_books\Carmen Fox,2
Caroline Elkins,D:\Novels Library\Final_all_books\Caroline Elkins,2
Caroline Sciriha,D:\Novels Library\Final_all_books\Caroline Sciriha,2
Carolyn Davidson,D:\Novels Library\Final_all_books\Carolyn Davidson,2
Caroline Mitchell,D:\Novels Library\Final_all_books\Caroline Mitchell,2
"Carpenter, Amanda","D:\Novels Library\Final_all_books\Carpenter, Amanda",2
Carrie Fisher,D:\Novels Library\Final_all_books\Carrie Fisher,2
Casey Chu,D:\Novels Library\Final_all_books\Casey Chu,2
Carys Jones,D:\Novels Library\Final_all_books\Carys Jones,2
Cassandra Hallman,D:\Novels Library\Final_all_books\Cassandra Hallman,2
Cassandra Moore,D:\Novels Library\Final_all_books\Cassandra Moore,2
Cassidy Taylor,D:\Novels Library\Final_all_books\Cassidy Taylor,2
Cassidy K. O'Connor,D:\Novels Library\Final_all_books\Cassidy K. O'Connor,2
"Cast, P. C_","D:\Novels Library\Final_all_books\Cast, P. C_",2
Cate McKoy,D:\Novels Library\Final_all_books\Cate McKoy,2
"Cates, Georgia","D:\Novels Library\Final_all_books\Cates, Georgia",2
Catherine Coulter,D:\Novels Library\Final_all_books\Catherine Coulter,2
Catherine Jones Payne,D:\Novels Library\Final_all_books\Catherine Jones Payne,2
Catherine Newman,D:\Novels Library\Final_all_books\Catherine Newman,2
Catherine Spencer,D:\Novels Library\Final_all_books\Catherine Spencer,2
Catherine Tinley,D:\Novels Library\Final_all_books\Catherine Tinley,2
Catherine Vale,D:\Novels Library\Final_all_books\Catherine Vale,2
Cathleen Galitz,D:\Novels Library\Final_all_books\Cathleen Galitz,2
Cathrina Constantine,D:\Novels Library\Final_all_books\Cathrina Constantine,2
Cathy Peper,D:\Novels Library\Final_all_books\Cathy Peper,2
Cathy Yardley,D:\Novels Library\Final_all_books\Cathy Yardley,2
Cece Rose,D:\Novels Library\Final_all_books\Cece Rose,2
Celeste Raye,D:\Novels Library\Final_all_books\Celeste Raye,2
Celine Jeanjean,D:\Novels Library\Final_all_books\Celine Jeanjean,2
Celia Scott,D:\Novels Library\Final_all_books\Celia Scott,2
Celine Kiernan,D:\Novels Library\Final_all_books\Celine Kiernan,2
"Chanatry, Joya","D:\Novels Library\Final_all_books\Chanatry, Joya",2
Cerella Sechrist,D:\Novels Library\Final_all_books\Cerella Sechrist,2
Charlene Sands - The Slades of Sun,D:\Novels Library\Final_all_books\Charlene Sands - The Slades of Sun,2
Charli B. Rose,D:\Novels Library\Final_all_books\Charli B. Rose,2
Charlie Donlea,D:\Novels Library\Final_all_books\Charlie Donlea,2
Charlotte French,D:\Novels Library\Final_all_books\Charlotte French,2
Chase Austin,D:\Novels Library\Final_all_books\Chase Austin,2
Charmaine Wilkerson,D:\Novels Library\Final_all_books\Charmaine Wilkerson,2
Cheryl A. Head,D:\Novels Library\Final_all_books\Cheryl A. Head,2
"Chima, Cinda Williams","D:\Novels Library\Final_all_books\Chima, Cinda Williams",2
Chris Beckett,D:\Novels Library\Final_all_books\Chris Beckett,2
Chris Hollaway,D:\Novels Library\Final_all_books\Chris Hollaway,2
Chris Glatte,D:\Novels Library\Final_all_books\Chris Glatte,2
Chloe Vincent,D:\Novels Library\Final_all_books\Chloe Vincent,2
Chris Bunch,D:\Novels Library\Final_all_books\Chris Bunch,2
Chris Taylor,D:\Novels Library\Final_all_books\Chris Taylor,2
Chris Philbrook,D:\Novels Library\Final_all_books\Chris Philbrook,2
Christie Barlow,D:\Novels Library\Final_all_books\Christie Barlow,2
Chris Vines,D:\Novels Library\Final_all_books\Chris Vines,2
Christina Ross,D:\Novels Library\Final_all_books\Christina Ross,2
Christi Daugherty,D:\Novels Library\Final_all_books\Christi Daugherty,2
Christy Barritt,D:\Novels Library\Final_all_books\Christy Barritt,2
Christopher Rowe,D:\Novels Library\Final_all_books\Christopher Rowe,2
Christy Sloat,D:\Novels Library\Final_all_books\Christy Sloat,2
Cindi Madsen,D:\Novels Library\Final_all_books\Cindi Madsen,2
Cidney Swanson,D:\Novels Library\Final_all_books\Cidney Swanson,2
"Clair, Daphne","D:\Novels Library\Final_all_books\Clair, Daphne",2
Claire Diaz-Ortiz,D:\Novels Library\Final_all_books\Claire Diaz-Ortiz,2
Cindy Trimm,D:\Novels Library\Final_all_books\Cindy Trimm,2
Claire Adams,D:\Novels Library\Final_all_books\Claire Adams,2
Claire North,D:\Novels Library\Final_all_books\Claire North,2
Clara Hartley,D:\Novels Library\Final_all_books\Clara Hartley,2
Clare Sager,D:\Novels Library\Final_all_books\Clare Sager,2
Clare Lydon,D:\Novels Library\Final_all_books\Clare Lydon,2
Clarissa Carlyle,D:\Novels Library\Final_all_books\Clarissa Carlyle,2
Colby R. Rice,D:\Novels Library\Final_all_books\Colby R. Rice,2
"Coelho, Paulo","D:\Novels Library\Final_all_books\Coelho, Paulo",2
Colleen Coble,D:\Novels Library\Final_all_books\Colleen Coble,2
Colleen Halverson,D:\Novels Library\Final_all_books\Colleen Halverson,2
Colleen McCullough,D:\Novels Library\Final_all_books\Colleen McCullough,2
Connie Hall,D:\Novels Library\Final_all_books\Connie Hall,2
Connor Whiteley,D:\Novels Library\Final_all_books\Connor Whiteley,2
"Cooke, Cynthia","D:\Novels Library\Final_all_books\Cooke, Cynthia",2
"Collins, Suzanne","D:\Novels Library\Final_all_books\Collins, Suzanne",2
Conn Iggulden,D:\Novels Library\Final_all_books\Conn Iggulden,2
Cora Carmack,D:\Novels Library\Final_all_books\Cora Carmack,2
Copyright-Paperback-collection-lib,D:\Novels Library\Final_all_books\Copyright-Paperback-collection-lib,2
Cornelia Funke,D:\Novels Library\Final_all_books\Cornelia Funke,2
Cortney Pearson,D:\Novels Library\Final_all_books\Cortney Pearson,2
Costanza Casati,D:\Novels Library\Final_all_books\Costanza Casati,2
Courtney Konstantin,D:\Novels Library\Final_all_books\Courtney Konstantin,2
Craig Allen,D:\Novels Library\Final_all_books\Craig Allen,2
Craig Shaw Gardner,D:\Novels Library\Final_all_books\Craig Shaw Gardner,2
"Craven, Sara","D:\Novels Library\Final_all_books\Craven, Sara",2
"Crichton, Michael","D:\Novels Library\Final_all_books\Crichton, Michael",2
Craig DiLouie,D:\Novels Library\Final_all_books\Craig DiLouie,2
"Crockwell, Minnie","D:\Novels Library\Final_all_books\Crockwell, Minnie",2
Crystal Green,D:\Novels Library\Final_all_books\Crystal Green,2
"Crewes, Amber","D:\Novels Library\Final_all_books\Crewes, Amber",2
Curtis Craddock,D:\Novels Library\Final_all_books\Curtis Craddock,2
D. H. Sidebottom,D:\Novels Library\Final_all_books\D. H. Sidebottom,2
D. P. Prior,D:\Novels Library\Final_all_books\D. P. Prior,2
D. Wink,D:\Novels Library\Final_all_books\D. Wink,2
D. R. Perry,D:\Novels Library\Final_all_books\D. R. Perry,2
Daisy Allen,D:\Novels Library\Final_all_books\Daisy Allen,2
Daisy St. James,D:\Novels Library\Final_all_books\Daisy St. James,2
Dan Simmons,D:\Novels Library\Final_all_books\Dan Simmons,2
"Dana Mentink, Jane M. Choate","D:\Novels Library\Final_all_books\Dana Mentink, Jane M. Choate",2
Dan Stratman,D:\Novels Library\Final_all_books\Dan Stratman,2
Daniel Abraham,D:\Novels Library\Final_all_books\Daniel Abraham,2
Danica Rayne,D:\Novels Library\Final_all_books\Danica Rayne,2
Daniel Polansky,D:\Novels Library\Final_all_books\Daniel Polansky,2
Daniel Price,D:\Novels Library\Final_all_books\Daniel Price,2
Daniel Silva,D:\Novels Library\Final_all_books\Daniel Silva,2
Danielle Harrington,D:\Novels Library\Final_all_books\Danielle Harrington,2
Danielle Henderson,D:\Novels Library\Final_all_books\Danielle Henderson,2
Danielle Trussoni,D:\Novels Library\Final_all_books\Danielle Trussoni,2
Daphne Sheldrick,D:\Novels Library\Final_all_books\Daphne Sheldrick,2
Darcy Coates,D:\Novels Library\Final_all_books\Darcy Coates,2
"Darko, Dawn","D:\Novels Library\Final_all_books\Darko, Dawn",2
Daryl Thompson,D:\Novels Library\Final_all_books\Daryl Thompson,2
David A. Adler,D:\Novels Library\Final_all_books\David A. Adler,2
David Chandler,D:\Novels Library\Final_all_books\David Chandler,2
David Epstein,D:\Novels Library\Final_all_books\David Epstein,2
David Gross,D:\Novels Library\Final_all_books\David Gross,2
David Litwack,D:\Novels Library\Final_all_books\David Litwack,2
David Nicholls,D:\Novels Library\Final_all_books\David Nicholls,2
Dawn Atkins,D:\Novels Library\Final_all_books\Dawn Atkins,2
"Dawson, Mark","D:\Novels Library\Final_all_books\Dawson, Mark",2
Debbie Behan,D:\Novels Library\Final_all_books\Debbie Behan,2
Debra Dunbar,D:\Novels Library\Final_all_books\Debra Dunbar,2
Delia Stewart,D:\Novels Library\Final_all_books\Delia Stewart,2
Delilah Devlin,D:\Novels Library\Final_all_books\Delilah Devlin,2
Den Patrick,D:\Novels Library\Final_all_books\Den Patrick,2
Dennis Lehane,D:\Novels Library\Final_all_books\Dennis Lehane,2
Dervla McTiernan,D:\Novels Library\Final_all_books\Dervla McTiernan,2
Devon C. Ford,D:\Novels Library\Final_all_books\Devon C. Ford,2
Devin Morgan,D:\Novels Library\Final_all_books\Devin Morgan,2
Devon C Ford,D:\Novels Library\Final_all_books\Devon C Ford,2
Diana A. Hicks,D:\Novels Library\Final_all_books\Diana A. Hicks,2
Diana Anyango,D:\Novels Library\Final_all_books\Diana Anyango,2
"Dessertine, Rebecca","D:\Novels Library\Final_all_books\Dessertine, Rebecca",2
Diana Cosby,D:\Novels Library\Final_all_books\Diana Cosby,2
Diane Ezzard,D:\Novels Library\Final_all_books\Diane Ezzard,2
Dianne Harman,D:\Novels Library\Final_all_books\Dianne Harman,2
"Dick, Philip K_","D:\Novels Library\Final_all_books\Dick, Philip K_",2
Dominique Kristine,D:\Novels Library\Final_all_books\Dominique Kristine,2
Don DeLillo,D:\Novels Library\Final_all_books\Don DeLillo,2
Don Winslow,D:\Novels Library\Final_all_books\Don Winslow,2
Donna Joy Usher,D:\Novels Library\Final_all_books\Donna Joy Usher,2
Donna Tartt,D:\Novels Library\Final_all_books\Donna Tartt,2
Dr. Seuss,D:\Novels Library\Final_all_books\Dr. Seuss,2
Duane Lindsay,D:\Novels Library\Final_all_books\Duane Lindsay,2
E M Graham,D:\Novels Library\Final_all_books\E M Graham,2
E. Hall,D:\Novels Library\Final_all_books\E. Hall,2
E.A. Copen,D:\Novels Library\Final_all_books\E.A. Copen,2
E. M. Graham,D:\Novels Library\Final_all_books\E. M. Graham,2
E.L. Todd,D:\Novels Library\Final_all_books\E.L. Todd,2
Ebony Olson,D:\Novels Library\Final_all_books\Ebony Olson,2
Edward Klein,D:\Novels Library\Final_all_books\Edward Klein,2
Eileen Dreyer,D:\Novels Library\Final_all_books\Eileen Dreyer,2
Elaine Barris,D:\Novels Library\Final_all_books\Elaine Barris,2
Eleanor Rousseau,D:\Novels Library\Final_all_books\Eleanor Rousseau,2
Elin Hilderbrand,D:\Novels Library\Final_all_books\Elin Hilderbrand,2
Elina Vale,D:\Novels Library\Final_all_books\Elina Vale,2
Elena M. Reyes,D:\Novels Library\Final_all_books\Elena M. Reyes,2
Elizabeth Bailey,D:\Novels Library\Final_all_books\Elizabeth Bailey,2
Elizabeth Hoyt,D:\Novels Library\Final_all_books\Elizabeth Hoyt,2
Elizabeth Lim,D:\Novels Library\Final_all_books\Elizabeth Lim,2
Elizabeth O'Roark,D:\Novels Library\Final_all_books\Elizabeth O'Roark,2
Elizabeth Rudnick,D:\Novels Library\Final_all_books\Elizabeth Rudnick,2
Elizabeth Strout,D:\Novels Library\Final_all_books\Elizabeth Strout,2
Ella Goode,D:\Novels Library\Final_all_books\Ella Goode,2
Ella Frank,D:\Novels Library\Final_all_books\Ella Frank,2
Elle Cardy,D:\Novels Library\Final_all_books\Elle Cardy,2
Ellen Hopkins,D:\Novels Library\Final_all_books\Ellen Hopkins,2
Ellie Darkins,D:\Novels Library\Final_all_books\Ellie Darkins,2
Ellie Midwood,D:\Novels Library\Final_all_books\Ellie Midwood,2
Eloisa James,D:\Novels Library\Final_all_books\Eloisa James,2
Emily Colin,D:\Novels Library\Final_all_books\Emily Colin,2
Emily Henry,D:\Novels Library\Final_all_books\Emily Henry,2
Emily May,D:\Novels Library\Final_all_books\Emily May,2
Emily Lowry,D:\Novels Library\Final_all_books\Emily Lowry,2
Emily Queen,D:\Novels Library\Final_all_books\Emily Queen,2
Emily Skrutskie,D:\Novels Library\Final_all_books\Emily Skrutskie,2
Emma Curtis,D:\Novels Library\Final_all_books\Emma Curtis,2
Emma Cline,D:\Novels Library\Final_all_books\Emma Cline,2
Emily R. King,D:\Novels Library\Final_all_books\Emily R. King,2
Emma Hart,D:\Novels Library\Final_all_books\Emma Hart,2
Emma L Adams,D:\Novels Library\Final_all_books\Emma L Adams,2
Emma White,D:\Novels Library\Final_all_books\Emma White,2
Emmy Grayson,D:\Novels Library\Final_all_books\Emmy Grayson,2
Eric van Lustbader,D:\Novels Library\Final_all_books\Eric van Lustbader,2
Erica Cameron,D:\Novels Library\Final_all_books\Erica Cameron,2
Erik Brodin,D:\Novels Library\Final_all_books\Erik Brodin,2
Erik Scott de Bie,D:\Novels Library\Final_all_books\Erik Scott de Bie,2
Erin Beaty,D:\Novels Library\Final_all_books\Erin Beaty,2
Erin M. Evans,D:\Novels Library\Final_all_books\Erin M. Evans,2
Erin R Flynn,D:\Novels Library\Final_all_books\Erin R Flynn,2
Erin O'Kane,D:\Novels Library\Final_all_books\Erin O'Kane,2
Ernest Dempsey,D:\Novels Library\Final_all_books\Ernest Dempsey,2
Esme Devlin,D:\Novels Library\Final_all_books\Esme Devlin,2
Euryia Larsen,D:\Novels Library\Final_all_books\Euryia Larsen,2
Esther M. Friesner,D:\Novels Library\Final_all_books\Esther M. Friesner,2
Eva Delaney,D:\Novels Library\Final_all_books\Eva Delaney,2
Esther Mitchell,D:\Novels Library\Final_all_books\Esther Mitchell,2
Ethan Summers,D:\Novels Library\Final_all_books\Ethan Summers,2
Eva Dresden,D:\Novels Library\Final_all_books\Eva Dresden,2
Eve Black,D:\Novels Library\Final_all_books\Eve Black,2
Eve Pendle,D:\Novels Library\Final_all_books\Eve Pendle,2
Eve Gaddy,D:\Novels Library\Final_all_books\Eve Gaddy,2
Evelyn Lederman,D:\Novels Library\Final_all_books\Evelyn Lederman,2
Everly Claire,D:\Novels Library\Final_all_books\Everly Claire,2
Ezra Dawn,D:\Novels Library\Final_all_books\Ezra Dawn,2
Evie Manieri,D:\Novels Library\Final_all_books\Evie Manieri,2
Everet Martins,D:\Novels Library\Final_all_books\Everet Martins,2
Felicity Brandon,D:\Novels Library\Final_all_books\Felicity Brandon,2
"Feehan, Christine","D:\Novels Library\Final_all_books\Feehan, Christine",2
"Falkner, Tammy","D:\Novels Library\Final_all_books\Falkner, Tammy",2
"Faye, Madison","D:\Novels Library\Final_all_books\Faye, Madison",2
Felicia Day,D:\Novels Library\Final_all_books\Felicia Day,2
"FERRARELLA, MARIE","D:\Novels Library\Final_all_books\FERRARELLA, MARIE",2
Fiona Harper,D:\Novels Library\Final_all_books\Fiona Harper,2
"Ferguson, Emilia","D:\Novels Library\Final_all_books\Ferguson, Emilia",2
Fiona Hood-Stewart,D:\Novels Library\Final_all_books\Fiona Hood-Stewart,2
Fonda Lee,D:\Novels Library\Final_all_books\Fonda Lee,2
"Fox, Ella","D:\Novels Library\Final_all_books\Fox, Ella",2
Forthright,D:\Novels Library\Final_all_books\Forthright,2
"Force, Marie","D:\Novels Library\Final_all_books\Force, Marie",2
Francis Scott Fitzgerald,D:\Novels Library\Final_all_books\Francis Scott Fitzgerald,2
"Frazier, T.M_","D:\Novels Library\Final_all_books\Frazier, T.M_",2
Fredric Shernoff,D:\Novels Library\Final_all_books\Fredric Shernoff,2
G. Kelly,D:\Novels Library\Final_all_books\G. Kelly,2
G. S. Prendergast,D:\Novels Library\Final_all_books\G. S. Prendergast,2
"Gabaldon, Diana","D:\Novels Library\Final_all_books\Gabaldon, Diana",2
Gabrielle Zevin,D:\Novels Library\Final_all_books\Gabrielle Zevin,2
G. M. Gabriels,D:\Novels Library\Final_all_books\G. M. Gabriels,2
Gary Gibson,D:\Novels Library\Final_all_books\Gary Gibson,2
Gary Winston Brown,D:\Novels Library\Final_all_books\Gary Winston Brown,2
Garth Nix,D:\Novels Library\Final_all_books\Garth Nix,2
Genevieve Jack,D:\Novels Library\Final_all_books\Genevieve Jack,2
Georgia Le Carre,D:\Novels Library\Final_all_books\Georgia Le Carre,2
George Sirois,D:\Novels Library\Final_all_books\George Sirois,2
Georgia Evans,D:\Novels Library\Final_all_books\Georgia Evans,2
Georgina Makalani,D:\Novels Library\Final_all_books\Georgina Makalani,2
Geraldine Evans,D:\Novels Library\Final_all_books\Geraldine Evans,2
Gerald N. Lund,D:\Novels Library\Final_all_books\Gerald N. Lund,2
Gilbert Morris,D:\Novels Library\Final_all_books\Gilbert Morris,2
Gina Manis,D:\Novels Library\Final_all_books\Gina Manis,2
Glenna Sinclair,D:\Novels Library\Final_all_books\Glenna Sinclair,2
"Goode, Ella","D:\Novels Library\Final_all_books\Goode, Ella",2
Gordon Andrews,D:\Novels Library\Final_all_books\Gordon Andrews,2
"Goel, Himanshu","D:\Novels Library\Final_all_books\Goel, Himanshu",2
"Granger, Krissyann","D:\Novels Library\Final_all_books\Granger, Krissyann",2
Grace McGinty,D:\Novels Library\Final_all_books\Grace McGinty,2
"Greene, Robert","D:\Novels Library\Final_all_books\Greene, Robert",2
Greer Hendricks,D:\Novels Library\Final_all_books\Greer Hendricks,2
"Greene, Leighton","D:\Novels Library\Final_all_books\Greene, Leighton",2
Gregg Jarrett,D:\Novels Library\Final_all_books\Gregg Jarrett,2
Gwen Rivers,D:\Novels Library\Final_all_books\Gwen Rivers,2
H. K. Savage,D:\Novels Library\Final_all_books\H. K. Savage,2
H. G. Wells,D:\Novels Library\Final_all_books\H. G. Wells,2
H.L. Swan,D:\Novels Library\Final_all_books\H.L. Swan,2
"Handler, Chelsea","D:\Novels Library\Final_all_books\Handler, Chelsea",2
Harper Jenkins,D:\Novels Library\Final_all_books\Harper Jenkins,2
"Harper, Molly","D:\Novels Library\Final_all_books\Harper, Molly",2
Harlan Coben,D:\Novels Library\Final_all_books\Harlan Coben,2
"Harrison, Thea","D:\Novels Library\Final_all_books\Harrison, Thea",2
Harvard Business Review,D:\Novels Library\Final_all_books\Harvard Business Review,2
Haven Cage,D:\Novels Library\Final_all_books\Haven Cage,2
"Hayden, David Alastair","D:\Novels Library\Final_all_books\Hayden, David Alastair",2
"Hawkins, Rachel","D:\Novels Library\Final_all_books\Hawkins, Rachel",2
"Hawking, Stephen","D:\Novels Library\Final_all_books\Hawking, Stephen",2
"Harris, Charlaine","D:\Novels Library\Final_all_books\Harris, Charlaine",2
Heather Atkinson,D:\Novels Library\Final_all_books\Heather Atkinson,2
Heather Carson,D:\Novels Library\Final_all_books\Heather Carson,2
Heather C. Myers,D:\Novels Library\Final_all_books\Heather C. Myers,2
Hazel Grace,D:\Novels Library\Final_all_books\Hazel Grace,2
Heather L. Reid,D:\Novels Library\Final_all_books\Heather L. Reid,2
Heather Morris,D:\Novels Library\Final_all_books\Heather Morris,2
Heidi Lowe,D:\Novels Library\Final_all_books\Heidi Lowe,2
Helen Blume,D:\Novels Library\Final_all_books\Helen Blume,2
Helen Susan Swift,D:\Novels Library\Final_all_books\Helen Susan Swift,2
Helen Hoang,D:\Novels Library\Final_all_books\Helen Hoang,2
Helen Phillips,D:\Novels Library\Final_all_books\Helen Phillips,2
Hermann Hesse,D:\Novels Library\Final_all_books\Hermann Hesse,2
Hephaestus Books,D:\Novels Library\Final_all_books\Hephaestus Books,2
"Higson, Charlie","D:\Novels Library\Final_all_books\Higson, Charlie",2
"Hofmann, Corinne","D:\Novels Library\Final_all_books\Hofmann, Corinne",2
Homer,D:\Novels Library\Final_all_books\Homer,2
"Howard, Blair","D:\Novels Library\Final_all_books\Howard, Blair",2
Hunter Blain,D:\Novels Library\Final_all_books\Hunter Blain,2
Hugh Howey,D:\Novels Library\Final_all_books\Hugh Howey,2
Ian C Esslemont,D:\Novels Library\Final_all_books\Ian C Esslemont,2
Iain Rob Wright,D:\Novels Library\Final_all_books\Iain Rob Wright,2
Id Johnson,D:\Novels Library\Final_all_books\Id Johnson,2
"Inglis, K.G_","D:\Novels Library\Final_all_books\Inglis, K.G_",2
Irene Trimble,D:\Novels Library\Final_all_books\Irene Trimble,2
Ira Robinson,D:\Novels Library\Final_all_books\Ira Robinson,2
Iris Kincaid,D:\Novels Library\Final_all_books\Iris Kincaid,2
Isaac Marion,D:\Novels Library\Final_all_books\Isaac Marion,2
Isabel Wilkerson,D:\Novels Library\Final_all_books\Isabel Wilkerson,2
J. A. Campbell,D:\Novels Library\Final_all_books\J. A. Campbell,2
J. A. Owenby,D:\Novels Library\Final_all_books\J. A. Owenby,2
J. A. Redmerski,D:\Novels Library\Final_all_books\J. A. Redmerski,2
J. A. Kerley,D:\Novels Library\Final_all_books\J. A. Kerley,2
J. B. Trepagnier,D:\Novels Library\Final_all_books\J. B. Trepagnier,2
J. C. Reed,D:\Novels Library\Final_all_books\J. C. Reed,2
J. C. Cervantes,D:\Novels Library\Final_all_books\J. C. Cervantes,2
J. D. Salinger,D:\Novels Library\Final_all_books\J. D. Salinger,2
J. J. McAvoy,D:\Novels Library\Final_all_books\J. J. McAvoy,2
J. E. Mueller,D:\Novels Library\Final_all_books\J. E. Mueller,2
J. Lynn,D:\Novels Library\Final_all_books\J. Lynn,2
J. M. Darhower,D:\Novels Library\Final_all_books\J. M. Darhower,2
J. Margot Critch,D:\Novels Library\Final_all_books\J. Margot Critch,2
J. R. Marshall,D:\Novels Library\Final_all_books\J. R. Marshall,2
J. S. Donovan,D:\Novels Library\Final_all_books\J. S. Donovan,2
J. S. Dark,D:\Novels Library\Final_all_books\J. S. Dark,2
J.A. Culican,D:\Novels Library\Final_all_books\J.A. Culican,2
J.A. Hinchey,D:\Novels Library\Final_all_books\J.A. Hinchey,2
J.A. Owenby,D:\Novels Library\Final_all_books\J.A. Owenby,2
J.D.L. Rosell,D:\Novels Library\Final_all_books\J.D.L. Rosell,2
J.E. Taylor,D:\Novels Library\Final_all_books\J.E. Taylor,2
J.M. Clarke,D:\Novels Library\Final_all_books\J.M. Clarke,2
J.N. Colon,D:\Novels Library\Final_all_books\J.N. Colon,2
J.R. Rain,D:\Novels Library\Final_all_books\J.R. Rain,2
J.P. Oliver,D:\Novels Library\Final_all_books\J.P. Oliver,2
J.T. Williams,D:\Novels Library\Final_all_books\J.T. Williams,2
Jack Knight,D:\Novels Library\Final_all_books\Jack Knight,2
Jace Mitchell,D:\Novels Library\Final_all_books\Jace Mitchell,2
Jackie Morse Kessler,D:\Novels Library\Final_all_books\Jackie Morse Kessler,2
Jacob McElligott,D:\Novels Library\Final_all_books\Jacob McElligott,2
Jacquelin Thomas,D:\Novels Library\Final_all_books\Jacquelin Thomas,2
Jacquelyn Lorin,D:\Novels Library\Final_all_books\Jacquelyn Lorin,2
Jake Tapper,D:\Novels Library\Final_all_books\Jake Tapper,2
Jakob H. Greif,D:\Novels Library\Final_all_books\Jakob H. Greif,2
James Joyce,D:\Novels Library\Final_all_books\James Joyce,2
James Lee Burke,D:\Novels Library\Final_all_books\James Lee Burke,2
James McBride,D:\Novels Library\Final_all_books\James McBride,2
James Riley,D:\Novels Library\Final_all_books\James Riley,2
James Swain,D:\Novels Library\Final_all_books\James Swain,2
"James, E L","D:\Novels Library\Final_all_books\James, E L",2
Jamie Hawke,D:\Novels Library\Final_all_books\Jamie Hawke,2
Jamie Thornton,D:\Novels Library\Final_all_books\Jamie Thornton,2
Jana LaPelle,D:\Novels Library\Final_all_books\Jana LaPelle,2
Janet Edwards,D:\Novels Library\Final_all_books\Janet Edwards,2
Janette Kenny,D:\Novels Library\Final_all_books\Janette Kenny,2
Jarah Aurel,D:\Novels Library\Final_all_books\Jarah Aurel,2
Jarica James,D:\Novels Library\Final_all_books\Jarica James,2
Jason Cheek,D:\Novels Library\Final_all_books\Jason Cheek,2
Jay Aspen,D:\Novels Library\Final_all_books\Jay Aspen,2
Jayme Morse,D:\Novels Library\Final_all_books\Jayme Morse,2
Jayne Hawke,D:\Novels Library\Final_all_books\Jayne Hawke,2
Jean Booth,D:\Novels Library\Final_all_books\Jean Booth,2
Jayne Bauling,D:\Novels Library\Final_all_books\Jayne Bauling,2
Jeanie London,D:\Novels Library\Final_all_books\Jeanie London,2
Jean Hanff Korelitz,D:\Novels Library\Final_all_books\Jean Hanff Korelitz,2
Jeannie Lin,D:\Novels Library\Final_all_books\Jeannie Lin,2
Jeff Carson,D:\Novels Library\Final_all_books\Jeff Carson,2
Jeffrey Gettleman,D:\Novels Library\Final_all_books\Jeffrey Gettleman,2
Jemi Fraser,D:\Novels Library\Final_all_books\Jemi Fraser,2
Jenika Snow,D:\Novels Library\Final_all_books\Jenika Snow,2
Jennifer E. Smith,D:\Novels Library\Final_all_books\Jennifer E. Smith,2
Jennifer K. Thomas,D:\Novels Library\Final_all_books\Jennifer K. Thomas,2
Jennifer Martucci,D:\Novels Library\Final_all_books\Jennifer Martucci,2
Jenny Han,D:\Novels Library\Final_all_books\Jenny Han,2
Jenny Schwartz,D:\Novels Library\Final_all_books\Jenny Schwartz,2
Jerry Burgan,D:\Novels Library\Final_all_books\Jerry Burgan,2
Jessica Aspen,D:\Novels Library\Final_all_books\Jessica Aspen,2
Jessica Spotswood,D:\Novels Library\Final_all_books\Jessica Spotswood,2
Jessika Klide,D:\Novels Library\Final_all_books\Jessika Klide,2
Jessica Lynch,D:\Novels Library\Final_all_books\Jessica Lynch,2
Jet Lupin,D:\Novels Library\Final_all_books\Jet Lupin,2
Jill Sanders,D:\Novels Library\Final_all_books\Jill Sanders,2
Jin Yong,D:\Novels Library\Final_all_books\Jin Yong,2
Joan Kilby,D:\Novels Library\Final_all_books\Joan Kilby,2
Joanna Mazurkiewicz,D:\Novels Library\Final_all_books\Joanna Mazurkiewicz,2
Jobie Baldwin,D:\Novels Library\Final_all_books\Jobie Baldwin,2
Joanna Russ,D:\Novels Library\Final_all_books\Joanna Russ,2
Jodi Ellen Malpas,D:\Novels Library\Final_all_books\Jodi Ellen Malpas,2
Joe Hill,D:\Novels Library\Final_all_books\Joe Hill,2
Joelle Charbonneau,D:\Novels Library\Final_all_books\Joelle Charbonneau,2
John Marrs,D:\Novels Library\Final_all_books\John Marrs,2
John Robert Greene,D:\Novels Library\Final_all_books\John Robert Greene,2
John Paul Catton,D:\Novels Library\Final_all_books\John Paul Catton,2
John Spurling,D:\Novels Library\Final_all_books\John Spurling,2
John Stonehouse,D:\Novels Library\Final_all_books\John Stonehouse,2
John Schember,D:\Novels Library\Final_all_books\John Schember,2
John Walker,D:\Novels Library\Final_all_books\John Walker,2
John R. Monteith,D:\Novels Library\Final_all_books\John R. Monteith,2
Jon Meacham,D:\Novels Library\Final_all_books\Jon Meacham,2
Jon Scieszka,D:\Novels Library\Final_all_books\Jon Scieszka,2
"Johnson, Erin","D:\Novels Library\Final_all_books\Johnson, Erin",2
Jonathan Brooks,D:\Novels Library\Final_all_books\Jonathan Brooks,2
Jonathan Evison,D:\Novels Library\Final_all_books\Jonathan Evison,2
Joseph Conrad,D:\Novels Library\Final_all_books\Joseph Conrad,2
Joseph Nassise,D:\Novels Library\Final_all_books\Joseph Nassise,2
Josh D. Sanders,D:\Novels Library\Final_all_books\Josh D. Sanders,2
Joshua James,D:\Novels Library\Final_all_books\Joshua James,2
Joshua Brown,D:\Novels Library\Final_all_books\Joshua Brown,2
Joy Ohagwu,D:\Novels Library\Final_all_books\Joy Ohagwu,2
Judith Thurman,D:\Novels Library\Final_all_books\Judith Thurman,2
Julia Huni,D:\Novels Library\Final_all_books\Julia Huni,2
Julia Sykes,D:\Novels Library\Final_all_books\Julia Sykes,2
Julian Soriano,D:\Novels Library\Final_all_books\Julian Soriano,2
Julie Hall,D:\Novels Library\Final_all_books\Julie Hall,2
Julie K. Cohen,D:\Novels Library\Final_all_books\Julie K. Cohen,2
Julie Cohen,D:\Novels Library\Final_all_books\Julie Cohen,2
Julie Tetel Andresen,D:\Novels Library\Final_all_books\Julie Tetel Andresen,2
Juliet James,D:\Novels Library\Final_all_books\Juliet James,2
Juliet E. McKenna,D:\Novels Library\Final_all_books\Juliet E. McKenna,2
Juliette Duncan,D:\Novels Library\Final_all_books\Juliette Duncan,2
Juniper Hart,D:\Novels Library\Final_all_books\Juniper Hart,2
Justin Cronin,D:\Novels Library\Final_all_books\Justin Cronin,2
K C Alexander,D:\Novels Library\Final_all_books\K C Alexander,2
K. A Knight,D:\Novels Library\Final_all_books\K. A Knight,2
K. E. Brungardt,D:\Novels Library\Final_all_books\K. E. Brungardt,2
K. C. May,D:\Novels Library\Final_all_books\K. C. May,2
K. L. Reinhart,D:\Novels Library\Final_all_books\K. L. Reinhart,2
K. R. Martin,D:\Novels Library\Final_all_books\K. R. Martin,2
K. Swanson,D:\Novels Library\Final_all_books\K. Swanson,2
K.A. Tucker,D:\Novels Library\Final_all_books\K.A. Tucker,2
K.A Knight,D:\Novels Library\Final_all_books\K.A Knight,2
K. S. Haigwood,D:\Novels Library\Final_all_books\K. S. Haigwood,2
K.T. Tomb,D:\Novels Library\Final_all_books\K.T. Tomb,2
Kade Derricks,D:\Novels Library\Final_all_books\Kade Derricks,2
"Kane, Jessa","D:\Novels Library\Final_all_books\Kane, Jessa",2
Karen Eisenbrey,D:\Novels Library\Final_all_books\Karen Eisenbrey,2
Karen Marie Moning,D:\Novels Library\Final_all_books\Karen Marie Moning,2
Karin De Havin,D:\Novels Library\Final_all_books\Karin De Havin,2
Karla Darcy,D:\Novels Library\Final_all_books\Karla Darcy,2
Karin Tabke,D:\Novels Library\Final_all_books\Karin Tabke,2
Kat Ross,D:\Novels Library\Final_all_books\Kat Ross,2
Kate Hoffmann,D:\Novels Library\Final_all_books\Kate Hoffmann,2
Kate James,D:\Novels Library\Final_all_books\Kate James,2
Kate Little,D:\Novels Library\Final_all_books\Kate Little,2
Kate Quinn,D:\Novels Library\Final_all_books\Kate Quinn,2
Kate Nova,D:\Novels Library\Final_all_books\Kate Nova,2
"Kate, Lauren","D:\Novels Library\Final_all_books\Kate, Lauren",2
Katharine McGee,D:\Novels Library\Final_all_books\Katharine McGee,2
Katherine Howe,D:\Novels Library\Final_all_books\Katherine Howe,2
Kathi S. Barton,D:\Novels Library\Final_all_books\Kathi S. Barton,2
Kathryn Croft,D:\Novels Library\Final_all_books\Kathryn Croft,2
Kathryn Purdie,D:\Novels Library\Final_all_books\Kathryn Purdie,2
Katie Alender,D:\Novels Library\Final_all_books\Katie Alender,2
Katie Tsang,D:\Novels Library\Final_all_books\Katie Tsang,2
Kay P. Dawson,D:\Novels Library\Final_all_books\Kay P. Dawson,2
Kazuo Ishiguro,D:\Novels Library\Final_all_books\Kazuo Ishiguro,2
"Kayn, Debra","D:\Novels Library\Final_all_books\Kayn, Debra",2
Kay L. Moody,D:\Novels Library\Final_all_books\Kay L. Moody,2
Kaylin Lee,D:\Novels Library\Final_all_books\Kaylin Lee,2
Keith McArdle,D:\Novels Library\Final_all_books\Keith McArdle,2
Kelley St. John,D:\Novels Library\Final_all_books\Kelley St. John,2
Kellee L. Greene,D:\Novels Library\Final_all_books\Kellee L. Greene,2
Kele Moon,D:\Novels Library\Final_all_books\Kele Moon,2
Kelly Ethan,D:\Novels Library\Final_all_books\Kelly Ethan,2
Ken Lindsey,D:\Novels Library\Final_all_books\Ken Lindsey,2
Kelly St. Clare,D:\Novels Library\Final_all_books\Kelly St. Clare,2
Kennedy Odede,D:\Novels Library\Final_all_books\Kennedy Odede,2
"Kennedy, Elle","D:\Novels Library\Final_all_books\Kennedy, Elle",2
Keri Lake,D:\Novels Library\Final_all_books\Keri Lake,2
"Kenner, J_","D:\Novels Library\Final_all_books\Kenner, J_",2
Kevin Hearne,D:\Novels Library\Final_all_books\Kevin Hearne,2
Khadija Abdalla Bajaber,D:\Novels Library\Final_all_books\Khadija Abdalla Bajaber,2
Kevin Hoffman,D:\Novels Library\Final_all_books\Kevin Hoffman,2
Ki Longfellow,D:\Novels Library\Final_all_books\Ki Longfellow,2
Khaled Hosseini,D:\Novels Library\Final_all_books\Khaled Hosseini,2
Kiera Legend,D:\Novels Library\Final_all_books\Kiera Legend,2
Kevin Crossley-Holland,D:\Novels Library\Final_all_books\Kevin Crossley-Holland,2
Kilian Grey,D:\Novels Library\Final_all_books\Kilian Grey,2
Kiligry,D:\Novels Library\Final_all_books\Kiligry,2
Kim Hunter,D:\Novels Library\Final_all_books\Kim Hunter,2
"Kiriamiti, John, 1950-","D:\Novels Library\Final_all_books\Kiriamiti, John, 1950-",2
Kit Hallows,D:\Novels Library\Final_all_books\Kit Hallows,2
Kit Bladegrave,D:\Novels Library\Final_all_books\Kit Bladegrave,2
Kirsten McKenzie,D:\Novels Library\Final_all_books\Kirsten McKenzie,2
"Kong, Jessica","D:\Novels Library\Final_all_books\Kong, Jessica",2
KJ Bell,D:\Novels Library\Final_all_books\KJ Bell,2
Kristen Ashley,D:\Novels Library\Final_all_books\Kristen Ashley,2
Kristen L. Painter,D:\Novels Library\Final_all_books\Kristen L. Painter,2
Kristen Kara,D:\Novels Library\Final_all_books\Kristen Kara,2
Kory Stamper,D:\Novels Library\Final_all_books\Kory Stamper,2
Klay Testamark,D:\Novels Library\Final_all_books\Klay Testamark,2
Kristian Alva,D:\Novels Library\Final_all_books\Kristian Alva,2
Kristen Strassel,D:\Novels Library\Final_all_books\Kristen Strassel,2
Kristin Cashore,D:\Novels Library\Final_all_books\Kristin Cashore,2
Kristie Cook,D:\Novels Library\Final_all_books\Kristie Cook,2
Kristin King,D:\Novels Library\Final_all_books\Kristin King,2
Kuki Gallmann,D:\Novels Library\Final_all_books\Kuki Gallmann,2
Kristy Cunning,D:\Novels Library\Final_all_books\Kristy Cunning,2
Kyrja,D:\Novels Library\Final_all_books\Kyrja,2
Kurt Vonnegut Jr_,D:\Novels Library\Final_all_books\Kurt Vonnegut Jr_,2
L. A. Johnson,D:\Novels Library\Final_all_books\L. A. Johnson,2
Kylie Scott,D:\Novels Library\Final_all_books\Kylie Scott,2
L. A. Weatherly,D:\Novels Library\Final_all_books\L. A. Weatherly,2
L. Ann,D:\Novels Library\Final_all_books\L. Ann,2
Kyra Gregory,D:\Novels Library\Final_all_books\Kyra Gregory,2
L A Cotton,D:\Novels Library\Final_all_books\L A Cotton,2
L. E. Modesitt,D:\Novels Library\Final_all_books\L. E. Modesitt,2
L. C. Mortimer,D:\Novels Library\Final_all_books\L. C. Mortimer,2
L. F. Piper,D:\Novels Library\Final_all_books\L. F. Piper,2
L. J. Stock,D:\Novels Library\Final_all_books\L. J. Stock,2
L. K. Rigel,D:\Novels Library\Final_all_books\L. K. Rigel,2
L. L. McNeil,D:\Novels Library\Final_all_books\L. L. McNeil,2
L.A. Johnson,D:\Novels Library\Final_all_books\L.A. Johnson,2
L.A. McGinnis,D:\Novels Library\Final_all_books\L.A. McGinnis,2
L.C. Mortimer,D:\Novels Library\Final_all_books\L.C. Mortimer,2
L.C. Pye,D:\Novels Library\Final_all_books\L.C. Pye,2
L.J. Smith,D:\Novels Library\Final_all_books\L.J. Smith,2
La Fonceur,D:\Novels Library\Final_all_books\La Fonceur,2
L.E. Wilson,D:\Novels Library\Final_all_books\L.E. Wilson,2
Lakota Grace,D:\Novels Library\Final_all_books\Lakota Grace,2
Laramie Briscoe,D:\Novels Library\Final_all_books\Laramie Briscoe,2
Larissa Reinhart,D:\Novels Library\Final_all_books\Larissa Reinhart,2
Larry Correia,D:\Novels Library\Final_all_books\Larry Correia,2
LaToya Watkins,D:\Novels Library\Final_all_books\LaToya Watkins,2
Laura Lippman,D:\Novels Library\Final_all_books\Laura Lippman,2
Laura Hall,D:\Novels Library\Final_all_books\Laura Hall,2
Lauren Hawkeye,D:\Novels Library\Final_all_books\Lauren Hawkeye,2
Lauren Landish,D:\Novels Library\Final_all_books\Lauren Landish,2
Lauretta Hignett,D:\Novels Library\Final_all_books\Lauretta Hignett,2
Laurie Benson,D:\Novels Library\Final_all_books\Laurie Benson,2
"Lauren, Christina","D:\Novels Library\Final_all_books\Lauren, Christina",2
Lawrence Watt-Evans,D:\Novels Library\Final_all_books\Lawrence Watt-Evans,2
LaVerne Lewis,D:\Novels Library\Final_all_books\LaVerne Lewis,2
Layla Stone,D:\Novels Library\Final_all_books\Layla Stone,2
"Lawrence, Kim","D:\Novels Library\Final_all_books\Lawrence, Kim",2
Lea Nolan,D:\Novels Library\Final_all_books\Lea Nolan,2
Leanne Davis,D:\Novels Library\Final_all_books\Leanne Davis,2
Lee H. Haywood,D:\Novels Library\Final_all_books\Lee H. Haywood,2
Lee Savino,D:\Novels Library\Final_all_books\Lee Savino,2
Lee West,D:\Novels Library\Final_all_books\Lee West,2
Leif Enger,D:\Novels Library\Final_all_books\Leif Enger,2
Leigh Ann Edwards,D:\Novels Library\Final_all_books\Leigh Ann Edwards,2
Leia Hunter,D:\Novels Library\Final_all_books\Leia Hunter,2
"Leigh, Lora","D:\Novels Library\Final_all_books\Leigh, Lora",2
Lenore Rosewood,D:\Novels Library\Final_all_books\Lenore Rosewood,2
Les Goodrich,D:\Novels Library\Final_all_books\Les Goodrich,2
Lewis Carroll,D:\Novels Library\Final_all_books\Lewis Carroll,2
Lexxi James,D:\Novels Library\Final_all_books\Lexxi James,2
Lexxie Couper,D:\Novels Library\Final_all_books\Lexxie Couper,2
Lila Rose,D:\Novels Library\Final_all_books\Lila Rose,2
Lili St. Crow,D:\Novels Library\Final_all_books\Lili St. Crow,2
Liane Moriarty,D:\Novels Library\Final_all_books\Liane Moriarty,2
Linda Lael Miller,D:\Novels Library\Final_all_books\Linda Lael Miller,2
Linda McNabb,D:\Novels Library\Final_all_books\Linda McNabb,2
"Lindsay, Jeff","D:\Novels Library\Final_all_books\Lindsay, Jeff",2
Linnea Sinclair,D:\Novels Library\Final_all_books\Linnea Sinclair,2
Lisa Gardner,D:\Novels Library\Final_all_books\Lisa Gardner,2
Lisa Gray,D:\Novels Library\Final_all_books\Lisa Gray,2
Lisa Jewell,D:\Novels Library\Final_all_books\Lisa Jewell,2
Lisa J. Smith,D:\Novels Library\Final_all_books\Lisa J. Smith,2
Lisa Maxwell,D:\Novels Library\Final_all_books\Lisa Maxwell,2
Lisa Scottoline,D:\Novels Library\Final_all_books\Lisa Scottoline,2
Lisa See,D:\Novels Library\Final_all_books\Lisa See,2
Lise McClendon,D:\Novels Library\Final_all_books\Lise McClendon,2
Liz Fielding,D:\Novels Library\Final_all_books\Liz Fielding,2
Liz Scheier,D:\Novels Library\Final_all_books\Liz Scheier,2
Liz Willow,D:\Novels Library\Final_all_books\Liz Willow,2
Lola St. Vil,D:\Novels Library\Final_all_books\Lola St. Vil,2
Lois McMaster Bujold,D:\Novels Library\Final_all_books\Lois McMaster Bujold,2
"Loftis, Quinn","D:\Novels Library\Final_all_books\Loftis, Quinn",2
London Lovett,D:\Novels Library\Final_all_books\London Lovett,2
Lori Aisling,D:\Novels Library\Final_all_books\Lori Aisling,2
Lori Borrill,D:\Novels Library\Final_all_books\Lori Borrill,2
"Lough, Loree","D:\Novels Library\Final_all_books\Lough, Loree",2
Louisa May Alcott,D:\Novels Library\Final_all_books\Louisa May Alcott,2
Louise Cole,D:\Novels Library\Final_all_books\Louise Cole,2
Louise Jensen,D:\Novels Library\Final_all_books\Louise Jensen,2
Louise Kennedy,D:\Novels Library\Final_all_books\Louise Kennedy,2
"Lucas, I. T_","D:\Novels Library\Final_all_books\Lucas, I. T_",2
Lucy Ellis,D:\Novels Library\Final_all_books\Lucy Ellis,2
"Lucas, Naomi","D:\Novels Library\Final_all_books\Lucas, Naomi",2
"Lukens, Mark","D:\Novels Library\Final_all_books\Lukens, Mark",2
Lux Carmine,D:\Novels Library\Final_all_books\Lux Carmine,2
Lydia Kang,D:\Novels Library\Final_all_books\Lydia Kang,2
Lyn Armstrong,D:\Novels Library\Final_all_books\Lyn Armstrong,2
Lynda Chance,D:\Novels Library\Final_all_books\Lynda Chance,2
Lynn Katzenmeyer,D:\Novels Library\Final_all_books\Lynn Katzenmeyer,2
Lylah James,D:\Novels Library\Final_all_books\Lylah James,2
Lynne,D:\Novels Library\Final_all_books\Lynne,2
"Lynne, Donya","D:\Novels Library\Final_all_books\Lynne, Donya",2
M Damon Baker,D:\Novels Library\Final_all_books\M Damon Baker,2
Lynne Ewing,D:\Novels Library\Final_all_books\Lynne Ewing,2
M. A. Comley,D:\Novels Library\Final_all_books\M. A. Comley,2
M. A. Gonzales,D:\Novels Library\Final_all_books\M. A. Gonzales,2
M. J. Lawrie,D:\Novels Library\Final_all_books\M. J. Lawrie,2
M. H. Bonham,D:\Novels Library\Final_all_books\M. H. Bonham,2
M. A. Price,D:\Novels Library\Final_all_books\M. A. Price,2
M. J. Scott,D:\Novels Library\Final_all_books\M. J. Scott,2
M. L. Guida,D:\Novels Library\Final_all_books\M. L. Guida,2
M. R. Carey,D:\Novels Library\Final_all_books\M. R. Carey,2
M. Never,D:\Novels Library\Final_all_books\M. Never,2
M. R. Merrick,D:\Novels Library\Final_all_books\M. R. Merrick,2
M. Telsch-Williams,D:\Novels Library\Final_all_books\M. Telsch-Williams,2
M. W. Craven,D:\Novels Library\Final_all_books\M. W. Craven,2
M. W. Horses,D:\Novels Library\Final_all_books\M. W. Horses,2
M.E. Carter,D:\Novels Library\Final_all_books\M.E. Carter,2
M.L. Broome,D:\Novels Library\Final_all_books\M.L. Broome,2
M.G. Vassanji,D:\Novels Library\Final_all_books\M.G. Vassanji,2
"Maas, Sarah J","D:\Novels Library\Final_all_books\Maas, Sarah J",2
Madeleine Ker,D:\Novels Library\Final_all_books\Madeleine Ker,2
"MacLean, Julianne","D:\Novels Library\Final_all_books\MacLean, Julianne",2
Madeline Martin,D:\Novels Library\Final_all_books\Madeline Martin,2
Madison Granger,D:\Novels Library\Final_all_books\Madison Granger,2
Maggie Fischer,D:\Novels Library\Final_all_books\Maggie Fischer,2
Maggie Hemlock,D:\Novels Library\Final_all_books\Maggie Hemlock,2
Maggie Alabaster,D:\Novels Library\Final_all_books\Maggie Alabaster,2
Magnus Flyte,D:\Novels Library\Final_all_books\Magnus Flyte,2
Mairi Chong,D:\Novels Library\Final_all_books\Mairi Chong,2
Malorie Blackman,D:\Novels Library\Final_all_books\Malorie Blackman,2
Malcolm X,D:\Novels Library\Final_all_books\Malcolm X,2
Marcus Alexander,D:\Novels Library\Final_all_books\Marcus Alexander,2
"March, Meghan","D:\Novels Library\Final_all_books\March, Meghan",2
Marcus Sloss,D:\Novels Library\Final_all_books\Marcus Sloss,2
Margaret Ball,D:\Novels Library\Final_all_books\Margaret Ball,2
Margaret Way,D:\Novels Library\Final_all_books\Margaret Way,2
Margery Hilton,D:\Novels Library\Final_all_books\Margery Hilton,2
Maria V. Snyder,D:\Novels Library\Final_all_books\Maria V. Snyder,2
MariaLisa deMora,D:\Novels Library\Final_all_books\MariaLisa deMora,2
Marie Force,D:\Novels Library\Final_all_books\Marie Force,2
Marie-Louise von Franz,D:\Novels Library\Final_all_books\Marie-Louise von Franz,2
Marin Thomas,D:\Novels Library\Final_all_books\Marin Thomas,2
Marjorie Oludhe Macgoye,D:\Novels Library\Final_all_books\Marjorie Oludhe Macgoye,2
Mark Alder,D:\Novels Library\Final_all_books\Mark Alder,2
Mark Henwick,D:\Novels Library\Final_all_books\Mark Henwick,2
Markus Heitz,D:\Novels Library\Final_all_books\Markus Heitz,2
"Marlowe, Deb","D:\Novels Library\Final_all_books\Marlowe, Deb",2
Mark Time,D:\Novels Library\Final_all_books\Mark Time,2
Martin V. Parece II,D:\Novels Library\Final_all_books\Martin V. Parece II,2
Martyn Currill,D:\Novels Library\Final_all_books\Martyn Currill,2
"Martinez, Amanda","D:\Novels Library\Final_all_books\Martinez, Amanda",2
Mary Beth Keane,D:\Novels Library\Final_all_books\Mary Beth Keane,2
Marty Mayberry,D:\Novels Library\Final_all_books\Marty Mayberry,2
Mary Hiker,D:\Novels Library\Final_all_books\Mary Hiker,2
Mary Higgins Clark,D:\Novels Library\Final_all_books\Mary Higgins Clark,2
Mason Sabre,D:\Novels Library\Final_all_books\Mason Sabre,2
"Masterson, Bex","D:\Novels Library\Final_all_books\Masterson, Bex",2
Matt Mikalatos,D:\Novels Library\Final_all_books\Matt Mikalatos,2
Matilda Martel,D:\Novels Library\Final_all_books\Matilda Martel,2
Matt Bell,D:\Novels Library\Final_all_books\Matt Bell,2
Matthew Quick,D:\Novels Library\Final_all_books\Matthew Quick,2
Matthew Thrush,D:\Novels Library\Final_all_books\Matthew Thrush,2
Maureen Johnson,D:\Novels Library\Final_all_books\Maureen Johnson,2
Maurice Druon,D:\Novels Library\Final_all_books\Maurice Druon,2
Maurice Gee,D:\Novels Library\Final_all_books\Maurice Gee,2
Matthew Hattersley,D:\Novels Library\Final_all_books\Matthew Hattersley,2
Matthew DeVore,D:\Novels Library\Final_all_books\Matthew DeVore,2
"Maxey, Phil","D:\Novels Library\Final_all_books\Maxey, Phil",2
Maya Nicole,D:\Novels Library\Final_all_books\Maya Nicole,2
"Mayer, Dale","D:\Novels Library\Final_all_books\Mayer, Dale",2
Maya Riley,D:\Novels Library\Final_all_books\Maya Riley,2
"Mayo, Margaret","D:\Novels Library\Final_all_books\Mayo, Margaret",2
Maya Tyler,D:\Novels Library\Final_all_books\Maya Tyler,2
"McFarlin, Courtney","D:\Novels Library\Final_all_books\McFarlin, Courtney",2
"McKay, Kirsty","D:\Novels Library\Final_all_books\McKay, Kirsty",2
"McClone, Melissa","D:\Novels Library\Final_all_books\McClone, Melissa",2
"McKay, Emily","D:\Novels Library\Final_all_books\McKay, Emily",2
Meg Howrey,D:\Novels Library\Final_all_books\Meg Howrey,2
Meg Jay,D:\Novels Library\Final_all_books\Meg Jay,2
Megan Blackwood,D:\Novels Library\Final_all_books\Megan Blackwood,2
"McGuire, Jamie","D:\Novels Library\Final_all_books\McGuire, Jamie",2
Megan Crewe,D:\Novels Library\Final_all_books\Megan Crewe,2
Megan Jacobs,D:\Novels Library\Final_all_books\Megan Jacobs,2
Megan Miranda,D:\Novels Library\Final_all_books\Megan Miranda,2
Meghan Maslow,D:\Novels Library\Final_all_books\Meghan Maslow,2
Megan Lindholm,D:\Novels Library\Final_all_books\Megan Lindholm,2
Melanie Dickerson,D:\Novels Library\Final_all_books\Melanie Dickerson,2
Melissa Albert,D:\Novels Library\Final_all_books\Melissa Albert,2
Melissa Lummis,D:\Novels Library\Final_all_books\Melissa Lummis,2
Melody Carlson,D:\Novels Library\Final_all_books\Melody Carlson,2
Melody Nelson,D:\Novels Library\Final_all_books\Melody Nelson,2
Melody Rose,D:\Novels Library\Final_all_books\Melody Rose,2
Mia Strange,D:\Novels Library\Final_all_books\Mia Strange,2
Merryn Dexter,D:\Novels Library\Final_all_books\Merryn Dexter,2
Michael A. Stackpole,D:\Novels Library\Final_all_books\Michael A. Stackpole,2
Mia Dailey,D:\Novels Library\Final_all_books\Mia Dailey,2
Micalea Smeltzer,D:\Novels Library\Final_all_books\Micalea Smeltzer,2
Michael Dalton,D:\Novels Library\Final_all_books\Michael Dalton,2
Michael Evans,D:\Novels Library\Final_all_books\Michael Evans,2
Michael Leese,D:\Novels Library\Final_all_books\Michael Leese,2
Michael Savage,D:\Novels Library\Final_all_books\Michael Savage,2
Micheal Maxwell,D:\Novels Library\Final_all_books\Micheal Maxwell,2
"Michaels, Leigh","D:\Novels Library\Final_all_books\Michaels, Leigh",2
Michele Barrow-Belisle,D:\Novels Library\Final_all_books\Michele Barrow-Belisle,2
Michelle B_,D:\Novels Library\Final_all_books\Michelle B_,2
Michelle Belanger,D:\Novels Library\Final_all_books\Michelle Belanger,2
Michelle Gross,D:\Novels Library\Final_all_books\Michelle Gross,2
Michelle Hodkin,D:\Novels Library\Final_all_books\Michelle Hodkin,2
Michelle Obama,D:\Novels Library\Final_all_books\Michelle Obama,2
Michelle Zauner,D:\Novels Library\Final_all_books\Michelle Zauner,2
Mikayla Elliot,D:\Novels Library\Final_all_books\Mikayla Elliot,2
Mike Gomes,D:\Novels Library\Final_all_books\Mike Gomes,2
Midika Crane,D:\Novels Library\Final_all_books\Midika Crane,2
Mike Grist,D:\Novels Library\Final_all_books\Mike Grist,2
Mika Kosey,D:\Novels Library\Final_all_books\Mika Kosey,2
Mickie B. Ashling,D:\Novels Library\Final_all_books\Mickie B. Ashling,2
Mina Carter,D:\Novels Library\Final_all_books\Mina Carter,2
Mira Valentin,D:\Novels Library\Final_all_books\Mira Valentin,2
Miriam Greystone,D:\Novels Library\Final_all_books\Miriam Greystone,2
Misty Hayes,D:\Novels Library\Final_all_books\Misty Hayes,2
Misty Winters,D:\Novels Library\Final_all_books\Misty Winters,2
Mitch Albom,D:\Novels Library\Final_all_books\Mitch Albom,2
Mishell Baker,D:\Novels Library\Final_all_books\Mishell Baker,2
Moeller Jonathan (author),D:\Novels Library\Final_all_books\Moeller Jonathan (author),2
Moira Buffini,D:\Novels Library\Final_all_books\Moira Buffini,2
ML Guida,D:\Novels Library\Final_all_books\ML Guida,2
Moira Katson,D:\Novels Library\Final_all_books\Moira Katson,2
Molly Tullis,D:\Novels Library\Final_all_books\Molly Tullis,2
"Moll, K. A_","D:\Novels Library\Final_all_books\Moll, K. A_",2
Monica La Porta,D:\Novels Library\Final_all_books\Monica La Porta,2
"Monroe, Dr. Myles","D:\Novels Library\Final_all_books\Monroe, Dr. Myles",2
Monica James,D:\Novels Library\Final_all_books\Monica James,2
Morgan Greene,D:\Novels Library\Final_all_books\Morgan Greene,2
Moira Barretti,D:\Novels Library\Final_all_books\Moira Barretti,2
Morgan O'Neill,D:\Novels Library\Final_all_books\Morgan O'Neill,2
"Moore, M.K_","D:\Novels Library\Final_all_books\Moore, M.K_",2
"Morgan, Alexis","D:\Novels Library\Final_all_books\Morgan, Alexis",2
"Mortimer, Carole","D:\Novels Library\Final_all_books\Mortimer, Carole",2
"Moya Block, Caryn","D:\Novels Library\Final_all_books\Moya Block, Caryn",2
MUNROE MYLES,D:\Novels Library\Final_all_books\MUNROE MYLES,2
"Mulliner, Brittney","D:\Novels Library\Final_all_books\Mulliner, Brittney",2
Mya Grey,D:\Novels Library\Final_all_books\Mya Grey,2
"Mynx, Sienna","D:\Novels Library\Final_all_books\Mynx, Sienna",2
Myke Cole,D:\Novels Library\Final_all_books\Myke Cole,2
N. E. Conneely,D:\Novels Library\Final_all_books\N. E. Conneely,2
Nadia Heaton,D:\Novels Library\Final_all_books\Nadia Heaton,2
N.M. Catalano,D:\Novels Library\Final_all_books\N.M. Catalano,2
Namwali Serpell,D:\Novels Library\Final_all_books\Namwali Serpell,2
Nancy Robards Thompson,D:\Novels Library\Final_all_books\Nancy Robards Thompson,2
"Naquin, R.L_","D:\Novels Library\Final_all_books\Naquin, R.L_",2
Natalie Koch,D:\Novels Library\Final_all_books\Natalie Koch,2
Natalie Summers,D:\Novels Library\Final_all_books\Natalie Summers,2
Neal Stephenson,D:\Novels Library\Final_all_books\Neal Stephenson,2
Neil Patrick Harris,D:\Novels Library\Final_all_books\Neil Patrick Harris,2
Nessie Strange,D:\Novels Library\Final_all_books\Nessie Strange,2
Nelson Mandela,D:\Novels Library\Final_all_books\Nelson Mandela,2
"Ney, Sara","D:\Novels Library\Final_all_books\Ney, Sara",2
"Nelson, Nova","D:\Novels Library\Final_all_books\Nelson, Nova",2
Nicci Harris,D:\Novels Library\Final_all_books\Nicci Harris,2
Nicholas Drayson,D:\Novels Library\Final_all_books\Nicholas Drayson,2
Ngugi wa'Thiong'o,D:\Novels Library\Final_all_books\Ngugi wa'Thiong'o,2
Nicholas Petrarch,D:\Novels Library\Final_all_books\Nicholas Petrarch,2
Nichole M. Bridges,D:\Novels Library\Final_all_books\Nichole M. Bridges,2
Nicholas Woode-Smith,D:\Novels Library\Final_all_books\Nicholas Woode-Smith,2
Nick Thacker,D:\Novels Library\Final_all_books\Nick Thacker,2
Nicola Chadwick,D:\Novels Library\Final_all_books\Nicola Chadwick,2
Nick Wilford,D:\Novels Library\Final_all_books\Nick Wilford,2
Nicola Jane,D:\Novels Library\Final_all_books\Nicola Jane,2
Nicola Yoon,D:\Novels Library\Final_all_books\Nicola Yoon,2
Nicole Kelley,D:\Novels Library\Final_all_books\Nicole Kelley,2
Nicolette Jinks,D:\Novels Library\Final_all_books\Nicolette Jinks,2
Nikita Slater,D:\Novels Library\Final_all_books\Nikita Slater,2
Nikita Parmenter,D:\Novels Library\Final_all_books\Nikita Parmenter,2
Nikki Bopp,D:\Novels Library\Final_all_books\Nikki Bopp,2
Nina Harper,D:\Novels Library\Final_all_books\Nina Harper,2
Noelle West Ihli,D:\Novels Library\Final_all_books\Noelle West Ihli,2
Noah Hawley,D:\Novels Library\Final_all_books\Noah Hawley,2
Okwiri Oduor,D:\Novels Library\Final_all_books\Okwiri Oduor,2
Ocean Vuong,D:\Novels Library\Final_all_books\Ocean Vuong,2
Olga Tokarczuk,D:\Novels Library\Final_all_books\Olga Tokarczuk,2
"Orwell, George","D:\Novels Library\Final_all_books\Orwell, George",2
Ovid,D:\Novels Library\Final_all_books\Ovid,2
P. E. Padilla,D:\Novels Library\Final_all_books\P. E. Padilla,2
P. D. Griffith,D:\Novels Library\Final_all_books\P. D. Griffith,2
P C Cast,D:\Novels Library\Final_all_books\P C Cast,2
Pam Jenoff,D:\Novels Library\Final_all_books\Pam Jenoff,2
Pamela Fagan Hutchins,D:\Novels Library\Final_all_books\Pamela Fagan Hutchins,2
Pamela Macaluso,D:\Novels Library\Final_all_books\Pamela Macaluso,2
P. W. Hillard,D:\Novels Library\Final_all_books\P. W. Hillard,2
Pamela Kent,D:\Novels Library\Final_all_books\Pamela Kent,2
"Paolini, Christopher","D:\Novels Library\Final_all_books\Paolini, Christopher",2
Paola Mendoza,D:\Novels Library\Final_all_books\Paola Mendoza,2
Patricia Forsythe,D:\Novels Library\Final_all_books\Patricia Forsythe,2
Patricia Hagan,D:\Novels Library\Final_all_books\Patricia Hagan,2
Patricia Jones,D:\Novels Library\Final_all_books\Patricia Jones,2
"Patrick, Amy","D:\Novels Library\Final_all_books\Patrick, Amy",2
Paul Kix,D:\Novels Library\Final_all_books\Paul Kix,2
Paul Antony Jones,D:\Novels Library\Final_all_books\Paul Antony Jones,2
Paul Neuhaus,D:\Novels Library\Final_all_books\Paul Neuhaus,2
Paul Seiple,D:\Novels Library\Final_all_books\Paul Seiple,2
"Pearson, Rose","D:\Novels Library\Final_all_books\Pearson, Rose",2
Pauline Creeden,D:\Novels Library\Final_all_books\Pauline Creeden,2
Penelope Douglas,D:\Novels Library\Final_all_books\Penelope Douglas,2
Pedro Urvi,D:\Novels Library\Final_all_books\Pedro Urvi,2
"Perry, Devney","D:\Novels Library\Final_all_books\Perry, Devney",2
Peter Firstbrook,D:\Novels Library\Final_all_books\Peter Firstbrook,2
Per Jacobsen,D:\Novels Library\Final_all_books\Per Jacobsen,2
Peter Heller,D:\Novels Library\Final_all_books\Peter Heller,2
Peter Kimani,D:\Novels Library\Final_all_books\Peter Kimani,2
Philip Matyszak,D:\Novels Library\Final_all_books\Philip Matyszak,2
Phillip B. Williams,D:\Novels Library\Final_all_books\Phillip B. Williams,2
Phoebe Stone,D:\Novels Library\Final_all_books\Phoebe Stone,2
Phil Tucker,D:\Novels Library\Final_all_books\Phil Tucker,2
Phoebe Robinson,D:\Novels Library\Final_all_books\Phoebe Robinson,2
Pierce Brown,D:\Novels Library\Final_all_books\Pierce Brown,2
Phoenicia Rogerson,D:\Novels Library\Final_all_books\Phoenicia Rogerson,2
Philippa Ballantine,D:\Novels Library\Final_all_books\Philippa Ballantine,2
"Pineiro, Caridad","D:\Novels Library\Final_all_books\Pineiro, Caridad",2
"Pillow, Michelle M_","D:\Novels Library\Final_all_books\Pillow, Michelle M_",2
Piper Weiss,D:\Novels Library\Final_all_books\Piper Weiss,2
Piper Sullivan,D:\Novels Library\Final_all_books\Piper Sullivan,2
PR,D:\Novels Library\Final_all_books\PR,2
Poppy Woods,D:\Novels Library\Final_all_books\Poppy Woods,2
Quil Carter,D:\Novels Library\Final_all_books\Quil Carter,2
"Quinn, Jillian","D:\Novels Library\Final_all_books\Quinn, Jillian",2
Poppy Flynn,D:\Novels Library\Final_all_books\Poppy Flynn,2
Quirah Casey,D:\Novels Library\Final_all_books\Quirah Casey,2
R D Brady,D:\Novels Library\Final_all_books\R D Brady,2
R. D. Petti,D:\Novels Library\Final_all_books\R. D. Petti,2
R. E. Butler,D:\Novels Library\Final_all_books\R. E. Butler,2
R. J. Blain,D:\Novels Library\Final_all_books\R. J. Blain,2
R. Eric Thomas,D:\Novels Library\Final_all_books\R. Eric Thomas,2
R. G. Russell Jr_,D:\Novels Library\Final_all_books\R. G. Russell Jr_,2
R. K. Dreaming,D:\Novels Library\Final_all_books\R. K. Dreaming,2
R. V. Paez,D:\Novels Library\Final_all_books\R. V. Paez,2
R.A. Rock,D:\Novels Library\Final_all_books\R.A. Rock,2
R.K. Dreaming,D:\Novels Library\Final_all_books\R.K. Dreaming,2
Rachael Krotec,D:\Novels Library\Final_all_books\Rachael Krotec,2
Rachel Alexander,D:\Novels Library\Final_all_books\Rachel Alexander,2
Rachel Angel,D:\Novels Library\Final_all_books\Rachel Angel,2
Rachel Carter,D:\Novels Library\Final_all_books\Rachel Carter,2
Rachel Higginson,D:\Novels Library\Final_all_books\Rachel Higginson,2
Rachel E Rice,D:\Novels Library\Final_all_books\Rachel E Rice,2
Rachel Renee Russell,D:\Novels Library\Final_all_books\Rachel Renee Russell,2
"Rafferty, Amy","D:\Novels Library\Final_all_books\Rafferty, Amy",2
Rachel R. Smith,D:\Novels Library\Final_all_books\Rachel R. Smith,2
Ranae Glass,D:\Novels Library\Final_all_books\Ranae Glass,2
Ray Nayler,D:\Novels Library\Final_all_books\Ray Nayler,2
Rayna Morgan,D:\Novels Library\Final_all_books\Rayna Morgan,2
Raven Hudgins,D:\Novels Library\Final_all_books\Raven Hudgins,2
Rebecca Cantrell,D:\Novels Library\Final_all_books\Rebecca Cantrell,2
Rebecca Crunden,D:\Novels Library\Final_all_books\Rebecca Crunden,2
Rebecca A. Rogers,D:\Novels Library\Final_all_books\Rebecca A. Rogers,2
Rebecca K. Sampson,D:\Novels Library\Final_all_books\Rebecca K. Sampson,2
Rebecca Ross,D:\Novels Library\Final_all_books\Rebecca Ross,2
Rebecca Yarros,D:\Novels Library\Final_all_books\Rebecca Yarros,2
Rebecca Schaeffer,D:\Novels Library\Final_all_books\Rebecca Schaeffer,2
Rebecca Zanetti,D:\Novels Library\Final_all_books\Rebecca Zanetti,2
Rebecca Skloot,D:\Novels Library\Final_all_books\Rebecca Skloot,2
"Reid, Stacy","D:\Novels Library\Final_all_books\Reid, Stacy",2
Rene Sears,D:\Novels Library\Final_all_books\Rene Sears,2
Renee Roszel,D:\Novels Library\Final_all_books\Renee Roszel,2
Rhea Newton,D:\Novels Library\Final_all_books\Rhea Newton,2
Resa Nelson,D:\Novels Library\Final_all_books\Resa Nelson,2
Renee Carr,D:\Novels Library\Final_all_books\Renee Carr,2
Rhys Ford,D:\Novels Library\Final_all_books\Rhys Ford,2
Richard Bach,D:\Novels Library\Final_all_books\Richard Bach,2
Richard A. Knaak,D:\Novels Library\Final_all_books\Richard A. Knaak,2
Richard Francis Burton,D:\Novels Library\Final_all_books\Richard Francis Burton,2
Richard Hein,D:\Novels Library\Final_all_books\Richard Hein,2
Rick Partlow,D:\Novels Library\Final_all_books\Rick Partlow,2
Richard K Morgan,D:\Novels Library\Final_all_books\Richard K Morgan,2
Richard Nell,D:\Novels Library\Final_all_books\Richard Nell,2
Riley Pine,D:\Novels Library\Final_all_books\Riley Pine,2
Riley Storm,D:\Novels Library\Final_all_books\Riley Storm,2
Riley Ashby,D:\Novels Library\Final_all_books\Riley Ashby,2
Rin Chupeco,D:\Novels Library\Final_all_books\Rin Chupeco,2
Rita Stradling,D:\Novels Library\Final_all_books\Rita Stradling,2
Rinda Elliott,D:\Novels Library\Final_all_books\Rinda Elliott,2
River Ramsey,D:\Novels Library\Final_all_books\River Ramsey,2
RJ Barker,D:\Novels Library\Final_all_books\RJ Barker,2
"Ritchie, Krista","D:\Novels Library\Final_all_books\Ritchie, Krista",2
RJ Metcalf,D:\Novels Library\Final_all_books\RJ Metcalf,2
Rob Sinclair,D:\Novels Library\Final_all_books\Rob Sinclair,2
Robert Clark,D:\Novels Library\Final_all_books\Robert Clark,2
"Robb, J. D_","D:\Novels Library\Final_all_books\Robb, J. D_",2
Robert Dinsdale,D:\Novels Library\Final_all_books\Robert Dinsdale,2
Robert Frost,D:\Novels Library\Final_all_books\Robert Frost,2
Robert Low,D:\Novels Library\Final_all_books\Robert Low,2
Robert J. Muller,D:\Novels Library\Final_all_books\Robert J. Muller,2
Robert Storey,D:\Novels Library\Final_all_books\Robert Storey,2
Roberta Gellis,D:\Novels Library\Final_all_books\Roberta Gellis,2
"Robertson, Michael","D:\Novels Library\Final_all_books\Robertson, Michael",2
Robin LaFevers,D:\Novels Library\Final_all_books\Robin LaFevers,2
Robyn Carr,D:\Novels Library\Final_all_books\Robyn Carr,2
Rodd Clark,D:\Novels Library\Final_all_books\Rodd Clark,2
Roger Zelazny,D:\Novels Library\Final_all_books\Roger Zelazny,2
"Roma, Laurie","D:\Novels Library\Final_all_books\Roma, Laurie",2
Rose Pearson,D:\Novels Library\Final_all_books\Rose Pearson,2
Rosalind McKnight,D:\Novels Library\Final_all_books\Rosalind McKnight,2
Rosalee Christie,D:\Novels Library\Final_all_books\Rosalee Christie,2
"Rose, Stephanie","D:\Novels Library\Final_all_books\Rose, Stephanie",2
Rosemary Carter,D:\Novels Library\Final_all_books\Rosemary Carter,2
"Ross, Kathryn","D:\Novels Library\Final_all_books\Ross, Kathryn",2
Ross Greenwood,D:\Novels Library\Final_all_books\Ross Greenwood,2
Ron Vitale,D:\Novels Library\Final_all_books\Ron Vitale,2
RS Black,D:\Novels Library\Final_all_books\RS Black,2
Ruby Dixon,D:\Novels Library\Final_all_books\Ruby Dixon,2
Rosalyn Eves,D:\Novels Library\Final_all_books\Rosalyn Eves,2
Ruth Jean Dale,D:\Novels Library\Final_all_books\Ruth Jean Dale,2
Ruta Sepetys,D:\Novels Library\Final_all_books\Ruta Sepetys,2
Ryan Kirk,D:\Novels Library\Final_all_books\Ryan Kirk,2
S T Bende,D:\Novels Library\Final_all_books\S T Bende,2
S. J. Hartland,D:\Novels Library\Final_all_books\S. J. Hartland,2
S. A. McClure,D:\Novels Library\Final_all_books\S. A. McClure,2
S. L. Baum,D:\Novels Library\Final_all_books\S. L. Baum,2
S. A. Chakraborty,D:\Novels Library\Final_all_books\S. A. Chakraborty,2
S. F. Benson,D:\Novels Library\Final_all_books\S. F. Benson,2
S. A. Klopfenstein,D:\Novels Library\Final_all_books\S. A. Klopfenstein,2
S. L. Mason,D:\Novels Library\Final_all_books\S. L. Mason,2
S. T. G. Hill,D:\Novels Library\Final_all_books\S. T. G. Hill,2
S.J. Sanders,D:\Novels Library\Final_all_books\S.J. Sanders,2
Salman Rushdie,D:\Novels Library\Final_all_books\Salman Rushdie,2
Samantha Downing,D:\Novels Library\Final_all_books\Samantha Downing,2
Sandra Field,D:\Novels Library\Final_all_books\Sandra Field,2
Santino,D:\Novels Library\Final_all_books\Santino,2
Sara Douglass,D:\Novels Library\Final_all_books\Sara Douglass,2
Sara Estey,D:\Novels Library\Final_all_books\Sara Estey,2
Sara Holland,D:\Novels Library\Final_all_books\Sara Holland,2
Sara Ella,D:\Novels Library\Final_all_books\Sara Ella,2
Sara Hanover,D:\Novels Library\Final_all_books\Sara Hanover,2
Sarah Ahiers,D:\Novels Library\Final_all_books\Sarah Ahiers,2
Sarah Elisabeth Sawyer,D:\Novels Library\Final_all_books\Sarah Elisabeth Sawyer,2
Sarah Buhrman,D:\Novels Library\Final_all_books\Sarah Buhrman,2
Sarah Henning,D:\Novels Library\Final_all_books\Sarah Henning,2
Sarah Glenn Marsh,D:\Novels Library\Final_all_books\Sarah Glenn Marsh,2
Sarah Gilman,D:\Novels Library\Final_all_books\Sarah Gilman,2
Sarah Luddington,D:\Novels Library\Final_all_books\Sarah Luddington,2
Sarah Rees Brennan,D:\Novels Library\Final_all_books\Sarah Rees Brennan,2
Sarah Jean Horwitz,D:\Novels Library\Final_all_books\Sarah Jean Horwitz,2
Sarah Thankam Mathews,D:\Novels Library\Final_all_books\Sarah Thankam Mathews,2
Sasha Alsberg,D:\Novels Library\Final_all_books\Sasha Alsberg,2
Savannah Jezowski,D:\Novels Library\Final_all_books\Savannah Jezowski,2
Sav R. Miller,D:\Novels Library\Final_all_books\Sav R. Miller,2
Savi Sharma,D:\Novels Library\Final_all_books\Savi Sharma,2
Scarlett Dawn,D:\Novels Library\Final_all_books\Scarlett Dawn,2
Scott Hungerford,D:\Novels Library\Final_all_books\Scott Hungerford,2
Scott Richards,D:\Novels Library\Final_all_books\Scott Richards,2
Scott Fitzgerald Gray,D:\Novels Library\Final_all_books\Scott Fitzgerald Gray,2
"Scott, Jasper T_","D:\Novels Library\Final_all_books\Scott, Jasper T_",2
Sean Dalton,D:\Novels Library\Final_all_books\Sean Dalton,2
Screaming Mimi,D:\Novels Library\Final_all_books\Screaming Mimi,2
Seven Steps,D:\Novels Library\Final_all_books\Seven Steps,2
Seth Dickinson,D:\Novels Library\Final_all_books\Seth Dickinson,2
Seth Skorkowsky,D:\Novels Library\Final_all_books\Seth Skorkowsky,2
"Shakespeare, William","D:\Novels Library\Final_all_books\Shakespeare, William",2
Shannon Hollis,D:\Novels Library\Final_all_books\Shannon Hollis,2
Shania Tyler,D:\Novels Library\Final_all_books\Shania Tyler,2
Shannon Myers,D:\Novels Library\Final_all_books\Shannon Myers,2
Sharon C Cooper,D:\Novels Library\Final_all_books\Sharon C Cooper,2
"Sharp, Dr. Rebecca","D:\Novels Library\Final_all_books\Sharp, Dr. Rebecca",2
Shaun Whittington,D:\Novels Library\Final_all_books\Shaun Whittington,2
Sherry Rentschler,D:\Novels Library\Final_all_books\Sherry Rentschler,2
Shirlee McCoy,D:\Novels Library\Final_all_books\Shirlee McCoy,2
Shirley Rogers,D:\Novels Library\Final_all_books\Shirley Rogers,2
Sienna Sway,D:\Novels Library\Final_all_books\Sienna Sway,2
Sierra Cross,D:\Novels Library\Final_all_books\Sierra Cross,2
Silas Vale,D:\Novels Library\Final_all_books\Silas Vale,2
Sierra Storm,D:\Novels Library\Final_all_books\Sierra Storm,2
"Silvers, Shayne","D:\Novels Library\Final_all_books\Silvers, Shayne",2
Simone Elise,D:\Novels Library\Final_all_books\Simone Elise,2
"Simone, Sierra","D:\Novels Library\Final_all_books\Simone, Sierra",2
"Sinclair, Ava","D:\Novels Library\Final_all_books\Sinclair, Ava",2
Simone Nicholls,D:\Novels Library\Final_all_books\Simone Nicholls,2
Skye Wilson,D:\Novels Library\Final_all_books\Skye Wilson,2
"Smith, Wilbur","D:\Novels Library\Final_all_books\Smith, Wilbur",2
"Snow, Renee","D:\Novels Library\Final_all_books\Snow, Renee",2
"Smith, Adrian J_","D:\Novels Library\Final_all_books\Smith, Adrian J_",2
Sophia North,D:\Novels Library\Final_all_books\Sophia North,2
Sophia Sharp,D:\Novels Library\Final_all_books\Sophia Sharp,2
"St Clare, Kelly","D:\Novels Library\Final_all_books\St Clare, Kelly",2
Stacey Berg,D:\Novels Library\Final_all_books\Stacey Berg,2
Stacey Marie Brown,D:\Novels Library\Final_all_books\Stacey Marie Brown,2
Stacey Thompson,D:\Novels Library\Final_all_books\Stacey Thompson,2
"St. Clare, Kelly","D:\Novels Library\Final_all_books\St. Clare, Kelly",2
Stacey Trombley,D:\Novels Library\Final_all_books\Stacey Trombley,2
Stacey Kennedy,D:\Novels Library\Final_all_books\Stacey Kennedy,2
Stan Berenstain,D:\Novels Library\Final_all_books\Stan Berenstain,2
"Steele, L_","D:\Novels Library\Final_all_books\Steele, L_",2
"Starr, Maia","D:\Novels Library\Final_all_books\Starr, Maia",2
Steph Swainston,D:\Novels Library\Final_all_books\Steph Swainston,2
Steffanie Holmes,D:\Novels Library\Final_all_books\Steffanie Holmes,2
Stephanie Dray,D:\Novels Library\Final_all_books\Stephanie Dray,2
Stephanie Nelson,D:\Novels Library\Final_all_books\Stephanie Nelson,2
Stephanie Tyler,D:\Novels Library\Final_all_books\Stephanie Tyler,2
Stefan Bolz,D:\Novels Library\Final_all_books\Stefan Bolz,2
Stephanie Mylchreest,D:\Novels Library\Final_all_books\Stephanie Mylchreest,2
Stephen England,D:\Novels Library\Final_all_books\Stephen England,2
"Stephenson, Neal","D:\Novels Library\Final_all_books\Stephenson, Neal",2
Stephen Taylor,D:\Novels Library\Final_all_books\Stephen Taylor,2
Steven Brust,D:\Novels Library\Final_all_books\Steven Brust,2
"Stradling, Rita","D:\Novels Library\Final_all_books\Stradling, Rita",2
Stormy Summers,D:\Novels Library\Final_all_books\Stormy Summers,2
"Stunich, C.M_","D:\Novels Library\Final_all_books\Stunich, C.M_",2
Sue MacKay,D:\Novels Library\Final_all_books\Sue MacKay,2
Sullivan Gray,D:\Novels Library\Final_all_books\Sullivan Gray,2
Susan Cliff,D:\Novels Library\Final_all_books\Susan Cliff,2
Susan Lowry,D:\Novels Library\Final_all_books\Susan Lowry,2
Susan Rooke,D:\Novels Library\Final_all_books\Susan Rooke,2
Susanna Carr,D:\Novels Library\Final_all_books\Susanna Carr,2
Susanne Valenti,D:\Novels Library\Final_all_books\Susanne Valenti,2
Susan Meier,D:\Novels Library\Final_all_books\Susan Meier,2
Susanne James,D:\Novels Library\Final_all_books\Susanne James,2
Svetlana Gilman,D:\Novels Library\Final_all_books\Svetlana Gilman,2
Suzanne Wright,D:\Novels Library\Final_all_books\Suzanne Wright,2
T G Ayer,D:\Novels Library\Final_all_books\T G Ayer,2
Sybil Bartel,D:\Novels Library\Final_all_books\Sybil Bartel,2
T. D. Jakes,D:\Novels Library\Final_all_books\T. D. Jakes,2
T. Ariyanna,D:\Novels Library\Final_all_books\T. Ariyanna,2
T. L. Christianson,D:\Novels Library\Final_all_books\T. L. Christianson,2
T. L. Reeve,D:\Novels Library\Final_all_books\T. L. Reeve,2
T.M. Frazier,D:\Novels Library\Final_all_books\T.M. Frazier,2
T.W. Piperbrook,D:\Novels Library\Final_all_books\T.W. Piperbrook,2
T.L Smith,D:\Novels Library\Final_all_books\T.L Smith,2
"Talix, Ariella","D:\Novels Library\Final_all_books\Talix, Ariella",2
Tade Thompson,D:\Novels Library\Final_all_books\Tade Thompson,2
Tabitha Suzuma,D:\Novels Library\Final_all_books\Tabitha Suzuma,2
Tally Adams,D:\Novels Library\Final_all_books\Tally Adams,2
Tara Hudson,D:\Novels Library\Final_all_books\Tara Hudson,2
Tana French,D:\Novels Library\Final_all_books\Tana French,2
Tara Sim,D:\Novels Library\Final_all_books\Tara Sim,2
Tara Sue Me,D:\Novels Library\Final_all_books\Tara Sue Me,2
Tara Oakes,D:\Novels Library\Final_all_books\Tara Oakes,2
Taylor Fray,D:\Novels Library\Final_all_books\Taylor Fray,2
Taylor Jenkins Reid,D:\Novels Library\Final_all_books\Taylor Jenkins Reid,2
Tasha Suri,D:\Novels Library\Final_all_books\Tasha Suri,2
Taylor Haiden,D:\Novels Library\Final_all_books\Taylor Haiden,2
Tarryn Fisher,D:\Novels Library\Final_all_books\Tarryn Fisher,2
"Taylor, Delilah","D:\Novels Library\Final_all_books\Taylor, Delilah",2
Taylor Brooke,D:\Novels Library\Final_all_books\Taylor Brooke,2
Terah Edun,D:\Novels Library\Final_all_books\Terah Edun,2
Teresa Carpenter,D:\Novels Library\Final_all_books\Teresa Carpenter,2
Teresa Roman,D:\Novels Library\Final_all_books\Teresa Roman,2
Teresa Hann,D:\Novels Library\Final_all_books\Teresa Hann,2
Terri Reid,D:\Novels Library\Final_all_books\Terri Reid,2
Terry Bolryder,D:\Novels Library\Final_all_books\Terry Bolryder,2
Tereska Torres,D:\Novels Library\Final_all_books\Tereska Torres,2
Tess Adair,D:\Novels Library\Final_all_books\Tess Adair,2
Terry Toler,D:\Novels Library\Final_all_books\Terry Toler,2
Tess Thompson,D:\Novels Library\Final_all_books\Tess Thompson,2
The Official Movie Novelization,D:\Novels Library\Final_all_books\The Official Movie Novelization,2
Thomas Green,D:\Novels Library\Final_all_books\Thomas Green,2
Thomas Hardy,D:\Novels Library\Final_all_books\Thomas Hardy,2
Thomas Fincham,D:\Novels Library\Final_all_books\Thomas Fincham,2
Thomas Harris,D:\Novels Library\Final_all_books\Thomas Harris,2
Thomas J. Bruno,D:\Novels Library\Final_all_books\Thomas J. Bruno,2
Thomas K. Carpenter,D:\Novels Library\Final_all_books\Thomas K. Carpenter,2
Theda Vallee,D:\Novels Library\Final_all_books\Theda Vallee,2
Tiffany Reisz,D:\Novels Library\Final_all_books\Tiffany Reisz,2
Tiki Kos,D:\Novels Library\Final_all_books\Tiki Kos,2
Tiffany Roberts,D:\Novels Library\Final_all_books\Tiffany Roberts,2
Tilly Hart,D:\Novels Library\Final_all_books\Tilly Hart,2
Tiffany Snow,D:\Novels Library\Final_all_books\Tiffany Snow,2
Tim Winton,D:\Novels Library\Final_all_books\Tim Winton,2
Tina Leonard,D:\Novels Library\Final_all_books\Tina Leonard,2
Tina Beckett,D:\Novels Library\Final_all_books\Tina Beckett,2
"Toler, Terry","D:\Novels Library\Final_all_books\Toler, Terry",2
Todd Parr,D:\Novels Library\Final_all_books\Todd Parr,2
TJ Green,D:\Novels Library\Final_all_books\TJ Green,2
Tom Knox,D:\Novels Library\Final_all_books\Tom Knox,2
Tom Turner,D:\Novels Library\Final_all_books\Tom Turner,2
Tony Evans,D:\Novels Library\Final_all_books\Tony Evans,2
Toni Morrison,D:\Novels Library\Final_all_books\Toni Morrison,2
Tony Hillerman,D:\Novels Library\Final_all_books\Tony Hillerman,2
Tony J. Forder,D:\Novels Library\Final_all_books\Tony J. Forder,2
Tory Baker,D:\Novels Library\Final_all_books\Tory Baker,2
Tracy Hickman,D:\Novels Library\Final_all_books\Tracy Hickman,2
Tracy Kidder,D:\Novels Library\Final_all_books\Tracy Kidder,2
Tracie Podger,D:\Novels Library\Final_all_books\Tracie Podger,2
Tricia Barr,D:\Novels Library\Final_all_books\Tricia Barr,2
Truman Capote,D:\Novels Library\Final_all_books\Truman Capote,2
Tricia Wentworth,D:\Novels Library\Final_all_books\Tricia Wentworth,2
Tristen Willis,D:\Novels Library\Final_all_books\Tristen Willis,2
Tylor Paige,D:\Novels Library\Final_all_books\Tylor Paige,2
Uwem Akpan,D:\Novels Library\Final_all_books\Uwem Akpan,2
V. B. Marlowe,D:\Novels Library\Final_all_books\V. B. Marlowe,2
V. K. Ludwig,D:\Novels Library\Final_all_books\V. K. Ludwig,2
V.T. Bonds,D:\Novels Library\Final_all_books\V.T. Bonds,2
V. Lakshman,D:\Novels Library\Final_all_books\V. Lakshman,2
Valerie Roeseler,D:\Novels Library\Final_all_books\Valerie Roeseler,2
"Van Dyken, Rachel","D:\Novels Library\Final_all_books\Van Dyken, Rachel",2
Valerios,D:\Novels Library\Final_all_books\Valerios,2
Vanessa Grant,D:\Novels Library\Final_all_books\Vanessa Grant,2
van Heerling,D:\Novels Library\Final_all_books\van Heerling,2
Vanessa North,D:\Novels Library\Final_all_books\Vanessa North,2
"Veque, Kathryn Le","D:\Novels Library\Final_all_books\Veque, Kathryn Le",2
Vanessa Nelson,D:\Novels Library\Final_all_books\Vanessa Nelson,2
Veronica Rossi,D:\Novels Library\Final_all_books\Veronica Rossi,2
Vi Keeland,D:\Novels Library\Final_all_books\Vi Keeland,2
Veronica Maxim,D:\Novels Library\Final_all_books\Veronica Maxim,2
Victoria Flynn,D:\Novels Library\Final_all_books\Victoria Flynn,2
Villimey Mist,D:\Novels Library\Final_all_books\Villimey Mist,2
Vic James,D:\Novels Library\Final_all_books\Vic James,2
Viet Thanh Nguyen,D:\Novels Library\Final_all_books\Viet Thanh Nguyen,2
Vivian Shaw,D:\Novels Library\Final_all_books\Vivian Shaw,2
W. Bruce Cameron,D:\Novels Library\Final_all_books\W. Bruce Cameron,2
Vivienne Neas,D:\Novels Library\Final_all_books\Vivienne Neas,2
Vivian Arend,D:\Novels Library\Final_all_books\Vivian Arend,2
Wes Lowe,D:\Novels Library\Final_all_books\Wes Lowe,2
Wendy Wang,D:\Novels Library\Final_all_books\Wendy Wang,2
Whitney Dineen,D:\Novels Library\Final_all_books\Whitney Dineen,2
Whitney G_,D:\Novels Library\Final_all_books\Whitney G_,2
"Wheeler, Jeff","D:\Novels Library\Final_all_books\Wheeler, Jeff",2
William Joyce,D:\Novels Library\Final_all_books\William Joyce,2
William D. Arand,D:\Novels Library\Final_all_books\William D. Arand,2
William Gibson,D:\Novels Library\Final_all_books\William Gibson,2
William Shatner,D:\Novels Library\Final_all_books\William Shatner,2
"Wood, Barbara","D:\Novels Library\Final_all_books\Wood, Barbara",2
Wolf Awert,D:\Novels Library\Final_all_books\Wolf Awert,2
"Wylde, Penelope","D:\Novels Library\Final_all_books\Wylde, Penelope",2
Yatir Nitzany,D:\Novels Library\Final_all_books\Yatir Nitzany,2
"Yates, Maisey","D:\Novels Library\Final_all_books\Yates, Maisey",2
Yvette Bostic,D:\Novels Library\Final_all_books\Yvette Bostic,2
"Young, Samantha","D:\Novels Library\Final_all_books\Young, Samantha",2
Z. L. Arkadie,D:\Novels Library\Final_all_books\Z. L. Arkadie,2
Zara Novak,D:\Novels Library\Final_all_books\Zara Novak,2
Yvonne Navarro,D:\Novels Library\Final_all_books\Yvonne Navarro,2
Zile Elliven,D:\Novels Library\Final_all_books\Zile Elliven,2
Zora Neale Hurston,D:\Novels Library\Final_all_books\Zora Neale Hurston,2
A. B. Bradley,D:\Novels Library\Final_all_books\A. B. Bradley,1
A. C. Crispin,D:\Novels Library\Final_all_books\A. C. Crispin,1
A Small Blue Key,D:\Novels Library\Final_all_books\A Small Blue Key,1
A. D. Sui,D:\Novels Library\Final_all_books\A. D. Sui,1
A Lorenzen,D:\Novels Library\Final_all_books\A Lorenzen,1
8 Author Anthology,D:\Novels Library\Final_all_books\8 Author Anthology,1
A K Duboff,D:\Novels Library\Final_all_books\A K Duboff,1
A. J. Betts,D:\Novels Library\Final_all_books\A. J. Betts,1
A Song Begins,D:\Novels Library\Final_all_books\A Song Begins,1
A J walker,D:\Novels Library\Final_all_books\A J walker,1
A Scandalous Proposal,D:\Novels Library\Final_all_books\A Scandalous Proposal,1
A. D. Key,D:\Novels Library\Final_all_books\A. D. Key,1
A Limited Edition New Adult Collect,D:\Novels Library\Final_all_books\A Limited Edition New Adult Collect,1
A. C. Salter,D:\Novels Library\Final_all_books\A. C. Salter,1
4,D:\Novels Library\Final_all_books\4,1
A. Jade,D:\Novels Library\Final_all_books\A. Jade,1
A Mere Formality,D:\Novels Library\Final_all_books\A Mere Formality,1
A Bride Worth Waiting For,D:\Novels Library\Final_all_books\A Bride Worth Waiting For,1
A Tale of Two Vikings,D:\Novels Library\Final_all_books\A Tale of Two Vikings,1
(Harlequin) The Deburgh Bride,D:\Novels Library\Final_all_books\(Harlequin) The Deburgh Bride,1
A. G. Smith,D:\Novels Library\Final_all_books\A. G. Smith,1
A. J. Anders,D:\Novels Library\Final_all_books\A. J. Anders,1
A E Maxwell,D:\Novels Library\Final_all_books\A E Maxwell,1
A. K. Alexander,D:\Novels Library\Final_all_books\A. K. Alexander,1
A. L. Brooks,D:\Novels Library\Final_all_books\A. L. Brooks,1
A. K. Duboff,D:\Novels Library\Final_all_books\A. K. Duboff,1
A. N. Horton,D:\Novels Library\Final_all_books\A. N. Horton,1
A. S. Webb,D:\Novels Library\Final_all_books\A. S. Webb,1
A.C. Cobble,D:\Novels Library\Final_all_books\A.C. Cobble,1
A.C. Gaughen,D:\Novels Library\Final_all_books\A.C. Gaughen,1
A.J. Rosen,D:\Novels Library\Final_all_books\A.J. Rosen,1
A. Y. Beltran,D:\Novels Library\Final_all_books\A. Y. Beltran,1
A.K. Thorne,D:\Novels Library\Final_all_books\A.K. Thorne,1
A.L. Maruga,D:\Novels Library\Final_all_books\A.L. Maruga,1
A.M. Johnson,D:\Novels Library\Final_all_books\A.M. Johnson,1
A.P Beswick,D:\Novels Library\Final_all_books\A.P Beswick,1
A.R. Shaw,D:\Novels Library\Final_all_books\A.R. Shaw,1
A.S. Byatt,D:\Novels Library\Final_all_books\A.S. Byatt,1
A.J. Eversley,D:\Novels Library\Final_all_books\A.J. Eversley,1
Aaron Buchanan,D:\Novels Library\Final_all_books\Aaron Buchanan,1
A.K. Michaels,D:\Novels Library\Final_all_books\A.K. Michaels,1
A.P.J. Abdul Kalam,D:\Novels Library\Final_all_books\A.P.J. Abdul Kalam,1
A.V. Shener,D:\Novels Library\Final_all_books\A.V. Shener,1
Aaron D. Hodges,D:\Novels Library\Final_all_books\Aaron D. Hodges,1
Aaron Klein,D:\Novels Library\Final_all_books\Aaron Klein,1
Aaron Michael Ritchey,D:\Novels Library\Final_all_books\Aaron Michael Ritchey,1
Aaron Reynolds,D:\Novels Library\Final_all_books\Aaron Reynolds,1
Aaron-Michael Hall,D:\Novels Library\Final_all_books\Aaron-Michael Hall,1
"Abbott, Alexis","D:\Novels Library\Final_all_books\Abbott, Alexis",1
Abbi Glines,D:\Novels Library\Final_all_books\Abbi Glines,1
Abby Jimenez,D:\Novels Library\Final_all_books\Abby Jimenez,1
Abby Reede,D:\Novels Library\Final_all_books\Abby Reede,1
"Aberford, AJ","D:\Novels Library\Final_all_books\Aberford, AJ",1
Abby L. Vandiver,D:\Novels Library\Final_all_books\Abby L. Vandiver,1
Abigail Kade,D:\Novels Library\Final_all_books\Abigail Kade,1
Abi Ketner,D:\Novels Library\Final_all_books\Abi Ketner,1
Abigail Tarttelin,D:\Novels Library\Final_all_books\Abigail Tarttelin,1
Abigail Williams,D:\Novels Library\Final_all_books\Abigail Williams,1
Abra Ebner,D:\Novels Library\Final_all_books\Abra Ebner,1
Abraham Tomlinson,D:\Novels Library\Final_all_books\Abraham Tomlinson,1
"Abraham, Daniel","D:\Novels Library\Final_all_books\Abraham, Daniel",1
Abraham Verghese,D:\Novels Library\Final_all_books\Abraham Verghese,1
"Achebe, Chinua;Innes, Catherine Ly","D:\Novels Library\Final_all_books\Achebe, Chinua;Innes, Catherine Ly",1
"Adair, Bobby","D:\Novels Library\Final_all_books\Adair, Bobby",1
AC Cobble,D:\Novels Library\Final_all_books\AC Cobble,1
Adam Chandler,D:\Novels Library\Final_all_books\Adam Chandler,1
Adam Gittlin,D:\Novels Library\Final_all_books\Adam Gittlin,1
Adam Hamdy,D:\Novels Library\Final_all_books\Adam Hamdy,1
Adam Silvera,D:\Novels Library\Final_all_books\Adam Silvera,1
"Adams, Anna","D:\Novels Library\Final_all_books\Adams, Anna",1
Adam Bender,D:\Novels Library\Final_all_books\Adam Bender,1
Adam Nemett,D:\Novels Library\Final_all_books\Adam Nemett,1
Adam Hochschild,D:\Novels Library\Final_all_books\Adam Hochschild,1
"Adams, Melissa","D:\Novels Library\Final_all_books\Adams, Melissa",1
Adara Wolf,D:\Novels Library\Final_all_books\Adara Wolf,1
Adelaide Forrest,D:\Novels Library\Final_all_books\Adelaide Forrest,1
Adele Ames,D:\Novels Library\Final_all_books\Adele Ames,1
"Adichie, Chimamanda Ngozi","D:\Novels Library\Final_all_books\Adichie, Chimamanda Ngozi",1
Adell Ryan,D:\Novels Library\Final_all_books\Adell Ryan,1
"Adler, Chloe","D:\Novels Library\Final_all_books\Adler, Chloe",1
Administrator,D:\Novels Library\Final_all_books\Administrator,1
Aden Polydoros,D:\Novels Library\Final_all_books\Aden Polydoros,1
Adriadne LeFox,D:\Novels Library\Final_all_books\Adriadne LeFox,1
Adrian J. Smith Narrated Byraphael,D:\Novels Library\Final_all_books\Adrian J. Smith Narrated Byraphael,1
Adrian J. Smith,D:\Novels Library\Final_all_books\Adrian J. Smith,1
Adrian Selby,D:\Novels Library\Final_all_books\Adrian Selby,1
Adrian Tchaikovsky,D:\Novels Library\Final_all_books\Adrian Tchaikovsky,1
Adriana Locke,D:\Novels Library\Final_all_books\Adriana Locke,1
Adult Coloring Books Illustrators,D:\Novels Library\Final_all_books\Adult Coloring Books Illustrators,1
Afia Atakora,D:\Novels Library\Final_all_books\Afia Atakora,1
Afton Locke,D:\Novels Library\Final_all_books\Afton Locke,1
Adrienne Benson,D:\Novels Library\Final_all_books\Adrienne Benson,1
Agatha Parker,D:\Novels Library\Final_all_books\Agatha Parker,1
Agustina Bazterrica,D:\Novels Library\Final_all_books\Agustina Bazterrica,1
"Ahern, Jerry","D:\Novels Library\Final_all_books\Ahern, Jerry",1
AI,D:\Novels Library\Final_all_books\AI,1
Ai Jiang,D:\Novels Library\Final_all_books\Ai Jiang,1
Ahmad Patria Abdullah,D:\Novels Library\Final_all_books\Ahmad Patria Abdullah,1
Aiden Bates,D:\Novels Library\Final_all_books\Aiden Bates,1
Aimee Bender,D:\Novels Library\Final_all_books\Aimee Bender,1
Aiden James,D:\Novels Library\Final_all_books\Aiden James,1
Aimee Easterling et al,D:\Novels Library\Final_all_books\Aimee Easterling et al,1
Airicka Phoenix,D:\Novels Library\Final_all_books\Airicka Phoenix,1
Aj Aberford,D:\Novels Library\Final_all_books\Aj Aberford,1
AJ Anders,D:\Novels Library\Final_all_books\AJ Anders,1
Aisling Rawle,D:\Novels Library\Final_all_books\Aisling Rawle,1
AJ Merlin,D:\Novels Library\Final_all_books\AJ Merlin,1
Akana Phenix,D:\Novels Library\Final_all_books\Akana Phenix,1
Akiko Miyagi,D:\Novels Library\Final_all_books\Akiko Miyagi,1
Alafair Burke,D:\Novels Library\Final_all_books\Alafair Burke,1
Al K. Line,D:\Novels Library\Final_all_books\Al K. Line,1
Alan Paton,D:\Novels Library\Final_all_books\Alan Paton,1
Alanea Alder,D:\Novels Library\Final_all_books\Alanea Alder,1
Alanna Okun,D:\Novels Library\Final_all_books\Alanna Okun,1
"Albany, Mark","D:\Novels Library\Final_all_books\Albany, Mark",1
Albie Berk,D:\Novels Library\Final_all_books\Albie Berk,1
"Alderton, Dolly","D:\Novels Library\Final_all_books\Alderton, Dolly",1
Aldous Huxley,D:\Novels Library\Final_all_books\Aldous Huxley,1
Alana Massey,D:\Novels Library\Final_all_books\Alana Massey,1
Alan Schwarz,D:\Novels Library\Final_all_books\Alan Schwarz,1
Albert Prodigy Johnson,D:\Novels Library\Final_all_books\Albert Prodigy Johnson,1
Alec Finlay,D:\Novels Library\Final_all_books\Alec Finlay,1
Alan E. Nourse,D:\Novels Library\Final_all_books\Alan E. Nourse,1
Aleksandr Solzhenitsyn,D:\Novels Library\Final_all_books\Aleksandr Solzhenitsyn,1
Alena Des,D:\Novels Library\Final_all_books\Alena Des,1
Alessa Thorn,D:\Novels Library\Final_all_books\Alessa Thorn,1
Alex Barclay,D:\Novels Library\Final_all_books\Alex Barclay,1
Alex Albrinck,D:\Novels Library\Final_all_books\Alex Albrinck,1
Alex Aster,D:\Novels Library\Final_all_books\Alex Aster,1
Alex Flinn,D:\Novels Library\Final_all_books\Alex Flinn,1
Alex Kotlowitz,D:\Novels Library\Final_all_books\Alex Kotlowitz,1
Alex Dafney,D:\Novels Library\Final_all_books\Alex Dafney,1
Alex Linwood,D:\Novels Library\Final_all_books\Alex Linwood,1
Alex K Korir,D:\Novels Library\Final_all_books\Alex K Korir,1
Alex Morgenstern,D:\Novels Library\Final_all_books\Alex Morgenstern,1
Alex Musson,D:\Novels Library\Final_all_books\Alex Musson,1
Alex Michaelides,D:\Novels Library\Final_all_books\Alex Michaelides,1
Alex Nonymous,D:\Novels Library\Final_all_books\Alex Nonymous,1
Alex North,D:\Novels Library\Final_all_books\Alex North,1
Alex Sinclair,D:\Novels Library\Final_all_books\Alex Sinclair,1
Alex Smith,D:\Novels Library\Final_all_books\Alex Smith,1
Alexa B James,D:\Novels Library\Final_all_books\Alexa B James,1
Alexa Mackintosh,D:\Novels Library\Final_all_books\Alexa Mackintosh,1
Alexa Rivers,D:\Novels Library\Final_all_books\Alexa Rivers,1
Alexa Whitewolf,D:\Novels Library\Final_all_books\Alexa Whitewolf,1
Alexander Gordon Smith,D:\Novels Library\Final_all_books\Alexander Gordon Smith,1
Alexander Irvine,D:\Novels Library\Final_all_books\Alexander Irvine,1
Alex Villavasso,D:\Novels Library\Final_all_books\Alex Villavasso,1
Alexander McCall Smith,D:\Novels Library\Final_all_books\Alexander McCall Smith,1
alexander d'agapeyeff,D:\Novels Library\Final_all_books\alexander d'agapeyeff,1
Alexandra Sheppard,D:\Novels Library\Final_all_books\Alexandra Sheppard,1
Alexandria Marzano-Lesnevich,D:\Novels Library\Final_all_books\Alexandria Marzano-Lesnevich,1
Alexis Abbott,D:\Novels Library\Final_all_books\Alexis Abbott,1
Alexis Calder,D:\Novels Library\Final_all_books\Alexis Calder,1
"Alexis Morgan, Amie Denman, Jennif","D:\Novels Library\Final_all_books\Alexis Morgan, Amie Denman, Jennif",1
Alexis Patton,D:\Novels Library\Final_all_books\Alexis Patton,1
Alfred Kubin,D:\Novels Library\Final_all_books\Alfred Kubin,1
Ali,D:\Novels Library\Final_all_books\Ali,1
Ali Smith,D:\Novels Library\Final_all_books\Ali Smith,1
Ali Olson,D:\Novels Library\Final_all_books\Ali Olson,1
Alice Coldbreath,D:\Novels Library\Final_all_books\Alice Coldbreath,1
Alice Duncan,D:\Novels Library\Final_all_books\Alice Duncan,1
Alexis Pierce,D:\Novels Library\Final_all_books\Alexis Pierce,1
Alice Ivinya,D:\Novels Library\Final_all_books\Alice Ivinya,1
Alice K. Wayne,D:\Novels Library\Final_all_books\Alice K. Wayne,1
Alijah Sawyer,D:\Novels Library\Final_all_books\Alijah Sawyer,1
Aliette de Bodard,D:\Novels Library\Final_all_books\Aliette de Bodard,1
Alisa Sheckley,D:\Novels Library\Final_all_books\Alisa Sheckley,1
Alisha Armstrong,D:\Novels Library\Final_all_books\Alisha Armstrong,1
Alice VL,D:\Novels Library\Final_all_books\Alice VL,1
Alisha Ashton,D:\Novels Library\Final_all_books\Alisha Ashton,1
Alison Fairbrother,D:\Novels Library\Final_all_books\Alison Fairbrother,1
Alisha Howard,D:\Novels Library\Final_all_books\Alisha Howard,1
Alison Ingleby,D:\Novels Library\Final_all_books\Alison Ingleby,1
Alison James,D:\Novels Library\Final_all_books\Alison James,1
Alison Stine,D:\Novels Library\Final_all_books\Alison Stine,1
Alison Stone,D:\Novels Library\Final_all_books\Alison Stone,1
Alison Tyler,D:\Novels Library\Final_all_books\Alison Tyler,1
Alix E. Harrow,D:\Novels Library\Final_all_books\Alix E. Harrow,1
Alla Keselman,D:\Novels Library\Final_all_books\Alla Keselman,1
Alison Harper,D:\Novels Library\Final_all_books\Alison Harper,1
Allan Cole,D:\Novels Library\Final_all_books\Allan Cole,1
Allegra Hyde,D:\Novels Library\Final_all_books\Allegra Hyde,1
Alison McBain,D:\Novels Library\Final_all_books\Alison McBain,1
Allen Drury,D:\Novels Library\Final_all_books\Allen Drury,1
Alix Sharpe,D:\Novels Library\Final_all_books\Alix Sharpe,1
"Allen, Wes","D:\Novels Library\Final_all_books\Allen, Wes",1
Allie Drake,D:\Novels Library\Final_all_books\Allie Drake,1
Allie Lox,D:\Novels Library\Final_all_books\Allie Lox,1
Allen Ginsberg,D:\Novels Library\Final_all_books\Allen Ginsberg,1
Allen Kuzara,D:\Novels Library\Final_all_books\Allen Kuzara,1
"Allyne, Kerry","D:\Novels Library\Final_all_books\Allyne, Kerry",1
Allyson Lindt,D:\Novels Library\Final_all_books\Allyson Lindt,1
Ally Vance,D:\Novels Library\Final_all_books\Ally Vance,1
Alora Kate,D:\Novels Library\Final_all_books\Alora Kate,1
Alston Sleet,D:\Novels Library\Final_all_books\Alston Sleet,1
"Alterman, Eric;","D:\Novels Library\Final_all_books\Alterman, Eric;",1
"Alward, Donna","D:\Novels Library\Final_all_books\Alward, Donna",1
Aly Martinez,D:\Novels Library\Final_all_books\Aly Martinez,1
Alyson Richman,D:\Novels Library\Final_all_books\Alyson Richman,1
Alyssa Breck,D:\Novels Library\Final_all_books\Alyssa Breck,1
Alyssa Rae Taylor,D:\Novels Library\Final_all_books\Alyssa Rae Taylor,1
Alyssa Rose Ivy,D:\Novels Library\Final_all_books\Alyssa Rose Ivy,1
Alyssa Drake,D:\Novels Library\Final_all_books\Alyssa Drake,1
Alyssa Sheinmel,D:\Novels Library\Final_all_books\Alyssa Sheinmel,1
Alyssa Milani,D:\Novels Library\Final_all_books\Alyssa Milani,1
"Amadi, Elechi, 1934-","D:\Novels Library\Final_all_books\Amadi, Elechi, 1934-",1
Amanda Bestor-Siegal,D:\Novels Library\Final_all_books\Amanda Bestor-Siegal,1
Amanda Bridgeman,D:\Novels Library\Final_all_books\Amanda Bridgeman,1
Amalia Carosella,D:\Novels Library\Final_all_books\Amalia Carosella,1
Amanda Carpenter,D:\Novels Library\Final_all_books\Amanda Carpenter,1
Alyxandra Harvey,D:\Novels Library\Final_all_books\Alyxandra Harvey,1
Amanda Foody,D:\Novels Library\Final_all_books\Amanda Foody,1
Amanda Dew,D:\Novels Library\Final_all_books\Amanda Dew,1
Amanda James,D:\Novels Library\Final_all_books\Amanda James,1
Amanda Lee,D:\Novels Library\Final_all_books\Amanda Lee,1
Amanda Luzzader,D:\Novels Library\Final_all_books\Amanda Luzzader,1
Amanda M. Pate,D:\Novels Library\Final_all_books\Amanda M. Pate,1
Amanda Peters,D:\Novels Library\Final_all_books\Amanda Peters,1
Amanda Montell,D:\Novels Library\Final_all_books\Amanda Montell,1
Ambar (author) Tolkien Eldaron,D:\Novels Library\Final_all_books\Ambar (author) Tolkien Eldaron,1
Amber Crewes,D:\Novels Library\Final_all_books\Amber Crewes,1
Amanda Lovelace,D:\Novels Library\Final_all_books\Amanda Lovelace,1
Amber Kelly,D:\Novels Library\Final_all_books\Amber Kelly,1
Amber Morant,D:\Novels Library\Final_all_books\Amber Morant,1
Amber Garr,D:\Novels Library\Final_all_books\Amber Garr,1
Ambrosia R. Harris,D:\Novels Library\Final_all_books\Ambrosia R. Harris,1
Amelia Fox,D:\Novels Library\Final_all_books\Amelia Fox,1
Amelia Morgan,D:\Novels Library\Final_all_books\Amelia Morgan,1
Amelia Wilde,D:\Novels Library\Final_all_books\Amelia Wilde,1
America's Test Kitchen,D:\Novels Library\Final_all_books\America's Test Kitchen,1
"American, Angery","D:\Novels Library\Final_all_books\American, Angery",1
Ameriie,D:\Novels Library\Final_all_books\Ameriie,1
"Amie Kaufman, Jay Kristoff","D:\Novels Library\Final_all_books\Amie Kaufman, Jay Kristoff",1
Amelia Esla,D:\Novels Library\Final_all_books\Amelia Esla,1
Amina Harrison,D:\Novels Library\Final_all_books\Amina Harrison,1
Amelie's Story,D:\Novels Library\Final_all_books\Amelie's Story,1
Amii Lorin,D:\Novels Library\Final_all_books\Amii Lorin,1
Amos Tutuola,D:\Novels Library\Final_all_books\Amos Tutuola,1
Amy Bartelloni,D:\Novels Library\Final_all_books\Amy Bartelloni,1
Amy Bloom,D:\Novels Library\Final_all_books\Amy Bloom,1
AMS Alpha Male Strategies,D:\Novels Library\Final_all_books\AMS Alpha Male Strategies,1
Amy Cross,D:\Novels Library\Final_all_books\Amy Cross,1
Amy Hopkins,D:\Novels Library\Final_all_books\Amy Hopkins,1
Amy L. Gale,D:\Novels Library\Final_all_books\Amy L. Gale,1
Amy Casey,D:\Novels Library\Final_all_books\Amy Casey,1
Amy McNulty,D:\Novels Library\Final_all_books\Amy McNulty,1
Amy Patrick,D:\Novels Library\Final_all_books\Amy Patrick,1
Amy Odell,D:\Novels Library\Final_all_books\Amy Odell,1
Amy Pennza,D:\Novels Library\Final_all_books\Amy Pennza,1
Amy Raby,D:\Novels Library\Final_all_books\Amy Raby,1
Amy Rose Capetta,D:\Novels Library\Final_all_books\Amy Rose Capetta,1
Amy Ross,D:\Novels Library\Final_all_books\Amy Ross,1
"Amy Vastine, Jen Gilroy, Virginia","D:\Novels Library\Final_all_books\Amy Vastine, Jen Gilroy, Virginia",1
An Outrageous Proposal.docx,D:\Novels Library\Final_all_books\An Outrageous Proposal.docx,1
Ana Mardoll,D:\Novels Library\Final_all_books\Ana Mardoll,1
Ana Reyes,D:\Novels Library\Final_all_books\Ana Reyes,1
Ande Li,D:\Novels Library\Final_all_books\Ande Li,1
Anders Edwards,D:\Novels Library\Final_all_books\Anders Edwards,1
Anders Tengner,D:\Novels Library\Final_all_books\Anders Tengner,1
"Anderson, Angelique","D:\Novels Library\Final_all_books\Anderson, Angelique",1
"Anderson, Annie","D:\Novels Library\Final_all_books\Anderson, Annie",1
Anastasia Maltezos,D:\Novels Library\Final_all_books\Anastasia Maltezos,1
Andrea Bartz,D:\Novels Library\Final_all_books\Andrea Bartz,1
Andre Alice Norton,D:\Novels Library\Final_all_books\Andre Alice Norton,1
"ANDREA LAURENCE,","D:\Novels Library\Final_all_books\ANDREA LAURENCE,",1
Andrea Marie Brokaw,D:\Novels Library\Final_all_books\Andrea Marie Brokaw,1
Andrea Rogers,D:\Novels Library\Final_all_books\Andrea Rogers,1
andrea rothman,D:\Novels Library\Final_all_books\andrea rothman,1
Andrew Beymer,D:\Novels Library\Final_all_books\Andrew Beymer,1
An Affair Before Christmas,D:\Novels Library\Final_all_books\An Affair Before Christmas,1
Andrew D. Connell,D:\Novels Library\Final_all_books\Andrew D. Connell,1
Andrew E. Kaufman,D:\Novels Library\Final_all_books\Andrew E. Kaufman,1
Andrew Fukuda,D:\Novels Library\Final_all_books\Andrew Fukuda,1
Andrew J. Cherlin,D:\Novels Library\Final_all_books\Andrew J. Cherlin,1
Andrew Knighton,D:\Novels Library\Final_all_books\Andrew Knighton,1
Andrew Lowe,D:\Novels Library\Final_all_books\Andrew Lowe,1
Andrew Morton,D:\Novels Library\Final_all_books\Andrew Morton,1
Andrew Rowe,D:\Novels Library\Final_all_books\Andrew Rowe,1
Andrew S. Curran,D:\Novels Library\Final_all_books\Andrew S. Curran,1
Andrew van Wey,D:\Novels Library\Final_all_books\Andrew van Wey,1
"Andrews, Amy","D:\Novels Library\Final_all_books\Andrews, Amy",1
Angela Chadwick,D:\Novels Library\Final_all_books\Angela Chadwick,1
Angela Fristoe,D:\Novels Library\Final_all_books\Angela Fristoe,1
Angela Snyder,D:\Novels Library\Final_all_books\Angela Snyder,1
Angie Sage,D:\Novels Library\Final_all_books\Angie Sage,1
Angy Skay,D:\Novels Library\Final_all_books\Angy Skay,1
Anita Valle,D:\Novels Library\Final_all_books\Anita Valle,1
Anjelica Huston,D:\Novels Library\Final_all_books\Anjelica Huston,1
Anita Shreve,D:\Novels Library\Final_all_books\Anita Shreve,1
Anissa Gray,D:\Novels Library\Final_all_books\Anissa Gray,1
Ann,D:\Novels Library\Final_all_books\Ann,1
Ann Frank,D:\Novels Library\Final_all_books\Ann Frank,1
Ann Brashares,D:\Novels Library\Final_all_books\Ann Brashares,1
Ann Lethbridge,D:\Novels Library\Final_all_books\Ann Lethbridge,1
Ann Marie Scott,D:\Novels Library\Final_all_books\Ann Marie Scott,1
Ann Halam,D:\Novels Library\Final_all_books\Ann Halam,1
Ann Grech,D:\Novels Library\Final_all_books\Ann Grech,1
"Ann, Aguirre","D:\Novels Library\Final_all_books\Ann, Aguirre",1
Ann Napolitano,D:\Novels Library\Final_all_books\Ann Napolitano,1
Anna del Mar,D:\Novels Library\Final_all_books\Anna del Mar,1
Anna Callaway,D:\Novels Library\Final_all_books\Anna Callaway,1
Ann Voss Peterson,D:\Novels Library\Final_all_books\Ann Voss Peterson,1
Anna Edwards,D:\Novels Library\Final_all_books\Anna Edwards,1
Anna J Stewart,D:\Novels Library\Final_all_books\Anna J Stewart,1
"Anna J. Stewart, Melinda Curtis, J","D:\Novels Library\Final_all_books\Anna J. Stewart, Melinda Curtis, J",1
Anna North,D:\Novels Library\Final_all_books\Anna North,1
Anna Leonard,D:\Novels Library\Final_all_books\Anna Leonard,1
Anna Romer,D:\Novels Library\Final_all_books\Anna Romer,1
Anna Sewell,D:\Novels Library\Final_all_books\Anna Sewell,1
Annabel Monaghan,D:\Novels Library\Final_all_books\Annabel Monaghan,1
Annalise Clark,D:\Novels Library\Final_all_books\Annalise Clark,1
Anne Carson,D:\Novels Library\Final_all_books\Anne Carson,1
"Anne Farrow,Joel Lang,Jenifer Fran","D:\Novels Library\Final_all_books\Anne Farrow,Joel Lang,Jenifer Fran",1
Anne Herries,D:\Novels Library\Final_all_books\Anne Herries,1
Anne Hillerman,D:\Novels Library\Final_all_books\Anne Hillerman,1
Anne Shillolo,D:\Novels Library\Final_all_books\Anne Shillolo,1
Anne Tyler,D:\Novels Library\Final_all_books\Anne Tyler,1
Anne Sherril,D:\Novels Library\Final_all_books\Anne Sherril,1
Anne's Perfect Husband,D:\Novels Library\Final_all_books\Anne's Perfect Husband,1
Annetta Ribken,D:\Novels Library\Final_all_books\Annetta Ribken,1
Annette McLove,D:\Novels Library\Final_all_books\Annette McLove,1
Anni Taylor,D:\Novels Library\Final_all_books\Anni Taylor,1
Annie Bellet,D:\Novels Library\Final_all_books\Annie Bellet,1
Annie Rachel Cole,D:\Novels Library\Final_all_books\Annie Rachel Cole,1
Annie Walls,D:\Novels Library\Final_all_books\Annie Walls,1
Annie West - The Greek Tycoon's Un,D:\Novels Library\Final_all_books\Annie West - The Greek Tycoon's Un,1
Annie West - Damaso Claims His Hei,D:\Novels Library\Final_all_books\Annie West - Damaso Claims His Hei,1
Anthony Burgess,D:\Novels Library\Final_all_books\Anthony Burgess,1
Anodea Judith,D:\Novels Library\Final_all_books\Anodea Judith,1
Anthony Marra,D:\Novels Library\Final_all_books\Anthony Marra,1
Anthony McCarten,D:\Novels Library\Final_all_books\Anthony McCarten,1
Anthony Trollope,D:\Novels Library\Final_all_books\Anthony Trollope,1
Antonello Lobianco,D:\Novels Library\Final_all_books\Antonello Lobianco,1
Anthony Everitt,D:\Novels Library\Final_all_books\Anthony Everitt,1
Anya Wylde,D:\Novels Library\Final_all_books\Anya Wylde,1
Antoine de Saint Exupery,D:\Novels Library\Final_all_books\Antoine de Saint Exupery,1
Aphrodite Jones,D:\Novels Library\Final_all_books\Aphrodite Jones,1
April Arrington,D:\Novels Library\Final_all_books\April Arrington,1
Anthony Tucker-Jones,D:\Novels Library\Final_all_books\Anthony Tucker-Jones,1
Arabian Nights,D:\Novels Library\Final_all_books\Arabian Nights,1
"Archer, Jeffrey","D:\Novels Library\Final_all_books\Archer, Jeffrey",1
Archer Cj (author),D:\Novels Library\Final_all_books\Archer Cj (author),1
Arese Ugwu,D:\Novels Library\Final_all_books\Arese Ugwu,1
"Archer, Alex","D:\Novels Library\Final_all_books\Archer, Alex",1
Ariella Isabella,D:\Novels Library\Final_all_books\Ariella Isabella,1
Aria R. Blue,D:\Novels Library\Final_all_books\Aria R. Blue,1
Ariz Brune,D:\Novels Library\Final_all_books\Ariz Brune,1
Ariel Hunter,D:\Novels Library\Final_all_books\Ariel Hunter,1
Arkadi-Boris Strugatsky,D:\Novels Library\Final_all_books\Arkadi-Boris Strugatsky,1
Arkadi Strugatsky,D:\Novels Library\Final_all_books\Arkadi Strugatsky,1
Arnold Schwarzenegger,D:\Novels Library\Final_all_books\Arnold Schwarzenegger,1
Arlo Arrow,D:\Novels Library\Final_all_books\Arlo Arrow,1
"Arruda, Suzanne","D:\Novels Library\Final_all_books\Arruda, Suzanne",1
Arshay Cooper,D:\Novels Library\Final_all_books\Arshay Cooper,1
Arthur Golden,D:\Novels Library\Final_all_books\Arthur Golden,1
Asa Maria Bradley,D:\Novels Library\Final_all_books\Asa Maria Bradley,1
Art Saborio,D:\Novels Library\Final_all_books\Art Saborio,1
Ash Davidson,D:\Novels Library\Final_all_books\Ash Davidson,1
Ashley Fontainne,D:\Novels Library\Final_all_books\Ashley Fontainne,1
Ashley O'Donovan,D:\Novels Library\Final_all_books\Ashley O'Donovan,1
Ashley Poston,D:\Novels Library\Final_all_books\Ashley Poston,1
"Ashley, Kristen","D:\Novels Library\Final_all_books\Ashley, Kristen",1
Ashley Winstead,D:\Novels Library\Final_all_books\Ashley Winstead,1
"Ashling, Mickie B_","D:\Novels Library\Final_all_books\Ashling, Mickie B_",1
"Ashton, Brodi","D:\Novels Library\Final_all_books\Ashton, Brodi",1
"Asimov, Isaac","D:\Novels Library\Final_all_books\Asimov, Isaac",1
Athena Aston,D:\Novels Library\Final_all_books\Athena Aston,1
Athena Wright,D:\Novels Library\Final_all_books\Athena Wright,1
Athena,D:\Novels Library\Final_all_books\Athena,1
Attica Locke,D:\Novels Library\Final_all_books\Attica Locke,1
Aubrey Clark,D:\Novels Library\Final_all_books\Aubrey Clark,1
Auburn Tempest,D:\Novels Library\Final_all_books\Auburn Tempest,1
Audrey Brice,D:\Novels Library\Final_all_books\Audrey Brice,1
Audrey Grey,D:\Novels Library\Final_all_books\Audrey Grey,1
Audrey Carlan,D:\Novels Library\Final_all_books\Audrey Carlan,1
Audrey Rush,D:\Novels Library\Final_all_books\Audrey Rush,1
Audrey Walker,D:\Novels Library\Final_all_books\Audrey Walker,1
Audrianna Hoover,D:\Novels Library\Final_all_books\Audrianna Hoover,1
Aurelia Jane,D:\Novels Library\Final_all_books\Aurelia Jane,1
"Austen, Kaylie","D:\Novels Library\Final_all_books\Austen, Kaylie",1
Austin Bates,D:\Novels Library\Final_all_books\Austin Bates,1
Austin Beck,D:\Novels Library\Final_all_books\Austin Beck,1
Augusten Burroughs,D:\Novels Library\Final_all_books\Augusten Burroughs,1
Aurora Dawn,D:\Novels Library\Final_all_books\Aurora Dawn,1
Autumn Summers,D:\Novels Library\Final_all_books\Autumn Summers,1
Audrey Schulman,D:\Novels Library\Final_all_books\Audrey Schulman,1
Autumn Avery,D:\Novels Library\Final_all_books\Autumn Avery,1
Ava S. King,D:\Novels Library\Final_all_books\Ava S. King,1
authors_sort,D:\Novels Library\Final_all_books\authors_sort,1
Ava Mallory,D:\Novels Library\Final_all_books\Ava Mallory,1
Averil Ives,D:\Novels Library\Final_all_books\Averil Ives,1
"Aveyard, Victoria","D:\Novels Library\Final_all_books\Aveyard, Victoria",1
Axie Oh,D:\Novels Library\Final_all_books\Axie Oh,1
"Ayinde, M. H_","D:\Novels Library\Final_all_books\Ayinde, M. H_",1
"Azinger, Karen","D:\Novels Library\Final_all_books\Azinger, Karen",1
Ayana Mathis,D:\Novels Library\Final_all_books\Ayana Mathis,1
B A Trimmer,D:\Novels Library\Final_all_books\B A Trimmer,1
B T Narro,D:\Novels Library\Final_all_books\B T Narro,1
Azam Ahmed,D:\Novels Library\Final_all_books\Azam Ahmed,1
Aya Ling,D:\Novels Library\Final_all_books\Aya Ling,1
B. A. Savage,D:\Novels Library\Final_all_books\B. A. Savage,1
"B., Kema","D:\Novels Library\Final_all_books\B., Kema",1
B.A. Savage,D:\Novels Library\Final_all_books\B.A. Savage,1
B.C. Palmer,D:\Novels Library\Final_all_books\B.C. Palmer,1
B.C. Burgess,D:\Novels Library\Final_all_books\B.C. Burgess,1
Babak Govan,D:\Novels Library\Final_all_books\Babak Govan,1
Baby Professor,D:\Novels Library\Final_all_books\Baby Professor,1
Baby Steps,D:\Novels Library\Final_all_books\Baby Steps,1
Back to Life,D:\Novels Library\Final_all_books\Back to Life,1
"Badman, Keith","D:\Novels Library\Final_all_books\Badman, Keith",1
Bailey,D:\Novels Library\Final_all_books\Bailey,1
B.J. Irons,D:\Novels Library\Final_all_books\B.J. Irons,1
"Bagwell, Stella","D:\Novels Library\Final_all_books\Bagwell, Stella",1
"Bailey, Rachel","D:\Novels Library\Final_all_books\Bailey, Rachel",1
"Bailey, Sarah","D:\Novels Library\Final_all_books\Bailey, Sarah",1
"Baker, Ruth","D:\Novels Library\Final_all_books\Baker, Ruth",1
"Baldwin, James Osiris","D:\Novels Library\Final_all_books\Baldwin, James Osiris",1
"Ballard, J.G_","D:\Novels Library\Final_all_books\Ballard, J.G_",1
"Banks, Anna","D:\Novels Library\Final_all_books\Banks, Anna",1
"Balz, Dan","D:\Novels Library\Final_all_books\Balz, Dan",1
"Bailey, G_","D:\Novels Library\Final_all_books\Bailey, G_",1
"Balogh, Mary","D:\Novels Library\Final_all_books\Balogh, Mary",1
"Balague, Guillem","D:\Novels Library\Final_all_books\Balague, Guillem",1
"Banner, M.L_","D:\Novels Library\Final_all_books\Banner, M.L_",1
Barbara Faith,D:\Novels Library\Final_all_books\Barbara Faith,1
Barbara Ann Wright,D:\Novels Library\Final_all_books\Barbara Ann Wright,1
Barbara Hart,D:\Novels Library\Final_all_books\Barbara Hart,1
Barbara Leaming,D:\Novels Library\Final_all_books\Barbara Leaming,1
Barbara Wallace,D:\Novels Library\Final_all_books\Barbara Wallace,1
Barbara Russell,D:\Novels Library\Final_all_books\Barbara Russell,1
Barbara Wooding,D:\Novels Library\Final_all_books\Barbara Wooding,1
"Bardugo, Leigh","D:\Novels Library\Final_all_books\Bardugo, Leigh",1
"Barnes, Julian","D:\Novels Library\Final_all_books\Barnes, Julian",1
Barnes.Julian,D:\Novels Library\Final_all_books\Barnes.Julian,1
"Barone, Dennis;Allen, Dick;","D:\Novels Library\Final_all_books\Barone, Dennis;Allen, Dick;",1
"Barrett, Andrew","D:\Novels Library\Final_all_books\Barrett, Andrew",1
"Barrett, Tracy","D:\Novels Library\Final_all_books\Barrett, Tracy",1
"Barritt, Christy","D:\Novels Library\Final_all_books\Barritt, Christy",1
"Bartol, Amy A_","D:\Novels Library\Final_all_books\Bartol, Amy A_",1
BB Easton,D:\Novels Library\Final_all_books\BB Easton,1
Beaird Glover,D:\Novels Library\Final_all_books\Beaird Glover,1
"Beck, Eden","D:\Novels Library\Final_all_books\Beck, Eden",1
Becki Willis,D:\Novels Library\Final_all_books\Becki Willis,1
"Beckett, Galen","D:\Novels Library\Final_all_books\Beckett, Galen",1
Becca Blake,D:\Novels Library\Final_all_books\Becca Blake,1
Bedded by the Boss,D:\Novels Library\Final_all_books\Bedded by the Boss,1
Beena Khan,D:\Novels Library\Final_all_books\Beena Khan,1
Beguiled,D:\Novels Library\Final_all_books\Beguiled,1
"Begley, Jamie","D:\Novels Library\Final_all_books\Begley, Jamie",1
bell hooks,D:\Novels Library\Final_all_books\bell hooks,1
Belinda Page,D:\Novels Library\Final_all_books\Belinda Page,1
Bella Andre,D:\Novels Library\Final_all_books\Bella Andre,1
Bella Love-Wins,D:\Novels Library\Final_all_books\Bella Love-Wins,1
"Bell, Dana Marie","D:\Novels Library\Final_all_books\Bell, Dana Marie",1
Bella Klaus,D:\Novels Library\Final_all_books\Bella Klaus,1
Bella. Blair,D:\Novels Library\Final_all_books\Bella. Blair,1
Belle Aurora,D:\Novels Library\Final_all_books\Belle Aurora,1
"Beman, Stephannie","D:\Novels Library\Final_all_books\Beman, Stephannie",1
Bella J_,D:\Novels Library\Final_all_books\Bella J_,1
Ben Folds,D:\Novels Library\Final_all_books\Ben Folds,1
Ben Marble,D:\Novels Library\Final_all_books\Ben Marble,1
Ben Kane,D:\Novels Library\Final_all_books\Ben Kane,1
Ben Rawlence,D:\Novels Library\Final_all_books\Ben Rawlence,1
Benjamin Franklin,D:\Novels Library\Final_all_books\Benjamin Franklin,1
Benjamin Stevenson,D:\Novels Library\Final_all_books\Benjamin Stevenson,1
Benjamin Wilkins,D:\Novels Library\Final_all_books\Benjamin Wilkins,1
"Ben, Carson","D:\Novels Library\Final_all_books\Ben, Carson",1
"Bennett, Jeffrey;Carroll, Michael;","D:\Novels Library\Final_all_books\Bennett, Jeffrey;Carroll, Michael;",1
Bennett Sims,D:\Novels Library\Final_all_books\Bennett Sims,1
"Bequin, Lizzy","D:\Novels Library\Final_all_books\Bequin, Lizzy",1
Bernard Beckett,D:\Novels Library\Final_all_books\Bernard Beckett,1
Bernard Jan,D:\Novels Library\Final_all_books\Bernard Jan,1
Bernard Evslin,D:\Novels Library\Final_all_books\Bernard Evslin,1
Bertolt Brecht,D:\Novels Library\Final_all_books\Bertolt Brecht,1
Bessel van der Kolk MD,D:\Novels Library\Final_all_books\Bessel van der Kolk MD,1
"Berry, Lucinda","D:\Novels Library\Final_all_books\Berry, Lucinda",1
Best Laid Plans,D:\Novels Library\Final_all_books\Best Laid Plans,1
"Berry, Wendell","D:\Novels Library\Final_all_books\Berry, Wendell",1
Beth Dranoff,D:\Novels Library\Final_all_books\Beth Dranoff,1
Beth L. Buelow,D:\Novels Library\Final_all_books\Beth L. Buelow,1
Bessel van Der Kolk,D:\Novels Library\Final_all_books\Bessel van Der Kolk,1
Bethany Hoeflich,D:\Novels Library\Final_all_books\Bethany Hoeflich,1
Bethany Atazadeh,D:\Novels Library\Final_all_books\Bethany Atazadeh,1
Bettany Hughes,D:\Novels Library\Final_all_books\Bettany Hughes,1
Betrayed,D:\Novels Library\Final_all_books\Betrayed,1
Betty Smith,D:\Novels Library\Final_all_books\Betty Smith,1
Bettina Melher,D:\Novels Library\Final_all_books\Bettina Melher,1
Betty Rowlands,D:\Novels Library\Final_all_books\Betty Rowlands,1
Beverley Oakley,D:\Novels Library\Final_all_books\Beverley Oakley,1
Betina Krahn,D:\Novels Library\Final_all_books\Betina Krahn,1
"Bevarly, Elizabeth","D:\Novels Library\Final_all_books\Bevarly, Elizabeth",1
Bianca Sparacino,D:\Novels Library\Final_all_books\Bianca Sparacino,1
"Bianchin, Helen","D:\Novels Library\Final_all_books\Bianchin, Helen",1
Bill Clinton,D:\Novels Library\Final_all_books\Bill Clinton,1
Bill Broun,D:\Novels Library\Final_all_books\Bill Broun,1
Bill Glose,D:\Novels Library\Final_all_books\Bill Glose,1
Bill Schutt,D:\Novels Library\Final_all_books\Bill Schutt,1
Bill Konigsberg,D:\Novels Library\Final_all_books\Bill Konigsberg,1
"Biller, Jose","D:\Novels Library\Final_all_books\Biller, Jose",1
Bill Gross,D:\Novels Library\Final_all_books\Bill Gross,1
Bitter Grounds,D:\Novels Library\Final_all_books\Bitter Grounds,1
Black Magic Sanction,D:\Novels Library\Final_all_books\Black Magic Sanction,1
"Black, Stasia","D:\Novels Library\Final_all_books\Black, Stasia",1
"Blain, Robert","D:\Novels Library\Final_all_books\Blain, Robert",1
Blair Daniels,D:\Novels Library\Final_all_books\Blair Daniels,1
Blair Denholm,D:\Novels Library\Final_all_books\Blair Denholm,1
bizarrestars,D:\Novels Library\Final_all_books\bizarrestars,1
"Blair, Bella","D:\Novels Library\Final_all_books\Blair, Bella",1
Blake Crouch,D:\Novels Library\Final_all_books\Blake Crouch,1
Blakely Chorpenning,D:\Novels Library\Final_all_books\Blakely Chorpenning,1
"Block, Caryn Moya","D:\Novels Library\Final_all_books\Block, Caryn Moya",1
"Blodgett, Tamara Rose","D:\Novels Library\Final_all_books\Blodgett, Tamara Rose",1
"Blooding, SM","D:\Novels Library\Final_all_books\Blooding, SM",1
"Blake, Carina","D:\Novels Library\Final_all_books\Blake, Carina",1
"BLOOM, BERNICE","D:\Novels Library\Final_all_books\BLOOM, BERNICE",1
Blossom,D:\Novels Library\Final_all_books\Blossom,1
Bobby Adair,D:\Novels Library\Final_all_books\Bobby Adair,1
"Bondurant, Aubrey","D:\Novels Library\Final_all_books\Bondurant, Aubrey",1
Bonnie Garmus,D:\Novels Library\Final_all_books\Bonnie Garmus,1
Bonnie Turner,D:\Novels Library\Final_all_books\Bonnie Turner,1
Bob Bowman,D:\Novels Library\Final_all_books\Bob Bowman,1
Book of the Ancients,D:\Novels Library\Final_all_books\Book of the Ancients,1
"Books, Ruby City","D:\Novels Library\Final_all_books\Books, Ruby City",1
"Bond, Gwenda","D:\Novels Library\Final_all_books\Bond, Gwenda",1
Bound to Shadows,D:\Novels Library\Final_all_books\Bound to Shadows,1
"Bourne, Lena","D:\Novels Library\Final_all_books\Bourne, Lena",1
Boris Pasternak,D:\Novels Library\Final_all_books\Boris Pasternak,1
Bound,D:\Novels Library\Final_all_books\Bound,1
"Bowen, Sarina","D:\Novels Library\Final_all_books\Bowen, Sarina",1
Brad E. Kelle;Brent A. Strawn;,D:\Novels Library\Final_all_books\Brad E. Kelle;Brent A. Strawn;,1
Brad Magnarella,D:\Novels Library\Final_all_books\Brad Magnarella,1
Boyne John,D:\Novels Library\Final_all_books\Boyne John,1
Brad Thor,D:\Novels Library\Final_all_books\Brad Thor,1
"Boyes, Shandi","D:\Novels Library\Final_all_books\Boyes, Shandi",1
Brad Parks,D:\Novels Library\Final_all_books\Brad Parks,1
Bradley Somer,D:\Novels Library\Final_all_books\Bradley Somer,1
Brady Hunsaker,D:\Novels Library\Final_all_books\Brady Hunsaker,1
Bradley Caffee,D:\Novels Library\Final_all_books\Bradley Caffee,1
Brandon Berntson,D:\Novels Library\Final_all_books\Brandon Berntson,1
Bram Stoker,D:\Novels Library\Final_all_books\Bram Stoker,1
Brandon Mull,D:\Novels Library\Final_all_books\Brandon Mull,1
Brandon Mull; Brandon Dorman,D:\Novels Library\Final_all_books\Brandon Mull; Brandon Dorman,1
Brandon Zenner,D:\Novels Library\Final_all_books\Brandon Zenner,1
Brandy L Rivers,D:\Novels Library\Final_all_books\Brandy L Rivers,1
Brandy Nacole,D:\Novels Library\Final_all_books\Brandy Nacole,1
"Brandy, Meagan","D:\Novels Library\Final_all_books\Brandy, Meagan",1
"Brashares, Ann","D:\Novels Library\Final_all_books\Brashares, Ann",1
Brandy Colbert,D:\Novels Library\Final_all_books\Brandy Colbert,1
Bree Baker,D:\Novels Library\Final_all_books\Bree Baker,1
Bree Barton,D:\Novels Library\Final_all_books\Bree Barton,1
Breccan Storm,D:\Novels Library\Final_all_books\Breccan Storm,1
Breaking Point,D:\Novels Library\Final_all_books\Breaking Point,1
Bree Bellucci,D:\Novels Library\Final_all_books\Bree Bellucci,1
Brenda A. Wilson,D:\Novels Library\Final_all_books\Brenda A. Wilson,1
Brenda Daly,D:\Novels Library\Final_all_books\Brenda Daly,1
Brenda Minton,D:\Novels Library\Final_all_books\Brenda Minton,1
Brendan Slocumb,D:\Novels Library\Final_all_books\Brendan Slocumb,1
Brenna Clarke,D:\Novels Library\Final_all_books\Brenna Clarke,1
Bret Easton Ellis,D:\Novels Library\Final_all_books\Bret Easton Ellis,1
Bri Blackwood,D:\Novels Library\Final_all_books\Bri Blackwood,1
Brian Fuller,D:\Novels Library\Final_all_books\Brian Fuller,1
Bria Marche,D:\Novels Library\Final_all_books\Bria Marche,1
Brian Jacques; Allan Curless,D:\Novels Library\Final_all_books\Brian Jacques; Allan Curless,1
Brian Jacques; Gary Chalk,D:\Novels Library\Final_all_books\Brian Jacques; Gary Chalk,1
Brian Jacques; Sean Rubin,D:\Novels Library\Final_all_books\Brian Jacques; Sean Rubin,1
Brian Jacques; David Elliot,D:\Novels Library\Final_all_books\Brian Jacques; David Elliot,1
Brian Moreland,D:\Novels Library\Final_all_books\Brian Moreland,1
Brian Myrick,D:\Novels Library\Final_all_books\Brian Myrick,1
Brian Shea,D:\Novels Library\Final_all_books\Brian Shea,1
Brianna Hale,D:\Novels Library\Final_all_books\Brianna Hale,1
Brianna Lee McKenzie,D:\Novels Library\Final_all_books\Brianna Lee McKenzie,1
Bridget Collins,D:\Novels Library\Final_all_books\Bridget Collins,1
"Bridges, Kate","D:\Novels Library\Final_all_books\Bridges, Kate",1
"Bridgnorth, Dee","D:\Novels Library\Final_all_books\Bridgnorth, Dee",1
"Bright, Anabel","D:\Novels Library\Final_all_books\Bright, Anabel",1
"Brightley, C.J_","D:\Novels Library\Final_all_books\Brightley, C.J_",1
Brit Bennett,D:\Novels Library\Final_all_books\Brit Bennett,1
Britney Bell,D:\Novels Library\Final_all_books\Britney Bell,1
Brilynn O'Neal,D:\Novels Library\Final_all_books\Brilynn O'Neal,1
Britney King,D:\Novels Library\Final_all_books\Britney King,1
Britney Winn Lee,D:\Novels Library\Final_all_books\Britney Winn Lee,1
Britney Spears,D:\Novels Library\Final_all_books\Britney Spears,1
"Britt, Samantha","D:\Novels Library\Final_all_books\Britt, Samantha",1
Brittany White,D:\Novels Library\Final_all_books\Brittany White,1
Brittney Joy,D:\Novels Library\Final_all_books\Brittney Joy,1
Brittni Chenelle,D:\Novels Library\Final_all_books\Brittni Chenelle,1
Bronwyn Green,D:\Novels Library\Final_all_books\Bronwyn Green,1
BrittanyAnn Robinson,D:\Novels Library\Final_all_books\BrittanyAnn Robinson,1
Brittany Cournoyer,D:\Novels Library\Final_all_books\Brittany Cournoyer,1
Brittney Mulliner,D:\Novels Library\Final_all_books\Brittney Mulliner,1
Bronwyn Williams,D:\Novels Library\Final_all_books\Bronwyn Williams,1
Brooke St. James,D:\Novels Library\Final_all_books\Brooke St. James,1
Brogen Murphy,D:\Novels Library\Final_all_books\Brogen Murphy,1
Brittney Morris,D:\Novels Library\Final_all_books\Brittney Morris,1
"Brothers, Steph","D:\Novels Library\Final_all_books\Brothers, Steph",1
"Brother, Stephanie","D:\Novels Library\Final_all_books\Brother, Stephanie",1
Brooke Summers,D:\Novels Library\Final_all_books\Brooke Summers,1
"Brown, Jacqueline","D:\Novels Library\Final_all_books\Brown, Jacqueline",1
"Brown, Gary Winston","D:\Novels Library\Final_all_books\Brown, Gary Winston",1
Brothers Grimm,D:\Novels Library\Final_all_books\Brothers Grimm,1
Bruce Hammack,D:\Novels Library\Final_all_books\Bruce Hammack,1
Brooke Fast,D:\Novels Library\Final_all_books\Brooke Fast,1
"Bruno, Rhett C_","D:\Novels Library\Final_all_books\Bruno, Rhett C_",1
"Brunwick, Natalie","D:\Novels Library\Final_all_books\Brunwick, Natalie",1
"Brown, Marc Tolon","D:\Novels Library\Final_all_books\Brown, Marc Tolon",1
Bryan Doerries,D:\Novels Library\Final_all_books\Bryan Doerries,1
"Brown, Pierce","D:\Novels Library\Final_all_books\Brown, Pierce",1
Bryan Cassiday,D:\Novels Library\Final_all_books\Bryan Cassiday,1
Bruce R. Cordell,D:\Novels Library\Final_all_books\Bruce R. Cordell,1
Bryan Stevenson,D:\Novels Library\Final_all_books\Bryan Stevenson,1
Bryan Morrison,D:\Novels Library\Final_all_books\Bryan Morrison,1
"Bryson, Bill","D:\Novels Library\Final_all_books\Bryson, Bill",1
Brynn Ford,D:\Novels Library\Final_all_books\Brynn Ford,1
"Buchanan, Meg","D:\Novels Library\Final_all_books\Buchanan, Meg",1
"Bundy, Candice","D:\Novels Library\Final_all_books\Bundy, Candice",1
"Burgess, Anthony","D:\Novels Library\Final_all_books\Burgess, Anthony",1
"Bye, Ashlee Nicole","D:\Novels Library\Final_all_books\Bye, Ashlee Nicole",1
"Byrd, Rhyannon","D:\Novels Library\Final_all_books\Byrd, Rhyannon",1
"Butler, Christyne","D:\Novels Library\Final_all_books\Butler, Christyne",1
Bryan M. Litfin,D:\Novels Library\Final_all_books\Bryan M. Litfin,1
C,D:\Novels Library\Final_all_books\C,1
C. A. Fletcher,D:\Novels Library\Final_all_books\C. A. Fletcher,1
C. C. Dowling,D:\Novels Library\Final_all_books\C. C. Dowling,1
C. B. Stone,D:\Novels Library\Final_all_books\C. B. Stone,1
C. A. Perez,D:\Novels Library\Final_all_books\C. A. Perez,1
C. C. Francis,D:\Novels Library\Final_all_books\C. C. Francis,1
C. F. Iggulden,D:\Novels Library\Final_all_books\C. F. Iggulden,1
C. E. Wilson,D:\Novels Library\Final_all_books\C. E. Wilson,1
C. Hallman,D:\Novels Library\Final_all_books\C. Hallman,1
C. J. Carey,D:\Novels Library\Final_all_books\C. J. Carey,1
C. J. Redwine,D:\Novels Library\Final_all_books\C. J. Redwine,1
C. L. Clark,D:\Novels Library\Final_all_books\C. L. Clark,1
C. Rene Astle,D:\Novels Library\Final_all_books\C. Rene Astle,1
C. M. Sutter,D:\Novels Library\Final_all_books\C. M. Sutter,1
C. S. Churton,D:\Novels Library\Final_all_books\C. S. Churton,1
C. W. Gray,D:\Novels Library\Final_all_books\C. W. Gray,1
C. Y. Croc,D:\Novels Library\Final_all_books\C. Y. Croc,1
C.A. Higgins,D:\Novels Library\Final_all_books\C.A. Higgins,1
C.A. Human,D:\Novels Library\Final_all_books\C.A. Human,1
C.C. Penaranda,D:\Novels Library\Final_all_books\C.C. Penaranda,1
C.C. Piper,D:\Novels Library\Final_all_books\C.C. Piper,1
C. T. Phipps,D:\Novels Library\Final_all_books\C. T. Phipps,1
C.J. Box,D:\Novels Library\Final_all_books\C.J. Box,1
C.J. Milacci,D:\Novels Library\Final_all_books\C.J. Milacci,1
C.J. Pinard,D:\Novels Library\Final_all_books\C.J. Pinard,1
C.L. Denault,D:\Novels Library\Final_all_books\C.L. Denault,1
C.L. Taylor,D:\Novels Library\Final_all_books\C.L. Taylor,1
C.G. William,D:\Novels Library\Final_all_books\C.G. William,1
C.S. Luis,D:\Novels Library\Final_all_books\C.S. Luis,1
C.V. Hunt,D:\Novels Library\Final_all_books\C.V. Hunt,1
Caethes Faron,D:\Novels Library\Final_all_books\Caethes Faron,1
"Cage, Jessica","D:\Novels Library\Final_all_books\Cage, Jessica",1
"Cahalan, Susannah","D:\Novels Library\Final_all_books\Cahalan, Susannah",1
Caden Nantes,D:\Novels Library\Final_all_books\Caden Nantes,1
"Caine, Rachel","D:\Novels Library\Final_all_books\Caine, Rachel",1
Caitlin R. Kiernan,D:\Novels Library\Final_all_books\Caitlin R. Kiernan,1
Calasso Roberto,D:\Novels Library\Final_all_books\Calasso Roberto,1
Calista Fox,D:\Novels Library\Final_all_books\Calista Fox,1
Cal Black,D:\Novels Library\Final_all_books\Cal Black,1
Callie Hutton,D:\Novels Library\Final_all_books\Callie Hutton,1
Callie Hart,D:\Novels Library\Final_all_books\Callie Hart,1
Callie Rhodes,D:\Novels Library\Final_all_books\Callie Rhodes,1
Cal Newport,D:\Novels Library\Final_all_books\Cal Newport,1
Cameo Renae,D:\Novels Library\Final_all_books\Cameo Renae,1
Cameron Johnston,D:\Novels Library\Final_all_books\Cameron Johnston,1
Cameron Lowe,D:\Novels Library\Final_all_books\Cameron Lowe,1
"Cameron, Cate","D:\Novels Library\Final_all_books\Cameron, Cate",1
Camilla Isley,D:\Novels Library\Final_all_books\Camilla Isley,1
Cameron Reed,D:\Novels Library\Final_all_books\Cameron Reed,1
Camilla Lackberg,D:\Novels Library\Final_all_books\Camilla Lackberg,1
Cami Dalton,D:\Novels Library\Final_all_books\Cami Dalton,1
Camilla Tracy,D:\Novels Library\Final_all_books\Camilla Tracy,1
Camille Picott,D:\Novels Library\Final_all_books\Camille Picott,1
Can't Get Enough,D:\Novels Library\Final_all_books\Can't Get Enough,1
"Canavan, Trudi","D:\Novels Library\Final_all_books\Canavan, Trudi",1
Candice Bundy,D:\Novels Library\Final_all_books\Candice Bundy,1
Candice Carty-Williams,D:\Novels Library\Final_all_books\Candice Carty-Williams,1
Candice Millard,D:\Novels Library\Final_all_books\Candice Millard,1
Candace Havens - Mission_ Seductio,D:\Novels Library\Final_all_books\Candace Havens - Mission_ Seductio,1
"Capri, Diane","D:\Novels Library\Final_all_books\Capri, Diane",1
Cara Chance,D:\Novels Library\Final_all_books\Cara Chance,1
Carey Groner,D:\Novels Library\Final_all_books\Carey Groner,1
"Carey, M. R_","D:\Novels Library\Final_all_books\Carey, M. R_",1
Cari Z,D:\Novels Library\Final_all_books\Cari Z,1
Cari Z_,D:\Novels Library\Final_all_books\Cari Z_,1
Carina Taylor,D:\Novels Library\Final_all_books\Carina Taylor,1
Carissa Ann Lynch,D:\Novels Library\Final_all_books\Carissa Ann Lynch,1
Carissa Broadbent,D:\Novels Library\Final_all_books\Carissa Broadbent,1
Carl Alves,D:\Novels Library\Final_all_books\Carl Alves,1
Carl Sagan,D:\Novels Library\Final_all_books\Carl Sagan,1
Carl Sandburg,D:\Novels Library\Final_all_books\Carl Sandburg,1
Carl Chinn,D:\Novels Library\Final_all_books\Carl Chinn,1
Carley Hitchens,D:\Novels Library\Final_all_books\Carley Hitchens,1
Carlo Ancelotti,D:\Novels Library\Final_all_books\Carlo Ancelotti,1
Carlo Collodi,D:\Novels Library\Final_all_books\Carlo Collodi,1
Carlton Mellick,D:\Novels Library\Final_all_books\Carlton Mellick,1
"Carlin, George","D:\Novels Library\Final_all_books\Carlin, George",1
"Carnegie, Dale","D:\Novels Library\Final_all_books\Carnegie, Dale",1
Carly Phillips,D:\Novels Library\Final_all_books\Carly Phillips,1
Carol Arens - Renegade Most Wanted,D:\Novels Library\Final_all_books\Carol Arens - Renegade Most Wanted,1
Carnes Lord,D:\Novels Library\Final_all_books\Carnes Lord,1
Carol Ann Rinzler,D:\Novels Library\Final_all_books\Carol Ann Rinzler,1
Carol Goodman,D:\Novels Library\Final_all_books\Carol Goodman,1
Carol Gregor,D:\Novels Library\Final_all_books\Carol Gregor,1
Carol Ross,D:\Novels Library\Final_all_books\Carol Ross,1
Carol Schulte,D:\Novels Library\Final_all_books\Carol Schulte,1
Carol Arens - Rebel,D:\Novels Library\Final_all_books\Carol Arens - Rebel,1
Caroline B. Cooney,D:\Novels Library\Final_all_books\Caroline B. Cooney,1
Caroline Crosswind,D:\Novels Library\Final_all_books\Caroline Crosswind,1
Caroline Kepnes,D:\Novels Library\Final_all_books\Caroline Kepnes,1
Carolyn Crane,D:\Novels Library\Final_all_books\Carolyn Crane,1
Carolyn Greene,D:\Novels Library\Final_all_books\Carolyn Greene,1
"Carolyn Baker, Ph.D_","D:\Novels Library\Final_all_books\Carolyn Baker, Ph.D_",1
Carolyn McSparren,D:\Novels Library\Final_all_books\Carolyn McSparren,1
Carolyn Meyer,D:\Novels Library\Final_all_books\Carolyn Meyer,1
Carolyn McCarthy,D:\Novels Library\Final_all_books\Carolyn McCarthy,1
Carolyn Spear,D:\Novels Library\Final_all_books\Carolyn Spear,1
Carrie Alexander,D:\Novels Library\Final_all_books\Carrie Alexander,1
Carrie B. Kisker,D:\Novels Library\Final_all_books\Carrie B. Kisker,1
Carrie Lynn Thomas,D:\Novels Library\Final_all_books\Carrie Lynn Thomas,1
Carrie Marsh,D:\Novels Library\Final_all_books\Carrie Marsh,1
"Carter, Ally","D:\Novels Library\Final_all_books\Carter, Ally",1
"Carter, L.B_","D:\Novels Library\Final_all_books\Carter, L.B_",1
"Cartwright, Jenny","D:\Novels Library\Final_all_books\Cartwright, Jenny",1
Caryn Moya-Block,D:\Novels Library\Final_all_books\Caryn Moya-Block,1
Carrie Mac,D:\Novels Library\Final_all_books\Carrie Mac,1
Case of the Four,D:\Novels Library\Final_all_books\Case of the Four,1
Casey Hill,D:\Novels Library\Final_all_books\Casey Hill,1
Casey L Bond,D:\Novels Library\Final_all_books\Casey L Bond,1
Casey McQuiston,D:\Novels Library\Final_all_books\Casey McQuiston,1
Casi McLean,D:\Novels Library\Final_all_books\Casi McLean,1
Cass Green,D:\Novels Library\Final_all_books\Cass Green,1
Cas Peace,D:\Novels Library\Final_all_books\Cas Peace,1
"Cass, Kiera","D:\Novels Library\Final_all_books\Cass, Kiera",1
Cassana Lawson,D:\Novels Library\Final_all_books\Cassana Lawson,1
Cassandra Austin,D:\Novels Library\Final_all_books\Cassandra Austin,1
Cassandra Clarke,D:\Novels Library\Final_all_books\Cassandra Clarke,1
Cassandra Newbould,D:\Novels Library\Final_all_books\Cassandra Newbould,1
Cassi Hart,D:\Novels Library\Final_all_books\Cassi Hart,1
"Cassidy, Penn","D:\Novels Library\Final_all_books\Cassidy, Penn",1
Cassie James,D:\Novels Library\Final_all_books\Cassie James,1
Cat Chandler,D:\Novels Library\Final_all_books\Cat Chandler,1
Cate Corvin,D:\Novels Library\Final_all_books\Cate Corvin,1
Catherine Adel West,D:\Novels Library\Final_all_books\Catherine Adel West,1
Catherine Cowles,D:\Novels Library\Final_all_books\Catherine Cowles,1
Catherine Chidgey,D:\Novels Library\Final_all_books\Catherine Chidgey,1
Catherine Fogarty,D:\Novels Library\Final_all_books\Catherine Fogarty,1
Catherine Lee,D:\Novels Library\Final_all_books\Catherine Lee,1
Catherine Doyle,D:\Novels Library\Final_all_books\Catherine Doyle,1
Catherine Miller,D:\Novels Library\Final_all_books\Catherine Miller,1
"Catherine, Heidi","D:\Novels Library\Final_all_books\Catherine, Heidi",1
Catherynne M. Valente,D:\Novels Library\Final_all_books\Catherynne M. Valente,1
Catholic Teen Books,D:\Novels Library\Final_all_books\Catholic Teen Books,1
Cathryn Fox,D:\Novels Library\Final_all_books\Cathryn Fox,1
Cathy McCrumb,D:\Novels Library\Final_all_books\Cathy McCrumb,1
"Caudill, Edward;Ashdown, Paul;","D:\Novels Library\Final_all_books\Caudill, Edward;Ashdown, Paul;",1
CB Samet,D:\Novels Library\Final_all_books\CB Samet,1
Caz Frear,D:\Novels Library\Final_all_books\Caz Frear,1
Cb Samet Narrated Bysusan McGurl,D:\Novels Library\Final_all_books\Cb Samet Narrated Bysusan McGurl,1
Cebo Campbell,D:\Novels Library\Final_all_books\Cebo Campbell,1
Cb Samet Narrated Bysusan McGur,D:\Novels Library\Final_all_books\Cb Samet Narrated Bysusan McGur,1
Ceci Giltenan,D:\Novels Library\Final_all_books\Ceci Giltenan,1
Cecily Dawson,D:\Novels Library\Final_all_books\Cecily Dawson,1
Celeste Ng,D:\Novels Library\Final_all_books\Celeste Ng,1
Celia Brayfield,D:\Novels Library\Final_all_books\Celia Brayfield,1
Celia Mcmahon,D:\Novels Library\Final_all_books\Celia Mcmahon,1
Celia Crown,D:\Novels Library\Final_all_books\Celia Crown,1
CELENE CAREY,D:\Novels Library\Final_all_books\CELENE CAREY,1
Ceri A. Lowe,D:\Novels Library\Final_all_books\Ceri A. Lowe,1
Chaim Potok,D:\Novels Library\Final_all_books\Chaim Potok,1
Cesar Gonzalez,D:\Novels Library\Final_all_books\Cesar Gonzalez,1
"Chant, Zoe","D:\Novels Library\Final_all_books\Chant, Zoe",1
Charity Ferrell,D:\Novels Library\Final_all_books\Charity Ferrell,1
Charlene Carr,D:\Novels Library\Final_all_books\Charlene Carr,1
Charity Tahmaseb,D:\Novels Library\Final_all_books\Charity Tahmaseb,1
Charlene Perry,D:\Novels Library\Final_all_books\Charlene Perry,1
Charles DeMaris,D:\Novels Library\Final_all_books\Charles DeMaris,1
Charles Eugene Anderson,D:\Novels Library\Final_all_books\Charles Eugene Anderson,1
Charles Gasparino,D:\Novels Library\Final_all_books\Charles Gasparino,1
Charles M. Schulz,D:\Novels Library\Final_all_books\Charles M. Schulz,1
Charles R. Case,D:\Novels Library\Final_all_books\Charles R. Case,1
Charles Webster Leadbeater,D:\Novels Library\Final_all_books\Charles Webster Leadbeater,1
Charley Case,D:\Novels Library\Final_all_books\Charley Case,1
Charlie English,D:\Novels Library\Final_all_books\Charlie English,1
Charlie Dalton,D:\Novels Library\Final_all_books\Charlie Dalton,1
Charlie Lee,D:\Novels Library\Final_all_books\Charlie Lee,1
Charlie Cochet,D:\Novels Library\Final_all_books\Charlie Cochet,1
Charlie Wolfe,D:\Novels Library\Final_all_books\Charlie Wolfe,1
Charlotte Bronte,D:\Novels Library\Final_all_books\Charlotte Bronte,1
Charlotte E English,D:\Novels Library\Final_all_books\Charlotte E English,1
Charlotte McConaghy,D:\Novels Library\Final_all_books\Charlotte McConaghy,1
Charlotte Vassell,D:\Novels Library\Final_all_books\Charlotte Vassell,1
Charlotte Hawkes,D:\Novels Library\Final_all_books\Charlotte Hawkes,1
Chase Hildenbrand,D:\Novels Library\Final_all_books\Chase Hildenbrand,1
Chasing the Dime (2003),D:\Novels Library\Final_all_books\Chasing the Dime (2003),1
Chele Cooke,D:\Novels Library\Final_all_books\Chele Cooke,1
Cher Etan,D:\Novels Library\Final_all_books\Cher Etan,1
Chase Waters,D:\Novels Library\Final_all_books\Chase Waters,1
Charmaine Ross,D:\Novels Library\Final_all_books\Charmaine Ross,1
"Chase, Anastasia","D:\Novels Library\Final_all_books\Chase, Anastasia",1
ChaShiree M_,D:\Novels Library\Final_all_books\ChaShiree M_,1
"Chernow, Ron","D:\Novels Library\Final_all_books\Chernow, Ron",1
Cheryl Bradshaw,D:\Novels Library\Final_all_books\Cheryl Bradshaw,1
Cheryl Phipps,D:\Novels Library\Final_all_books\Cheryl Phipps,1
Cheryl,D:\Novels Library\Final_all_books\Cheryl,1
Cheryl S. Mackey,D:\Novels Library\Final_all_books\Cheryl S. Mackey,1
Cherie Dimaline,D:\Novels Library\Final_all_books\Cherie Dimaline,1
Chelsea M. Cameron,D:\Novels Library\Final_all_books\Chelsea M. Cameron,1
Cheryl St John,D:\Novels Library\Final_all_books\Cheryl St John,1
"Cheryl St. John, Jenna Kernan","D:\Novels Library\Final_all_books\Cheryl St. John, Jenna Kernan",1
Chevy Stevens,D:\Novels Library\Final_all_books\Chevy Stevens,1
Chi Yu Rodriguez,D:\Novels Library\Final_all_books\Chi Yu Rodriguez,1
Chika Unigwe,D:\Novels Library\Final_all_books\Chika Unigwe,1
Child's History of England (Ope,D:\Novels Library\Final_all_books\Child's History of England (Ope,1
"Child, Andrew","D:\Novels Library\Final_all_books\Child, Andrew",1
Chip Gaines,D:\Novels Library\Final_all_books\Chip Gaines,1
Chiquita Dennie,D:\Novels Library\Final_all_books\Chiquita Dennie,1
"Chisala, Upile","D:\Novels Library\Final_all_books\Chisala, Upile",1
Chloe Benjamin,D:\Novels Library\Final_all_books\Chloe Benjamin,1
Chloe C. Penaranda,D:\Novels Library\Final_all_books\Chloe C. Penaranda,1
"Choudhury, Bibhash","D:\Novels Library\Final_all_books\Choudhury, Bibhash",1
Chris Babu,D:\Novels Library\Final_all_books\Chris Babu,1
Chris Bohjalian,D:\Novels Library\Final_all_books\Chris Bohjalian,1
Chris Cannon,D:\Novels Library\Final_all_books\Chris Cannon,1
Chris Fox,D:\Novels Library\Final_all_books\Chris Fox,1
Chris Fritschi,D:\Novels Library\Final_all_books\Chris Fritschi,1
"Choudhary, Harry","D:\Novels Library\Final_all_books\Choudhary, Harry",1
Chris Morphew,D:\Novels Library\Final_all_books\Chris Morphew,1
Chris Ryan,D:\Novels Library\Final_all_books\Chris Ryan,1
Chris Redding,D:\Novels Library\Final_all_books\Chris Redding,1
Chris Yee,D:\Novels Library\Final_all_books\Chris Yee,1
Christa Nardi,D:\Novels Library\Final_all_books\Christa Nardi,1
Chrissy Peebles,D:\Novels Library\Final_all_books\Chrissy Peebles,1
Christelle Dabos,D:\Novels Library\Final_all_books\Christelle Dabos,1
Christian J Gilliland,D:\Novels Library\Final_all_books\Christian J Gilliland,1
"Christenberry, Judy","D:\Novels Library\Final_all_books\Christenberry, Judy",1
Christa Faust,D:\Novels Library\Final_all_books\Christa Faust,1
Christie Golden,D:\Novels Library\Final_all_books\Christie Golden,1
Christina Blake,D:\Novels Library\Final_all_books\Christina Blake,1
Christina James,D:\Novels Library\Final_all_books\Christina James,1
Christina Lee,D:\Novels Library\Final_all_books\Christina Lee,1
Christina Mcknight,D:\Novels Library\Final_all_books\Christina Mcknight,1
Christina Hollis,D:\Novels Library\Final_all_books\Christina Hollis,1
Christina Ochs,D:\Novels Library\Final_all_books\Christina Ochs,1
Christine Dargas,D:\Novels Library\Final_all_books\Christine Dargas,1
Christine Day,D:\Novels Library\Final_all_books\Christine Day,1
Christine Lynn Herman,D:\Novels Library\Final_all_books\Christine Lynn Herman,1
Christine Platt,D:\Novels Library\Final_all_books\Christine Platt,1
Christine Manzari,D:\Novels Library\Final_all_books\Christine Manzari,1
Christine Rimmer - THE BRAVO ROYAL,D:\Novels Library\Final_all_books\Christine Rimmer - THE BRAVO ROYAL,1
Christobel Kent,D:\Novels Library\Final_all_books\Christobel Kent,1
Christopher Artinian,D:\Novels Library\Final_all_books\Christopher Artinian,1
Christopher C. Tubbs,D:\Novels Library\Final_all_books\Christopher C. Tubbs,1
Christina Phillips,D:\Novels Library\Final_all_books\Christina Phillips,1
Christopher Harlan,D:\Novels Library\Final_all_books\Christopher Harlan,1
Christopher Goffard,D:\Novels Library\Final_all_books\Christopher Goffard,1
Christopher Hopper,D:\Novels Library\Final_all_books\Christopher Hopper,1
Christopher Johns,D:\Novels Library\Final_all_books\Christopher Johns,1
Christopher Marlowe,D:\Novels Library\Final_all_books\Christopher Marlowe,1
Christopher Holt,D:\Novels Library\Final_all_books\Christopher Holt,1
Christopher Moran,D:\Novels Library\Final_all_books\Christopher Moran,1
Christopher Moore,D:\Novels Library\Final_all_books\Christopher Moore,1
Christopher Priest,D:\Novels Library\Final_all_books\Christopher Priest,1
Christopher Ruocchio,D:\Novels Library\Final_all_books\Christopher Ruocchio,1
Christy Jeffries,D:\Novels Library\Final_all_books\Christy Jeffries,1
Christy Lefteri,D:\Novels Library\Final_all_books\Christy Lefteri,1
Christy Reece,D:\Novels Library\Final_all_books\Christy Reece,1
Christy Pastore,D:\Novels Library\Final_all_books\Christy Pastore,1
Chuck Buda,D:\Novels Library\Final_all_books\Chuck Buda,1
Chuck Klosterman,D:\Novels Library\Final_all_books\Chuck Klosterman,1
Chul Min Kang,D:\Novels Library\Final_all_books\Chul Min Kang,1
Cindy Cipriano,D:\Novels Library\Final_all_books\Cindy Cipriano,1
Cindi Myers,D:\Novels Library\Final_all_books\Cindi Myers,1
Cindy Stark,D:\Novels Library\Final_all_books\Cindy Stark,1
CJ Leede,D:\Novels Library\Final_all_books\CJ Leede,1
Cindy Kirk,D:\Novels Library\Final_all_books\Cindy Kirk,1
City of Bones,D:\Novels Library\Final_all_books\City of Bones,1
Clair Bee,D:\Novels Library\Final_all_books\Clair Bee,1
Cj Roberts,D:\Novels Library\Final_all_books\Cj Roberts,1
Claire A Nivola,D:\Novels Library\Final_all_books\Claire A Nivola,1
Claerie Kavanaugh,D:\Novels Library\Final_all_books\Claerie Kavanaugh,1
Claire Cullen,D:\Novels Library\Final_all_books\Claire Cullen,1
Claire Eliza Bartlett,D:\Novels Library\Final_all_books\Claire Eliza Bartlett,1
Clair Delaney,D:\Novels Library\Final_all_books\Clair Delaney,1
Claire Heywood,D:\Novels Library\Final_all_books\Claire Heywood,1
Claire Legrand,D:\Novels Library\Final_all_books\Claire Legrand,1
Claire Fuller,D:\Novels Library\Final_all_books\Claire Fuller,1
Claire Freedman,D:\Novels Library\Final_all_books\Claire Freedman,1
Claire Seeber,D:\Novels Library\Final_all_books\Claire Seeber,1
Clara A. Tobin,D:\Novels Library\Final_all_books\Clara A. Tobin,1
Claire Lombardo,D:\Novels Library\Final_all_books\Claire Lombardo,1
Clara Connors,D:\Novels Library\Final_all_books\Clara Connors,1
Clara Lewis,D:\Novels Library\Final_all_books\Clara Lewis,1
Clare Furniss,D:\Novels Library\Final_all_books\Clare Furniss,1
Clara King,D:\Novels Library\Final_all_books\Clara King,1
Clare Moleta,D:\Novels Library\Final_all_books\Clare Moleta,1
Clarissa Goenawan,D:\Novels Library\Final_all_books\Clarissa Goenawan,1
Clarissa McKay,D:\Novels Library\Final_all_books\Clarissa McKay,1
"Clare, Cassandra","D:\Novels Library\Final_all_books\Clare, Cassandra",1
"Clarke, Arthur","D:\Novels Library\Final_all_books\Clarke, Arthur",1
Clarissa Pincola Estes,D:\Novels Library\Final_all_books\Clarissa Pincola Estes,1
Claudia Jameson,D:\Novels Library\Final_all_books\Claudia Jameson,1
Claudie Arseneault,D:\Novels Library\Final_all_books\Claudie Arseneault,1
"Clarke, Susanna","D:\Novels Library\Final_all_books\Clarke, Susanna",1
Clayborne Carson,D:\Novels Library\Final_all_books\Clayborne Carson,1
Cliff Jackman,D:\Novels Library\Final_all_books\Cliff Jackman,1
"Clayton, Alice","D:\Novels Library\Final_all_books\Clayton, Alice",1
"Clifford, Ryan","D:\Novels Library\Final_all_books\Clifford, Ryan",1
Clint Hall,D:\Novels Library\Final_all_books\Clint Hall,1
"Cline, Ernest","D:\Novels Library\Final_all_books\Cline, Ernest",1
"Clinton, Hillary Rodham","D:\Novels Library\Final_all_books\Clinton, Hillary Rodham",1
Clive Barker,D:\Novels Library\Final_all_books\Clive Barker,1
CM Raymond,D:\Novels Library\Final_all_books\CM Raymond,1
Clayton Wood,D:\Novels Library\Final_all_books\Clayton Wood,1
"Coates, Darcy","D:\Novels Library\Final_all_books\Coates, Darcy",1
Coco Mellors,D:\Novels Library\Final_all_books\Coco Mellors,1
Coco Mixon,D:\Novels Library\Final_all_books\Coco Mixon,1
Coby Zucker,D:\Novels Library\Final_all_books\Coby Zucker,1
Cold Magic,D:\Novels Library\Final_all_books\Cold Magic,1
Cole Denton,D:\Novels Library\Final_all_books\Cole Denton,1
"Cole, Astrid","D:\Novels Library\Final_all_books\Cole, Astrid",1
Cole Baxter,D:\Novels Library\Final_all_books\Cole Baxter,1
"Cole, M.G_","D:\Novels Library\Final_all_books\Cole, M.G_",1
Colin Conway,D:\Novels Library\Final_all_books\Colin Conway,1
"Cole, Tessa","D:\Novels Library\Final_all_books\Cole, Tessa",1
Colleen Hoover,D:\Novels Library\Final_all_books\Colleen Hoover,1
Colleen Oakes,D:\Novels Library\Final_all_books\Colleen Oakes,1
Collette Heather,D:\Novels Library\Final_all_books\Collette Heather,1
Condoleezza Rice,D:\Novels Library\Final_all_books\Condoleezza Rice,1
Computerworld,D:\Novels Library\Final_all_books\Computerworld,1
"Connelly, Michael","D:\Novels Library\Final_all_books\Connelly, Michael",1
Connor Donnelly,D:\Novels Library\Final_all_books\Connor Donnelly,1
Conor Malachi,D:\Novels Library\Final_all_books\Conor Malachi,1
Conrad Jones,D:\Novels Library\Final_all_books\Conrad Jones,1
Constance Barker,D:\Novels Library\Final_all_books\Constance Barker,1
Constance O'Banyon,D:\Novels Library\Final_all_books\Constance O'Banyon,1
Constance Sharper,D:\Novels Library\Final_all_books\Constance Sharper,1
"Conte, Marisa L.;","D:\Novels Library\Final_all_books\Conte, Marisa L.;",1
convert-jpg-to-pdf.net,D:\Novels Library\Final_all_books\convert-jpg-to-pdf.net,1
"Cooper, Glenn","D:\Novels Library\Final_all_books\Cooper, Glenn",1
"Cooper, Jill","D:\Novels Library\Final_all_books\Cooper, Jill",1
Cora Kenborn,D:\Novels Library\Final_all_books\Cora Kenborn,1
Corinne O'Flynn,D:\Novels Library\Final_all_books\Corinne O'Flynn,1
"Cornelison, Beth","D:\Novels Library\Final_all_books\Cornelison, Beth",1
Cory Doctorow,D:\Novels Library\Final_all_books\Cory Doctorow,1
Cory O'Brien,D:\Novels Library\Final_all_books\Cory O'Brien,1
Courtney Cole,D:\Novels Library\Final_all_books\Courtney Cole,1
Courtney C. Stevens,D:\Novels Library\Final_all_books\Courtney C. Stevens,1
Courtney Sharpe,D:\Novels Library\Final_all_books\Courtney Sharpe,1
"Cox, Tracey","D:\Novels Library\Final_all_books\Cox, Tracey",1
CP Ward,D:\Novels Library\Final_all_books\CP Ward,1
CP Smith,D:\Novels Library\Final_all_books\CP Smith,1
"Crash, Aaron","D:\Novels Library\Final_all_books\Crash, Aaron",1
Crescendo,D:\Novels Library\Final_all_books\Crescendo,1
"Crewe, Megan","D:\Novels Library\Final_all_books\Crewe, Megan",1
Crissy Moss,D:\Novels Library\Final_all_books\Crissy Moss,1
Cristina Alger,D:\Novels Library\Final_all_books\Cristina Alger,1
Craig Russell,D:\Novels Library\Final_all_books\Craig Russell,1
"Cronin,Justin","D:\Novels Library\Final_all_books\Cronin,Justin",1
"Cross, Gillian","D:\Novels Library\Final_all_books\Cross, Gillian",1
"Crowe, Mallory","D:\Novels Library\Final_all_books\Crowe, Mallory",1
"Croc, C. Y_","D:\Novels Library\Final_all_books\Croc, C. Y_",1
Crystal,D:\Novels Library\Final_all_books\Crystal,1
Crystal J. Johnson,D:\Novels Library\Final_all_books\Crystal J. Johnson,1
Crystal King,D:\Novels Library\Final_all_books\Crystal King,1
"Cullen, Claire","D:\Novels Library\Final_all_books\Cullen, Claire",1
Crystal Perkins,D:\Novels Library\Final_all_books\Crystal Perkins,1
"Curry, Steve","D:\Novels Library\Final_all_books\Curry, Steve",1
Crystal Smith,D:\Novels Library\Final_all_books\Crystal Smith,1
"Cussler, Clive","D:\Novels Library\Final_all_books\Cussler, Clive",1
Cynthia Eden,D:\Novels Library\Final_all_books\Cynthia Eden,1
Cynthia Luhrs,D:\Novels Library\Final_all_books\Cynthia Luhrs,1
Cynthia Vespia,D:\Novels Library\Final_all_books\Cynthia Vespia,1
D H Sidebottom,D:\Novels Library\Final_all_books\D H Sidebottom,1
Cyndi Thomason,D:\Novels Library\Final_all_books\Cyndi Thomason,1
Curtis Sittenfeld;,D:\Novels Library\Final_all_books\Curtis Sittenfeld;,1
D. F. Jones,D:\Novels Library\Final_all_books\D. F. Jones,1
D. J. Molles,D:\Novels Library\Final_all_books\D. J. Molles,1
D. O. Thomas,D:\Novels Library\Final_all_books\D. O. Thomas,1
D.D. Chance,D:\Novels Library\Final_all_books\D.D. Chance,1
D.F. Jones,D:\Novels Library\Final_all_books\D.F. Jones,1
D.P. Woolliscroft,D:\Novels Library\Final_all_books\D.P. Woolliscroft,1
Dacher Keltner,D:\Novels Library\Final_all_books\Dacher Keltner,1
D.J. Molles,D:\Novels Library\Final_all_books\D.J. Molles,1
D.R. Perry,D:\Novels Library\Final_all_books\D.R. Perry,1
Daisy Landish,D:\Novels Library\Final_all_books\Daisy Landish,1
Daisy Scaramella,D:\Novels Library\Final_all_books\Daisy Scaramella,1
D.W. Jackson,D:\Novels Library\Final_all_books\D.W. Jackson,1
D.K. Drake,D:\Novels Library\Final_all_books\D.K. Drake,1
D.C. Gambel,D:\Novels Library\Final_all_books\D.C. Gambel,1
Dalton Trumbo,D:\Novels Library\Final_all_books\Dalton Trumbo,1
Dame Daphne Sheldrick,D:\Novels Library\Final_all_books\Dame Daphne Sheldrick,1
Damien Boyes,D:\Novels Library\Final_all_books\Damien Boyes,1
Damir Salkovic,D:\Novels Library\Final_all_books\Damir Salkovic,1
Dale Lucas,D:\Novels Library\Final_all_books\Dale Lucas,1
Dalai Lama,D:\Novels Library\Final_all_books\Dalai Lama,1
Dan Michaelson,D:\Novels Library\Final_all_books\Dan Michaelson,1
Dan Alatorre,D:\Novels Library\Final_all_books\Dan Alatorre,1
Dan Padavona,D:\Novels Library\Final_all_books\Dan Padavona,1
Dan Newman,D:\Novels Library\Final_all_books\Dan Newman,1
Dan Wells,D:\Novels Library\Final_all_books\Dan Wells,1
Dana Fraedrich,D:\Novels Library\Final_all_books\Dana Fraedrich,1
Dan Smith,D:\Novels Library\Final_all_books\Dan Smith,1
Dana James,D:\Novels Library\Final_all_books\Dana James,1
Dana Marton,D:\Novels Library\Final_all_books\Dana Marton,1
Dana Marie Bell,D:\Novels Library\Final_all_books\Dana Marie Bell,1
"Dana Mentink, Tina Wheeler","D:\Novels Library\Final_all_books\Dana Mentink, Tina Wheeler",1
Dana Nussio,D:\Novels Library\Final_all_books\Dana Nussio,1
Dani Barnhart,D:\Novels Library\Final_all_books\Dani Barnhart,1
"DANI COLLINS,","D:\Novels Library\Final_all_books\DANI COLLINS,",1
Dani Littlepage,D:\Novels Library\Final_all_books\Dani Littlepage,1
Dani Francis,D:\Novels Library\Final_all_books\Dani Francis,1
Dani Morrison,D:\Novels Library\Final_all_books\Dani Morrison,1
Daniel Alarcon,D:\Novels Library\Final_all_books\Daniel Alarcon,1
Daniel Ammann,D:\Novels Library\Final_all_books\Daniel Ammann,1
Daniel Godfrey,D:\Novels Library\Final_all_books\Daniel Godfrey,1
Daniel Hahn,D:\Novels Library\Final_all_books\Daniel Hahn,1
Daniel J. Voelker,D:\Novels Library\Final_all_books\Daniel J. Voelker,1
Daniel H Pink,D:\Novels Library\Final_all_books\Daniel H Pink,1
Daniel Ellsberg,D:\Novels Library\Final_all_books\Daniel Ellsberg,1
Daniel Quinn,D:\Novels Library\Final_all_books\Daniel Quinn,1
Daniella Wright,D:\Novels Library\Final_all_books\Daniella Wright,1
Danielle Barnhart,D:\Novels Library\Final_all_books\Danielle Barnhart,1
Danielle Butler,D:\Novels Library\Final_all_books\Danielle Butler,1
Danielle L. Davis,D:\Novels Library\Final_all_books\Danielle L. Davis,1
Danielle Jensen,D:\Novels Library\Final_all_books\Danielle Jensen,1
Daniel Steele,D:\Novels Library\Final_all_books\Daniel Steele,1
"Daniels, Val","D:\Novels Library\Final_all_books\Daniels, Val",1
Danny Baker,D:\Novels Library\Final_all_books\Danny Baker,1
Danya Kukafka,D:\Novels Library\Final_all_books\Danya Kukafka,1
Daphne James Huff,D:\Novels Library\Final_all_books\Daphne James Huff,1
Daphne du Maurier,D:\Novels Library\Final_all_books\Daphne du Maurier,1
Darcy Maguire,D:\Novels Library\Final_all_books\Darcy Maguire,1
Darius Hinks,D:\Novels Library\Final_all_books\Darius Hinks,1
"Darcey, Sierra","D:\Novels Library\Final_all_books\Darcey, Sierra",1
Darkborn,D:\Novels Library\Final_all_books\Darkborn,1
Darkness of the Wolf,D:\Novels Library\Final_all_books\Darkness of the Wolf,1
"Dark, Bailey","D:\Novels Library\Final_all_books\Dark, Bailey",1
Dark Angel,D:\Novels Library\Final_all_books\Dark Angel,1
Darrien Lee,D:\Novels Library\Final_all_books\Darrien Lee,1
Dashiell Hammett,D:\Novels Library\Final_all_books\Dashiell Hammett,1
Daryl Banner,D:\Novels Library\Final_all_books\Daryl Banner,1
Dave Alred,D:\Novels Library\Final_all_books\Dave Alred,1
Dava Sobel,D:\Novels Library\Final_all_books\Dava Sobel,1
Dave Eggers,D:\Novels Library\Final_all_books\Dave Eggers,1
Dave Itzkoff,D:\Novels Library\Final_all_books\Dave Itzkoff,1
Dave Perrotta,D:\Novels Library\Final_all_books\Dave Perrotta,1
Dave Pelzer,D:\Novels Library\Final_all_books\Dave Pelzer,1
"Davenport, Reva","D:\Novels Library\Final_all_books\Davenport, Reva",1
David Almond,D:\Novels Library\Final_all_books\David Almond,1
David Anderson,D:\Novels Library\Final_all_books\David Anderson,1
David Ariosto,D:\Novels Library\Final_all_books\David Ariosto,1
David Bach,D:\Novels Library\Final_all_books\David Bach,1
David Browne,D:\Novels Library\Final_all_books\David Browne,1
David Bussell,D:\Novels Library\Final_all_books\David Bussell,1
David Elliott,D:\Novels Library\Final_all_books\David Elliott,1
David Finkel,D:\Novels Library\Final_all_books\David Finkel,1
David Foster Wallace,D:\Novels Library\Final_all_books\David Foster Wallace,1
David Gaider,D:\Novels Library\Final_all_books\David Gaider,1
David Enrich,D:\Novels Library\Final_all_books\David Enrich,1
David Green,D:\Novels Library\Final_all_books\David Green,1
David J. Smith,D:\Novels Library\Final_all_books\David J. Smith,1
David Levithan,D:\Novels Library\Final_all_books\David Levithan,1
David Maurer,D:\Novels Library\Final_all_books\David Maurer,1
David Mitchell,D:\Novels Library\Final_all_books\David Mitchell,1
David Pilling,D:\Novels Library\Final_all_books\David Pilling,1
David Rockefeller,D:\Novels Library\Final_all_books\David Rockefeller,1
David Schmader,D:\Novels Library\Final_all_books\David Schmader,1
David Scott Hay,D:\Novels Library\Final_all_books\David Scott Hay,1
David Sedaris,D:\Novels Library\Final_all_books\David Sedaris,1
Davis Ashura,D:\Novels Library\Final_all_books\Davis Ashura,1
"Davis, Dee","D:\Novels Library\Final_all_books\Davis, Dee",1
"Davis, Jennifer Anne","D:\Novels Library\Final_all_books\Davis, Jennifer Anne",1
"Davis, Alexa","D:\Novels Library\Final_all_books\Davis, Alexa",1
David Reed,D:\Novels Library\Final_all_books\David Reed,1
Dawn E. James,D:\Novels Library\Final_all_books\Dawn E. James,1
Dawn Darko,D:\Novels Library\Final_all_books\Dawn Darko,1
"Day, Sylvia","D:\Novels Library\Final_all_books\Day, Sylvia",1
"Dawson, Kay P_","D:\Novels Library\Final_all_books\Dawson, Kay P_",1
Days of Swine,D:\Novels Library\Final_all_books\Days of Swine,1
De'Shawn Charles Winslow,D:\Novels Library\Final_all_books\De'Shawn Charles Winslow,1
Dean Kenyon,D:\Novels Library\Final_all_books\Dean Kenyon,1
Dean Kuipers,D:\Novels Library\Final_all_books\Dean Kuipers,1
Dean Murray,D:\Novels Library\Final_all_books\Dean Murray,1
Dean Rasmussen,D:\Novels Library\Final_all_books\Dean Rasmussen,1
Dean Ray Koontz,D:\Novels Library\Final_all_books\Dean Ray Koontz,1
"Dean, Maria","D:\Novels Library\Final_all_books\Dean, Maria",1
DeAnna Browne,D:\Novels Library\Final_all_books\DeAnna Browne,1
Deborah Cholette,D:\Novels Library\Final_all_books\Deborah Cholette,1
Deborah Garland,D:\Novels Library\Final_all_books\Deborah Garland,1
Debra J. Falasco,D:\Novels Library\Final_all_books\Debra J. Falasco,1
"Dedroog, Lauren","D:\Novels Library\Final_all_books\Dedroog, Lauren",1
Dee Bridgnorth,D:\Novels Library\Final_all_books\Dee Bridgnorth,1
Dee Brown,D:\Novels Library\Final_all_books\Dee Brown,1
Debra Webb,D:\Novels Library\Final_all_books\Debra Webb,1
"DeCandido, Keith R. A_","D:\Novels Library\Final_all_books\DeCandido, Keith R. A_",1
Dee J Holmes,D:\Novels Library\Final_all_books\Dee J Holmes,1
Deepti Kapoor,D:\Novels Library\Final_all_books\Deepti Kapoor,1
Dee Henderson,D:\Novels Library\Final_all_books\Dee Henderson,1
Deep Redemption 2016 Tillie Col,D:\Novels Library\Final_all_books\Deep Redemption 2016 Tillie Col,1
Dee J. Holmes,D:\Novels Library\Final_all_books\Dee J. Holmes,1
"Delacroix, Claire","D:\Novels Library\Final_all_books\Delacroix, Claire",1
Deidra D S Green,D:\Novels Library\Final_all_books\Deidra D S Green,1
Deidra D. S. Green,D:\Novels Library\Final_all_books\Deidra D. S. Green,1
Delilah Taylor,D:\Novels Library\Final_all_books\Delilah Taylor,1
Delia Owens,D:\Novels Library\Final_all_books\Delia Owens,1
Denis Johnson,D:\Novels Library\Final_all_books\Denis Johnson,1
Demons Not Included,D:\Novels Library\Final_all_books\Demons Not Included,1
Demi Dumond,D:\Novels Library\Final_all_books\Demi Dumond,1
Dennis L. McKiernan,D:\Novels Library\Final_all_books\Dennis L. McKiernan,1
Derek Murphy,D:\Novels Library\Final_all_books\Derek Murphy,1
Derek Slaton,D:\Novels Library\Final_all_books\Derek Slaton,1
"DeRose, A.L_","D:\Novels Library\Final_all_books\DeRose, A.L_",1
Denise S. Robbins,D:\Novels Library\Final_all_books\Denise S. Robbins,1
Derek Prince,D:\Novels Library\Final_all_books\Derek Prince,1
"Derting, Kimberly","D:\Novels Library\Final_all_books\Derting, Kimberly",1
Desperate Housewives of Olympus,D:\Novels Library\Final_all_books\Desperate Housewives of Olympus,1
Desmond Tutu,D:\Novels Library\Final_all_books\Desmond Tutu,1
Destiny Hawkins,D:\Novels Library\Final_all_books\Destiny Hawkins,1
Desiree Nordlund,D:\Novels Library\Final_all_books\Desiree Nordlund,1
Devil in Spurs,D:\Novels Library\Final_all_books\Devil in Spurs,1
Devin Madson,D:\Novels Library\Final_all_books\Devin Madson,1
Destiny Roberts,D:\Novels Library\Final_all_books\Destiny Roberts,1
"DeWylde, Saranna","D:\Novels Library\Final_all_books\DeWylde, Saranna",1
Dhonielle Clayton,D:\Novels Library\Final_all_books\Dhonielle Clayton,1
Diamond,D:\Novels Library\Final_all_books\Diamond,1
"Devoti, Lori","D:\Novels Library\Final_all_books\Devoti, Lori",1
"Diamond, Jacqueline","D:\Novels Library\Final_all_books\Diamond, Jacqueline",1
Diana Hall,D:\Novels Library\Final_all_books\Diana Hall,1
Diana Forbes,D:\Novels Library\Final_all_books\Diana Forbes,1
Diana Peterfreund,D:\Novels Library\Final_all_books\Diana Peterfreund,1
Diana Palmer - LONG TALL TEXANS 46,D:\Novels Library\Final_all_books\Diana Palmer - LONG TALL TEXANS 46,1
Diana Wynne Jones,D:\Novels Library\Final_all_books\Diana Wynne Jones,1
Diane Chamberlain,D:\Novels Library\Final_all_books\Diane Chamberlain,1
Diane Duane,D:\Novels Library\Final_all_books\Diane Duane,1
Diane C. McPhail,D:\Novels Library\Final_all_books\Diane C. McPhail,1
Diane Gaston - A Lady of Notoriety,D:\Novels Library\Final_all_books\Diane Gaston - A Lady of Notoriety,1
Diane Haeger,D:\Novels Library\Final_all_books\Diane Haeger,1
Diane Kennedy,D:\Novels Library\Final_all_books\Diane Kennedy,1
Diane Setterfield,D:\Novels Library\Final_all_books\Diane Setterfield,1
Dianne Drak,D:\Novels Library\Final_all_books\Dianne Drak,1
Dick Van Dyke,D:\Novels Library\Final_all_books\Dick Van Dyke,1
"Dickens, Charles; Hartley, Jenny;","D:\Novels Library\Final_all_books\Dickens, Charles; Hartley, Jenny;",1
"Dickson, Helen","D:\Novels Library\Final_all_books\Dickson, Helen",1
"Dickens, Charles;","D:\Novels Library\Final_all_books\Dickens, Charles;",1
Disney Book Group,D:\Novels Library\Final_all_books\Disney Book Group,1
"Dippel, Julia","D:\Novels Library\Final_all_books\Dippel, Julia",1
Disney Books,D:\Novels Library\Final_all_books\Disney Books,1
Disney Hyperion,D:\Novels Library\Final_all_books\Disney Hyperion,1
DJ Cowdall,D:\Novels Library\Final_all_books\DJ Cowdall,1
Dmitry Glukhovsky,D:\Novels Library\Final_all_books\Dmitry Glukhovsky,1
DMITRI GLOECHOVSKI,D:\Novels Library\Final_all_books\DMITRI GLOECHOVSKI,1
Dodie Smith,D:\Novels Library\Final_all_books\Dodie Smith,1
Domino Taylor,D:\Novels Library\Final_all_books\Domino Taylor,1
Donald Robyn,D:\Novels Library\Final_all_books\Donald Robyn,1
Dixie Painter,D:\Novels Library\Final_all_books\Dixie Painter,1
"Donn, KL","D:\Novels Library\Final_all_books\Donn, KL",1
"Donald, David Herbert","D:\Novels Library\Final_all_books\Donald, David Herbert",1
Donald Trump,D:\Novels Library\Final_all_books\Donald Trump,1
Donna Freitas,D:\Novels Library\Final_all_books\Donna Freitas,1
Dorie Graham,D:\Novels Library\Final_all_books\Dorie Graham,1
"Dorie, Sarina","D:\Novels Library\Final_all_books\Dorie, Sarina",1
Dorothea Benton Frank,D:\Novels Library\Final_all_books\Dorothea Benton Frank,1
Dorothy Wiley,D:\Novels Library\Final_all_books\Dorothy Wiley,1
Doug Stanton,D:\Novels Library\Final_all_books\Doug Stanton,1
Dorothy Cork,D:\Novels Library\Final_all_books\Dorothy Cork,1
Douglas Clegg,D:\Novels Library\Final_all_books\Douglas Clegg,1
"Dorn, Stella","D:\Novels Library\Final_all_books\Dorn, Stella",1
"Donnelly, Connor","D:\Novels Library\Final_all_books\Donnelly, Connor",1
Douglas Adams,D:\Novels Library\Final_all_books\Douglas Adams,1
"Doyle, Donna","D:\Novels Library\Final_all_books\Doyle, Donna",1
"Doyle, S","D:\Novels Library\Final_all_books\Doyle, S",1
Dr Seuss,D:\Novels Library\Final_all_books\Dr Seuss,1
Dr. Maya Angelou,D:\Novels Library\Final_all_books\Dr. Maya Angelou,1
"Downey, A.J_","D:\Novels Library\Final_all_books\Downey, A.J_",1
Dr. Kent Hovind,D:\Novels Library\Final_all_books\Dr. Kent Hovind,1
Dr. Robert Carter III,D:\Novels Library\Final_all_books\Dr. Robert Carter III,1
Dr. Sharon A. Mitchell,D:\Novels Library\Final_all_books\Dr. Sharon A. Mitchell,1
Dr. Thomas Barker,D:\Novels Library\Final_all_books\Dr. Thomas Barker,1
"Dranfield, Wendy","D:\Novels Library\Final_all_books\Dranfield, Wendy",1
Donna Leon,D:\Novels Library\Final_all_books\Donna Leon,1
"Draven, Stephanie","D:\Novels Library\Final_all_books\Draven, Stephanie",1
Drusilla Campbell,D:\Novels Library\Final_all_books\Drusilla Campbell,1
"Dubrinsky, Violette","D:\Novels Library\Final_all_books\Dubrinsky, Violette",1
"Duncan, Alice","D:\Novels Library\Final_all_books\Duncan, Alice",1
"Dunbar, Debra","D:\Novels Library\Final_all_books\Dunbar, Debra",1
"Durgin, Doranna","D:\Novels Library\Final_all_books\Durgin, Doranna",1
"DuPrau, Jeanne","D:\Novels Library\Final_all_books\DuPrau, Jeanne",1
Dyrion Knight,D:\Novels Library\Final_all_books\Dyrion Knight,1
Dylan Keefer,D:\Novels Library\Final_all_books\Dylan Keefer,1
E Hall,D:\Novels Library\Final_all_books\E Hall,1
Dylan Allen,D:\Novels Library\Final_all_books\Dylan Allen,1
E S Richards,D:\Novels Library\Final_all_books\E S Richards,1
e-booksdirectory.com,D:\Novels Library\Final_all_books\e-booksdirectory.com,1
E. A. J. Honigmann,D:\Novels Library\Final_all_books\E. A. J. Honigmann,1
E. B. Brown,D:\Novels Library\Final_all_books\E. B. Brown,1
E. C. Land,D:\Novels Library\Final_all_books\E. C. Land,1
E. J. Andrews,D:\Novels Library\Final_all_books\E. J. Andrews,1
E. L. Konigsburg,D:\Novels Library\Final_all_books\E. L. Konigsburg,1
E. L. Drayton,D:\Novels Library\Final_all_books\E. L. Drayton,1
E. M. Forster,D:\Novels Library\Final_all_books\E. M. Forster,1
E. B. White,D:\Novels Library\Final_all_books\E. B. White,1
E.C. Fountain,D:\Novels Library\Final_all_books\E.C. Fountain,1
E.E. Isherwood,D:\Novels Library\Final_all_books\E.E. Isherwood,1
E.E. Knight,D:\Novels Library\Final_all_books\E.E. Knight,1
E.H. Reinhard,D:\Novels Library\Final_all_books\E.H. Reinhard,1
E.J. Andrews,D:\Novels Library\Final_all_books\E.J. Andrews,1
E.C. Land,D:\Novels Library\Final_all_books\E.C. Land,1
E.J. Stevens,D:\Novels Library\Final_all_books\E.J. Stevens,1
E.K. Blair,D:\Novels Library\Final_all_books\E.K. Blair,1
E.M. Raegan,D:\Novels Library\Final_all_books\E.M. Raegan,1
Earth's Requiem (Earth Reclaimed),D:\Novels Library\Final_all_books\Earth's Requiem (Earth Reclaimed),1
Ed Grace,D:\Novels Library\Final_all_books\Ed Grace,1
E.M. Forster,D:\Novels Library\Final_all_books\E.M. Forster,1
Ed Kramer,D:\Novels Library\Final_all_books\Ed Kramer,1
Ed Smith,D:\Novels Library\Final_all_books\Ed Smith,1
Ed West,D:\Novels Library\Final_all_books\Ed West,1
Eden Briar,D:\Novels Library\Final_all_books\Eden Briar,1
Eden Robinson,D:\Novels Library\Final_all_books\Eden Robinson,1
Edgar Allan Poe,D:\Novels Library\Final_all_books\Edgar Allan Poe,1
Edgar Lee Masters,D:\Novels Library\Final_all_books\Edgar Lee Masters,1
E.S. Luck,D:\Novels Library\Final_all_books\E.S. Luck,1
Edie Baylis,D:\Novels Library\Final_all_books\Edie Baylis,1
Edgar Rice Burroughs,D:\Novels Library\Final_all_books\Edgar Rice Burroughs,1
Edith Eva Eger,D:\Novels Library\Final_all_books\Edith Eva Eger,1
Edith Wharton,D:\Novels Library\Final_all_books\Edith Wharton,1
Editors of Guideposts,D:\Novels Library\Final_all_books\Editors of Guideposts,1
Edmond Rostand,D:\Novels Library\Final_all_books\Edmond Rostand,1
Edward Aubry,D:\Novels Library\Final_all_books\Edward Aubry,1
Edited By Isaac Asimov,D:\Novels Library\Final_all_books\Edited By Isaac Asimov,1
Edward Lee,D:\Novels Library\Final_all_books\Edward Lee,1
Edward Mandell House,D:\Novels Library\Final_all_books\Edward Mandell House,1
Edward Marston,D:\Novels Library\Final_all_books\Edward Marston,1
Edward McLachlan,D:\Novels Library\Final_all_books\Edward McLachlan,1
Edward Robertson,D:\Novels Library\Final_all_books\Edward Robertson,1
Eden Rivers,D:\Novels Library\Final_all_books\Eden Rivers,1
"Edwards, Janet","D:\Novels Library\Final_all_books\Edwards, Janet",1
"Edwards, Riley","D:\Novels Library\Final_all_books\Edwards, Riley",1
Effie Calvin,D:\Novels Library\Final_all_books\Effie Calvin,1
"Eggebeen, James","D:\Novels Library\Final_all_books\Eggebeen, James",1
Eileen Cook,D:\Novels Library\Final_all_books\Eileen Cook,1
Eiren Caffall,D:\Novels Library\Final_all_books\Eiren Caffall,1
Eileen Cruz Coleman,D:\Novels Library\Final_all_books\Eileen Cruz Coleman,1
Elaine L. Orr,D:\Novels Library\Final_all_books\Elaine L. Orr,1
Elaine Roberts,D:\Novels Library\Final_all_books\Elaine Roberts,1
Elanor Herman,D:\Novels Library\Final_all_books\Elanor Herman,1
Eilish Quin,D:\Novels Library\Final_all_books\Eilish Quin,1
Elaine Barbieri,D:\Novels Library\Final_all_books\Elaine Barbieri,1
Eleanor Hawken,D:\Novels Library\Final_all_books\Eleanor Hawken,1
Edward Shanks,D:\Novels Library\Final_all_books\Edward Shanks,1
Elena Ferrante,D:\Novels Library\Final_all_books\Elena Ferrante,1
Elisa Leigh,D:\Novels Library\Final_all_books\Elisa Leigh,1
Elisa S. Amore,D:\Novels Library\Final_all_books\Elisa S. Amore,1
Elisabeth Carpenter,D:\Novels Library\Final_all_books\Elisabeth Carpenter,1
Elise Darcy,D:\Novels Library\Final_all_books\Elise Darcy,1
Elisha Bugg,D:\Novels Library\Final_all_books\Elisha Bugg,1
Eliza Green,D:\Novels Library\Final_all_books\Eliza Green,1
Eliza Maxwell,D:\Novels Library\Final_all_books\Eliza Maxwell,1
Elizabeth Acevedo,D:\Novels Library\Final_all_books\Elizabeth Acevedo,1
Elizabeth Ashworth,D:\Novels Library\Final_all_books\Elizabeth Ashworth,1
Elizabeth Barnes,D:\Novels Library\Final_all_books\Elizabeth Barnes,1
Eliza Knight,D:\Novels Library\Final_all_books\Eliza Knight,1
Elizabeth Alves,D:\Novels Library\Final_all_books\Elizabeth Alves,1
Elizabeth Bevery,D:\Novels Library\Final_all_books\Elizabeth Bevery,1
Elizabeth Bard,D:\Novels Library\Final_all_books\Elizabeth Bard,1
Elizabeth Day,D:\Novels Library\Final_all_books\Elizabeth Day,1
Elizabeth Gaskell,D:\Novels Library\Final_all_books\Elizabeth Gaskell,1
Elizabeth Beacon,D:\Novels Library\Final_all_books\Elizabeth Beacon,1
Elizabeth Hartwell,D:\Novels Library\Final_all_books\Elizabeth Hartwell,1
Elizabeth Hayley,D:\Novels Library\Final_all_books\Elizabeth Hayley,1
Elizabeth Heath,D:\Novels Library\Final_all_books\Elizabeth Heath,1
Elizabeth Houghton,D:\Novels Library\Final_all_books\Elizabeth Houghton,1
Elizabeth James,D:\Novels Library\Final_all_books\Elizabeth James,1
Elizabeth Knowles,D:\Novels Library\Final_all_books\Elizabeth Knowles,1
Elizabeth Mayne,D:\Novels Library\Final_all_books\Elizabeth Mayne,1
Elizabeth Power - A Clash,D:\Novels Library\Final_all_books\Elizabeth Power - A Clash,1
Elizabeth Wetmore,D:\Novels Library\Final_all_books\Elizabeth Wetmore,1
"Elizabeth, Lennox","D:\Novels Library\Final_all_books\Elizabeth, Lennox",1
Elizabeth. Rose,D:\Novels Library\Final_all_books\Elizabeth. Rose,1
"Elkeles, Simone","D:\Novels Library\Final_all_books\Elkeles, Simone",1
Ell Leigh Clark,D:\Novels Library\Final_all_books\Ell Leigh Clark,1
Ella Burns,D:\Novels Library\Final_all_books\Ella Burns,1
Ella James,D:\Novels Library\Final_all_books\Ella James,1
Ella Griffin,D:\Novels Library\Final_all_books\Ella Griffin,1
Ellabee Andrews,D:\Novels Library\Final_all_books\Ellabee Andrews,1
Elle Jackson,D:\Novels Library\Final_all_books\Elle Jackson,1
Elle Lincoln,D:\Novels Library\Final_all_books\Elle Lincoln,1
Elle Rose,D:\Novels Library\Final_all_books\Elle Rose,1
Ellen Datlow,D:\Novels Library\Final_all_books\Ellen Datlow,1
Ellen Jacobson,D:\Novels Library\Final_all_books\Ellen Jacobson,1
Ellie Crowe,D:\Novels Library\Final_all_books\Ellie Crowe,1
Ellie Claire,D:\Novels Library\Final_all_books\Ellie Claire,1
Ellery St. James,D:\Novels Library\Final_all_books\Ellery St. James,1
"Elliott, Jessi","D:\Novels Library\Final_all_books\Elliott, Jessi",1
Ellis O. Day,D:\Novels Library\Final_all_books\Ellis O. Day,1
"ELLIS, EMMY","D:\Novels Library\Final_all_books\ELLIS, EMMY",1
"Ellis, Hannah","D:\Novels Library\Final_all_books\Ellis, Hannah",1
"Ellis, Tara","D:\Novels Library\Final_all_books\Ellis, Tara",1
"Ellis, Bret Easton","D:\Novels Library\Final_all_books\Ellis, Bret Easton",1
Elly Blake,D:\Novels Library\Final_all_books\Elly Blake,1
Elly Griffiths,D:\Novels Library\Final_all_books\Elly Griffiths,1
Eloise Bahr,D:\Novels Library\Final_all_books\Eloise Bahr,1
Elyn R. Saks,D:\Novels Library\Final_all_books\Elyn R. Saks,1
Elyse John,D:\Novels Library\Final_all_books\Elyse John,1
Emerald O'Brien,D:\Novels Library\Final_all_books\Emerald O'Brien,1
Emerson Korum,D:\Novels Library\Final_all_books\Emerson Korum,1
Emerson Knight,D:\Novels Library\Final_all_books\Emerson Knight,1
Emery Cross,D:\Novels Library\Final_all_books\Emery Cross,1
Emery Lord,D:\Novels Library\Final_all_books\Emery Lord,1
Els Feldmann,D:\Novels Library\Final_all_books\Els Feldmann,1
Emery Blake,D:\Novels Library\Final_all_books\Emery Blake,1
Emiko Jean,D:\Novels Library\Final_all_books\Emiko Jean,1
Emily Ash,D:\Novels Library\Final_all_books\Emily Ash,1
Emily Bascom,D:\Novels Library\Final_all_books\Emily Bascom,1
Emilia Hart,D:\Novels Library\Final_all_books\Emilia Hart,1
Emily E. K. Murdoch,D:\Novels Library\Final_all_books\Emily E. K. Murdoch,1
Emily Evans,D:\Novels Library\Final_all_books\Emily Evans,1
Emily Giffin,D:\Novels Library\Final_all_books\Emily Giffin,1
Emily J. M. Knox,D:\Novels Library\Final_all_books\Emily J. M. Knox,1
Emily James,D:\Novels Library\Final_all_books\Emily James,1
Emily Kazmierski,D:\Novels Library\Final_all_books\Emily Kazmierski,1
Emily L K,D:\Novels Library\Final_all_books\Emily L K,1
Emily L. K_,D:\Novels Library\Final_all_books\Emily L. K_,1
Emily Madison,D:\Novels Library\Final_all_books\Emily Madison,1
Emily Chabot,D:\Novels Library\Final_all_books\Emily Chabot,1
Emily Nagoski,D:\Novels Library\Final_all_books\Emily Nagoski,1
Emily McIntire,D:\Novels Library\Final_all_books\Emily McIntire,1
Emily Rose,D:\Novels Library\Final_all_books\Emily Rose,1
Emily Roberson,D:\Novels Library\Final_all_books\Emily Roberson,1
Emma Brodie,D:\Novels Library\Final_all_books\Emma Brodie,1
Emma Byrne,D:\Novels Library\Final_all_books\Emma Byrne,1
Emma E. Hamm,D:\Novels Library\Final_all_books\Emma E. Hamm,1
EmKay Connor,D:\Novels Library\Final_all_books\EmKay Connor,1
Emma Jaye,D:\Novels Library\Final_all_books\Emma Jaye,1
Emma Donoghue,D:\Novels Library\Final_all_books\Emma Donoghue,1
Emma Lord,D:\Novels Library\Final_all_books\Emma Lord,1
Emma Rosenblum,D:\Novels Library\Final_all_books\Emma Rosenblum,1
Emma Rowley,D:\Novels Library\Final_all_books\Emma Rowley,1
Emma Straub,D:\Novels Library\Final_all_books\Emma Straub,1
Emma Shade,D:\Novels Library\Final_all_books\Emma Shade,1
"Enright, Robert","D:\Novels Library\Final_all_books\Enright, Robert",1
Emma Sloley,D:\Novels Library\Final_all_books\Emma Sloley,1
Eric Asher,D:\Novels Library\Final_all_books\Eric Asher,1
Eric Bolling,D:\Novels Library\Final_all_books\Eric Bolling,1
Eric Johns,D:\Novels Library\Final_all_books\Eric Johns,1
Eric Cantor;Paul Ryan;Kevin McCart,D:\Novels Library\Final_all_books\Eric Cantor;Paul Ryan;Kevin McCart,1
Eric Metaxas,D:\Novels Library\Final_all_books\Eric Metaxas,1
Eric Martinez,D:\Novels Library\Final_all_books\Eric Martinez,1
Eric Silberstein,D:\Novels Library\Final_all_books\Eric Silberstein,1
Eric Ugland,D:\Novels Library\Final_all_books\Eric Ugland,1
Erica Andrews,D:\Novels Library\Final_all_books\Erica Andrews,1
Eric Meyer,D:\Novels Library\Final_all_books\Eric Meyer,1
Erica Roswell,D:\Novels Library\Final_all_books\Erica Roswell,1
Erica Ridley,D:\Novels Library\Final_all_books\Erica Ridley,1
Erich Maria Remarque,D:\Novels Library\Final_all_books\Erich Maria Remarque,1
Erich Segal,D:\Novels Library\Final_all_books\Erich Segal,1
Erica Orloff,D:\Novels Library\Final_all_books\Erica Orloff,1
Erik A. Lenderman,D:\Novels Library\Final_all_books\Erik A. Lenderman,1
Erik Carter,D:\Novels Library\Final_all_books\Erik Carter,1
"Erickson, J.R_","D:\Novels Library\Final_all_books\Erickson, J.R_",1
Erik Larson,D:\Novels Library\Final_all_books\Erik Larson,1
Erik Pema Kunsang,D:\Novels Library\Final_all_books\Erik Pema Kunsang,1
Erika Swyler,D:\Novels Library\Final_all_books\Erika Swyler,1
Erika Wilde,D:\Novels Library\Final_all_books\Erika Wilde,1
Erin Hahn,D:\Novels Library\Final_all_books\Erin Hahn,1
Erin Hunter,D:\Novels Library\Final_all_books\Erin Hunter,1
Erin Kinsella,D:\Novels Library\Final_all_books\Erin Kinsella,1
Erin L Snyder,D:\Novels Library\Final_all_books\Erin L Snyder,1
Erin L. Thompson,D:\Novels Library\Final_all_books\Erin L. Thompson,1
Erin Lindsey,D:\Novels Library\Final_all_books\Erin Lindsey,1
Erin M Evans,D:\Novels Library\Final_all_books\Erin M Evans,1
Eris Adderly,D:\Novels Library\Final_all_books\Eris Adderly,1
Ernest Becker,D:\Novels Library\Final_all_books\Ernest Becker,1
Erin Young,D:\Novels Library\Final_all_books\Erin Young,1
Erynn Lehtonen,D:\Novels Library\Final_all_books\Erynn Lehtonen,1
Ernst Rohm,D:\Novels Library\Final_all_books\Ernst Rohm,1
"Eschbach, Andreas","D:\Novels Library\Final_all_books\Eschbach, Andreas",1
"Esslemont, Ian C_","D:\Novels Library\Final_all_books\Esslemont, Ian C_",1
Erika Johansen,D:\Novels Library\Final_all_books\Erika Johansen,1
"Estep, Jennifer","D:\Novels Library\Final_all_books\Estep, Jennifer",1
Etaf Rum,D:\Novels Library\Final_all_books\Etaf Rum,1
Erotic Romance,D:\Novels Library\Final_all_books\Erotic Romance,1
Ethan Day,D:\Novels Library\Final_all_books\Ethan Day,1
Euripides,D:\Novels Library\Final_all_books\Euripides,1
Eva Ashwood,D:\Novels Library\Final_all_books\Eva Ashwood,1
Eva Charles,D:\Novels Library\Final_all_books\Eva Charles,1
Eva Rutland,D:\Novels Library\Final_all_books\Eva Rutland,1
Eva Blackwing,D:\Novels Library\Final_all_books\Eva Blackwing,1
Evan Leikam,D:\Novels Library\Final_all_books\Evan Leikam,1
"Evanovich, Janet","D:\Novels Library\Final_all_books\Evanovich, Janet",1
Eva Gray,D:\Novels Library\Final_all_books\Eva Gray,1
"Evans, David","D:\Novels Library\Final_all_books\Evans, David",1
"Evans, Michael","D:\Novels Library\Final_all_books\Evans, Michael",1
Evangeline Denmark,D:\Novels Library\Final_all_books\Evangeline Denmark,1
Eve A. Hunt,D:\Novels Library\Final_all_books\Eve A. Hunt,1
Eve Ensler,D:\Novels Library\Final_all_books\Eve Ensler,1
"Evans, Emily","D:\Novels Library\Final_all_books\Evans, Emily",1
Evelyn Cooper,D:\Novels Library\Final_all_books\Evelyn Cooper,1
Eve Vaughn,D:\Novels Library\Final_all_books\Eve Vaughn,1
Evelyn Skye,D:\Novels Library\Final_all_books\Evelyn Skye,1
Eve Smith,D:\Novels Library\Final_all_books\Eve Smith,1
Eve Neveling,D:\Novels Library\Final_all_books\Eve Neveling,1
Evette Davis,D:\Novels Library\Final_all_books\Evette Davis,1
"Ewing, Lynne","D:\Novels Library\Final_all_books\Ewing, Lynne",1
F. Paul Wilson,D:\Novels Library\Final_all_books\F. Paul Wilson,1
Faith Martin,D:\Novels Library\Final_all_books\Faith Martin,1
Faith Summers,D:\Novels Library\Final_all_books\Faith Summers,1
Evie Taylor,D:\Novels Library\Final_all_books\Evie Taylor,1
Farhana Iftekhar Bonnie,D:\Novels Library\Final_all_books\Farhana Iftekhar Bonnie,1
Fay Keenan,D:\Novels Library\Final_all_books\Fay Keenan,1
"Fay, Madeline","D:\Novels Library\Final_all_books\Fay, Madeline",1
"Faust, Christa","D:\Novels Library\Final_all_books\Faust, Christa",1
"Faye, Jennifer","D:\Novels Library\Final_all_books\Faye, Jennifer",1
Fazlin,D:\Novels Library\Final_all_books\Fazlin,1
FCC,D:\Novels Library\Final_all_books\FCC,1
"Federer, Lisa;","D:\Novels Library\Final_all_books\Federer, Lisa;",1
Farzana Moon,D:\Novels Library\Final_all_books\Farzana Moon,1
"Fazan, S.H.; Lonsdale, John;","D:\Novels Library\Final_all_books\Fazan, S.H.; Lonsdale, John;",1
"Feist, Raymond E_","D:\Novels Library\Final_all_books\Feist, Raymond E_",1
"Ferguson, Alex","D:\Novels Library\Final_all_books\Ferguson, Alex",1
Fern Michaels,D:\Novels Library\Final_all_books\Fern Michaels,1
Federico Fort,D:\Novels Library\Final_all_books\Federico Fort,1
Fernando A. Flores,D:\Novels Library\Final_all_books\Fernando A. Flores,1
"Field, David","D:\Novels Library\Final_all_books\Field, David",1
"Fielder, Joe","D:\Novels Library\Final_all_books\Fielder, Joe",1
Finley Morrow,D:\Novels Library\Final_all_books\Finley Morrow,1
"Finn, Ian","D:\Novels Library\Final_all_books\Finn, Ian",1
"Faiman, Hayley","D:\Novels Library\Final_all_books\Faiman, Hayley",1
"Fichter, Brittany","D:\Novels Library\Final_all_books\Fichter, Brittany",1
"Finn, Sofia","D:\Novels Library\Final_all_books\Finn, Sofia",1
Fiona Miers,D:\Novels Library\Final_all_books\Fiona Miers,1
Fiona Starr,D:\Novels Library\Final_all_books\Fiona Starr,1
Fiston Mwanza Mujila,D:\Novels Library\Final_all_books\Fiston Mwanza Mujila,1
Fiona Shaw,D:\Novels Library\Final_all_books\Fiona Shaw,1
Fiona Veitch Smith,D:\Novels Library\Final_all_books\Fiona Veitch Smith,1
"Flea; Smith, Patti (FRW)","D:\Novels Library\Final_all_books\Flea; Smith, Patti (FRW)",1
Flint Maxwell,D:\Novels Library\Final_all_books\Flint Maxwell,1
"Fitzpatrick, Becca","D:\Novels Library\Final_all_books\Fitzpatrick, Becca",1
"Flint, Eric","D:\Novels Library\Final_all_books\Flint, Eric",1
"Flynn, Gillian","D:\Novels Library\Final_all_books\Flynn, Gillian",1
Florian Werner,D:\Novels Library\Final_all_books\Florian Werner,1
"Folsom, Tina","D:\Novels Library\Final_all_books\Folsom, Tina",1
"Forrest, Bella","D:\Novels Library\Final_all_books\Forrest, Bella",1
"Flynn, Poppy","D:\Novels Library\Final_all_books\Flynn, Poppy",1
"Fox, Addison","D:\Novels Library\Final_all_books\Fox, Addison",1
Florence Love Karsner,D:\Novels Library\Final_all_books\Florence Love Karsner,1
"Fletcher, Penelope","D:\Novels Library\Final_all_books\Fletcher, Penelope",1
"Frame, Mary","D:\Novels Library\Final_all_books\Frame, Mary",1
"Foxglove, Lidiya","D:\Novels Library\Final_all_books\Foxglove, Lidiya",1
Frances Hardinge,D:\Novels Library\Final_all_books\Frances Hardinge,1
"Foxhill, Hilary","D:\Novels Library\Final_all_books\Foxhill, Hilary",1
"Florian, Jaylen","D:\Novels Library\Final_all_books\Florian, Jaylen",1
Francesca Hornak,D:\Novels Library\Final_all_books\Francesca Hornak,1
Frances Hodgson Burnett,D:\Novels Library\Final_all_books\Frances Hodgson Burnett,1
Frances Liardet,D:\Novels Library\Final_all_books\Frances Liardet,1
Francesca Lia Block,D:\Novels Library\Final_all_books\Francesca Lia Block,1
Francis Frangipane,D:\Novels Library\Final_all_books\Francis Frangipane,1
Francis Ashe,D:\Novels Library\Final_all_books\Francis Ashe,1
Frank Herbert,D:\Novels Library\Final_all_books\Frank Herbert,1
"Franks, JK","D:\Novels Library\Final_all_books\Franks, JK",1
Frank L. Cole,D:\Novels Library\Final_all_books\Frank L. Cole,1
Frank Abagnale,D:\Novels Library\Final_all_books\Frank Abagnale,1
Freida Kilmari,D:\Novels Library\Final_all_books\Freida Kilmari,1
Frantz Fanon,D:\Novels Library\Final_all_books\Frantz Fanon,1
"French, Katie","D:\Novels Library\Final_all_books\French, Katie",1
Freya Robertson,D:\Novels Library\Final_all_books\Freya Robertson,1
Freya Sampson,D:\Novels Library\Final_all_books\Freya Sampson,1
"Fuller, Alexandra","D:\Novels Library\Final_all_books\Fuller, Alexandra",1
FYM09,D:\Novels Library\Final_all_books\FYM09,1
"Furst, Alan","D:\Novels Library\Final_all_books\Furst, Alan",1
fuzzy girl,D:\Novels Library\Final_all_books\fuzzy girl,1
G J Ogden,D:\Novels Library\Final_all_books\G J Ogden,1
Fyodor Dostoyevsky,D:\Novels Library\Final_all_books\Fyodor Dostoyevsky,1
Fyodor Dostoevsky,D:\Novels Library\Final_all_books\Fyodor Dostoevsky,1
G. K. Parks,D:\Novels Library\Final_all_books\G. K. Parks,1
G. P. Ching,D:\Novels Library\Final_all_books\G. P. Ching,1
G. Eilsel,D:\Novels Library\Final_all_books\G. Eilsel,1
G.K. Parks,D:\Novels Library\Final_all_books\G.K. Parks,1
Gabbie Hanna,D:\Novels Library\Final_all_books\Gabbie Hanna,1
G.L. Lambert,D:\Novels Library\Final_all_books\G.L. Lambert,1
Gabby Tye,D:\Novels Library\Final_all_books\Gabby Tye,1
Gabriel Squailia,D:\Novels Library\Final_all_books\Gabriel Squailia,1
Gabby Fawkes,D:\Novels Library\Final_all_books\Gabby Fawkes,1
Gabrielle Snow,D:\Novels Library\Final_all_books\Gabrielle Snow,1
Gabrielle Korn,D:\Novels Library\Final_all_books\Gabrielle Korn,1
"Gadziala, Jessica","D:\Novels Library\Final_all_books\Gadziala, Jessica",1
Gail Carson Levine,D:\Novels Library\Final_all_books\Gail Carson Levine,1
Gabriel Garcia Marquez,D:\Novels Library\Final_all_books\Gabriel Garcia Marquez,1
"Gaiman, Neil, author","D:\Novels Library\Final_all_books\Gaiman, Neil, author",1
Galen Beckett,D:\Novels Library\Final_all_books\Galen Beckett,1
Gail Honeyman,D:\Novels Library\Final_all_books\Gail Honeyman,1
"Gallea, Elayna R_","D:\Novels Library\Final_all_books\Gallea, Elayna R_",1
"Garber, Stephanie","D:\Novels Library\Final_all_books\Garber, Stephanie",1
Galit Atlas,D:\Novels Library\Final_all_books\Galit Atlas,1
Gareth Brown,D:\Novels Library\Final_all_books\Gareth Brown,1
"Garrett, Wade H_","D:\Novels Library\Final_all_books\Garrett, Wade H_",1
Gail Z. Martin,D:\Novels Library\Final_all_books\Gail Z. Martin,1
"Garwood, Julie","D:\Novels Library\Final_all_books\Garwood, Julie",1
Gary Coffin,D:\Novels Library\Final_all_books\Gary Coffin,1
Gary F. Bengier,D:\Novels Library\Final_all_books\Gary F. Bengier,1
Gary J. Byrne,D:\Novels Library\Final_all_books\Gary J. Byrne,1
Gary Jonas,D:\Novels Library\Final_all_books\Gary Jonas,1
Gary Paulsen,D:\Novels Library\Final_all_books\Gary Paulsen,1
Gary Vaynerchuk,D:\Novels Library\Final_all_books\Gary Vaynerchuk,1
"Gates, Henry Louis Jr.; Du Bois, W","D:\Novels Library\Final_all_books\Gates, Henry Louis Jr.; Du Bois, W",1
Gayle Forman,D:\Novels Library\Final_all_books\Gayle Forman,1
Gayle Parness,D:\Novels Library\Final_all_books\Gayle Parness,1
Geen plan B,D:\Novels Library\Final_all_books\Geen plan B,1
"Gardner, Claire","D:\Novels Library\Final_all_books\Gardner, Claire",1
Gemma Perfect,D:\Novels Library\Final_all_books\Gemma Perfect,1
Gene Siciliano,D:\Novels Library\Final_all_books\Gene Siciliano,1
"Garcia, Kami","D:\Novels Library\Final_all_books\Garcia, Kami",1
Genevra Black,D:\Novels Library\Final_all_books\Genevra Black,1
Genevieve Gannon,D:\Novels Library\Final_all_books\Genevieve Gannon,1
Gemma Brocato,D:\Novels Library\Final_all_books\Gemma Brocato,1
Genoveva Dimova,D:\Novels Library\Final_all_books\Genoveva Dimova,1
Georg W. Bertram,D:\Novels Library\Final_all_books\Georg W. Bertram,1
Geoff Rodkey,D:\Novels Library\Final_all_books\Geoff Rodkey,1
George Eliot,D:\Novels Library\Final_all_books\George Eliot,1
George Papadopolous,D:\Novels Library\Final_all_books\George Papadopolous,1
George R .R. Martin,D:\Novels Library\Final_all_books\George R .R. Martin,1
George R R Martin,D:\Novels Library\Final_all_books\George R R Martin,1
George R. R_,D:\Novels Library\Final_all_books\George R. R_,1
George Martin,D:\Novels Library\Final_all_books\George Martin,1
George S. Clason,D:\Novels Library\Final_all_books\George S. Clason,1
"George, Catherine","D:\Novels Library\Final_all_books\George, Catherine",1
"George, Kevin","D:\Novels Library\Final_all_books\George, Kevin",1
Georgia Beers,D:\Novels Library\Final_all_books\Georgia Beers,1
Georgia Cates,D:\Novels Library\Final_all_books\Georgia Cates,1
George S. Mahaffey Jr_,D:\Novels Library\Final_all_books\George S. Mahaffey Jr_,1
George S. Schuyler,D:\Novels Library\Final_all_books\George S. Schuyler,1
Georgie Lee - The Courtesan's Book,D:\Novels Library\Final_all_books\Georgie Lee - The Courtesan's Book,1
"Gephart, T","D:\Novels Library\Final_all_books\Gephart, T",1
Geraldine Brooks,D:\Novels Library\Final_all_books\Geraldine Brooks,1
"Gerrard, Steven","D:\Novels Library\Final_all_books\Gerrard, Steven",1
Giana Darling,D:\Novels Library\Final_all_books\Giana Darling,1
Gianni X,D:\Novels Library\Final_all_books\Gianni X,1
Gicheru Mwangi,D:\Novels Library\Final_all_books\Gicheru Mwangi,1
Gianni Clerici,D:\Novels Library\Final_all_books\Gianni Clerici,1
"Gifune, Greg F_","D:\Novels Library\Final_all_books\Gifune, Greg F_",1
Gillian Rubinstein,D:\Novels Library\Final_all_books\Gillian Rubinstein,1
Giles Carwyn,D:\Novels Library\Final_all_books\Giles Carwyn,1
"Gilmore , Steve","D:\Novels Library\Final_all_books\Gilmore , Steve",1
"Gilman, Sarah","D:\Novels Library\Final_all_books\Gilman, Sarah",1
Gina Wilkins,D:\Novels Library\Final_all_books\Gina Wilkins,1
"Gilvarry, Alex","D:\Novels Library\Final_all_books\Gilvarry, Alex",1
Ginger Garrett,D:\Novels Library\Final_all_books\Ginger Garrett,1
Giulia Lagomarsino,D:\Novels Library\Final_all_books\Giulia Lagomarsino,1
"Gladwell, Malcolm","D:\Novels Library\Final_all_books\Gladwell, Malcolm",1
"Gleason, Ann Whitney;","D:\Novels Library\Final_all_books\Gleason, Ann Whitney;",1
Giselle Ava,D:\Novels Library\Final_all_books\Giselle Ava,1
Glendy Vanderah,D:\Novels Library\Final_all_books\Glendy Vanderah,1
Gloria Munoz,D:\Novels Library\Final_all_books\Gloria Munoz,1
"Godman, Jane","D:\Novels Library\Final_all_books\Godman, Jane",1
Goethe,D:\Novels Library\Final_all_books\Goethe,1
Glynn Stewart,D:\Novels Library\Final_all_books\Glynn Stewart,1
"Gold, Lise","D:\Novels Library\Final_all_books\Gold, Lise",1
"Goodwin, Doris Kearns","D:\Novels Library\Final_all_books\Goodwin, Doris Kearns",1
"Gonzalez, Andre","D:\Novels Library\Final_all_books\Gonzalez, Andre",1
Gordon Doherty,D:\Novels Library\Final_all_books\Gordon Doherty,1
Gordon Van Gelder,D:\Novels Library\Final_all_books\Gordon Van Gelder,1
Grace Green,D:\Novels Library\Final_all_books\Grace Green,1
Grace Hamilton,D:\Novels Library\Final_all_books\Grace Hamilton,1
Gourmet Magazine Editors,D:\Novels Library\Final_all_books\Gourmet Magazine Editors,1
Grace Ogot,D:\Novels Library\Final_all_books\Grace Ogot,1
Gordon Brewer,D:\Novels Library\Final_all_books\Gordon Brewer,1
"Gordon, J.e_","D:\Novels Library\Final_all_books\Gordon, J.e_",1
Grace Goodwin,D:\Novels Library\Final_all_books\Grace Goodwin,1
Gordon Dalbey,D:\Novels Library\Final_all_books\Gordon Dalbey,1
"Grace, Aria","D:\Novels Library\Final_all_books\Grace, Aria",1
Graham Joyce,D:\Novels Library\Final_all_books\Graham Joyce,1
Grady Hendrix,D:\Novels Library\Final_all_books\Grady Hendrix,1
"Grahame-Smith, Seth","D:\Novels Library\Final_all_books\Grahame-Smith, Seth",1
Graham Taylor,D:\Novels Library\Final_all_books\Graham Taylor,1
Graves-Tom,D:\Novels Library\Final_all_books\Graves-Tom,1
"Grayson, Alivia","D:\Novels Library\Final_all_books\Grayson, Alivia",1
"Greek Tycoon, Inexperienced Mistre","D:\Novels Library\Final_all_books\Greek Tycoon, Inexperienced Mistre",1
"Gray, C.W_","D:\Novels Library\Final_all_books\Gray, C.W_",1
"Green, R T","D:\Novels Library\Final_all_books\Green, R T",1
"Grace, Suzie","D:\Novels Library\Final_all_books\Grace, Suzie",1
"Greene, Jayson","D:\Novels Library\Final_all_books\Greene, Jayson",1
"Grace, Hazel","D:\Novels Library\Final_all_books\Grace, Hazel",1
"Grayson, K.L_","D:\Novels Library\Final_all_books\Grayson, K.L_",1
Greer Macallister,D:\Novels Library\Final_all_books\Greer Macallister,1
"Green, John","D:\Novels Library\Final_all_books\Green, John",1
Gregg Dunnett,D:\Novels Library\Final_all_books\Gregg Dunnett,1
Gregg Hurwitz,D:\Novels Library\Final_all_books\Gregg Hurwitz,1
Greg Weisman,D:\Novels Library\Final_all_books\Greg Weisman,1
Gregg Olsen,D:\Novels Library\Final_all_books\Gregg Olsen,1
Gregory Allanther,D:\Novels Library\Final_all_books\Gregory Allanther,1
"Gregory, M.D_","D:\Novels Library\Final_all_books\Gregory, M.D_",1
"Gregory, Marshall;","D:\Novels Library\Final_all_books\Gregory, Marshall;",1
Gregory Michelson,D:\Novels Library\Final_all_books\Gregory Michelson,1
"Greyn, Jae","D:\Novels Library\Final_all_books\Greyn, Jae",1
"Griep, Camille","D:\Novels Library\Final_all_books\Griep, Camille",1
"Griffin, Laura","D:\Novels Library\Final_all_books\Griffin, Laura",1
Gretchen McCulloch,D:\Novels Library\Final_all_books\Gretchen McCulloch,1
Guillermo Del Toro,D:\Novels Library\Final_all_books\Guillermo Del Toro,1
Gun Brooke,D:\Novels Library\Final_all_books\Gun Brooke,1
"Gunn, Jessica","D:\Novels Library\Final_all_books\Gunn, Jessica",1
Guin Archer,D:\Novels Library\Final_all_books\Guin Archer,1
Gus Caseley-Hayford,D:\Novels Library\Final_all_books\Gus Caseley-Hayford,1
Groucho Marx,D:\Novels Library\Final_all_books\Groucho Marx,1
Guy Corneau,D:\Novels Library\Final_all_books\Guy Corneau,1
Gustave Flaubert,D:\Novels Library\Final_all_books\Gustave Flaubert,1
Guy Veryzer,D:\Novels Library\Final_all_books\Guy Veryzer,1
"Grunwald, Michael","D:\Novels Library\Final_all_books\Grunwald, Michael",1
Gwenda Bond,D:\Novels Library\Final_all_books\Gwenda Bond,1
Gwendolyn Harper,D:\Novels Library\Final_all_books\Gwendolyn Harper,1
"Gurley, Jason","D:\Novels Library\Final_all_books\Gurley, Jason",1
Gwendolyn Heasley,D:\Novels Library\Final_all_books\Gwendolyn Heasley,1
Gytha Lodge,D:\Novels Library\Final_all_books\Gytha Lodge,1
Gwyneth Lesley,D:\Novels Library\Final_all_books\Gwyneth Lesley,1
Gyorgy Dalos,D:\Novels Library\Final_all_books\Gyorgy Dalos,1
H'deel Batnij,D:\Novels Library\Final_all_books\H'deel Batnij,1
H. A. Dawson,D:\Novels Library\Final_all_books\H. A. Dawson,1
H. A. Titus,D:\Novels Library\Final_all_books\H. A. Titus,1
H. Beam Piper,D:\Novels Library\Final_all_books\H. Beam Piper,1
H L Burke,D:\Novels Library\Final_all_books\H L Burke,1
H. D. Carlton,D:\Novels Library\Final_all_books\H. D. Carlton,1
H. G. Lynch,D:\Novels Library\Final_all_books\H. G. Lynch,1
H. G Wells,D:\Novels Library\Final_all_books\H. G Wells,1
H. Kent Baker,D:\Novels Library\Final_all_books\H. Kent Baker,1
H. L. Burke,D:\Novels Library\Final_all_books\H. L. Burke,1
H. C. Andersen,D:\Novels Library\Final_all_books\H. C. Andersen,1
H. B. Moore,D:\Novels Library\Final_all_books\H. B. Moore,1
H. N. Turteltaub,D:\Novels Library\Final_all_books\H. N. Turteltaub,1
H. P. Albarelli Jr_,D:\Novels Library\Final_all_books\H. P. Albarelli Jr_,1
H. M. Ward,D:\Novels Library\Final_all_books\H. M. Ward,1
H. L. Macfarlane,D:\Novels Library\Final_all_books\H. L. Macfarlane,1
H.A Dawson,D:\Novels Library\Final_all_books\H.A Dawson,1
H.M. Ward,D:\Novels Library\Final_all_books\H.M. Ward,1
H.P. Mallory,D:\Novels Library\Final_all_books\H.P. Mallory,1
"Haddix, Margaret Peterson","D:\Novels Library\Final_all_books\Haddix, Margaret Peterson",1
"Hack, Kris","D:\Novels Library\Final_all_books\Hack, Kris",1
H.J. Nelson,D:\Novels Library\Final_all_books\H.J. Nelson,1
Hafsah Faizal,D:\Novels Library\Final_all_books\Hafsah Faizal,1
H.E. Edgmon,D:\Novels Library\Final_all_books\H.E. Edgmon,1
"Hall, Kate","D:\Novels Library\Final_all_books\Hall, Kate",1
"Hall, Diana","D:\Novels Library\Final_all_books\Hall, Diana",1
"Hall-Scott, Connie;","D:\Novels Library\Final_all_books\Hall-Scott, Connie;",1
"Halls, Stacey","D:\Novels Library\Final_all_books\Halls, Stacey",1
"HAMILTON, Diana","D:\Novels Library\Final_all_books\HAMILTON, Diana",1
"Hammond, Lauren","D:\Novels Library\Final_all_books\Hammond, Lauren",1
"Hampton, BD","D:\Novels Library\Final_all_books\Hampton, BD",1
Han Yang,D:\Novels Library\Final_all_books\Han Yang,1
Hana Lee,D:\Novels Library\Final_all_books\Hana Lee,1
"Hall, Linsey","D:\Novels Library\Final_all_books\Hall, Linsey",1
Hanleigh Bradley,D:\Novels Library\Final_all_books\Hanleigh Bradley,1
Hank Brooks,D:\Novels Library\Final_all_books\Hank Brooks,1
Hanna Dare,D:\Novels Library\Final_all_books\Hanna Dare,1
Hannah Howell,D:\Novels Library\Final_all_books\Hannah Howell,1
Hannah M. Lynn,D:\Novels Library\Final_all_books\Hannah M. Lynn,1
"Hannay, Barbara","D:\Novels Library\Final_all_books\Hannay, Barbara",1
Hannah Tinti,D:\Novels Library\Final_all_books\Hannah Tinti,1
Hanna Alkaf,D:\Novels Library\Final_all_books\Hanna Alkaf,1
"Hanson, Damien","D:\Novels Library\Final_all_books\Hanson, Damien",1
Hanya Yanagihara,D:\Novels Library\Final_all_books\Hanya Yanagihara,1
"Hariharan, Laxmi","D:\Novels Library\Final_all_books\Hariharan, Laxmi",1
"Hansen, Michelle A_","D:\Novels Library\Final_all_books\Hansen, Michelle A_",1
Harper Bliss,D:\Novels Library\Final_all_books\Harper Bliss,1
Harper Lee,D:\Novels Library\Final_all_books\Harper Lee,1
"Harper, Susan","D:\Novels Library\Final_all_books\Harper, Susan",1
"Harper,Jane","D:\Novels Library\Final_all_books\Harper,Jane",1
"Harper, Layla","D:\Novels Library\Final_all_books\Harper, Layla",1
"Harrell, Jessie","D:\Novels Library\Final_all_books\Harrell, Jessie",1
Harper Hawthorne,D:\Novels Library\Final_all_books\Harper Hawthorne,1
"Harris, Heather G_","D:\Novels Library\Final_all_books\Harris, Heather G_",1
"Harrison, Kim","D:\Novels Library\Final_all_books\Harrison, Kim",1
"Harris, Neil Patrick","D:\Novels Library\Final_all_books\Harris, Neil Patrick",1
"Hart , Cassi","D:\Novels Library\Final_all_books\Hart , Cassi",1
"Hart, Callie","D:\Novels Library\Final_all_books\Hart, Callie",1
Harry Turtledove,D:\Novels Library\Final_all_books\Harry Turtledove,1
"Hart, Rob","D:\Novels Library\Final_all_books\Hart, Rob",1
"Hart, Willa","D:\Novels Library\Final_all_books\Hart, Willa",1
"Hartley, Jennifer","D:\Novels Library\Final_all_books\Hartley, Jennifer",1
Harlequin,D:\Novels Library\Final_all_books\Harlequin,1
"Harvard Business Review, Daniel Go","D:\Novels Library\Final_all_books\Harvard Business Review, Daniel Go",1
"Harvey, Steve","D:\Novels Library\Final_all_books\Harvey, Steve",1
"Harris, Harper","D:\Novels Library\Final_all_books\Harris, Harper",1
"Haskell, Jeffery H_","D:\Novels Library\Final_all_books\Haskell, Jeffery H_",1
"Hart, Stella","D:\Novels Library\Final_all_books\Hart, Stella",1
"Hawkins, Jessica","D:\Novels Library\Final_all_books\Hawkins, Jessica",1
Hayden Herrera,D:\Novels Library\Final_all_books\Hayden Herrera,1
"Hayes, Susan","D:\Novels Library\Final_all_books\Hayes, Susan",1
"Hawthorne, Kit","D:\Novels Library\Final_all_books\Hawthorne, Kit",1
Hayley Osborn,D:\Novels Library\Final_all_books\Hayley Osborn,1
Haylock Jobson,D:\Novels Library\Final_all_books\Haylock Jobson,1
Hearts in Darkness,D:\Novels Library\Final_all_books\Hearts in Darkness,1
Heather B Moore,D:\Novels Library\Final_all_books\Heather B Moore,1
"Haywood, Everly","D:\Novels Library\Final_all_books\Haywood, Everly",1
"Hattersley, Matthew","D:\Novels Library\Final_all_books\Hattersley, Matthew",1
"Hearne, Ivy","D:\Novels Library\Final_all_books\Hearne, Ivy",1
Heather Day Gilbert,D:\Novels Library\Final_all_books\Heather Day Gilbert,1
Heather Grothaus,D:\Novels Library\Final_all_books\Heather Grothaus,1
Heather Burch,D:\Novels Library\Final_all_books\Heather Burch,1
Heather Hildenbrand,D:\Novels Library\Final_all_books\Heather Hildenbrand,1
Heather Killough-Walden,D:\Novels Library\Final_all_books\Heather Killough-Walden,1
Heather Long,D:\Novels Library\Final_all_books\Heather Long,1
Heather MacAllister,D:\Novels Library\Final_all_books\Heather MacAllister,1
Heather Karn,D:\Novels Library\Final_all_books\Heather Karn,1
Heather Hamilton-Senter,D:\Novels Library\Final_all_books\Heather Hamilton-Senter,1
Heather Marie Adkins,D:\Novels Library\Final_all_books\Heather Marie Adkins,1
Heather O'Neill,D:\Novels Library\Final_all_books\Heather O'Neill,1
Heather Gudenkauf,D:\Novels Library\Final_all_books\Heather Gudenkauf,1
Heidi Hastings,D:\Novels Library\Final_all_books\Heidi Hastings,1
Heather Rose,D:\Novels Library\Final_all_books\Heather Rose,1
Heidi Heilig,D:\Novels Library\Final_all_books\Heidi Heilig,1
Heidi,D:\Novels Library\Final_all_books\Heidi,1
Heidi Vanlandingham,D:\Novels Library\Final_all_books\Heidi Vanlandingham,1
Helen B Scheuerer,D:\Novels Library\Final_all_books\Helen B Scheuerer,1
Heike Koschyk,D:\Novels Library\Final_all_books\Heike Koschyk,1
Helen Fielding,D:\Novels Library\Final_all_books\Helen Fielding,1
Helen Elaine Lee,D:\Novels Library\Final_all_books\Helen Elaine Lee,1
Helen Scheuerer,D:\Novels Library\Final_all_books\Helen Scheuerer,1
Helen Marshall,D:\Novels Library\Final_all_books\Helen Marshall,1
Helen Steadman,D:\Novels Library\Final_all_books\Helen Steadman,1
Helene Bukowski,D:\Novels Library\Final_all_books\Helene Bukowski,1
Helene Hanff,D:\Novels Library\Final_all_books\Helene Hanff,1
"Heller, Joseph","D:\Novels Library\Final_all_books\Heller, Joseph",1
"Hemlock, Maggie","D:\Novels Library\Final_all_books\Hemlock, Maggie",1
Helenkay Dimon,D:\Novels Library\Final_all_books\Helenkay Dimon,1
Henri Charriere,D:\Novels Library\Final_all_books\Henri Charriere,1
"Hennesy, Carolyn","D:\Novels Library\Final_all_books\Hennesy, Carolyn",1
"Hemingway, Ernest","D:\Novels Library\Final_all_books\Hemingway, Ernest",1
Her Montana Man,D:\Novels Library\Final_all_books\Her Montana Man,1
Henry James,D:\Novels Library\Final_all_books\Henry James,1
Henry Miller,D:\Novels Library\Final_all_books\Henry Miller,1
Herman Melville,D:\Novels Library\Final_all_books\Herman Melville,1
"Herzog, Justin","D:\Novels Library\Final_all_books\Herzog, Justin",1
Hester Fox,D:\Novels Library\Final_all_books\Hester Fox,1
"Hewitt, Kate","D:\Novels Library\Final_all_books\Hewitt, Kate",1
"Hewlett, Rosie","D:\Novels Library\Final_all_books\Hewlett, Rosie",1
"Higgs, Steve","D:\Novels Library\Final_all_books\Higgs, Steve",1
"Herbert, Debbie","D:\Novels Library\Final_all_books\Herbert, Debbie",1
"Hilderbrand, Elin;","D:\Novels Library\Final_all_books\Hilderbrand, Elin;",1
"Hill, Napoleon","D:\Novels Library\Final_all_books\Hill, Napoleon",1
Hidden Bodies,D:\Novels Library\Final_all_books\Hidden Bodies,1
Hillary Avis,D:\Novels Library\Final_all_books\Hillary Avis,1
"Ho, Jo","D:\Novels Library\Final_all_books\Ho, Jo",1
"Hill, Sandra","D:\Novels Library\Final_all_books\Hill, Sandra",1
Hold Close the Memory,D:\Novels Library\Final_all_books\Hold Close the Memory,1
Hollie Overton,D:\Novels Library\Final_all_books\Hollie Overton,1
"Hocking, Amanda","D:\Novels Library\Final_all_books\Hocking, Amanda",1
"Hillenbrand, Laura","D:\Novels Library\Final_all_books\Hillenbrand, Laura",1
Holly Black Et Al_,D:\Novels Library\Final_all_books\Holly Black Et Al_,1
His Bride for One Night,D:\Novels Library\Final_all_books\His Bride for One Night,1
Holly Jennings,D:\Novels Library\Final_all_books\Holly Jennings,1
Holly Karlsson,D:\Novels Library\Final_all_books\Holly Karlsson,1
Holly Schindler,D:\Novels Library\Final_all_books\Holly Schindler,1
Holly Walrath,D:\Novels Library\Final_all_books\Holly Walrath,1
"Holmberg, D.K_","D:\Novels Library\Final_all_books\Holmberg, D.K_",1
Hon Lai Chu,D:\Novels Library\Final_all_books\Hon Lai Chu,1
"Honfleur, Miranda","D:\Novels Library\Final_all_books\Honfleur, Miranda",1
Honor Raconteur,D:\Novels Library\Final_all_books\Honor Raconteur,1
"Hooper, Craig N_","D:\Novels Library\Final_all_books\Hooper, Craig N_",1
"Hopkins, Amy","D:\Novels Library\Final_all_books\Hopkins, Amy",1
Hope C. Tarr,D:\Novels Library\Final_all_books\Hope C. Tarr,1
"Horton, Amanda","D:\Novels Library\Final_all_books\Horton, Amanda",1
Honie Jar,D:\Novels Library\Final_all_books\Honie Jar,1
"Huddleston, Phil","D:\Novels Library\Final_all_books\Huddleston, Phil",1
Honore de Balzac,D:\Novels Library\Final_all_books\Honore de Balzac,1
HP,D:\Novels Library\Final_all_books\HP,1
Hunter S. Thompson,D:\Novels Library\Final_all_books\Hunter S. Thompson,1
"Hunter, Elizabeth","D:\Novels Library\Final_all_books\Hunter, Elizabeth",1
"Huber, Linda","D:\Novels Library\Final_all_books\Huber, Linda",1
Humphrey Carpenter,D:\Novels Library\Final_all_books\Humphrey Carpenter,1
Hunter Kelly,D:\Novels Library\Final_all_books\Hunter Kelly,1
"Hunter, Stephen - Earl Swagger 01","D:\Novels Library\Final_all_books\Hunter, Stephen - Earl Swagger 01",1
"Hunter, Stephen - Earl Swagger 02","D:\Novels Library\Final_all_books\Hunter, Stephen - Earl Swagger 02",1
"Huss, JA","D:\Novels Library\Final_all_books\Huss, JA",1
"Huxley, Elspeth","D:\Novels Library\Final_all_books\Huxley, Elspeth",1
"Hunter, Stephen - Bob Lee Swagger 0","D:\Novels Library\Final_all_books\Hunter, Stephen - Bob Lee Swagger 0",1
Iain Gale,D:\Novels Library\Final_all_books\Iain Gale,1
"Hutchins, Pamela Fagan","D:\Novels Library\Final_all_books\Hutchins, Pamela Fagan",1
"Huxley, Aldous","D:\Novels Library\Final_all_books\Huxley, Aldous",1
Ian Cameron Esslemont,D:\Novels Library\Final_all_books\Ian Cameron Esslemont,1
Ian O'Connor,D:\Novels Library\Final_all_books\Ian O'Connor,1
Ian McEwan,D:\Novels Library\Final_all_books\Ian McEwan,1
"Ibrahim, Laila","D:\Novels Library\Final_all_books\Ibrahim, Laila",1
Ian Whates,D:\Novels Library\Final_all_books\Ian Whates,1
Ilona Andrews; Jeaniene Frost,D:\Novels Library\Final_all_books\Ilona Andrews; Jeaniene Frost,1
Ilona Andrews; Yasmine Galenorn; A,D:\Novels Library\Final_all_books\Ilona Andrews; Yasmine Galenorn; A,1
Ilsa Madden-Mills,D:\Novels Library\Final_all_books\Ilsa Madden-Mills,1
Ian Porter,D:\Novels Library\Final_all_books\Ian Porter,1
Ibram X. Kendi,D:\Novels Library\Final_all_books\Ibram X. Kendi,1
"Imbuga, F. D., 1947-","D:\Novels Library\Final_all_books\Imbuga, F. D., 1947-",1
In His Shadow (Tangled Ivy #),D:\Novels Library\Final_all_books\In His Shadow (Tangled Ivy #),1
Immortal_Love Stories,D:\Novels Library\Final_all_books\Immortal_Love Stories,1
Inge-Lise Goss,D:\Novels Library\Final_all_books\Inge-Lise Goss,1
Inglath Cooper,D:\Novels Library\Final_all_books\Inglath Cooper,1
Instaread Summaries,D:\Novels Library\Final_all_books\Instaread Summaries,1
"Ione, Larissa","D:\Novels Library\Final_all_books\Ione, Larissa",1
Invictus,D:\Novels Library\Final_all_books\Invictus,1
Irish Rebel,D:\Novels Library\Final_all_books\Irish Rebel,1
"Ironmonger, John","D:\Novels Library\Final_all_books\Ironmonger, John",1
"Isaacson, Walter","D:\Novels Library\Final_all_books\Isaacson, Walter",1
Isabel Kaplan,D:\Novels Library\Final_all_books\Isabel Kaplan,1
Isabel Sterling,D:\Novels Library\Final_all_books\Isabel Sterling,1
Isabel Hardman,D:\Novels Library\Final_all_books\Isabel Hardman,1
Isabella Hammad,D:\Novels Library\Final_all_books\Isabella Hammad,1
Isabelle Adler,D:\Novels Library\Final_all_books\Isabelle Adler,1
Isabelle Olmo,D:\Novels Library\Final_all_books\Isabelle Olmo,1
Isabelle Ronin,D:\Novels Library\Final_all_books\Isabelle Ronin,1
Isadora Brown,D:\Novels Library\Final_all_books\Isadora Brown,1
Isak Dinesen,D:\Novels Library\Final_all_books\Isak Dinesen,1
Isidore Isaac Hirschman,D:\Novels Library\Final_all_books\Isidore Isaac Hirschman,1
Ismeretlen,D:\Novels Library\Final_all_books\Ismeretlen,1
Isobel Starling,D:\Novels Library\Final_all_books\Isobel Starling,1
Isobella Crowley,D:\Novels Library\Final_all_books\Isobella Crowley,1
Isobelle Carmody,D:\Novels Library\Final_all_books\Isobelle Carmody,1
Italo Calvino,D:\Novels Library\Final_all_books\Italo Calvino,1
"Iverson, N.D_","D:\Novels Library\Final_all_books\Iverson, N.D_",1
Ishmael Beah,D:\Novels Library\Final_all_books\Ishmael Beah,1
Issa Rae,D:\Novels Library\Final_all_books\Issa Rae,1
Ivy Carter,D:\Novels Library\Final_all_books\Ivy Carter,1
Ivy Lewis,D:\Novels Library\Final_all_books\Ivy Lewis,1
Izzy Shows Narrated Bygemma Dawson,D:\Novels Library\Final_all_books\Izzy Shows Narrated Bygemma Dawson,1
J B Michaels,D:\Novels Library\Final_all_books\J B Michaels,1
Ivy Hollins,D:\Novels Library\Final_all_books\Ivy Hollins,1
J Clifton Slater,D:\Novels Library\Final_all_books\J Clifton Slater,1
J T Williams,D:\Novels Library\Final_all_books\J T Williams,1
J. A. Raikes,D:\Novels Library\Final_all_books\J. A. Raikes,1
J. B. Michaels,D:\Novels Library\Final_all_books\J. B. Michaels,1
J. A. Cummings,D:\Novels Library\Final_all_books\J. A. Cummings,1
J. A. Armitage et al,D:\Novels Library\Final_all_books\J. A. Armitage et al,1
J. C. Ryan,D:\Novels Library\Final_all_books\J. C. Ryan,1
J. Clifton Slater,D:\Novels Library\Final_all_books\J. Clifton Slater,1
J. D. Weston,D:\Novels Library\Final_all_books\J. D. Weston,1
J. Donai,D:\Novels Library\Final_all_books\J. Donai,1
J. Daniels,D:\Novels Library\Final_all_books\J. Daniels,1
J. F. Penn,D:\Novels Library\Final_all_books\J. F. Penn,1
J. J. Harper,D:\Novels Library\Final_all_books\J. J. Harper,1
J. J. Marstead,D:\Novels Library\Final_all_books\J. J. Marstead,1
J. Kathleen Cheney,D:\Novels Library\Final_all_books\J. Kathleen Cheney,1
J. Kearston,D:\Novels Library\Final_all_books\J. Kearston,1
J. L. Ostle,D:\Novels Library\Final_all_books\J. L. Ostle,1
J. Liber,D:\Novels Library\Final_all_books\J. Liber,1
J. L. Tomlinson,D:\Novels Library\Final_all_books\J. L. Tomlinson,1
J. M. Bergen,D:\Novels Library\Final_all_books\J. M. Bergen,1
J. M. Coetzee,D:\Novels Library\Final_all_books\J. M. Coetzee,1
J. N. Moon,D:\Novels Library\Final_all_books\J. N. Moon,1
J. O. Morgan,D:\Novels Library\Final_all_books\J. O. Morgan,1
J. M. Dalgliesh,D:\Novels Library\Final_all_books\J. M. Dalgliesh,1
J. S. Cooper,D:\Novels Library\Final_all_books\J. S. Cooper,1
J. Ryan Stradal,D:\Novels Library\Final_all_books\J. Ryan Stradal,1
J. Z. Foster,D:\Novels Library\Final_all_books\J. Z. Foster,1
J.C. Cervantes,D:\Novels Library\Final_all_books\J.C. Cervantes,1
J.B. Dane,D:\Novels Library\Final_all_books\J.B. Dane,1
J.D. Kurtness,D:\Novels Library\Final_all_books\J.D. Kurtness,1
J.D. Stonebridge,D:\Novels Library\Final_all_books\J.D. Stonebridge,1
J.C. Diem,D:\Novels Library\Final_all_books\J.C. Diem,1
J.E. Trent,D:\Novels Library\Final_all_books\J.E. Trent,1
J.F. Penn,D:\Novels Library\Final_all_books\J.F. Penn,1
J.J. Dean,D:\Novels Library\Final_all_books\J.J. Dean,1
J.D. Robb,D:\Novels Library\Final_all_books\J.D. Robb,1
J.K. Harper,D:\Novels Library\Final_all_books\J.K. Harper,1
J.D. Weston,D:\Novels Library\Final_all_books\J.D. Weston,1
J.L. Ostle,D:\Novels Library\Final_all_books\J.L. Ostle,1
J.N. Chaney,D:\Novels Library\Final_all_books\J.N. Chaney,1
J.M. Dabney,D:\Novels Library\Final_all_books\J.M. Dabney,1
J.P. Rice,D:\Novels Library\Final_all_books\J.P. Rice,1
J.P. Silverwood,D:\Novels Library\Final_all_books\J.P. Silverwood,1
J.L. Myers,D:\Novels Library\Final_all_books\J.L. Myers,1
J.s Donovan,D:\Novels Library\Final_all_books\J.s Donovan,1
J.S. Morin,D:\Novels Library\Final_all_books\J.S. Morin,1
J.J. Green,D:\Novels Library\Final_all_books\J.J. Green,1
J.T. Geissinger,D:\Novels Library\Final_all_books\J.T. Geissinger,1
J.S. Malcom,D:\Novels Library\Final_all_books\J.S. Malcom,1
J.W. Lewis,D:\Novels Library\Final_all_books\J.W. Lewis,1
J.V. Kade,D:\Novels Library\Final_all_books\J.V. Kade,1
J.T. Ellison,D:\Novels Library\Final_all_books\J.T. Ellison,1
J.Z. Foster,D:\Novels Library\Final_all_books\J.Z. Foster,1
"Jace, Cameron","D:\Novels Library\Final_all_books\Jace, Cameron",1
Jack Benton,D:\Novels Library\Final_all_books\Jack Benton,1
Jaci Burton,D:\Novels Library\Final_all_books\Jaci Burton,1
Jack Goldstein,D:\Novels Library\Final_all_books\Jack Goldstein,1
Jack Huber,D:\Novels Library\Final_all_books\Jack Huber,1
Jack Kerouac,D:\Novels Library\Final_all_books\Jack Kerouac,1
Jack London,D:\Novels Library\Final_all_books\Jack London,1
Jack Quaid,D:\Novels Library\Final_all_books\Jack Quaid,1
Jack Rosewood,D:\Novels Library\Final_all_books\Jack Rosewood,1
Jack Stroke,D:\Novels Library\Final_all_books\Jack Stroke,1
Jack Weatherford,D:\Novels Library\Final_all_books\Jack Weatherford,1
Jacki James,D:\Novels Library\Final_all_books\Jacki James,1
Jackie Chan,D:\Novels Library\Final_all_books\Jackie Chan,1
Jackie Kessler,D:\Novels Library\Final_all_books\Jackie Kessler,1
"Jackson, Brenda","D:\Novels Library\Final_all_books\Jackson, Brenda",1
Jackie Nacht,D:\Novels Library\Final_all_books\Jackie Nacht,1
Jacqueline Hayley,D:\Novels Library\Final_all_books\Jacqueline Hayley,1
Jacqueline Pawl,D:\Novels Library\Final_all_books\Jacqueline Pawl,1
Jacquie D'Alessandro,D:\Novels Library\Final_all_books\Jacquie D'Alessandro,1
"Jacquot, Lee","D:\Novels Library\Final_all_books\Jacquot, Lee",1
Jacqueline Gilbert,D:\Novels Library\Final_all_books\Jacqueline Gilbert,1
Jae Greyn,D:\Novels Library\Final_all_books\Jae Greyn,1
Jadesola James,D:\Novels Library\Final_all_books\Jadesola James,1
Jael Richardson,D:\Novels Library\Final_all_books\Jael Richardson,1
Jake Daniel,D:\Novels Library\Final_all_books\Jake Daniel,1
Jake Lucas,D:\Novels Library\Final_all_books\Jake Lucas,1
Jadyn Chase,D:\Novels Library\Final_all_books\Jadyn Chase,1
James A. Eggebeen,D:\Novels Library\Final_all_books\James A. Eggebeen,1
James B Stewart,D:\Novels Library\Final_all_books\James B Stewart,1
James Baldwin,D:\Novels Library\Final_all_books\James Baldwin,1
James Burke,D:\Novels Library\Final_all_books\James Burke,1
James Brayshaw,D:\Novels Library\Final_all_books\James Brayshaw,1
James Clavell,D:\Novels Library\Final_all_books\James Clavell,1
James Bennett,D:\Novels Library\Final_all_books\James Bennett,1
James Frey,D:\Novels Library\Final_all_books\James Frey,1
James Gunn,D:\Novels Library\Final_all_books\James Gunn,1
James Julia,D:\Novels Library\Final_all_books\James Julia,1
James L. Halperin,D:\Novels Library\Final_all_books\James L. Halperin,1
James Goll,D:\Novels Library\Final_all_books\James Goll,1
James Maloney,D:\Novels Library\Final_all_books\James Maloney,1
James McConnachie,D:\Novels Library\Final_all_books\James McConnachie,1
James Nathaniel Miller II,D:\Novels Library\Final_all_books\James Nathaniel Miller II,1
James Osiris Baldwin,D:\Novels Library\Final_all_books\James Osiris Baldwin,1
James P. Davis,D:\Novels Library\Final_all_books\James P. Davis,1
"James Patterson, Maxine Paetro","D:\Novels Library\Final_all_books\James Patterson, Maxine Paetro",1
James Phelan,D:\Novels Library\Final_all_books\James Phelan,1
James Rosone,D:\Novels Library\Final_all_books\James Rosone,1
James Maxstadt,D:\Novels Library\Final_all_books\James Maxstadt,1
James S. Peet,D:\Novels Library\Final_all_books\James S. Peet,1
James Somers,D:\Novels Library\Final_all_books\James Somers,1
James R. Benn,D:\Novels Library\Final_all_books\James R. Benn,1
"James, Ella","D:\Novels Library\Final_all_books\James, Ella",1
"James, Christina","D:\Novels Library\Final_all_books\James, Christina",1
James. Patterson,D:\Novels Library\Final_all_books\James. Patterson,1
Jamezdin Kurtovic,D:\Novels Library\Final_all_books\Jamezdin Kurtovic,1
"James, P. D_","D:\Novels Library\Final_all_books\James, P. D_",1
Jamie Begley,D:\Novels Library\Final_all_books\Jamie Begley,1
"James, Rebecca","D:\Novels Library\Final_all_books\James, Rebecca",1
Jamie Davis,D:\Novels Library\Final_all_books\Jamie Davis,1
Jamie Denton,D:\Novels Library\Final_all_books\Jamie Denton,1
Jamie Campbell,D:\Novels Library\Final_all_books\Jamie Campbell,1
Jamie Ford,D:\Novels Library\Final_all_books\Jamie Ford,1
Jamie Winship,D:\Novels Library\Final_all_books\Jamie Winship,1
Jamiel Owens,D:\Novels Library\Final_all_books\Jamiel Owens,1
Jan Springer,D:\Novels Library\Final_all_books\Jan Springer,1
Jana Aston,D:\Novels Library\Final_all_books\Jana Aston,1
Jana Casale,D:\Novels Library\Final_all_books\Jana Casale,1
Jan Karon,D:\Novels Library\Final_all_books\Jan Karon,1
Jana Miller,D:\Novels Library\Final_all_books\Jana Miller,1
Jandy Nelson,D:\Novels Library\Final_all_books\Jandy Nelson,1
Jane Gorman,D:\Novels Library\Final_all_books\Jane Gorman,1
Jane Harper,D:\Novels Library\Final_all_books\Jane Harper,1
Jane Healey,D:\Novels Library\Final_all_books\Jane Healey,1
Jane Henry,D:\Novels Library\Final_all_books\Jane Henry,1
Jane Donnelly,D:\Novels Library\Final_all_books\Jane Donnelly,1
Jane Routley,D:\Novels Library\Final_all_books\Jane Routley,1
Jane Shemilt,D:\Novels Library\Final_all_books\Jane Shemilt,1
Jani Kay,D:\Novels Library\Final_all_books\Jani Kay,1
Janice Preston (fiction Writer),D:\Novels Library\Final_all_books\Janice Preston (fiction Writer),1
Janice Sims,D:\Novels Library\Final_all_books\Janice Sims,1
"Jarecki, Amy","D:\Novels Library\Final_all_books\Jarecki, Amy",1
Janice Tremayne,D:\Novels Library\Final_all_books\Janice Tremayne,1
Jasmine Garcia,D:\Novels Library\Final_all_books\Jasmine Garcia,1
Jasmine Mas,D:\Novels Library\Final_all_books\Jasmine Mas,1
Jasmine Warga,D:\Novels Library\Final_all_books\Jasmine Warga,1
Jason A. Bartles,D:\Novels Library\Final_all_books\Jason A. Bartles,1
Jason A. Cheek,D:\Novels Library\Final_all_books\Jason A. Cheek,1
Jason Brant,D:\Novels Library\Final_all_books\Jason Brant,1
Jason Chaffetz,D:\Novels Library\Final_all_books\Jason Chaffetz,1
Jason Denzel,D:\Novels Library\Final_all_books\Jason Denzel,1
Jason Fuquea,D:\Novels Library\Final_all_books\Jason Fuquea,1
Jason M. Hough,D:\Novels Library\Final_all_books\Jason M. Hough,1
Jason Matthews,D:\Novels Library\Final_all_books\Jason Matthews,1
Jason Rekulak,D:\Novels Library\Final_all_books\Jason Rekulak,1
Jason Sanford,D:\Novels Library\Final_all_books\Jason Sanford,1
Javan Bonds,D:\Novels Library\Final_all_books\Javan Bonds,1
Jax Garren,D:\Novels Library\Final_all_books\Jax Garren,1
Jasmine Walt,D:\Novels Library\Final_all_books\Jasmine Walt,1
Jasper Fforde,D:\Novels Library\Final_all_books\Jasper Fforde,1
Jason Kenyon,D:\Novels Library\Final_all_books\Jason Kenyon,1
Jay Bonansinga,D:\Novels Library\Final_all_books\Jay Bonansinga,1
Jay Gill,D:\Novels Library\Final_all_books\Jay Gill,1
Jay Kristoff,D:\Novels Library\Final_all_books\Jay Kristoff,1
Jayla Kane,D:\Novels Library\Final_all_books\Jayla Kane,1
Jayde Payne,D:\Novels Library\Final_all_books\Jayde Payne,1
Jayson Greene,D:\Novels Library\Final_all_books\Jayson Greene,1
JC Ryan,D:\Novels Library\Final_all_books\JC Ryan,1
JD Kirk,D:\Novels Library\Final_all_books\JD Kirk,1
JC Harroway,D:\Novels Library\Final_all_books\JC Harroway,1
Jean Chen Ho,D:\Novels Library\Final_all_books\Jean Chen Ho,1
Jean Grainger,D:\Novels Library\Final_all_books\Jean Grainger,1
Jean Edward Smith,D:\Novels Library\Final_all_books\Jean Edward Smith,1
Jean-Paul Sartre,D:\Novels Library\Final_all_books\Jean-Paul Sartre,1
Jean. K. Hart,D:\Novels Library\Final_all_books\Jean. K. Hart,1
Jeanie Wolfe,D:\Novels Library\Final_all_books\Jeanie Wolfe,1
JB Trepagnier,D:\Novels Library\Final_all_books\JB Trepagnier,1
Jeanne Duprau,D:\Novels Library\Final_all_books\Jeanne Duprau,1
Jean Kwok,D:\Novels Library\Final_all_books\Jean Kwok,1
"Jedel, Marc","D:\Novels Library\Final_all_books\Jedel, Marc",1
Jeff Benedict,D:\Novels Library\Final_all_books\Jeff Benedict,1
Jeff Dupuis,D:\Novels Library\Final_all_books\Jeff Dupuis,1
Jeff Marsden,D:\Novels Library\Final_all_books\Jeff Marsden,1
Jeff Mariotte,D:\Novels Library\Final_all_books\Jeff Mariotte,1
Jeff Noon,D:\Novels Library\Final_all_books\Jeff Noon,1
Jeff Sabean,D:\Novels Library\Final_all_books\Jeff Sabean,1
Jeff Strand,D:\Novels Library\Final_all_books\Jeff Strand,1
Jeffery A. Moulton,D:\Novels Library\Final_all_books\Jeffery A. Moulton,1
Jeffery H. Haskell,D:\Novels Library\Final_all_books\Jeffery H. Haskell,1
Jeffery Haskell,D:\Novels Library\Final_all_books\Jeffery Haskell,1
Jeffery Deaver (ed),D:\Novels Library\Final_all_books\Jeffery Deaver (ed),1
Jeffrey Archer,D:\Novels Library\Final_all_books\Jeffrey Archer,1
Jeffrey Bardwell,D:\Novels Library\Final_all_books\Jeffrey Bardwell,1
Jeffe Kennedy,D:\Novels Library\Final_all_books\Jeffe Kennedy,1
Jeffrey Eugenides,D:\Novels Library\Final_all_books\Jeffrey Eugenides,1
Jen Eastwood,D:\Novels Library\Final_all_books\Jen Eastwood,1
Jen Estes,D:\Novels Library\Final_all_books\Jen Estes,1
Jen McConnel,D:\Novels Library\Final_all_books\Jen McConnel,1
"Jemisin, N. K_","D:\Novels Library\Final_all_books\Jemisin, N. K_",1
Jen Minkman,D:\Novels Library\Final_all_books\Jen Minkman,1
Jenee Robinson,D:\Novels Library\Final_all_books\Jenee Robinson,1
Jenifer Lewis,D:\Novels Library\Final_all_books\Jenifer Lewis,1
Jenifer Ruff,D:\Novels Library\Final_all_books\Jenifer Ruff,1
Jenn Bennett,D:\Novels Library\Final_all_books\Jenn Bennett,1
Jenn Granneman,D:\Novels Library\Final_all_books\Jenn Granneman,1
Jenn Reese,D:\Novels Library\Final_all_books\Jenn Reese,1
Jenna Elliot,D:\Novels Library\Final_all_books\Jenna Elliot,1
Jenn Burke,D:\Novels Library\Final_all_books\Jenn Burke,1
Jenna Glass,D:\Novels Library\Final_all_books\Jenna Glass,1
Jenna Muro,D:\Novels Library\Final_all_books\Jenna Muro,1
Jenna St. James,D:\Novels Library\Final_all_books\Jenna St. James,1
Jenni Lovewell,D:\Novels Library\Final_all_books\Jenni Lovewell,1
Jennifer,D:\Novels Library\Final_all_books\Jennifer,1
Jennifer Bene,D:\Novels Library\Final_all_books\Jennifer Bene,1
Jennifer D. Bokal,D:\Novels Library\Final_all_books\Jennifer D. Bokal,1
Jennifer Cody Epstein,D:\Novels Library\Final_all_books\Jennifer Cody Epstein,1
Jennifer Chiaverini,D:\Novels Library\Final_all_books\Jennifer Chiaverini,1
Jennifer Domenico,D:\Novels Library\Final_all_books\Jennifer Domenico,1
Jennifer Donnelly,D:\Novels Library\Final_all_books\Jennifer Donnelly,1
Jennifer Hartley,D:\Novels Library\Final_all_books\Jennifer Hartley,1
Jennifer Hayward - The Delicious D,D:\Novels Library\Final_all_books\Jennifer Hayward - The Delicious D,1
Jennifer Niven,D:\Novels Library\Final_all_books\Jennifer Niven,1
Jennifer McKenzie,D:\Novels Library\Final_all_books\Jennifer McKenzie,1
Jennifer Reynolds,D:\Novels Library\Final_all_books\Jennifer Reynolds,1
Jennifer Rose Rose McMahon,D:\Novels Library\Final_all_books\Jennifer Rose Rose McMahon,1
Jennifer Talty,D:\Novels Library\Final_all_books\Jennifer Talty,1
"Jennison, Aimie","D:\Novels Library\Final_all_books\Jennison, Aimie",1
Jenny Carroll,D:\Novels Library\Final_all_books\Jenny Carroll,1
Jenny Cartwright,D:\Novels Library\Final_all_books\Jenny Cartwright,1
Jennifer Wright,D:\Novels Library\Final_all_books\Jennifer Wright,1
Jenny Jackson,D:\Novels Library\Final_all_books\Jenny Jackson,1
Jenny Pentland,D:\Novels Library\Final_all_books\Jenny Pentland,1
Jenny Wheeler,D:\Novels Library\Final_all_books\Jenny Wheeler,1
"Jensen, S.C_","D:\Novels Library\Final_all_books\Jensen, S.C_",1
Jenny Nimmo,D:\Novels Library\Final_all_books\Jenny Nimmo,1
Jeremy Dean,D:\Novels Library\Final_all_books\Jeremy Dean,1
Jeremy Robinson,D:\Novels Library\Final_all_books\Jeremy Robinson,1
Jerome D. Salinger,D:\Novels Library\Final_all_books\Jerome D. Salinger,1
Jeremy N. Smith,D:\Novels Library\Final_all_books\Jeremy N. Smith,1
Jerry Pournelle,D:\Novels Library\Final_all_books\Jerry Pournelle,1
Jerry Spinelli,D:\Novels Library\Final_all_books\Jerry Spinelli,1
Jerry B. Jenkins,D:\Novels Library\Final_all_books\Jerry B. Jenkins,1
Jesmyn Ward,D:\Novels Library\Final_all_books\Jesmyn Ward,1
Jes Battis,D:\Novels Library\Final_all_books\Jes Battis,1
Jess Dee,D:\Novels Library\Final_all_books\Jess Dee,1
Jess Ryder,D:\Novels Library\Final_all_books\Jess Ryder,1
Jess Petosa,D:\Novels Library\Final_all_books\Jess Petosa,1
Jess Redman,D:\Novels Library\Final_all_books\Jess Redman,1
Jessi Elliott,D:\Novels Library\Final_all_books\Jessi Elliott,1
Jesse Ball,D:\Novels Library\Final_all_books\Jesse Ball,1
Jessica Bell,D:\Novels Library\Final_all_books\Jessica Bell,1
Jessica Brody,D:\Novels Library\Final_all_books\Jessica Brody,1
Jessa Maxwell,D:\Novels Library\Final_all_books\Jessa Maxwell,1
Jessica B. Harris,D:\Novels Library\Final_all_books\Jessica B. Harris,1
Jesse Q. Sutanto,D:\Novels Library\Final_all_books\Jesse Q. Sutanto,1
Jessica Chiccehitto Hindman,D:\Novels Library\Final_all_books\Jessica Chiccehitto Hindman,1
Jessica Gomez,D:\Novels Library\Final_all_books\Jessica Gomez,1
Jessica King,D:\Novels Library\Final_all_books\Jessica King,1
Jessica Lemmon,D:\Novels Library\Final_all_books\Jessica Lemmon,1
Jessica Jarlvi,D:\Novels Library\Final_all_books\Jessica Jarlvi,1
Jessica Lynn Medina,D:\Novels Library\Final_all_books\Jessica Lynn Medina,1
Jessica Morris,D:\Novels Library\Final_all_books\Jessica Morris,1
Jessica Scott,D:\Novels Library\Final_all_books\Jessica Scott,1
Jessica Shirvington,D:\Novels Library\Final_all_books\Jessica Shirvington,1
Jessica Therrien,D:\Novels Library\Final_all_books\Jessica Therrien,1
Jessie Ellis,D:\Novels Library\Final_all_books\Jessie Ellis,1
Jessie Keane,D:\Novels Library\Final_all_books\Jessie Keane,1
Jessie Lane,D:\Novels Library\Final_all_books\Jessie Lane,1
Jessica Shattuck,D:\Novels Library\Final_all_books\Jessica Shattuck,1
"Jewell, Lisa","D:\Novels Library\Final_all_books\Jewell, Lisa",1
Jhumpa Lahiri,D:\Novels Library\Final_all_books\Jhumpa Lahiri,1
Jill Haven,D:\Novels Library\Final_all_books\Jill Haven,1
Jill Lynn,D:\Novels Library\Final_all_books\Jill Lynn,1
Jill Monroe,D:\Novels Library\Final_all_books\Jill Monroe,1
Jill Lepore,D:\Novels Library\Final_all_books\Jill Lepore,1
Jia Tolentino,D:\Novels Library\Final_all_books\Jia Tolentino,1
"Jill Shalvis, Leslie Kelly","D:\Novels Library\Final_all_books\Jill Shalvis, Leslie Kelly",1
Jill Wolfson,D:\Novels Library\Final_all_books\Jill Wolfson,1
Jillian Burns,D:\Novels Library\Final_all_books\Jillian Burns,1
Jill Nojack,D:\Novels Library\Final_all_books\Jill Nojack,1
Jillian Eaton,D:\Novels Library\Final_all_books\Jillian Eaton,1
Jillian Quinn,D:\Novels Library\Final_all_books\Jillian Quinn,1
Jill Tew,D:\Novels Library\Final_all_books\Jill Tew,1
Jim Crace,D:\Novels Library\Final_all_books\Jim Crace,1
Jim Cheshire,D:\Novels Library\Final_all_books\Jim Cheshire,1
Jiu ShiChanMian,D:\Novels Library\Final_all_books\Jiu ShiChanMian,1
Jo Clayton,D:\Novels Library\Final_all_books\Jo Clayton,1
Jo Crow,D:\Novels Library\Final_all_books\Jo Crow,1
JJ Harper,D:\Novels Library\Final_all_books\JJ Harper,1
Jo Graham,D:\Novels Library\Final_all_books\Jo Graham,1
Jo Salazar,D:\Novels Library\Final_all_books\Jo Salazar,1
Joan Didion,D:\Novels Library\Final_all_books\Joan Didion,1
Jo Furniss,D:\Novels Library\Final_all_books\Jo Furniss,1
Joan He,D:\Novels Library\Final_all_books\Joan He,1
Joan Johnston,D:\Novels Library\Final_all_books\Joan Johnston,1
Joanna Campbell Slan,D:\Novels Library\Final_all_books\Joanna Campbell Slan,1
Joanna Goodman,D:\Novels Library\Final_all_books\Joanna Goodman,1
Joana Marcus Sastre,D:\Novels Library\Final_all_books\Joana Marcus Sastre,1
Joanne Harris,D:\Novels Library\Final_all_books\Joanne Harris,1
Joanna Wayne,D:\Novels Library\Final_all_books\Joanna Wayne,1
Jodi Dawson,D:\Novels Library\Final_all_books\Jodi Dawson,1
Jodi L. Milner,D:\Novels Library\Final_all_books\Jodi L. Milner,1
Jody Gayle,D:\Novels Library\Final_all_books\Jody Gayle,1
Joe Dispenza,D:\Novels Library\Final_all_books\Joe Dispenza,1
Joe Marler,D:\Novels Library\Final_all_books\Joe Marler,1
Joe Nobody,D:\Novels Library\Final_all_books\Joe Nobody,1
Joe Mungo Reed,D:\Novels Library\Final_all_books\Joe Mungo Reed,1
Joes Wife,D:\Novels Library\Final_all_books\Joes Wife,1
John Asser,D:\Novels Library\Final_all_books\John Asser,1
John Berendt,D:\Novels Library\Final_all_books\John Berendt,1
John Birmingham,D:\Novels Library\Final_all_books\John Birmingham,1
John Carson,D:\Novels Library\Final_all_books\John Carson,1
John Booth,D:\Novels Library\Final_all_books\John Booth,1
John D. Patten,D:\Novels Library\Final_all_books\John D. Patten,1
John D. Rateliff,D:\Novels Library\Final_all_books\John D. Rateliff,1
John Carreyrou,D:\Novels Library\Final_all_books\John Carreyrou,1
John Elder Robison,D:\Novels Library\Final_all_books\John Elder Robison,1
John Ellsworth,D:\Novels Library\Final_all_books\John Ellsworth,1
Joel Libava,D:\Novels Library\Final_all_books\Joel Libava,1
John Gribbin,D:\Novels Library\Final_all_books\John Gribbin,1
John Grisham; Jim McCloskey,D:\Novels Library\Final_all_books\John Grisham; Jim McCloskey,1
John Grogan,D:\Novels Library\Final_all_books\John Grogan,1
John Flanagan,D:\Novels Library\Final_all_books\John Flanagan,1
John Irving,D:\Novels Library\Final_all_books\John Irving,1
John Jantunen,D:\Novels Library\Final_all_books\John Jantunen,1
John Joseph Adams,D:\Novels Library\Final_all_books\John Joseph Adams,1
John Kennedy Toole Jr_,D:\Novels Library\Final_all_books\John Kennedy Toole Jr_,1
John Knowles,D:\Novels Library\Final_all_books\John Knowles,1
John Larison,D:\Novels Library\Final_all_books\John Larison,1
John Lenahan,D:\Novels Library\Final_all_books\John Lenahan,1
John Lescroart,D:\Novels Library\Final_all_books\John Lescroart,1
John Maddox Roberts,D:\Novels Library\Final_all_books\John Maddox Roberts,1
John Nicholl,D:\Novels Library\Final_all_books\John Nicholl,1
John le Carre,D:\Novels Library\Final_all_books\John le Carre,1
John Perkins,D:\Novels Library\Final_all_books\John Perkins,1
John Plotz,D:\Novels Library\Final_all_books\John Plotz,1
John Michael Greer,D:\Novels Library\Final_all_books\John Michael Greer,1
John Rector,D:\Novels Library\Final_all_books\John Rector,1
John Sam Jones,D:\Novels Library\Final_all_books\John Sam Jones,1
John Scalzi,D:\Novels Library\Final_all_books\John Scalzi,1
John Shirley,D:\Novels Library\Final_all_books\John Shirley,1
John Woods,D:\Novels Library\Final_all_books\John Woods,1
Johnathon Nicolaou,D:\Novels Library\Final_all_books\Johnathon Nicolaou,1
"Johns, Christopher","D:\Novels Library\Final_all_books\Johns, Christopher",1
John Wilks,D:\Novels Library\Final_all_books\John Wilks,1
"Johnson, Omar","D:\Novels Library\Final_all_books\Johnson, Omar",1
John Whitehead,D:\Novels Library\Final_all_books\John Whitehead,1
Johnny Townsend,D:\Novels Library\Final_all_books\Johnny Townsend,1
"Johnson, Suzanne","D:\Novels Library\Final_all_books\Johnson, Suzanne",1
Jojo Moyes,D:\Novels Library\Final_all_books\Jojo Moyes,1
Jon Krakauer,D:\Novels Library\Final_all_books\Jon Krakauer,1
Jon McGoran,D:\Novels Library\Final_all_books\Jon McGoran,1
Jon Raymond,D:\Novels Library\Final_all_books\Jon Raymond,1
Jonathan Cahn,D:\Novels Library\Final_all_books\Jonathan Cahn,1
Jon Kiln,D:\Novels Library\Final_all_books\Jon Kiln,1
Jonathan Freedland,D:\Novels Library\Final_all_books\Jonathan Freedland,1
Jonathan Maberry,D:\Novels Library\Final_all_books\Jonathan Maberry,1
Jonathan Nasaw,D:\Novels Library\Final_all_books\Jonathan Nasaw,1
Jonathan Pembroke,D:\Novels Library\Final_all_books\Jonathan Pembroke,1
Jonathan Safran Foer,D:\Novels Library\Final_all_books\Jonathan Safran Foer,1
Jonathan Carroll,D:\Novels Library\Final_all_books\Jonathan Carroll,1
Jonathan Parks-Ramage,D:\Novels Library\Final_all_books\Jonathan Parks-Ramage,1
Jonathan Sud,D:\Novels Library\Final_all_books\Jonathan Sud,1
Jonathan Swift,D:\Novels Library\Final_all_books\Jonathan Swift,1
"Jones, Diantha","D:\Novels Library\Final_all_books\Jones, Diantha",1
Joni Hahn,D:\Novels Library\Final_all_books\Joni Hahn,1
Jordan Belfort,D:\Novels Library\Final_all_books\Jordan Belfort,1
Jordan L. Hawk,D:\Novels Library\Final_all_books\Jordan L. Hawk,1
Jordan Harper,D:\Novels Library\Final_all_books\Jordan Harper,1
Jordan Marie,D:\Novels Library\Final_all_books\Jordan Marie,1
Jordan Vezina,D:\Novels Library\Final_all_books\Jordan Vezina,1
"Jones, Rob","D:\Novels Library\Final_all_books\Jones, Rob",1
Jorge Luis Borges,D:\Novels Library\Final_all_books\Jorge Luis Borges,1
Jose Saramago,D:\Novels Library\Final_all_books\Jose Saramago,1
Joseph Browning,D:\Novels Library\Final_all_books\Joseph Browning,1
Jorge Baron Biza,D:\Novels Library\Final_all_books\Jorge Baron Biza,1
Joseph Heller,D:\Novels Library\Final_all_books\Joseph Heller,1
Joseph J. Ellis,D:\Novels Library\Final_all_books\Joseph J. Ellis,1
Joseph John,D:\Novels Library\Final_all_books\Joseph John,1
Joseph T. Salerno,D:\Novels Library\Final_all_books\Joseph T. Salerno,1
Josh D Sanders,D:\Novels Library\Final_all_books\Josh D Sanders,1
Josh Hilden,D:\Novels Library\Final_all_books\Josh Hilden,1
Josh Malerman,D:\Novels Library\Final_all_books\Josh Malerman,1
Joshua C Chadd,D:\Novels Library\Final_all_books\Joshua C Chadd,1
Joshua E. B. Smith,D:\Novels Library\Final_all_books\Joshua E. B. Smith,1
Joshua Eckroth,D:\Novels Library\Final_all_books\Joshua Eckroth,1
Joshua Palmatier,D:\Novels Library\Final_all_books\Joshua Palmatier,1
Josie Jade,D:\Novels Library\Final_all_books\Josie Jade,1
Josie Silver,D:\Novels Library\Final_all_books\Josie Silver,1
Jourdyn Kelly,D:\Novels Library\Final_all_books\Jourdyn Kelly,1
Joy Jordan-Lake,D:\Novels Library\Final_all_books\Joy Jordan-Lake,1
Joya Ryan,D:\Novels Library\Final_all_books\Joya Ryan,1
Joyce Carol Oates,D:\Novels Library\Final_all_books\Joyce Carol Oates,1
Joyce Meyer,D:\Novels Library\Final_all_books\Joyce Meyer,1
Joynell Schultz,D:\Novels Library\Final_all_books\Joynell Schultz,1
JP Delaney,D:\Novels Library\Final_all_books\JP Delaney,1
Joyce Dingwell,D:\Novels Library\Final_all_books\Joyce Dingwell,1
JT Lawrence,D:\Novels Library\Final_all_books\JT Lawrence,1
Judith A. Barrett,D:\Novels Library\Final_all_books\Judith A. Barrett,1
Judy Blume,D:\Novels Library\Final_all_books\Judy Blume,1
Judy Duarte - The Bachelor's Brigh,D:\Novels Library\Final_all_books\Judy Duarte - The Bachelor's Brigh,1
Judy Lynn Hubbard,D:\Novels Library\Final_all_books\Judy Lynn Hubbard,1
Juhea Kim,D:\Novels Library\Final_all_books\Juhea Kim,1
Jules Featherstone,D:\Novels Library\Final_all_books\Jules Featherstone,1
Jules Verne,D:\Novels Library\Final_all_books\Jules Verne,1
Julia Claiborne Johnson,D:\Novels Library\Final_all_books\Julia Claiborne Johnson,1
Julia Cook,D:\Novels Library\Final_all_books\Julia Cook,1
Julia Derek,D:\Novels Library\Final_all_books\Julia Derek,1
Judy Donnelly,D:\Novels Library\Final_all_books\Judy Donnelly,1
Julia Karr,D:\Novels Library\Final_all_books\Julia Karr,1
Julia Kent,D:\Novels Library\Final_all_books\Julia Kent,1
Julia Mills,D:\Novels Library\Final_all_books\Julia Mills,1
Julia Quinn,D:\Novels Library\Final_all_books\Julia Quinn,1
Julian North,D:\Novels Library\Final_all_books\Julian North,1
Julian M. Coleman,D:\Novels Library\Final_all_books\Julian M. Coleman,1
Julianne Berokoff,D:\Novels Library\Final_all_books\Julianne Berokoff,1
Julie Andrews,D:\Novels Library\Final_all_books\Julie Andrews,1
Julian Coleman,D:\Novels Library\Final_all_books\Julian Coleman,1
Julie Halpern,D:\Novels Library\Final_all_books\Julie Halpern,1
Julie Kenner,D:\Novels Library\Final_all_books\Julie Kenner,1
Julie MacArthur,D:\Novels Library\Final_all_books\Julie MacArthur,1
Julie Orringer,D:\Novels Library\Final_all_books\Julie Orringer,1
Julie Tetel,D:\Novels Library\Final_all_books\Julie Tetel,1
Julie Wetzel,D:\Novels Library\Final_all_books\Julie Wetzel,1
Julieanne Howells,D:\Novels Library\Final_all_books\Julieanne Howells,1
Juliet Grames,D:\Novels Library\Final_all_books\Juliet Grames,1
Julius Lester,D:\Novels Library\Final_all_books\Julius Lester,1
"June, CoraLee","D:\Novels Library\Final_all_books\June, CoraLee",1
Justin Bell,D:\Novels Library\Final_all_books\Justin Bell,1
Justin DePaoli,D:\Novels Library\Final_all_books\Justin DePaoli,1
Justin Rishel,D:\Novels Library\Final_all_books\Justin Rishel,1
Jus Accardo,D:\Novels Library\Final_all_books\Jus Accardo,1
Justin T. Call,D:\Novels Library\Final_all_books\Justin T. Call,1
K P Stafford,D:\Novels Library\Final_all_books\K P Stafford,1
K Webster,D:\Novels Library\Final_all_books\K Webster,1
K. A. Knight,D:\Novels Library\Final_all_books\K. A. Knight,1
K. A. Dance,D:\Novels Library\Final_all_books\K. A. Dance,1
K'Anne Meinel,D:\Novels Library\Final_all_books\K'Anne Meinel,1
K. A. Moll,D:\Novels Library\Final_all_books\K. A. Moll,1
K. A. Merikan,D:\Novels Library\Final_all_books\K. A. Merikan,1
K. B. Everly,D:\Novels Library\Final_all_books\K. B. Everly,1
K. C. Kean,D:\Novels Library\Final_all_books\K. C. Kean,1
K. C. Otenti,D:\Novels Library\Final_all_books\K. C. Otenti,1
K. D. Faerydae,D:\Novels Library\Final_all_books\K. D. Faerydae,1
K. A. Miltimore,D:\Novels Library\Final_all_books\K. A. Miltimore,1
K. D. Kirchmeier,D:\Novels Library\Final_all_books\K. D. Kirchmeier,1
K. J. Jackson,D:\Novels Library\Final_all_books\K. J. Jackson,1
K. J. Schneider,D:\Novels Library\Final_all_books\K. J. Schneider,1
K. L. Armstrong,D:\Novels Library\Final_all_books\K. L. Armstrong,1
K. L. Barstow,D:\Novels Library\Final_all_books\K. L. Barstow,1
K. L. Bone,D:\Novels Library\Final_all_books\K. L. Bone,1
K. L. Donn,D:\Novels Library\Final_all_books\K. L. Donn,1
K. L. Hall,D:\Novels Library\Final_all_books\K. L. Hall,1
K. L. Rymer,D:\Novels Library\Final_all_books\K. L. Rymer,1
K. Loraine,D:\Novels Library\Final_all_books\K. Loraine,1
K. Lyn,D:\Novels Library\Final_all_books\K. Lyn,1
K. P. Stafford,D:\Novels Library\Final_all_books\K. P. Stafford,1
"K. L. Armstrong, M. A. Marr","D:\Novels Library\Final_all_books\K. L. Armstrong, M. A. Marr",1
K. Makansi,D:\Novels Library\Final_all_books\K. Makansi,1
K. Weikel,D:\Novels Library\Final_all_books\K. Weikel,1
K.A. Riley,D:\Novels Library\Final_all_books\K.A. Riley,1
K.E. O'Connor,D:\Novels Library\Final_all_books\K.E. O'Connor,1
K.E. Ganshert,D:\Novels Library\Final_all_books\K.E. Ganshert,1
K.L. Montgomery,D:\Novels Library\Final_all_books\K.L. Montgomery,1
K.L. DeVore,D:\Novels Library\Final_all_books\K.L. DeVore,1
K.L. Speer,D:\Novels Library\Final_all_books\K.L. Speer,1
K.T. Hanna,D:\Novels Library\Final_all_books\K.T. Hanna,1
K.L. Myers,D:\Novels Library\Final_all_books\K.L. Myers,1
Kaden Love,D:\Novels Library\Final_all_books\Kaden Love,1
Kae Tempest,D:\Novels Library\Final_all_books\Kae Tempest,1
Kaely Rose,D:\Novels Library\Final_all_books\Kaely Rose,1
Kacen Callender,D:\Novels Library\Final_all_books\Kacen Callender,1
Kalleigh Royn,D:\Novels Library\Final_all_books\Kalleigh Royn,1
Kalla Harris,D:\Novels Library\Final_all_books\Kalla Harris,1
"Kage, Linda","D:\Novels Library\Final_all_books\Kage, Linda",1
Kamryn Foxe,D:\Novels Library\Final_all_books\Kamryn Foxe,1
Kandi Steiner,D:\Novels Library\Final_all_books\Kandi Steiner,1
"Kang, Lydia","D:\Novels Library\Final_all_books\Kang, Lydia",1
Karawynn Long n Neil Gaiman,D:\Novels Library\Final_all_books\Karawynn Long n Neil Gaiman,1
Karen Abbott,D:\Novels Library\Final_all_books\Karen Abbott,1
Karen Anders,D:\Novels Library\Final_all_books\Karen Anders,1
Kandy Shepherd,D:\Novels Library\Final_all_books\Kandy Shepherd,1
Karen Brooks,D:\Novels Library\Final_all_books\Karen Brooks,1
Karen Cleveland,D:\Novels Library\Final_all_books\Karen Cleveland,1
Karen Foley - Free Fall,D:\Novels Library\Final_all_books\Karen Foley - Free Fall,1
Karen Frost,D:\Novels Library\Final_all_books\Karen Frost,1
Karen Dailey,D:\Novels Library\Final_all_books\Karen Dailey,1
Karen Kingsbury,D:\Novels Library\Final_all_books\Karen Kingsbury,1
Karen Sandler,D:\Novels Library\Final_all_books\Karen Sandler,1
Karen Templeton,D:\Novels Library\Final_all_books\Karen Templeton,1
Karen Kirst,D:\Novels Library\Final_all_books\Karen Kirst,1
Karen Snow,D:\Novels Library\Final_all_books\Karen Snow,1
Karen Wynn Fonstad,D:\Novels Library\Final_all_books\Karen Wynn Fonstad,1
Karice Bolton,D:\Novels Library\Final_all_books\Karice Bolton,1
"Kari Leibowitz, PhD","D:\Novels Library\Final_all_books\Kari Leibowitz, PhD",1
Karin Baine,D:\Novels Library\Final_all_books\Karin Baine,1
Karina Bliss,D:\Novels Library\Final_all_books\Karina Bliss,1
Karina Halle,D:\Novels Library\Final_all_books\Karina Halle,1
Karina Sumner-Smith,D:\Novels Library\Final_all_books\Karina Sumner-Smith,1
Karl Geary,D:\Novels Library\Final_all_books\Karl Geary,1
Karl Marlantes,D:\Novels Library\Final_all_books\Karl Marlantes,1
Karl Taro Greenfeld,D:\Novels Library\Final_all_books\Karl Taro Greenfeld,1
Karri Thompson,D:\Novels Library\Final_all_books\Karri Thompson,1
"Kasey, Lissa","D:\Novels Library\Final_all_books\Kasey, Lissa",1
Kasie West,D:\Novels Library\Final_all_books\Kasie West,1
"Kasper, Jason","D:\Novels Library\Final_all_books\Kasper, Jason",1
Kassandra Lynn,D:\Novels Library\Final_all_books\Kassandra Lynn,1
Kassandra Montag,D:\Novels Library\Final_all_books\Kassandra Montag,1
Kassem Eid,D:\Novels Library\Final_all_books\Kassem Eid,1
Kat Bastion,D:\Novels Library\Final_all_books\Kat Bastion,1
Kat Cantrell - The Baby Deal,D:\Novels Library\Final_all_books\Kat Cantrell - The Baby Deal,1
"Kat Cantrell - Happily Ever After,","D:\Novels Library\Final_all_books\Kat Cantrell - Happily Ever After,",1
Kat Martin,D:\Novels Library\Final_all_books\Kat Martin,1
Kat Parrish,D:\Novels Library\Final_all_books\Kat Parrish,1
Kate Alice Marshall,D:\Novels Library\Final_all_books\Kate Alice Marshall,1
Kat Cho,D:\Novels Library\Final_all_books\Kat Cho,1
Kate Bloomfield,D:\Novels Library\Final_all_books\Kate Bloomfield,1
Kat T.Masen,D:\Novels Library\Final_all_books\Kat T.Masen,1
Kate Christensen,D:\Novels Library\Final_all_books\Kate Christensen,1
Kate DiCamillo,D:\Novels Library\Final_all_books\Kate DiCamillo,1
Kate Elizabeth Russell,D:\Novels Library\Final_all_books\Kate Elizabeth Russell,1
Kate Flora,D:\Novels Library\Final_all_books\Kate Flora,1
"Kate Hardy - Crown Prince, Pregnan","D:\Novels Library\Final_all_books\Kate Hardy - Crown Prince, Pregnan",1
Kate Hall,D:\Novels Library\Final_all_books\Kate Hall,1
Kate Manning,D:\Novels Library\Final_all_books\Kate Manning,1
Kate M. Rivenhall,D:\Novels Library\Final_all_books\Kate M. Rivenhall,1
Kate Morgan,D:\Novels Library\Final_all_books\Kate Morgan,1
Kate Richards,D:\Novels Library\Final_all_books\Kate Richards,1
Katerina Diamond,D:\Novels Library\Final_all_books\Katerina Diamond,1
Kate.A Boorman,D:\Novels Library\Final_all_books\Kate.A Boorman,1
Katharine,D:\Novels Library\Final_all_books\Katharine,1
Katerina St Clair,D:\Novels Library\Final_all_books\Katerina St Clair,1
Katerine Garbera,D:\Novels Library\Final_all_books\Katerine Garbera,1
Katherine Center,D:\Novels Library\Final_all_books\Katherine Center,1
Katherine Dunn,D:\Novels Library\Final_all_books\Katherine Dunn,1
Katherine Logan,D:\Novels Library\Final_all_books\Katherine Logan,1
Katherine Hayton,D:\Novels Library\Final_all_books\Katherine Hayton,1
Katherine Macdonald,D:\Novels Library\Final_all_books\Katherine Macdonald,1
Katherine Reay,D:\Novels Library\Final_all_books\Katherine Reay,1
Katherine Paterson,D:\Novels Library\Final_all_books\Katherine Paterson,1
Kathi S Barton,D:\Novels Library\Final_all_books\Kathi S Barton,1
Katherine Rundell,D:\Novels Library\Final_all_books\Katherine Rundell,1
Kathleen Brooks,D:\Novels Library\Final_all_books\Kathleen Brooks,1
Kathleen Eagle,D:\Novels Library\Final_all_books\Kathleen Eagle,1
Kathleen Korble,D:\Novels Library\Final_all_books\Kathleen Korble,1
Kathleen L. Housley,D:\Novels Library\Final_all_books\Kathleen L. Housley,1
Kathleen Sears,D:\Novels Library\Final_all_books\Kathleen Sears,1
Kathryn Dahne,D:\Novels Library\Final_all_books\Kathryn Dahne,1
Kathryn Cranmer,D:\Novels Library\Final_all_books\Kathryn Cranmer,1
Kathryn Laing,D:\Novels Library\Final_all_books\Kathryn Laing,1
Kathryn Ormsbee,D:\Novels Library\Final_all_books\Kathryn Ormsbee,1
"Kathryn Le Veque, Meara Platt, Sca","D:\Novels Library\Final_all_books\Kathryn Le Veque, Meara Platt, Sca",1
Kathryn Rossati,D:\Novels Library\Final_all_books\Kathryn Rossati,1
Kathy Ivan,D:\Novels Library\Final_all_books\Kathy Ivan,1
Kati Morton,D:\Novels Library\Final_all_books\Kati Morton,1
Kathy Douglass,D:\Novels Library\Final_all_books\Kathy Douglass,1
Katie Finn,D:\Novels Library\Final_all_books\Katie Finn,1
Katie Frendreis,D:\Novels Library\Final_all_books\Katie Frendreis,1
Katie Hamstead,D:\Novels Library\Final_all_books\Katie Hamstead,1
Katie Heaney,D:\Novels Library\Final_all_books\Katie Heaney,1
Katie MacAlister,D:\Novels Library\Final_all_books\Katie MacAlister,1
Katie Winters,D:\Novels Library\Final_all_books\Katie Winters,1
Katrina Leno,D:\Novels Library\Final_all_books\Katrina Leno,1
Katrina VanBuskirk,D:\Novels Library\Final_all_books\Katrina VanBuskirk,1
Katie McGarry,D:\Novels Library\Final_all_books\Katie McGarry,1
Katy Evans,D:\Novels Library\Final_all_books\Katy Evans,1
Katy Madison,D:\Novels Library\Final_all_books\Katy Madison,1
Kay Dick,D:\Novels Library\Final_all_books\Kay Dick,1
Katze Snow,D:\Novels Library\Final_all_books\Katze Snow,1
Kay MacLeod,D:\Novels Library\Final_all_books\Kay MacLeod,1
Kay Riley,D:\Novels Library\Final_all_books\Kay Riley,1
Kayla Maya,D:\Novels Library\Final_all_books\Kayla Maya,1
Kayla Perrin,D:\Novels Library\Final_all_books\Kayla Perrin,1
Kaylea Cross,D:\Novels Library\Final_all_books\Kaylea Cross,1
Kayleigh Nicol,D:\Novels Library\Final_all_books\Kayleigh Nicol,1
Kaylie Hunter,D:\Novels Library\Final_all_books\Kaylie Hunter,1
Kayla Tirrell,D:\Novels Library\Final_all_books\Kayla Tirrell,1
KC Kean,D:\Novels Library\Final_all_books\KC Kean,1
"Keenan, Fay","D:\Novels Library\Final_all_books\Keenan, Fay",1
Keira Blackwood,D:\Novels Library\Final_all_books\Keira Blackwood,1
Keith Dunnavant,D:\Novels Library\Final_all_books\Keith Dunnavant,1
Keith Houghton,D:\Novels Library\Final_all_books\Keith Houghton,1
Keith Keffer,D:\Novels Library\Final_all_books\Keith Keffer,1
KB Anne,D:\Novels Library\Final_all_books\KB Anne,1
Keith Miller,D:\Novels Library\Final_all_books\Keith Miller,1
Keith Nixon,D:\Novels Library\Final_all_books\Keith Nixon,1
KC Luck,D:\Novels Library\Final_all_books\KC Luck,1
Keith Strohm,D:\Novels Library\Final_all_books\Keith Strohm,1
Keith Soares,D:\Novels Library\Final_all_books\Keith Soares,1
"Keats, John","D:\Novels Library\Final_all_books\Keats, John",1
Kelley Roos,D:\Novels Library\Final_all_books\Kelley Roos,1
"Kelley, April","D:\Novels Library\Final_all_books\Kelley, April",1
Kellie McAllen,D:\Novels Library\Final_all_books\Kellie McAllen,1
"Kellum, K N","D:\Novels Library\Final_all_books\Kellum, K N",1
Kelly Barnhill,D:\Novels Library\Final_all_books\Kelly Barnhill,1
Kelli Evans,D:\Novels Library\Final_all_books\Kelli Evans,1
Kelly Elliott,D:\Novels Library\Final_all_books\Kelly Elliott,1
"Kelley, Pamela M_","D:\Novels Library\Final_all_books\Kelley, Pamela M_",1
Kelly Corrigan,D:\Novels Library\Final_all_books\Kelly Corrigan,1
Kelly Rimmer,D:\Novels Library\Final_all_books\Kelly Rimmer,1
Kelly Thompson,D:\Novels Library\Final_all_books\Kelly Thompson,1
"Kelly, Amber","D:\Novels Library\Final_all_books\Kelly, Amber",1
"Kelly, Clinton;London, Stacy","D:\Novels Library\Final_all_books\Kelly, Clinton;London, Stacy",1
"Kelly, Leslie","D:\Novels Library\Final_all_books\Kelly, Leslie",1
Kelsey Browning,D:\Novels Library\Final_all_books\Kelsey Browning,1
Kelsey McKnight,D:\Novels Library\Final_all_books\Kelsey McKnight,1
Kelsey Roberts,D:\Novels Library\Final_all_books\Kelsey Roberts,1
Ken Kesey,D:\Novels Library\Final_all_books\Ken Kesey,1
Ken Mooney,D:\Novels Library\Final_all_books\Ken Mooney,1
Ken Segall,D:\Novels Library\Final_all_books\Ken Segall,1
Kendal Davis,D:\Novels Library\Final_all_books\Kendal Davis,1
"Kelly, Amanda","D:\Novels Library\Final_all_books\Kelly, Amanda",1
Kenley Davidson,D:\Novels Library\Final_all_books\Kenley Davidson,1
Kennedy Mitchell,D:\Novels Library\Final_all_books\Kennedy Mitchell,1
Kennedy Ryan,D:\Novels Library\Final_all_books\Kennedy Ryan,1
"Kennedy, Alexander","D:\Novels Library\Final_all_books\Kennedy, Alexander",1
Kenneth Arant,D:\Novels Library\Final_all_books\Kenneth Arant,1
"Kent, Rina","D:\Novels Library\Final_all_books\Kent, Rina",1
Kenyatta,D:\Novels Library\Final_all_books\Kenyatta,1
Keosha Turner,D:\Novels Library\Final_all_books\Keosha Turner,1
"Ker, Madeleine","D:\Novels Library\Final_all_books\Ker, Madeleine",1
Kerena Swan,D:\Novels Library\Final_all_books\Kerena Swan,1
Kenneth Kelly,D:\Novels Library\Final_all_books\Kenneth Kelly,1
Kerry Allyne,D:\Novels Library\Final_all_books\Kerry Allyne,1
Kerry Greenwood,D:\Novels Library\Final_all_books\Kerry Greenwood,1
Kerry J. Donovan,D:\Novels Library\Final_all_books\Kerry J. Donovan,1
Kerry J Donovan,D:\Novels Library\Final_all_books\Kerry J Donovan,1
"Kessler, Jackie Morse","D:\Novels Library\Final_all_books\Kessler, Jackie Morse",1
Kevin Brooks,D:\Novels Library\Final_all_books\Kevin Brooks,1
Kevin David,D:\Novels Library\Final_all_books\Kevin David,1
"Kerr, Katharine","D:\Novels Library\Final_all_books\Kerr, Katharine",1
Kerrelyn Sparks,D:\Novels Library\Final_all_books\Kerrelyn Sparks,1
Kevin McCarthy,D:\Novels Library\Final_all_books\Kevin McCarthy,1
Kevin Powell,D:\Novels Library\Final_all_books\Kevin Powell,1
Kevin Powers,D:\Novels Library\Final_all_books\Kevin Powers,1
Kevin Sorrell,D:\Novels Library\Final_all_books\Kevin Sorrell,1
Kevin Wilson,D:\Novels Library\Final_all_books\Kevin Wilson,1
"Keyne, Peter","D:\Novels Library\Final_all_books\Keyne, Peter",1
Kfir Luzzatto,D:\Novels Library\Final_all_books\Kfir Luzzatto,1
Kevin Kwan,D:\Novels Library\Final_all_books\Kevin Kwan,1
Kika Hatzopoulou,D:\Novels Library\Final_all_books\Kika Hatzopoulou,1
"Kilby, Joan","D:\Novels Library\Final_all_books\Kilby, Joan",1
Khardine Gray,D:\Novels Library\Final_all_books\Khardine Gray,1
Kiley Reid,D:\Novels Library\Final_all_books\Kiley Reid,1
Kidada E. Williams,D:\Novels Library\Final_all_books\Kidada E. Williams,1
Kiki Burrelli,D:\Novels Library\Final_all_books\Kiki Burrelli,1
"Kiernan-Lewis, Susan","D:\Novels Library\Final_all_books\Kiernan-Lewis, Susan",1
Kim Alexander,D:\Novels Library\Final_all_books\Kim Alexander,1
Kimberley Troutte,D:\Novels Library\Final_all_books\Kimberley Troutte,1
Kimberly Blalock,D:\Novels Library\Final_all_books\Kimberly Blalock,1
"Kincaid, Sadie","D:\Novels Library\Final_all_books\Kincaid, Sadie",1
"King, JJ","D:\Novels Library\Final_all_books\King, JJ",1
"King, Bella","D:\Novels Library\Final_all_books\King, Bella",1
Kingdoms of Light,D:\Novels Library\Final_all_books\Kingdoms of Light,1
"King, Emily R_","D:\Novels Library\Final_all_books\King, Emily R_",1
Kira Archer,D:\Novels Library\Final_all_books\Kira Archer,1
Kira Sinclair,D:\Novels Library\Final_all_books\Kira Sinclair,1
Kirby Howell,D:\Novels Library\Final_all_books\Kirby Howell,1
Kirk Wallace Johnson,D:\Novels Library\Final_all_books\Kirk Wallace Johnson,1
Kirsty Greenwood,D:\Novels Library\Final_all_books\Kirsty Greenwood,1
Kip Nelson,D:\Novels Library\Final_all_books\Kip Nelson,1
Kitty Kelley,D:\Novels Library\Final_all_books\Kitty Kelley,1
Kirthana Ramisetti,D:\Novels Library\Final_all_books\Kirthana Ramisetti,1
KL Donn,D:\Novels Library\Final_all_books\KL Donn,1
KL Slater,D:\Novels Library\Final_all_books\KL Slater,1
"Klein, Evan","D:\Novels Library\Final_all_books\Klein, Evan",1
"Kiyosaki, Robert T_","D:\Novels Library\Final_all_books\Kiyosaki, Robert T_",1
Kirsty Dallas,D:\Novels Library\Final_all_books\Kirsty Dallas,1
"Knight, E.E_","D:\Novels Library\Final_all_books\Knight, E.E_",1
"Knox, Graceley","D:\Novels Library\Final_all_books\Knox, Graceley",1
Kobe Bryant,D:\Novels Library\Final_all_books\Kobe Bryant,1
"Kleypas, Lisa","D:\Novels Library\Final_all_books\Kleypas, Lisa",1
Koigi Wa Wamwere,D:\Novels Library\Final_all_books\Koigi Wa Wamwere,1
"Kong, Jessica A","D:\Novels Library\Final_all_books\Kong, Jessica A",1
Kody Boye,D:\Novels Library\Final_all_books\Kody Boye,1
KL Grayson,D:\Novels Library\Final_all_books\KL Grayson,1
"Koontz, Dean","D:\Novels Library\Final_all_books\Koontz, Dean",1
Koshun Takami,D:\Novels Library\Final_all_books\Koshun Takami,1
"Krane, Kasey","D:\Novels Library\Final_all_books\Krane, Kasey",1
"Kraus, Mike","D:\Novels Library\Final_all_books\Kraus, Mike",1
"Krell, Mae","D:\Novels Library\Final_all_books\Krell, Mae",1
"Krinard, Susan","D:\Novels Library\Final_all_books\Krinard, Susan",1
Kris Fletcher,D:\Novels Library\Final_all_books\Kris Fletcher,1
"Kriss, Julie","D:\Novels Library\Final_all_books\Kriss, Julie",1
Krista D Ball,D:\Novels Library\Final_all_books\Krista D Ball,1
Krista McGee,D:\Novels Library\Final_all_books\Krista McGee,1
Kristen Day,D:\Novels Library\Final_all_books\Kristen Day,1
Kristen Perrin,D:\Novels Library\Final_all_books\Kristen Perrin,1
Kristen Young,D:\Novels Library\Final_all_books\Kristen Young,1
"Kristi, Debra","D:\Novels Library\Final_all_books\Kristi, Debra",1
Kristie Leigh,D:\Novels Library\Final_all_books\Kristie Leigh,1
Kristin Alexander,D:\Novels Library\Final_all_books\Kristin Alexander,1
Kristin Hannah,D:\Novels Library\Final_all_books\Kristin Hannah,1
Kristen Lippert-Martin,D:\Novels Library\Final_all_books\Kristen Lippert-Martin,1
Kristin Keppler,D:\Novels Library\Final_all_books\Kristin Keppler,1
Kristin Jacques,D:\Novels Library\Final_all_books\Kristin Jacques,1
Kristin Omarsdottir,D:\Novels Library\Final_all_books\Kristin Omarsdottir,1
"Kristoff, Jay","D:\Novels Library\Final_all_books\Kristoff, Jay",1
Kristin Fields,D:\Novels Library\Final_all_books\Kristin Fields,1
Kristy Centeno,D:\Novels Library\Final_all_books\Kristy Centeno,1
"Kroese, Robert","D:\Novels Library\Final_all_books\Kroese, Robert",1
KRS-One,D:\Novels Library\Final_all_books\KRS-One,1
"Kuang, R.F_","D:\Novels Library\Final_all_books\Kuang, R.F_",1
Kurt Vonnegut,D:\Novels Library\Final_all_books\Kurt Vonnegut,1
Kwame Alexander,D:\Novels Library\Final_all_books\Kwame Alexander,1
Kyla May,D:\Novels Library\Final_all_books\Kyla May,1
Kyla Stone,D:\Novels Library\Final_all_books\Kyla Stone,1
Kyle Mills,D:\Novels Library\Final_all_books\Kyle Mills,1
Kyle Noe,D:\Novels Library\Final_all_books\Kyle Noe,1
Kyle Pratt,D:\Novels Library\Final_all_books\Kyle Pratt,1
Kylie Key,D:\Novels Library\Final_all_books\Kylie Key,1
"Kuzara, Allen","D:\Novels Library\Final_all_books\Kuzara, Allen",1
Kristy Acevedo,D:\Novels Library\Final_all_books\Kristy Acevedo,1
Kyra Lennon,D:\Novels Library\Final_all_books\Kyra Lennon,1
L J Swallow,D:\Novels Library\Final_all_books\L J Swallow,1
L Jordan,D:\Novels Library\Final_all_books\L Jordan,1
L A Weatherly,D:\Novels Library\Final_all_books\L A Weatherly,1
L Steele,D:\Novels Library\Final_all_books\L Steele,1
L. A. Meyer,D:\Novels Library\Final_all_books\L. A. Meyer,1
L. A. Pepper,D:\Novels Library\Final_all_books\L. A. Pepper,1
L. D. Lapinski,D:\Novels Library\Final_all_books\L. D. Lapinski,1
L. Cross,D:\Novels Library\Final_all_books\L. Cross,1
L. J. Hasbrouck,D:\Novels Library\Final_all_books\L. J. Hasbrouck,1
L. J. Shen,D:\Novels Library\Final_all_books\L. J. Shen,1
L. Frank Baum,D:\Novels Library\Final_all_books\L. Frank Baum,1
L. K. Shear,D:\Novels Library\Final_all_books\L. K. Shear,1
L. L. Richman,D:\Novels Library\Final_all_books\L. L. Richman,1
L. M. Montgomery,D:\Novels Library\Final_all_books\L. M. Montgomery,1
L. P. Lovell,D:\Novels Library\Final_all_books\L. P. Lovell,1
L. R. Lam,D:\Novels Library\Final_all_books\L. R. Lam,1
L. R. W. Lee,D:\Novels Library\Final_all_books\L. R. W. Lee,1
L. S. O'Dea,D:\Novels Library\Final_all_books\L. S. O'Dea,1
L. Steele,D:\Novels Library\Final_all_books\L. Steele,1
L. Rose,D:\Novels Library\Final_all_books\L. Rose,1
L.A. Pepper,D:\Novels Library\Final_all_books\L.A. Pepper,1
L.D. Graham,D:\Novels Library\Final_all_books\L.D. Graham,1
L.D. Rose,D:\Novels Library\Final_all_books\L.D. Rose,1
L.J. Higgins,D:\Novels Library\Final_all_books\L.J. Higgins,1
L.J. Swallow,D:\Novels Library\Final_all_books\L.J. Swallow,1
L.L. McNeil,D:\Novels Library\Final_all_books\L.L. McNeil,1
L.L. Richman,D:\Novels Library\Final_all_books\L.L. Richman,1
L.N. Pearl,D:\Novels Library\Final_all_books\L.N. Pearl,1
L.J. Anderson,D:\Novels Library\Final_all_books\L.J. Anderson,1
L.V. Pires,D:\Novels Library\Final_all_books\L.V. Pires,1
L.E. Gordon,D:\Novels Library\Final_all_books\L.E. Gordon,1
"Lach, Owen","D:\Novels Library\Final_all_books\Lach, Owen",1
Lady Sarah's Son,D:\Novels Library\Final_all_books\Lady Sarah's Son,1
Laila Ibrahim,D:\Novels Library\Final_all_books\Laila Ibrahim,1
L.M. Nathan,D:\Novels Library\Final_all_books\L.M. Nathan,1
Lamar Odom,D:\Novels Library\Final_all_books\Lamar Odom,1
L.H. Cosway,D:\Novels Library\Final_all_books\L.H. Cosway,1
L.J. Red,D:\Novels Library\Final_all_books\L.J. Red,1
Lan Samantha Chang,D:\Novels Library\Final_all_books\Lan Samantha Chang,1
"Landish, Daisy","D:\Novels Library\Final_all_books\Landish, Daisy",1
"Landish, Lauren","D:\Novels Library\Final_all_books\Landish, Lauren",1
Laney Powell,D:\Novels Library\Final_all_books\Laney Powell,1
Lang Leav,D:\Novels Library\Final_all_books\Lang Leav,1
Lance Winkless,D:\Novels Library\Final_all_books\Lance Winkless,1
Lanie Bross,D:\Novels Library\Final_all_books\Lanie Bross,1
"Lanigan, Catherine","D:\Novels Library\Final_all_books\Lanigan, Catherine",1
Lara Lacombe - Deadly Contact,D:\Novels Library\Final_all_books\Lara Lacombe - Deadly Contact,1
Lara Lacombe - Fatal Fallout,D:\Novels Library\Final_all_books\Lara Lacombe - Fatal Fallout,1
Lara Prescott,D:\Novels Library\Final_all_books\Lara Prescott,1
Lara Nance,D:\Novels Library\Final_all_books\Lara Nance,1
Larry McMurtry,D:\Novels Library\Final_all_books\Larry McMurtry,1
Lars Kepler,D:\Novels Library\Final_all_books\Lars Kepler,1
"Larsen, Euryia","D:\Novels Library\Final_all_books\Larsen, Euryia",1
"Laszlo, Jeremy","D:\Novels Library\Final_all_books\Laszlo, Jeremy",1
"Larsen, Patti","D:\Novels Library\Final_all_books\Larsen, Patti",1
Laura Auricchio,D:\Novels Library\Final_all_books\Laura Auricchio,1
Laura Dave,D:\Novels Library\Final_all_books\Laura Dave,1
Laura Elliott,D:\Novels Library\Final_all_books\Laura Elliott,1
Laura Esquivel,D:\Novels Library\Final_all_books\Laura Esquivel,1
Laura Frances,D:\Novels Library\Final_all_books\Laura Frances,1
Larry Richards,D:\Novels Library\Final_all_books\Larry Richards,1
Laura Ingalls Wilder,D:\Novels Library\Final_all_books\Laura Ingalls Wilder,1
Laura Jackson,D:\Novels Library\Final_all_books\Laura Jackson,1
Laura Jean McKay,D:\Novels Library\Final_all_books\Laura Jean McKay,1
Laura Landon,D:\Novels Library\Final_all_books\Laura Landon,1
Laura Lascarso,D:\Novels Library\Final_all_books\Laura Lascarso,1
Laura Martinez-Belli,D:\Novels Library\Final_all_books\Laura Martinez-Belli,1
Laura Pohl,D:\Novels Library\Final_all_books\Laura Pohl,1
Laura Shepperson,D:\Novels Library\Final_all_books\Laura Shepperson,1
Laura Winter,D:\Novels Library\Final_all_books\Laura Winter,1
Laurelle Lewis,D:\Novels Library\Final_all_books\Laurelle Lewis,1
Laurel Night,D:\Novels Library\Final_all_books\Laurel Night,1
Lauren Blakely,D:\Novels Library\Final_all_books\Lauren Blakely,1
Lauren Canan,D:\Novels Library\Final_all_books\Lauren Canan,1
Lauren Faulkenberry,D:\Novels Library\Final_all_books\Lauren Faulkenberry,1
Lauren Gilley,D:\Novels Library\Final_all_books\Lauren Gilley,1
Lauren Acampora,D:\Novels Library\Final_all_books\Lauren Acampora,1
Lauren J. A. Bear,D:\Novels Library\Final_all_books\Lauren J. A. Bear,1
Lauren James,D:\Novels Library\Final_all_books\Lauren James,1
Lauren Graham,D:\Novels Library\Final_all_books\Lauren Graham,1
Lauren Nichols,D:\Novels Library\Final_all_books\Lauren Nichols,1
Lauren Roberts,D:\Novels Library\Final_all_books\Lauren Roberts,1
Lauren Wood,D:\Novels Library\Final_all_books\Lauren Wood,1
Lauren Milson,D:\Novels Library\Final_all_books\Lauren Milson,1
"Laurenston, Shelly","D:\Novels Library\Final_all_books\Laurenston, Shelly",1
Laurie Cass,D:\Novels Library\Final_all_books\Laurie Cass,1
Lauren Ling Brown,D:\Novels Library\Final_all_books\Lauren Ling Brown,1
Laurie Larsen,D:\Novels Library\Final_all_books\Laurie Larsen,1
Laurie R. King,D:\Novels Library\Final_all_books\Laurie R. King,1
Lawrence Goldstone,D:\Novels Library\Final_all_books\Lawrence Goldstone,1
Laurie Halse Anderson,D:\Novels Library\Final_all_books\Laurie Halse Anderson,1
"Lawrence, Mark Atwood","D:\Novels Library\Final_all_books\Lawrence, Mark Atwood",1
"Lawson, Cassandra","D:\Novels Library\Final_all_books\Lawson, Cassandra",1
Layla Harper,D:\Novels Library\Final_all_books\Layla Harper,1
Layla Lovelace,D:\Novels Library\Final_all_books\Layla Lovelace,1
Lawrence M. Principe,D:\Novels Library\Final_all_books\Lawrence M. Principe,1
"Lazenby, Roland","D:\Novels Library\Final_all_books\Lazenby, Roland",1
"Layne, Lauren","D:\Novels Library\Final_all_books\Layne, Lauren",1
"le Carre, John","D:\Novels Library\Final_all_books\le Carre, John",1
"Leadbeater, David","D:\Novels Library\Final_all_books\Leadbeater, David",1
Leah Clifford,D:\Novels Library\Final_all_books\Leah Clifford,1
Leann M. Rettell,D:\Novels Library\Final_all_books\Leann M. Rettell,1
Leah Diane,D:\Novels Library\Final_all_books\Leah Diane,1
LeAnn Mason,D:\Novels Library\Final_all_books\LeAnn Mason,1
Lee Child (ed),D:\Novels Library\Final_all_books\Lee Child (ed),1
Lee Jackson,D:\Novels Library\Final_all_books\Lee Jackson,1
Lee Jones,D:\Novels Library\Final_all_books\Lee Jones,1
Lee Kuan Yew,D:\Novels Library\Final_all_books\Lee Kuan Yew,1
Lee Matthew Goldberg,D:\Novels Library\Final_all_books\Lee Matthew Goldberg,1
"Leckie, Ann","D:\Novels Library\Final_all_books\Leckie, Ann",1
"Lee, Caroline","D:\Novels Library\Final_all_books\Lee, Caroline",1
"Lee, Gage","D:\Novels Library\Final_all_books\Lee, Gage",1
"Lee, Jayci","D:\Novels Library\Final_all_books\Lee, Jayci",1
Leena Clover,D:\Novels Library\Final_all_books\Leena Clover,1
Leenie Brown,D:\Novels Library\Final_all_books\Leenie Brown,1
"Lee, Jenna","D:\Novels Library\Final_all_books\Lee, Jenna",1
Leife Shallcross,D:\Novels Library\Final_all_books\Leife Shallcross,1
Leigh Anderson,D:\Novels Library\Final_all_books\Leigh Anderson,1
Leia Stone Narrated Byvanessa Moyen,D:\Novels Library\Final_all_books\Leia Stone Narrated Byvanessa Moyen,1
Leigh Fallon,D:\Novels Library\Final_all_books\Leigh Fallon,1
Leigh Lennon,D:\Novels Library\Final_all_books\Leigh Lennon,1
Leigh Macfarlane,D:\Novels Library\Final_all_books\Leigh Macfarlane,1
Leigh Russell,D:\Novels Library\Final_all_books\Leigh Russell,1
"Leigh, Kristie","D:\Novels Library\Final_all_books\Leigh, Kristie",1
"Leigh, Jo","D:\Novels Library\Final_all_books\Leigh, Jo",1
Leila Mottley,D:\Novels Library\Final_all_books\Leila Mottley,1
Leilani Lopez,D:\Novels Library\Final_all_books\Leilani Lopez,1
Leo Graf Tolstoy,D:\Novels Library\Final_all_books\Leo Graf Tolstoy,1
Leo Tolstoy,D:\Novels Library\Final_all_books\Leo Tolstoy,1
Leon Uris,D:\Novels Library\Final_all_books\Leon Uris,1
Leopold Borstinski,D:\Novels Library\Final_all_books\Leopold Borstinski,1
LeRoy Clary,D:\Novels Library\Final_all_books\LeRoy Clary,1
Lesley Kara,D:\Novels Library\Final_all_books\Lesley Kara,1
Leslie Mitchell,D:\Novels Library\Final_all_books\Leslie Mitchell,1
"Letto, Heather","D:\Novels Library\Final_all_books\Letto, Heather",1
Lev Grossman,D:\Novels Library\Final_all_books\Lev Grossman,1
"Levithan, David","D:\Novels Library\Final_all_books\Levithan, David",1
Lewis Shiner,D:\Novels Library\Final_all_books\Lewis Shiner,1
"Lewis, Jennifer","D:\Novels Library\Final_all_books\Lewis, Jennifer",1
"Levin, Mark R_","D:\Novels Library\Final_all_books\Levin, Mark R_",1
Lexy Timms,D:\Novels Library\Final_all_books\Lexy Timms,1
Leye Adenle,D:\Novels Library\Final_all_books\Leye Adenle,1
Lian Tanner,D:\Novels Library\Final_all_books\Lian Tanner,1
Liana Liu,D:\Novels Library\Final_all_books\Liana Liu,1
Liane Merciel,D:\Novels Library\Final_all_books\Liane Merciel,1
Libba Bray,D:\Novels Library\Final_all_books\Libba Bray,1
Libbie Hawker,D:\Novels Library\Final_all_books\Libbie Hawker,1
Liberty Parker,D:\Novels Library\Final_all_books\Liberty Parker,1
libgen.lc,D:\Novels Library\Final_all_books\libgen.lc,1
Liandra Sy,D:\Novels Library\Final_all_books\Liandra Sy,1
Lila Jean,D:\Novels Library\Final_all_books\Lila Jean,1
Lilac Mills,D:\Novels Library\Final_all_books\Lilac Mills,1
Lila Felix,D:\Novels Library\Final_all_books\Lila Felix,1
Lillian Cheatham,D:\Novels Library\Final_all_books\Lillian Cheatham,1
Lili Valente,D:\Novels Library\Final_all_books\Lili Valente,1
Lilliana Rose,D:\Novels Library\Final_all_books\Lilliana Rose,1
Lily Charles,D:\Novels Library\Final_all_books\Lily Charles,1
Lily Braun-Arnold,D:\Novels Library\Final_all_books\Lily Braun-Arnold,1
Lily Morton,D:\Novels Library\Final_all_books\Lily Morton,1
Lina J Potter,D:\Novels Library\Final_all_books\Lina J Potter,1
Lina Jubilee,D:\Novels Library\Final_all_books\Lina Jubilee,1
Lily Silver,D:\Novels Library\Final_all_books\Lily Silver,1
Linda Conrad,D:\Novels Library\Final_all_books\Linda Conrad,1
Lina Andersson,D:\Novels Library\Final_all_books\Lina Andersson,1
Linda Holmes,D:\Novels Library\Final_all_books\Linda Holmes,1
Linda Huber,D:\Novels Library\Final_all_books\Linda Huber,1
Linda Hawley,D:\Novels Library\Final_all_books\Linda Hawley,1
Linda Harrel,D:\Novels Library\Final_all_books\Linda Harrel,1
Linda Stasi,D:\Novels Library\Final_all_books\Linda Stasi,1
"Lindbergh, Anne Morrow","D:\Novels Library\Final_all_books\Lindbergh, Anne Morrow",1
Linda Warren,D:\Novels Library\Final_all_books\Linda Warren,1
"Lindsay, Yvonne","D:\Novels Library\Final_all_books\Lindsay, Yvonne",1
Lindsey Hunter,D:\Novels Library\Final_all_books\Lindsey Hunter,1
Lindsey Pogue,D:\Novels Library\Final_all_books\Lindsey Pogue,1
"Link, Kelly; Rambo, Cat; Vaughn, C","D:\Novels Library\Final_all_books\Link, Kelly; Rambo, Cat; Vaughn, C",1
Linsey Miller,D:\Novels Library\Final_all_books\Linsey Miller,1
Lindy West,D:\Novels Library\Final_all_books\Lindy West,1
Linzi Day,D:\Novels Library\Final_all_books\Linzi Day,1
Lisa Brennan-Jobs,D:\Novels Library\Final_all_books\Lisa Brennan-Jobs,1
Lisa Cassidy,D:\Novels Library\Final_all_books\Lisa Cassidy,1
Lisa Gornick,D:\Novels Library\Final_all_books\Lisa Gornick,1
Lisa Carlisle,D:\Novels Library\Final_all_books\Lisa Carlisle,1
Lisa Jackson,D:\Novels Library\Final_all_books\Lisa Jackson,1
Lisa Jordan,D:\Novels Library\Final_all_books\Lisa Jordan,1
Lisa Ko,D:\Novels Library\Final_all_books\Lisa Ko,1
Lisa Kessler,D:\Novels Library\Final_all_books\Lisa Kessler,1
Lisa Renee,D:\Novels Library\Final_all_books\Lisa Renee,1
Lisa Marie Rice,D:\Novels Library\Final_all_books\Lisa Marie Rice,1
Lisa Smedman,D:\Novels Library\Final_all_books\Lisa Smedman,1
Lisa Taddeo,D:\Novels Library\Final_all_books\Lisa Taddeo,1
"Liscom, Sean","D:\Novels Library\Final_all_books\Liscom, Sean",1
Lise Gold,D:\Novels Library\Final_all_books\Lise Gold,1
Lisa Stone,D:\Novels Library\Final_all_books\Lisa Stone,1
Livvy Stone,D:\Novels Library\Final_all_books\Livvy Stone,1
Liz Curtis Higgs,D:\Novels Library\Final_all_books\Liz Curtis Higgs,1
"Lively, Colton","D:\Novels Library\Final_all_books\Lively, Colton",1
Liz Harmer,D:\Novels Library\Final_all_books\Liz Harmer,1
Liz Jensen,D:\Novels Library\Final_all_books\Liz Jensen,1
Liz Kessler,D:\Novels Library\Final_all_books\Liz Kessler,1
Liz Hambleton,D:\Novels Library\Final_all_books\Liz Hambleton,1
Liz Tomforde,D:\Novels Library\Final_all_books\Liz Tomforde,1
Lizzie James,D:\Novels Library\Final_all_books\Lizzie James,1
Lizzy Mason,D:\Novels Library\Final_all_books\Lizzy Mason,1
LJ Rivers,D:\Novels Library\Final_all_books\LJ Rivers,1
LJ Swallow,D:\Novels Library\Final_all_books\LJ Swallow,1
LK Shaw,D:\Novels Library\Final_all_books\LK Shaw,1
LK Shear,D:\Novels Library\Final_all_books\LK Shear,1
Lloyd-Tom,D:\Novels Library\Final_all_books\Lloyd-Tom,1
Lochlyn O'Malley,D:\Novels Library\Final_all_books\Lochlyn O'Malley,1
Logan Chance,D:\Novels Library\Final_all_books\Logan Chance,1
Logan Keys,D:\Novels Library\Final_all_books\Logan Keys,1
Logan Stone,D:\Novels Library\Final_all_books\Logan Stone,1
Lois Faye Dyer,D:\Novels Library\Final_all_books\Lois Faye Dyer,1
Lois Jean,D:\Novels Library\Final_all_books\Lois Jean,1
Lois Lowry,D:\Novels Library\Final_all_books\Lois Lowry,1
Lois Richer,D:\Novels Library\Final_all_books\Lois Richer,1
Loki Renard,D:\Novels Library\Final_all_books\Loki Renard,1
"Long, Beverly","D:\Novels Library\Final_all_books\Long, Beverly",1
"Long, Timothy W_","D:\Novels Library\Final_all_books\Long, Timothy W_",1
"Long, H.M_","D:\Novels Library\Final_all_books\Long, H.M_",1
Lorah Jaiyn,D:\Novels Library\Final_all_books\Lorah Jaiyn,1
"Lore, Pittacus","D:\Novels Library\Final_all_books\Lore, Pittacus",1
Loren K. Jones,D:\Novels Library\Final_all_books\Loren K. Jones,1
Lorhainne Eckhart,D:\Novels Library\Final_all_books\Lorhainne Eckhart,1
Lori Drake,D:\Novels Library\Final_all_books\Lori Drake,1
Lori Gottlieb,D:\Novels Library\Final_all_books\Lori Gottlieb,1
Lori Holmes,D:\Novels Library\Final_all_books\Lori Holmes,1
Lori King,D:\Novels Library\Final_all_books\Lori King,1
Lori M. Lee,D:\Novels Library\Final_all_books\Lori M. Lee,1
Lorins Sam,D:\Novels Library\Final_all_books\Lorins Sam,1
Lorraine Beatty,D:\Novels Library\Final_all_books\Lorraine Beatty,1
Lorraine Pearl,D:\Novels Library\Final_all_books\Lorraine Pearl,1
Lotte R James,D:\Novels Library\Final_all_books\Lotte R James,1
Louis Greenberg,D:\Novels Library\Final_all_books\Louis Greenberg,1
Louis Sachar,D:\Novels Library\Final_all_books\Louis Sachar,1
Louis-Ferdinand Celine,D:\Novels Library\Final_all_books\Louis-Ferdinand Celine,1
Lory Kaufman,D:\Novels Library\Final_all_books\Lory Kaufman,1
Louis de Bernieres,D:\Novels Library\Final_all_books\Louis de Bernieres,1
Louisa Morgan,D:\Novels Library\Final_all_books\Louisa Morgan,1
Louise Bay,D:\Novels Library\Final_all_books\Louise Bay,1
Louise Carey,D:\Novels Library\Final_all_books\Louise Carey,1
Louise Penny,D:\Novels Library\Final_all_books\Louise Penny,1
"Loveling, Daphne","D:\Novels Library\Final_all_books\Loveling, Daphne",1
"Lovell, LP","D:\Novels Library\Final_all_books\Lovell, LP",1
"Lovett, London","D:\Novels Library\Final_all_books\Lovett, London",1
"Lox, Allie","D:\Novels Library\Final_all_books\Lox, Allie",1
louise mangos,D:\Novels Library\Final_all_books\louise mangos,1
LoveBite Shorts,D:\Novels Library\Final_all_books\LoveBite Shorts,1
"Lucas, Jennie","D:\Novels Library\Final_all_books\Lucas, Jennie",1
Luanne G. Smith,D:\Novels Library\Final_all_books\Luanne G. Smith,1
Luciana Cavallaro,D:\Novels Library\Final_all_books\Luciana Cavallaro,1
"Lucas, Riley","D:\Novels Library\Final_all_books\Lucas, Riley",1
Lucille Broderson,D:\Novels Library\Final_all_books\Lucille Broderson,1
LUCILLE,D:\Novels Library\Final_all_books\LUCILLE,1
Lucy Dawson,D:\Novels Library\Final_all_books\Lucy Dawson,1
Lucy Adler,D:\Novels Library\Final_all_books\Lucy Adler,1
Lucy Foley,D:\Novels Library\Final_all_books\Lucy Foley,1
Lucy Gillen,D:\Novels Library\Final_all_books\Lucy Gillen,1
Lucy Lee,D:\Novels Library\Final_all_books\Lucy Lee,1
Lucy Leroux,D:\Novels Library\Final_all_books\Lucy Leroux,1
"Lovelace, Layla","D:\Novels Library\Final_all_books\Lovelace, Layla",1
Lowri Thomas,D:\Novels Library\Final_all_books\Lowri Thomas,1
Lucy Maud Montgomery,D:\Novels Library\Final_all_books\Lucy Maud Montgomery,1
Lucy Treloar,D:\Novels Library\Final_all_books\Lucy Treloar,1
Lucy Smoke,D:\Novels Library\Final_all_books\Lucy Smoke,1
Lucy Lyons,D:\Novels Library\Final_all_books\Lucy Lyons,1
Luke M. Charles,D:\Novels Library\Final_all_books\Luke M. Charles,1
Luke Johnston,D:\Novels Library\Final_all_books\Luke Johnston,1
Luke Shephard,D:\Novels Library\Final_all_books\Luke Shephard,1
Lulu Miller,D:\Novels Library\Final_all_books\Lulu Miller,1
Luna McNamara,D:\Novels Library\Final_all_books\Luna McNamara,1
Lucy Varna,D:\Novels Library\Final_all_books\Lucy Varna,1
"Lustig, B","D:\Novels Library\Final_all_books\Lustig, B",1
Lydia Fitzpatrick,D:\Novels Library\Final_all_books\Lydia Fitzpatrick,1
Lyn Webster Wilde,D:\Novels Library\Final_all_books\Lyn Webster Wilde,1
"Lurie, P.S_","D:\Novels Library\Final_all_books\Lurie, P.S_",1
Lyndsay Faye,D:\Novels Library\Final_all_books\Lyndsay Faye,1
Lyndsey Lewellen,D:\Novels Library\Final_all_books\Lyndsey Lewellen,1
Lynn Best,D:\Novels Library\Final_all_books\Lynn Best,1
Lynn Cooper,D:\Novels Library\Final_all_books\Lynn Cooper,1
Lynn Donovan,D:\Novels Library\Final_all_books\Lynn Donovan,1
Lynn Hagen,D:\Novels Library\Final_all_books\Lynn Hagen,1
"Lynn, Denise","D:\Novels Library\Final_all_books\Lynn, Denise",1
Lynne Marshall - A Doctor for Keep,D:\Novels Library\Final_all_books\Lynne Marshall - A Doctor for Keep,1
Lynnea Lee,D:\Novels Library\Final_all_books\Lynnea Lee,1
Lynsey Stevens,D:\Novels Library\Final_all_books\Lynsey Stevens,1
"Lyons, David B_","D:\Novels Library\Final_all_books\Lyons, David B_",1
Lynnell L. Thomas,D:\Novels Library\Final_all_books\Lynnell L. Thomas,1
Lysley Tenorio,D:\Novels Library\Final_all_books\Lysley Tenorio,1
M Carter,D:\Novels Library\Final_all_books\M Carter,1
M D Cooper,D:\Novels Library\Final_all_books\M D Cooper,1
M L Sparrow,D:\Novels Library\Final_all_books\M L Sparrow,1
M M Kaye,D:\Novels Library\Final_all_books\M M Kaye,1
M Never,D:\Novels Library\Final_all_books\M Never,1
M E Harmon,D:\Novels Library\Final_all_books\M E Harmon,1
M. C. Beaton,D:\Novels Library\Final_all_books\M. C. Beaton,1
M. D. Cooper,D:\Novels Library\Final_all_books\M. D. Cooper,1
M. E. Clayton,D:\Novels Library\Final_all_books\M. E. Clayton,1
M. G. Cole,D:\Novels Library\Final_all_books\M. G. Cole,1
M. J. Woodman,D:\Novels Library\Final_all_books\M. J. Woodman,1
M. L. Banner,D:\Novels Library\Final_all_books\M. L. Banner,1
M. L. Briers,D:\Novels Library\Final_all_books\M. L. Briers,1
M. L. Rio,D:\Novels Library\Final_all_books\M. L. Rio,1
M. L. Spencer,D:\Novels Library\Final_all_books\M. L. Spencer,1
M. P. McDonald,D:\Novels Library\Final_all_books\M. P. McDonald,1
M. R. Polish,D:\Novels Library\Final_all_books\M. R. Polish,1
M. S. Force,D:\Novels Library\Final_all_books\M. S. Force,1
M. Robinson,D:\Novels Library\Final_all_books\M. Robinson,1
M. Van,D:\Novels Library\Final_all_books\M. Van,1
M. W. Muse,D:\Novels Library\Final_all_books\M. W. Muse,1
M.D. Thomas,D:\Novels Library\Final_all_books\M.D. Thomas,1
M.D. Cooper,D:\Novels Library\Final_all_books\M.D. Cooper,1
M.J. Haag,D:\Novels Library\Final_all_books\M.J. Haag,1
M.F. Lorson,D:\Novels Library\Final_all_books\M.F. Lorson,1
M.J. Waverly,D:\Novels Library\Final_all_books\M.J. Waverly,1
M.K. Moore,D:\Novels Library\Final_all_books\M.K. Moore,1
M.E. Clayton,D:\Novels Library\Final_all_books\M.E. Clayton,1
M.P. Fitzgerald,D:\Novels Library\Final_all_books\M.P. Fitzgerald,1
M.K Gandhi,D:\Novels Library\Final_all_books\M.K Gandhi,1
M.L. Bullock,D:\Novels Library\Final_all_books\M.L. Bullock,1
M.T. Cassen,D:\Novels Library\Final_all_books\M.T. Cassen,1
M.J. Scott,D:\Novels Library\Final_all_books\M.J. Scott,1
"Maathai, Wangari","D:\Novels Library\Final_all_books\Maathai, Wangari",1
Mac Flynn,D:\Novels Library\Final_all_books\Mac Flynn,1
"Macgoye, Marjorie Oludhe","D:\Novels Library\Final_all_books\Macgoye, Marjorie Oludhe",1
Mackenzi Lee,D:\Novels Library\Final_all_books\Mackenzi Lee,1
M.R. Polish,D:\Novels Library\Final_all_books\M.R. Polish,1
"MacLeod, Miranda","D:\Novels Library\Final_all_books\MacLeod, Miranda",1
Madame Campan,D:\Novels Library\Final_all_books\Madame Campan,1
Maddox Grey,D:\Novels Library\Final_all_books\Maddox Grey,1
Madeline Ashby,D:\Novels Library\Final_all_books\Madeline Ashby,1
Madeleine L'Engle,D:\Novels Library\Final_all_books\Madeleine L'Engle,1
Madeline Fay,D:\Novels Library\Final_all_books\Madeline Fay,1
Madeline Sheehan,D:\Novels Library\Final_all_books\Madeline Sheehan,1
Madeline ffitch,D:\Novels Library\Final_all_books\Madeline ffitch,1
Madison Lawson,D:\Novels Library\Final_all_books\Madison Lawson,1
Madison Rose,D:\Novels Library\Final_all_books\Madison Rose,1
Madison Stone,D:\Novels Library\Final_all_books\Madison Stone,1
"Madsen, Cindi","D:\Novels Library\Final_all_books\Madsen, Cindi",1
Maegan Beaumont,D:\Novels Library\Final_all_books\Maegan Beaumont,1
MaelstroM,D:\Novels Library\Final_all_books\MaelstroM,1
"Magnarella, Brad","D:\Novels Library\Final_all_books\Magnarella, Brad",1
Mai Corland,D:\Novels Library\Final_all_books\Mai Corland,1
Mai Mochizuki,D:\Novels Library\Final_all_books\Mai Mochizuki,1
Maiden Bride (v2.0),D:\Novels Library\Final_all_books\Maiden Bride (v2.0),1
Maja Lunde,D:\Novels Library\Final_all_books\Maja Lunde,1
Malinda Lo,D:\Novels Library\Final_all_books\Malinda Lo,1
Malin Persson Giolito,D:\Novels Library\Final_all_books\Malin Persson Giolito,1
Malala Yousafzai,D:\Novels Library\Final_all_books\Malala Yousafzai,1
"Mallory, Sarah, author","D:\Novels Library\Final_all_books\Mallory, Sarah, author",1
"Malone, D.E_","D:\Novels Library\Final_all_books\Malone, D.E_",1
"Malpas, Jodi Ellen","D:\Novels Library\Final_all_books\Malpas, Jodi Ellen",1
"Manikandan, Sumeetha","D:\Novels Library\Final_all_books\Manikandan, Sumeetha",1
Manjula Padmanabhan,D:\Novels Library\Final_all_books\Manjula Padmanabhan,1
Manel Loureiro,D:\Novels Library\Final_all_books\Manel Loureiro,1
Manning Marable,D:\Novels Library\Final_all_books\Manning Marable,1
"Mano, D. Keith","D:\Novels Library\Final_all_books\Mano, D. Keith",1
"Maphosa, Yvonne","D:\Novels Library\Final_all_books\Maphosa, Yvonne",1
Mara Fox,D:\Novels Library\Final_all_books\Mara Fox,1
"Manson, Mark","D:\Novels Library\Final_all_books\Manson, Mark",1
Marc Brown,D:\Novels Library\Final_all_books\Marc Brown,1
Marc J Gregson,D:\Novels Library\Final_all_books\Marc J Gregson,1
Marc Jedel,D:\Novels Library\Final_all_books\Marc Jedel,1
Marc Lewis Phd,D:\Novels Library\Final_all_books\Marc Lewis Phd,1
Mara Leigh,D:\Novels Library\Final_all_books\Mara Leigh,1
Marc Rainer,D:\Novels Library\Final_all_books\Marc Rainer,1
Marcel Proust,D:\Novels Library\Final_all_books\Marcel Proust,1
Marcella Bell,D:\Novels Library\Final_all_books\Marcella Bell,1
Marc Maron,D:\Novels Library\Final_all_books\Marc Maron,1
Marcia Clark,D:\Novels Library\Final_all_books\Marcia Clark,1
Marc Cameron,D:\Novels Library\Final_all_books\Marc Cameron,1
Marcia Moody,D:\Novels Library\Final_all_books\Marcia Moody,1
Marcus Aurelius (Emperor of Rome),D:\Novels Library\Final_all_books\Marcus Aurelius (Emperor of Rome),1
Marcie Steele,D:\Novels Library\Final_all_books\Marcie Steele,1
Maren Uthaug,D:\Novels Library\Final_all_books\Maren Uthaug,1
Margaret Allison,D:\Novels Library\Final_all_books\Margaret Allison,1
Marcy Blesy,D:\Novels Library\Final_all_books\Marcy Blesy,1
Margaret Mitchell,D:\Novels Library\Final_all_books\Margaret Mitchell,1
Margaret O'Donnell,D:\Novels Library\Final_all_books\Margaret O'Donnell,1
Margaret Weis,D:\Novels Library\Final_all_books\Margaret Weis,1
Margaret Wise Brown,D:\Novels Library\Final_all_books\Margaret Wise Brown,1
Margery Ellen,D:\Novels Library\Final_all_books\Margery Ellen,1
Margo Jefferson,D:\Novels Library\Final_all_books\Margo Jefferson,1
"Margolick, David","D:\Novels Library\Final_all_books\Margolick, David",1
Margaret Rogerson,D:\Novels Library\Final_all_books\Margaret Rogerson,1
Maria Dean,D:\Novels Library\Final_all_books\Maria Dean,1
Maria Romana,D:\Novels Library\Final_all_books\Maria Romana,1
Margaret Wilkerson Sexton,D:\Novels Library\Final_all_books\Margaret Wilkerson Sexton,1
Marianne Morea,D:\Novels Library\Final_all_books\Marianne Morea,1
Marie Robinson,D:\Novels Library\Final_all_books\Marie Robinson,1
Marilyn Lee,D:\Novels Library\Final_all_books\Marilyn Lee,1
Marilyn Peake,D:\Novels Library\Final_all_books\Marilyn Peake,1
Marillier,D:\Novels Library\Final_all_books\Marillier,1
"Marin, Rena","D:\Novels Library\Final_all_books\Marin, Rena",1
"Marinelli, Carol","D:\Novels Library\Final_all_books\Marinelli, Carol",1
Marion Johnson,D:\Novels Library\Final_all_books\Marion Johnson,1
Marisha Pessl,D:\Novels Library\Final_all_books\Marisha Pessl,1
Marisa Noelle,D:\Novels Library\Final_all_books\Marisa Noelle,1
Marissa Kennerson,D:\Novels Library\Final_all_books\Marissa Kennerson,1
Marjorie Holland,D:\Novels Library\Final_all_books\Marjorie Holland,1
Marjorie Lewty,D:\Novels Library\Final_all_books\Marjorie Lewty,1
Mark Brandon Powell,D:\Novels Library\Final_all_books\Mark Brandon Powell,1
Mark Bergen,D:\Novels Library\Final_all_books\Mark Bergen,1
Mark David Abbott,D:\Novels Library\Final_all_books\Mark David Abbott,1
Mark de Silva,D:\Novels Library\Final_all_books\Mark de Silva,1
Mark E. Tyson,D:\Novels Library\Final_all_books\Mark E. Tyson,1
Mark Doten,D:\Novels Library\Final_all_books\Mark Doten,1
Mark Fisher,D:\Novels Library\Final_all_books\Mark Fisher,1
Mark Lawrence;,D:\Novels Library\Final_all_books\Mark Lawrence;,1
Mark Mannock,D:\Novels Library\Final_all_books\Mark Mannock,1
Mark Morgan,D:\Novels Library\Final_all_books\Mark Morgan,1
Mark Stone,D:\Novels Library\Final_all_books\Mark Stone,1
Mark Synnott,D:\Novels Library\Final_all_books\Mark Synnott,1
Mark Smith,D:\Novels Library\Final_all_books\Mark Smith,1
Mark Tiro,D:\Novels Library\Final_all_books\Mark Tiro,1
Mark Twain,D:\Novels Library\Final_all_books\Mark Twain,1
Mark Hogenelst,D:\Novels Library\Final_all_books\Mark Hogenelst,1
Markus Zusak,D:\Novels Library\Final_all_books\Markus Zusak,1
Marlen Haushofer,D:\Novels Library\Final_all_books\Marlen Haushofer,1
Mark Z. Danielewski,D:\Novels Library\Final_all_books\Mark Z. Danielewski,1
Marriage in Peril,D:\Novels Library\Final_all_books\Marriage in Peril,1
"Marquez, Gabriel Garcia","D:\Novels Library\Final_all_books\Marquez, Gabriel Garcia",1
Martha Wells,D:\Novels Library\Final_all_books\Martha Wells,1
Marti Olsen Laney,D:\Novels Library\Final_all_books\Marti Olsen Laney,1
Mark Sullivan,D:\Novels Library\Final_all_books\Mark Sullivan,1
Martin Gilbert,D:\Novels Library\Final_all_books\Martin Gilbert,1
Martin Woodside,D:\Novels Library\Final_all_books\Martin Woodside,1
Martin Gibala,D:\Novels Library\Final_all_books\Martin Gibala,1
Martin White,D:\Novels Library\Final_all_books\Martin White,1
Mary Alice Monroe,D:\Novels Library\Final_all_books\Mary Alice Monroe,1
Mary Ann Shaffer,D:\Novels Library\Final_all_books\Mary Ann Shaffer,1
Mary Abshire,D:\Novels Library\Final_all_books\Mary Abshire,1
Mary Burton,D:\Novels Library\Final_all_books\Mary Burton,1
Mary Frame,D:\Novels Library\Final_all_books\Mary Frame,1
Mary Kubica,D:\Novels Library\Final_all_books\Mary Kubica,1
Mary Lynn Bracht,D:\Novels Library\Final_all_books\Mary Lynn Bracht,1
Mary McAuliffe,D:\Novels Library\Final_all_books\Mary McAuliffe,1
Mary Shelley,D:\Novels Library\Final_all_books\Mary Shelley,1
Mary Monroe,D:\Novels Library\Final_all_books\Mary Monroe,1
Mary Stone,D:\Novels Library\Final_all_books\Mary Stone,1
Mary Wibberley,D:\Novels Library\Final_all_books\Mary Wibberley,1
Mary Wollstonecraft,D:\Novels Library\Final_all_books\Mary Wollstonecraft,1
Mary Weber,D:\Novels Library\Final_all_books\Mary Weber,1
Maryann Jordan,D:\Novels Library\Final_all_books\Maryann Jordan,1
Mary-Wibberley,D:\Novels Library\Final_all_books\Mary-Wibberley,1
"Maslen, Andy","D:\Novels Library\Final_all_books\Maslen, Andy",1
Masande Ntshanga,D:\Novels Library\Final_all_books\Masande Ntshanga,1
Masha du Toit,D:\Novels Library\Final_all_books\Masha du Toit,1
"Massey, M.D_","D:\Novels Library\Final_all_books\Massey, M.D_",1
Mateo Askaripour,D:\Novels Library\Final_all_books\Mateo Askaripour,1
"Mather, Anne","D:\Novels Library\Final_all_books\Mather, Anne",1
"Mathewson, R.L_","D:\Novels Library\Final_all_books\Mathewson, R.L_",1
Matilda Leyser,D:\Novels Library\Final_all_books\Matilda Leyser,1
Mason Thomas,D:\Novels Library\Final_all_books\Mason Thomas,1
Mat Best,D:\Novels Library\Final_all_books\Mat Best,1
Mastering Algorithms,D:\Novels Library\Final_all_books\Mastering Algorithms,1
Matt Clayton,D:\Novels Library\Final_all_books\Matt Clayton,1
Matt Glicksman,D:\Novels Library\Final_all_books\Matt Glicksman,1
"Massa, William","D:\Novels Library\Final_all_books\Massa, William",1
Matt Hilton,D:\Novels Library\Final_all_books\Matt Hilton,1
Matt Rogers,D:\Novels Library\Final_all_books\Matt Rogers,1
Matt Shaw,D:\Novels Library\Final_all_books\Matt Shaw,1
Matthew A. Rozell,D:\Novels Library\Final_all_books\Matthew A. Rozell,1
Matthew Buza,D:\Novels Library\Final_all_books\Matthew Buza,1
Matthew Costello,D:\Novels Library\Final_all_books\Matthew Costello,1
Matt Christopher,D:\Novels Library\Final_all_books\Matt Christopher,1
Matt De La Pena,D:\Novels Library\Final_all_books\Matt De La Pena,1
Matthew Green,D:\Novels Library\Final_all_books\Matthew Green,1
Matthew Perry,D:\Novels Library\Final_all_books\Matthew Perry,1
Matthew Desmond,D:\Novels Library\Final_all_books\Matthew Desmond,1
Matthew Rozell,D:\Novels Library\Final_all_books\Matthew Rozell,1
Matthew Siege,D:\Novels Library\Final_all_books\Matthew Siege,1
"Matthew Smith, Michael Carroll","D:\Novels Library\Final_all_books\Matthew Smith, Michael Carroll",1
Matthew Sprange,D:\Novels Library\Final_all_books\Matthew Sprange,1
"Mattson, James Han","D:\Novels Library\Final_all_books\Mattson, James Han",1
Matthew Stover,D:\Novels Library\Final_all_books\Matthew Stover,1
Maude Julien,D:\Novels Library\Final_all_books\Maude Julien,1
Maura McGiveny,D:\Novels Library\Final_all_books\Maura McGiveny,1
Matty Roberts,D:\Novels Library\Final_all_books\Matty Roberts,1
Matthew Tysz,D:\Novels Library\Final_all_books\Matthew Tysz,1
Maureen Marshall,D:\Novels Library\Final_all_books\Maureen Marshall,1
"Maverick, Troy","D:\Novels Library\Final_all_books\Maverick, Troy",1
Max Boot,D:\Novels Library\Final_all_books\Max Boot,1
Matthew P. Gilbert,D:\Novels Library\Final_all_books\Matthew P. Gilbert,1
Max Henry,D:\Novels Library\Final_all_books\Max Henry,1
Max Marshall,D:\Novels Library\Final_all_books\Max Marshall,1
Maverickand the Lady,D:\Novels Library\Final_all_books\Maverickand the Lady,1
Max Lucado,D:\Novels Library\Final_all_books\Max Lucado,1
"Maxwell, Anita","D:\Novels Library\Final_all_books\Maxwell, Anita",1
Maxwell King,D:\Novels Library\Final_all_books\Maxwell King,1
Maya Motayne,D:\Novels Library\Final_all_books\Maya Motayne,1
Mayandree Michel,D:\Novels Library\Final_all_books\Mayandree Michel,1
"Mayer, Shannon","D:\Novels Library\Final_all_books\Mayer, Shannon",1
"McAvoy, J.J.;","D:\Novels Library\Final_all_books\McAvoy, J.J.;",1
Mazzy J. March,D:\Novels Library\Final_all_books\Mazzy J. March,1
"MCCABE, AMANDA","D:\Novels Library\Final_all_books\MCCABE, AMANDA",1
"McCarthy, Erin","D:\Novels Library\Final_all_books\McCarthy, Erin",1
"McCray, Cheyenne","D:\Novels Library\Final_all_books\McCray, Cheyenne",1
"McDonald, G. Lawrence","D:\Novels Library\Final_all_books\McDonald, G. Lawrence",1
"McDonough, Elise","D:\Novels Library\Final_all_books\McDonough, Elise",1
"McFadden, Freida","D:\Novels Library\Final_all_books\McFadden, Freida",1
"McGuire, Jamie; Ginger Hunter","D:\Novels Library\Final_all_books\McGuire, Jamie; Ginger Hunter",1
"McGuire, Seanan","D:\Novels Library\Final_all_books\McGuire, Seanan",1
"McGee, Katharine","D:\Novels Library\Final_all_books\McGee, Katharine",1
"McKenna, Lindsay","D:\Novels Library\Final_all_books\McKenna, Lindsay",1
McKenzie Hunter,D:\Novels Library\Final_all_books\McKenzie Hunter,1
"McLean, Casi","D:\Novels Library\Final_all_books\McLean, Casi",1
"McSpade, Karen","D:\Novels Library\Final_all_books\McSpade, Karen",1
ME Carter,D:\Novels Library\Final_all_books\ME Carter,1
"Mead, Michelle","D:\Novels Library\Final_all_books\Mead, Michelle",1
"McNeil, Robert","D:\Novels Library\Final_all_books\McNeil, Robert",1
Meadoe Hora,D:\Novels Library\Final_all_books\Meadoe Hora,1
"McKay, Clarissa","D:\Novels Library\Final_all_books\McKay, Clarissa",1
McKenzie Funk,D:\Novels Library\Final_all_books\McKenzie Funk,1
Meagan Spooner,D:\Novels Library\Final_all_books\Meagan Spooner,1
Measha Stone,D:\Novels Library\Final_all_books\Measha Stone,1
Meaghan McIsaac,D:\Novels Library\Final_all_books\Meaghan McIsaac,1
Meg Alexander,D:\Novels Library\Final_all_books\Meg Alexander,1
"Medrano, Benjamin","D:\Novels Library\Final_all_books\Medrano, Benjamin",1
Meg Buchanan,D:\Novels Library\Final_all_books\Meg Buchanan,1
"Meadows, Jodi","D:\Novels Library\Final_all_books\Meadows, Jodi",1
"Mead,Richelle","D:\Novels Library\Final_all_books\Mead,Richelle",1
Meg Smitherman,D:\Novels Library\Final_all_books\Meg Smitherman,1
Megan Abbott,D:\Novels Library\Final_all_books\Megan Abbott,1
Megan Collins,D:\Novels Library\Final_all_books\Megan Collins,1
Megan E. Freeman,D:\Novels Library\Final_all_books\Megan E. Freeman,1
Megan Hart,D:\Novels Library\Final_all_books\Megan Hart,1
Megan Lara Negendank Lmft,D:\Novels Library\Final_all_books\Megan Lara Negendank Lmft,1
Megan Montero,D:\Novels Library\Final_all_books\Megan Montero,1
Meg Wolitzer,D:\Novels Library\Final_all_books\Meg Wolitzer,1
Megan Shepherd,D:\Novels Library\Final_all_books\Megan Shepherd,1
Megan Nolan,D:\Novels Library\Final_all_books\Megan Nolan,1
Megha Majumdar,D:\Novels Library\Final_all_books\Megha Majumdar,1
Meghan Quinn,D:\Novels Library\Final_all_books\Meghan Quinn,1
Mel Odom,D:\Novels Library\Final_all_books\Mel Odom,1
Melanie James,D:\Novels Library\Final_all_books\Melanie James,1
Melinda Clayton,D:\Novels Library\Final_all_books\Melinda Clayton,1
Melinda Snodgrass,D:\Novels Library\Final_all_books\Melinda Snodgrass,1
Melissa Adams,D:\Novels Library\Final_all_books\Melissa Adams,1
Melissa Blincoe,D:\Novels Library\Final_all_books\Melissa Blincoe,1
Melissa Delport,D:\Novels Library\Final_all_books\Melissa Delport,1
Melissa Gorzelanczyk,D:\Novels Library\Final_all_books\Melissa Gorzelanczyk,1
Melissa Rivero,D:\Novels Library\Final_all_books\Melissa Rivero,1
Melissa Senate,D:\Novels Library\Final_all_books\Melissa Senate,1
Melissa S. Vice,D:\Novels Library\Final_all_books\Melissa S. Vice,1
Melony Paradise,D:\Novels Library\Final_all_books\Melony Paradise,1
Melvin Burgess,D:\Novels Library\Final_all_books\Melvin Burgess,1
Melody Personette,D:\Novels Library\Final_all_books\Melody Personette,1
Meng Pheng,D:\Novels Library\Final_all_books\Meng Pheng,1
"Mentink, Dana","D:\Novels Library\Final_all_books\Mentink, Dana",1
Melle Amade,D:\Novels Library\Final_all_books\Melle Amade,1
Melissa Poett,D:\Novels Library\Final_all_books\Melissa Poett,1
Mercy DeSimone,D:\Novels Library\Final_all_books\Mercy DeSimone,1
Meredith Brokaw,D:\Novels Library\Final_all_books\Meredith Brokaw,1
Meredith May,D:\Novels Library\Final_all_books\Meredith May,1
"Menon, Sandhya","D:\Novels Library\Final_all_books\Menon, Sandhya",1
Meredith Potts,D:\Novels Library\Final_all_books\Meredith Potts,1
Mende Nazer,D:\Novels Library\Final_all_books\Mende Nazer,1
Meredith Webber,D:\Novels Library\Final_all_books\Meredith Webber,1
"Merrill, Christine","D:\Novels Library\Final_all_books\Merrill, Christine",1
"Merrill, Christine; Burrows, Annie","D:\Novels Library\Final_all_books\Merrill, Christine; Burrows, Annie",1
Mesha Maren,D:\Novels Library\Final_all_books\Mesha Maren,1
"Metzger, Matthew J_","D:\Novels Library\Final_all_books\Metzger, Matthew J_",1
Meredith Goldstein,D:\Novels Library\Final_all_books\Meredith Goldstein,1
"Mezrich, Ben","D:\Novels Library\Final_all_books\Mezrich, Ben",1
"Meyer, Marissa","D:\Novels Library\Final_all_books\Meyer, Marissa",1
Mia Harlan,D:\Novels Library\Final_all_books\Mia Harlan,1
Mia Hawkins,D:\Novels Library\Final_all_books\Mia Hawkins,1
Mia Munoz,D:\Novels Library\Final_all_books\Mia Munoz,1
Mia Zachary,D:\Novels Library\Final_all_books\Mia Zachary,1
Micah Caida,D:\Novels Library\Final_all_books\Micah Caida,1
Micetta,D:\Novels Library\Final_all_books\Micetta,1
Michael Balter,D:\Novels Library\Final_all_books\Michael Balter,1
Mia Tsai,D:\Novels Library\Final_all_books\Mia Tsai,1
Micah Yongo,D:\Novels Library\Final_all_books\Micah Yongo,1
Michael Christie,D:\Novels Library\Final_all_books\Michael Christie,1
Michael Easter,D:\Novels Library\Final_all_books\Michael Easter,1
Michael Eric Dyson,D:\Novels Library\Final_all_books\Michael Eric Dyson,1
Michael Faudet,D:\Novels Library\Final_all_books\Michael Faudet,1
Michael G Manning,D:\Novels Library\Final_all_books\Michael G Manning,1
Michael Finkel,D:\Novels Library\Final_all_books\Michael Finkel,1
Michael G. Thomas,D:\Novels Library\Final_all_books\Michael G. Thomas,1
Michael Grant,D:\Novels Library\Final_all_books\Michael Grant,1
Michael J Sullivan,D:\Novels Library\Final_all_books\Michael J Sullivan,1
Michael John Grist,D:\Novels Library\Final_all_books\Michael John Grist,1
Michael K Foster,D:\Novels Library\Final_all_books\Michael K Foster,1
Michael Lewis,D:\Novels Library\Final_all_books\Michael Lewis,1
Michael Logan,D:\Novels Library\Final_all_books\Michael Logan,1
Michael Merson,D:\Novels Library\Final_all_books\Michael Merson,1
Michael McBride,D:\Novels Library\Final_all_books\Michael McBride,1
Michael Miller,D:\Novels Library\Final_all_books\Michael Miller,1
Michael Mordenga,D:\Novels Library\Final_all_books\Michael Mordenga,1
Michael Ocheskey,D:\Novels Library\Final_all_books\Michael Ocheskey,1
Michael P King,D:\Novels Library\Final_all_books\Michael P King,1
Michael Nowotny,D:\Novels Library\Final_all_books\Michael Nowotny,1
Michael R. Fletcher,D:\Novels Library\Final_all_books\Michael R. Fletcher,1
Michael Reaves,D:\Novels Library\Final_all_books\Michael Reaves,1
Michael Meyerhofer,D:\Novels Library\Final_all_books\Michael Meyerhofer,1
Michael Robertson Jr,D:\Novels Library\Final_all_books\Michael Robertson Jr,1
Michael Robotham,D:\Novels Library\Final_all_books\Michael Robotham,1
Michael P. King,D:\Novels Library\Final_all_books\Michael P. King,1
Michael Sisa,D:\Novels Library\Final_all_books\Michael Sisa,1
Michael Redhill,D:\Novels Library\Final_all_books\Michael Redhill,1
Michael Winner,D:\Novels Library\Final_all_books\Michael Winner,1
Michael West,D:\Novels Library\Final_all_books\Michael West,1
"Michaels, Corinne","D:\Novels Library\Final_all_books\Michaels, Corinne",1
Michel Prince,D:\Novels Library\Final_all_books\Michel Prince,1
Michaela Haze,D:\Novels Library\Final_all_books\Michaela Haze,1
Michelle Bardsley,D:\Novels Library\Final_all_books\Michelle Bardsley,1
Michelle B,D:\Novels Library\Final_all_books\Michelle B,1
"Michaels, Lydia","D:\Novels Library\Final_all_books\Michaels, Lydia",1
Michelle Collins Anderson,D:\Novels Library\Final_all_books\Michelle Collins Anderson,1
Michelle Damiani,D:\Novels Library\Final_all_books\Michelle Damiani,1
Michelle Fox,D:\Novels Library\Final_all_books\Michelle Fox,1
Michelle Frances,D:\Novels Library\Final_all_books\Michelle Frances,1
Michelle Dorey,D:\Novels Library\Final_all_books\Michelle Dorey,1
Michelle Harrison,D:\Novels Library\Final_all_books\Michelle Harrison,1
Michelle Hazen,D:\Novels Library\Final_all_books\Michelle Hazen,1
Michelle Heard,D:\Novels Library\Final_all_books\Michelle Heard,1
Michelle Miles,D:\Novels Library\Final_all_books\Michelle Miles,1
Michelle Morgan,D:\Novels Library\Final_all_books\Michelle Morgan,1
Michelle M Pillow,D:\Novels Library\Final_all_books\Michelle M Pillow,1
Michelle Styles,D:\Novels Library\Final_all_books\Michelle Styles,1
Michelle West,D:\Novels Library\Final_all_books\Michelle West,1
Michelle Zauner;,D:\Novels Library\Final_all_books\Michelle Zauner;,1
Mick Bose,D:\Novels Library\Final_all_books\Mick Bose,1
Miguel De Cervantes,D:\Novels Library\Final_all_books\Miguel De Cervantes,1
"Miers, Fiona","D:\Novels Library\Final_all_books\Miers, Fiona",1
Mike Kraus,D:\Novels Library\Final_all_books\Mike Kraus,1
Mike Maden,D:\Novels Library\Final_all_books\Mike Maden,1
Mike Meginnis,D:\Novels Library\Final_all_books\Mike Meginnis,1
Mike Mullin,D:\Novels Library\Final_all_books\Mike Mullin,1
Mike Gayle,D:\Novels Library\Final_all_books\Mike Gayle,1
Mike Shel,D:\Novels Library\Final_all_books\Mike Shel,1
Mikki Brammer,D:\Novels Library\Final_all_books\Mikki Brammer,1
Mikki Noble,D:\Novels Library\Final_all_books\Mikki Noble,1
Mila Crawford,D:\Novels Library\Final_all_books\Mila Crawford,1
Miles Klee,D:\Novels Library\Final_all_books\Miles Klee,1
"Millwood Hargrave, Kiran","D:\Novels Library\Final_all_books\Millwood Hargrave, Kiran",1
"Miller, Kristin","D:\Novels Library\Final_all_books\Miller, Kristin",1
Mimi Jean Pamfiloff,D:\Novels Library\Final_all_books\Mimi Jean Pamfiloff,1
Milo James Fowler,D:\Novels Library\Final_all_books\Milo James Fowler,1
Mindy Klasky,D:\Novels Library\Final_all_books\Mindy Klasky,1
Mindy Thompson,D:\Novels Library\Final_all_books\Mindy Thompson,1
Mira Stanley,D:\Novels Library\Final_all_books\Mira Stanley,1
Mira Crest,D:\Novels Library\Final_all_books\Mira Crest,1
Min Jin Lee,D:\Novels Library\Final_all_books\Min Jin Lee,1
Miranda Leigh,D:\Novels Library\Final_all_books\Miranda Leigh,1
"Miranda, Mistress","D:\Novels Library\Final_all_books\Miranda, Mistress",1
Mitchell Hogan,D:\Novels Library\Final_all_books\Mitchell Hogan,1
Mitra Elli,D:\Novels Library\Final_all_books\Mitra Elli,1
Miyako Fujiomi,D:\Novels Library\Final_all_books\Miyako Fujiomi,1
Miyazawa Kenji,D:\Novels Library\Final_all_books\Miyazawa Kenji,1
MJ Pankey,D:\Novels Library\Final_all_books\MJ Pankey,1
MJ Fields,D:\Novels Library\Final_all_books\MJ Fields,1
MJM Anthologies,D:\Novels Library\Final_all_books\MJM Anthologies,1
MOB Kitchen,D:\Novels Library\Final_all_books\MOB Kitchen,1
MJ Caan,D:\Novels Library\Final_all_books\MJ Caan,1
MobileReference,D:\Novels Library\Final_all_books\MobileReference,1
Moby,D:\Novels Library\Final_all_books\Moby,1
"Modesitt Jr., L.E_","D:\Novels Library\Final_all_books\Modesitt Jr., L.E_",1
Mohsin Hamid,D:\Novels Library\Final_all_books\Mohsin Hamid,1
Mobile Library,D:\Novels Library\Final_all_books\Mobile Library,1
Molly Dox,D:\Novels Library\Final_all_books\Molly Dox,1
Molly O'Keefe,D:\Novels Library\Final_all_books\Molly O'Keefe,1
Molly Ringle,D:\Novels Library\Final_all_books\Molly Ringle,1
Molly Smith,D:\Novels Library\Final_all_books\Molly Smith,1
Molly Webb,D:\Novels Library\Final_all_books\Molly Webb,1
"Modesitt Jr., L. E_","D:\Novels Library\Final_all_books\Modesitt Jr., L. E_",1
Mona Cox,D:\Novels Library\Final_all_books\Mona Cox,1
Mona Hodgson,D:\Novels Library\Final_all_books\Mona Hodgson,1
Mona Marple,D:\Novels Library\Final_all_books\Mona Marple,1
"Mondesir, Dominique","D:\Novels Library\Final_all_books\Mondesir, Dominique",1
Monica Enderle Pierce,D:\Novels Library\Final_all_books\Monica Enderle Pierce,1
Monica L. Bullock,D:\Novels Library\Final_all_books\Monica L. Bullock,1
Molly Macrae,D:\Novels Library\Final_all_books\Molly Macrae,1
Monica Sanz,D:\Novels Library\Final_all_books\Monica Sanz,1
"Moore, Misty","D:\Novels Library\Final_all_books\Moore, Misty",1
Morgan Jerkins,D:\Novels Library\Final_all_books\Morgan Jerkins,1
Morgan L. Busse,D:\Novels Library\Final_all_books\Morgan L. Busse,1
Montana Ash,D:\Novels Library\Final_all_books\Montana Ash,1
"Morey, Trish","D:\Novels Library\Final_all_books\Morey, Trish",1
"Morgan, Devin","D:\Novels Library\Final_all_books\Morgan, Devin",1
"Mori, Teagan","D:\Novels Library\Final_all_books\Mori, Teagan",1
mr,D:\Novels Library\Final_all_books\mr,1
Mukoma wa Ngugi,D:\Novels Library\Final_all_books\Mukoma wa Ngugi,1
"Mozley, Fiona","D:\Novels Library\Final_all_books\Mozley, Fiona",1
Muriel Jensen,D:\Novels Library\Final_all_books\Muriel Jensen,1
Muriel Leung,D:\Novels Library\Final_all_books\Muriel Leung,1
"Murphy, Joseph","D:\Novels Library\Final_all_books\Murphy, Joseph",1
"Mutahi, Wahome","D:\Novels Library\Final_all_books\Mutahi, Wahome",1
Mwangi Gicheru,D:\Novels Library\Final_all_books\Mwangi Gicheru,1
My Lady de Burgh,D:\Novels Library\Final_all_books\My Lady de Burgh,1
My Ladys Champion,D:\Novels Library\Final_all_books\My Ladys Champion,1
My Ladys Desire,D:\Novels Library\Final_all_books\My Ladys Desire,1
My Lord de Burgh,D:\Novels Library\Final_all_books\My Lord de Burgh,1
"Murdoch, Emily","D:\Novels Library\Final_all_books\Murdoch, Emily",1
Mur Lafferty,D:\Novels Library\Final_all_books\Mur Lafferty,1
N. H. Paxton,D:\Novels Library\Final_all_books\N. H. Paxton,1
N. Martin,D:\Novels Library\Final_all_books\N. Martin,1
N.D. Iverson,D:\Novels Library\Final_all_books\N.D. Iverson,1
N.J. Colesar,D:\Novels Library\Final_all_books\N.J. Colesar,1
N.J. Walters,D:\Novels Library\Final_all_books\N.J. Walters,1
Nadia Lee,D:\Novels Library\Final_all_books\Nadia Lee,1
Nadia Scrieva,D:\Novels Library\Final_all_books\Nadia Scrieva,1
Nadia Mikail,D:\Novels Library\Final_all_books\Nadia Mikail,1
Nadine Brandes,D:\Novels Library\Final_all_books\Nadine Brandes,1
Naima Coster,D:\Novels Library\Final_all_books\Naima Coster,1
Naimi Corsani,D:\Novels Library\Final_all_books\Naimi Corsani,1
Nalini; Shayne Erin Singh,D:\Novels Library\Final_all_books\Nalini; Shayne Erin Singh,1
Nalo Hopkinson,D:\Novels Library\Final_all_books\Nalo Hopkinson,1
Nafiza Azad,D:\Novels Library\Final_all_books\Nafiza Azad,1
Nancy Asire,D:\Novels Library\Final_all_books\Nancy Asire,1
Nancy Atherton,D:\Novels Library\Final_all_books\Nancy Atherton,1
Nancy Friday,D:\Novels Library\Final_all_books\Nancy Friday,1
N.L. Hoffmann,D:\Novels Library\Final_all_books\N.L. Hoffmann,1
Nana Malone,D:\Novels Library\Final_all_books\Nana Malone,1
Nancy Mitford,D:\Novels Library\Final_all_books\Nancy Mitford,1
Nancy Richardson Fischer,D:\Novels Library\Final_all_books\Nancy Richardson Fischer,1
Nancy Isenberg,D:\Novels Library\Final_all_books\Nancy Isenberg,1
Naomi Alderman,D:\Novels Library\Final_all_books\Naomi Alderman,1
Naomi Kritzer,D:\Novels Library\Final_all_books\Naomi Kritzer,1
Napoleon Hill,D:\Novels Library\Final_all_books\Napoleon Hill,1
"Narayanan, Shoma","D:\Novels Library\Final_all_books\Narayanan, Shoma",1
Nancy Smith Gibson,D:\Novels Library\Final_all_books\Nancy Smith Gibson,1
Narrelle M. Harris,D:\Novels Library\Final_all_books\Narrelle M. Harris,1
Narrelle M Harris,D:\Novels Library\Final_all_books\Narrelle M Harris,1
Natalie C. Anderson,D:\Novels Library\Final_all_books\Natalie C. Anderson,1
Natalie Debrabandere,D:\Novels Library\Final_all_books\Natalie Debrabandere,1
Natalie G. Owens,D:\Novels Library\Final_all_books\Natalie G. Owens,1
Natalie Knight,D:\Novels Library\Final_all_books\Natalie Knight,1
Natalie Rivers,D:\Novels Library\Final_all_books\Natalie Rivers,1
Nataly Gruender,D:\Novels Library\Final_all_books\Nataly Gruender,1
Natasha Anders,D:\Novels Library\Final_all_books\Natasha Anders,1
Natasha Knight,D:\Novels Library\Final_all_books\Natasha Knight,1
Natasha Oakley,D:\Novels Library\Final_all_books\Natasha Oakley,1
Natasha Tate,D:\Novels Library\Final_all_books\Natasha Tate,1
Natasha West,D:\Novels Library\Final_all_books\Natasha West,1
Natasha Trethewey,D:\Novels Library\Final_all_books\Natasha Trethewey,1
Nathan Burrows,D:\Novels Library\Final_all_books\Nathan Burrows,1
Natania Barron,D:\Novels Library\Final_all_books\Natania Barron,1
Nathan M Farrugia,D:\Novels Library\Final_all_books\Nathan M Farrugia,1
Nate Blakeslee,D:\Novels Library\Final_all_books\Nate Blakeslee,1
Natalie Ironside,D:\Novels Library\Final_all_books\Natalie Ironside,1
Neal Schaffer,D:\Novels Library\Final_all_books\Neal Schaffer,1
Nathacha Appanah,D:\Novels Library\Final_all_books\Nathacha Appanah,1
Ned Vizzini,D:\Novels Library\Final_all_books\Ned Vizzini,1
Neil Boyd,D:\Novels Library\Final_all_books\Neil Boyd,1
Neil DeGrasse Tyson,D:\Novels Library\Final_all_books\Neil DeGrasse Tyson,1
Neil Purvis,D:\Novels Library\Final_all_books\Neil Purvis,1
"Neill, Chloe","D:\Novels Library\Final_all_books\Neill, Chloe",1
Nelson Demille,D:\Novels Library\Final_all_books\Nelson Demille,1
Nellie C. Lind,D:\Novels Library\Final_all_books\Nellie C. Lind,1
Nero Seal,D:\Novels Library\Final_all_books\Nero Seal,1
Never A Stranger,D:\Novels Library\Final_all_books\Never A Stranger,1
Nexus Jones,D:\Novels Library\Final_all_books\Nexus Jones,1
Nevil Shute,D:\Novels Library\Final_all_books\Nevil Shute,1
Nia Markos,D:\Novels Library\Final_all_books\Nia Markos,1
Nicholas Atwater,D:\Novels Library\Final_all_books\Nicholas Atwater,1
Nicholas Belardes,D:\Novels Library\Final_all_books\Nicholas Belardes,1
Nicholas J. Ambrose,D:\Novels Library\Final_all_books\Nicholas J. Ambrose,1
Nicholson Baker,D:\Novels Library\Final_all_books\Nicholson Baker,1
Nick Hornby,D:\Novels Library\Final_all_books\Nick Hornby,1
Nick Newman,D:\Novels Library\Final_all_books\Nick Newman,1
Nick Radge,D:\Novels Library\Final_all_books\Nick Radge,1
Nicola Davies,D:\Novels Library\Final_all_books\Nicola Davies,1
Nicola Carey,D:\Novels Library\Final_all_books\Nicola Carey,1
Nicola McDonagh,D:\Novels Library\Final_all_books\Nicola McDonagh,1
Nicole C. Kear,D:\Novels Library\Final_all_books\Nicole C. Kear,1
Nicola Penfold,D:\Novels Library\Final_all_books\Nicola Penfold,1
Nicole Edwards,D:\Novels Library\Final_all_books\Nicole Edwards,1
Nicole R. Taylor,D:\Novels Library\Final_all_books\Nicole R. Taylor,1
Nicolette Andrews,D:\Novels Library\Final_all_books\Nicolette Andrews,1
Night (pdf),D:\Novels Library\Final_all_books\Night (pdf),1
Night of Shame,D:\Novels Library\Final_all_books\Night of Shame,1
"Nightly , Ever","D:\Novels Library\Final_all_books\Nightly , Ever",1
Nicole Marsh,D:\Novels Library\Final_all_books\Nicole Marsh,1
"Night, Starla","D:\Novels Library\Final_all_books\Night, Starla",1
Nikki Ash,D:\Novels Library\Final_all_books\Nikki Ash,1
Nikki Erlick,D:\Novels Library\Final_all_books\Nikki Erlick,1
Nikki Logan,D:\Novels Library\Final_all_books\Nikki Logan,1
Nina Atwood,D:\Novels Library\Final_all_books\Nina Atwood,1
Nikki Stamp,D:\Novels Library\Final_all_books\Nikki Stamp,1
Nikki Dean,D:\Novels Library\Final_all_books\Nikki Dean,1
Nina Singh,D:\Novels Library\Final_all_books\Nina Singh,1
Nini Berndt,D:\Novels Library\Final_all_books\Nini Berndt,1
Nnedi Okorafor,D:\Novels Library\Final_all_books\Nnedi Okorafor,1
Nita Prose,D:\Novels Library\Final_all_books\Nita Prose,1
No Way to Begin,D:\Novels Library\Final_all_books\No Way to Begin,1
Noelle Crooks,D:\Novels Library\Final_all_books\Noelle Crooks,1
Noelle Stone,D:\Novels Library\Final_all_books\Noelle Stone,1
Nola Robertson,D:\Novels Library\Final_all_books\Nola Robertson,1
Noelle Adams,D:\Novels Library\Final_all_books\Noelle Adams,1
Nora Ash,D:\Novels Library\Final_all_books\Nora Ash,1
Nolah Harker,D:\Novels Library\Final_all_books\Nolah Harker,1
Nora Ephron,D:\Novels Library\Final_all_books\Nora Ephron,1
Nora Phoenix,D:\Novels Library\Final_all_books\Nora Phoenix,1
Norilana Books,D:\Novels Library\Final_all_books\Norilana Books,1
"Norman, Philip","D:\Novels Library\Final_all_books\Norman, Philip",1
"North, Avery","D:\Novels Library\Final_all_books\North, Avery",1
"North, Sophia","D:\Novels Library\Final_all_books\North, Sophia",1
"Noveille, Agatha;","D:\Novels Library\Final_all_books\Noveille, Agatha;",1
Novelization by The Chronicles,D:\Novels Library\Final_all_books\Novelization by The Chronicles,1
Nuruddin Farah,D:\Novels Library\Final_all_books\Nuruddin Farah,1
Nya Rayne,D:\Novels Library\Final_all_books\Nya Rayne,1
Nyani Nkrumah,D:\Novels Library\Final_all_books\Nyani Nkrumah,1
Nyx Halliwell,D:\Novels Library\Final_all_books\Nyx Halliwell,1
"Novak, Philip","D:\Novels Library\Final_all_books\Novak, Philip",1
"O'Malley, Daniel","D:\Novels Library\Final_all_books\O'Malley, Daniel",1
"O'Reilly, Kathleen","D:\Novels Library\Final_all_books\O'Reilly, Kathleen",1
Norton,D:\Novels Library\Final_all_books\Norton,1
"Oakley, Beverley","D:\Novels Library\Final_all_books\Oakley, Beverley",1
Oana Aristide,D:\Novels Library\Final_all_books\Oana Aristide,1
"Obama, Barack","D:\Novels Library\Final_all_books\Obama, Barack",1
Nyx Smith,D:\Novels Library\Final_all_books\Nyx Smith,1
Odette Beane,D:\Novels Library\Final_all_books\Odette Beane,1
"Olah, Jeff","D:\Novels Library\Final_all_books\Olah, Jeff",1
"Ogot, Grace, 1930-","D:\Novels Library\Final_all_books\Ogot, Grace, 1930-",1
Olive Ann Burns,D:\Novels Library\Final_all_books\Olive Ann Burns,1
Oliver K. Langmead,D:\Novels Library\Final_all_books\Oliver K. Langmead,1
Oliver Sacks,D:\Novels Library\Final_all_books\Oliver Sacks,1
"Oliver, J.P_","D:\Novels Library\Final_all_books\Oliver, J.P_",1
"Oliver, J_P_","D:\Novels Library\Final_all_books\Oliver, J_P_",1
Olivia Boothe,D:\Novels Library\Final_all_books\Olivia Boothe,1
Olivia Burke,D:\Novels Library\Final_all_books\Olivia Burke,1
Olivia Clare Friedman,D:\Novels Library\Final_all_books\Olivia Clare Friedman,1
Olaf Olafsson,D:\Novels Library\Final_all_books\Olaf Olafsson,1
"OLIVIA GATES,","D:\Novels Library\Final_all_books\OLIVIA GATES,",1
Olivia Hardin,D:\Novels Library\Final_all_books\Olivia Hardin,1
Olivia Sherwood,D:\Novels Library\Final_all_books\Olivia Sherwood,1
"Oliver, Anne","D:\Novels Library\Final_all_books\Oliver, Anne",1
Olivia Todd,D:\Novels Library\Final_all_books\Olivia Todd,1
Omarosa Manigault Newman,D:\Novels Library\Final_all_books\Omarosa Manigault Newman,1
Olivia Rising,D:\Novels Library\Final_all_books\Olivia Rising,1
Omnibus Edition,D:\Novels Library\Final_all_books\Omnibus Edition,1
Onley James,D:\Novels Library\Final_all_books\Onley James,1
Only the End of the World Again,D:\Novels Library\Final_all_books\Only the End of the World Again,1
Orlando A. Sanchez,D:\Novels Library\Final_all_books\Orlando A. Sanchez,1
Osamu Dazai,D:\Novels Library\Final_all_books\Osamu Dazai,1
"Osbourne, Kirsten","D:\Novels Library\Final_all_books\Osbourne, Kirsten",1
Osho,D:\Novels Library\Final_all_books\Osho,1
Overheard,D:\Novels Library\Final_all_books\Overheard,1
"Owens, C.M_","D:\Novels Library\Final_all_books\Owens, C.M_",1
owner,D:\Novels Library\Final_all_books\owner,1
P C James,D:\Novels Library\Final_all_books\P C James,1
P G Allison,D:\Novels Library\Final_all_books\P G Allison,1
"Oufkir, Malika, 1953-;Fitoussi, Mi","D:\Novels Library\Final_all_books\Oufkir, Malika, 1953-;Fitoussi, Mi",1
"P. C. Cast, Kristin Cast","D:\Novels Library\Final_all_books\P. C. Cast, Kristin Cast",1
P. David Allen II,D:\Novels Library\Final_all_books\P. David Allen II,1
P. J. Sharon,D:\Novels Library\Final_all_books\P. J. Sharon,1
P. C_,D:\Novels Library\Final_all_books\P. C_,1
P. Jameson,D:\Novels Library\Final_all_books\P. Jameson,1
P. W Hillard,D:\Novels Library\Final_all_books\P. W Hillard,1
P. N. Elrod,D:\Novels Library\Final_all_books\P. N. Elrod,1
"P.C. Cast, Kristin Cast","D:\Novels Library\Final_all_books\P.C. Cast, Kristin Cast",1
P.C. James,D:\Novels Library\Final_all_books\P.C. James,1
P.D. Eastman,D:\Novels Library\Final_all_books\P.D. Eastman,1
P. L. Travers,D:\Novels Library\Final_all_books\P. L. Travers,1
"Pace, Pepper","D:\Novels Library\Final_all_books\Pace, Pepper",1
"Padavona, Dan","D:\Novels Library\Final_all_books\Padavona, Dan",1
"Page, Robert","D:\Novels Library\Final_all_books\Page, Robert",1
Paige Howland,D:\Novels Library\Final_all_books\Paige Howland,1
Paige Hill,D:\Novels Library\Final_all_books\Paige Hill,1
Paige Orwin,D:\Novels Library\Final_all_books\Paige Orwin,1
"Palmer, Diana","D:\Novels Library\Final_all_books\Palmer, Diana",1
Pam McCutcheon,D:\Novels Library\Final_all_books\Pam McCutcheon,1
Pamela Burford,D:\Novels Library\Final_all_books\Pamela Burford,1
P.G. Bell,D:\Novels Library\Final_all_books\P.G. Bell,1
"Palahniuk, Chuck","D:\Novels Library\Final_all_books\Palahniuk, Chuck",1
Pamela M. Kelley,D:\Novels Library\Final_all_books\Pamela M. Kelley,1
Pamela Pope,D:\Novels Library\Final_all_books\Pamela Pope,1
Pamela Redmond Satran,D:\Novels Library\Final_all_books\Pamela Redmond Satran,1
Paris Hilton,D:\Novels Library\Final_all_books\Paris Hilton,1
Paolo Bacigalupi,D:\Novels Library\Final_all_books\Paolo Bacigalupi,1
"Passarella, John","D:\Novels Library\Final_all_books\Passarella, John",1
Pat Conroy,D:\Novels Library\Final_all_books\Pat Conroy,1
Pat Esden,D:\Novels Library\Final_all_books\Pat Esden,1
Pat Barker,D:\Novels Library\Final_all_books\Pat Barker,1
Pat Thomas,D:\Novels Library\Final_all_books\Pat Thomas,1
Patrice Fitzgerald,D:\Novels Library\Final_all_books\Patrice Fitzgerald,1
Patrice Kindl,D:\Novels Library\Final_all_books\Patrice Kindl,1
Patric Gagne,D:\Novels Library\Final_all_books\Patric Gagne,1
Patricia D. Eddy,D:\Novels Library\Final_all_books\Patricia D. Eddy,1
Patricia Gaffney,D:\Novels Library\Final_all_books\Patricia Gaffney,1
Patricia Gussin,D:\Novels Library\Final_all_books\Patricia Gussin,1
Patricia Knoll,D:\Novels Library\Final_all_books\Patricia Knoll,1
Patricia McKillip,D:\Novels Library\Final_all_books\Patricia McKillip,1
"Patrick , Amy","D:\Novels Library\Final_all_books\Patrick , Amy",1
Patrick Dillon,D:\Novels Library\Final_all_books\Patrick Dillon,1
Patrick Felicia,D:\Novels Library\Final_all_books\Patrick Felicia,1
Patrick G. Laplante,D:\Novels Library\Final_all_books\Patrick G. Laplante,1
Patrick King,D:\Novels Library\Final_all_books\Patrick King,1
Patrick Logan,D:\Novels Library\Final_all_books\Patrick Logan,1
Patrick Ness,D:\Novels Library\Final_all_books\Patrick Ness,1
Patrick McAleer,D:\Novels Library\Final_all_books\Patrick McAleer,1
Patrick Weekes,D:\Novels Library\Final_all_books\Patrick Weekes,1
Patterson James,D:\Novels Library\Final_all_books\Patterson James,1
Patrick Suskind,D:\Novels Library\Final_all_books\Patrick Suskind,1
Patti McCracken,D:\Novels Library\Final_all_books\Patti McCracken,1
"Patton, Alexis","D:\Novels Library\Final_all_books\Patton, Alexis",1
Patty Blount,D:\Novels Library\Final_all_books\Patty Blount,1
Paul Auster,D:\Novels Library\Final_all_books\Paul Auster,1
Paul Cartledge,D:\Novels Library\Final_all_books\Paul Cartledge,1
Paul Collins,D:\Novels Library\Final_all_books\Paul Collins,1
Paul J. Teague,D:\Novels Library\Final_all_books\Paul J. Teague,1
Paul Kalanithi,D:\Novels Library\Final_all_books\Paul Kalanithi,1
Paul C. Middleton,D:\Novels Library\Final_all_books\Paul C. Middleton,1
Paul Pringle,D:\Novels Library\Final_all_books\Paul Pringle,1
Paul Lynch,D:\Novels Library\Final_all_books\Paul Lynch,1
Paul S. Kemp,D:\Novels Library\Final_all_books\Paul S. Kemp,1
Paul Spicer,D:\Novels Library\Final_all_books\Paul Spicer,1
Paul Theroux,D:\Novels Library\Final_all_books\Paul Theroux,1
Paul Murray,D:\Novels Library\Final_all_books\Paul Murray,1
Paula Daly,D:\Novels Library\Final_all_books\Paula Daly,1
Paula Hawkins.epub,D:\Novels Library\Final_all_books\Paula Hawkins.epub,1
Paula Guran,D:\Novels Library\Final_all_books\Paula Guran,1
Paul Taylor,D:\Novels Library\Final_all_books\Paul Taylor,1
Paula Rawsthorne,D:\Novels Library\Final_all_books\Paula Rawsthorne,1
Paulette Jiles,D:\Novels Library\Final_all_books\Paulette Jiles,1
"Pauling, Laura","D:\Novels Library\Final_all_books\Pauling, Laura",1
Paullina Simons,D:\Novels Library\Final_all_books\Paullina Simons,1
Paula Roe,D:\Novels Library\Final_all_books\Paula Roe,1
"Payne, T. L_","D:\Novels Library\Final_all_books\Payne, T. L_",1
"Peabody, Josephine Preston","D:\Novels Library\Final_all_books\Peabody, Josephine Preston",1
"Peake, Lilian","D:\Novels Library\Final_all_books\Peake, Lilian",1
Pearl,D:\Novels Library\Final_all_books\Pearl,1
Pearl Beacon,D:\Novels Library\Final_all_books\Pearl Beacon,1
"Paxton, N.H_","D:\Novels Library\Final_all_books\Paxton, N.H_",1
Penelope Fletcher,D:\Novels Library\Final_all_books\Penelope Fletcher,1
Penelope King,D:\Novels Library\Final_all_books\Penelope King,1
Penelope Ward,D:\Novels Library\Final_all_books\Penelope Ward,1
"Peloquin, Andy","D:\Novels Library\Final_all_books\Peloquin, Andy",1
Penny Hancock,D:\Novels Library\Final_all_books\Penny Hancock,1
Penelope Sky Narrated Bymichael Fer,D:\Novels Library\Final_all_books\Penelope Sky Narrated Bymichael Fer,1
Pepper North,D:\Novels Library\Final_all_books\Pepper North,1
Percival Everett,D:\Novels Library\Final_all_books\Percival Everett,1
Perfection Learning Corporation,D:\Novels Library\Final_all_books\Perfection Learning Corporation,1
Peter B. Stark,D:\Novels Library\Final_all_books\Peter B. Stark,1
Peter Bostrom,D:\Novels Library\Final_all_books\Peter Bostrom,1
Penny Wylder,D:\Novels Library\Final_all_books\Penny Wylder,1
Peter de Jonge,D:\Novels Library\Final_all_books\Peter de Jonge,1
Peter Godfrey-Smith,D:\Novels Library\Final_all_books\Peter Godfrey-Smith,1
Peter Guralnick,D:\Novels Library\Final_all_books\Peter Guralnick,1
Pete Fromm,D:\Novels Library\Final_all_books\Pete Fromm,1
Peter James West,D:\Novels Library\Final_all_books\Peter James West,1
Peter Gulgowski,D:\Novels Library\Final_all_books\Peter Gulgowski,1
Peter Coffin,D:\Novels Library\Final_all_books\Peter Coffin,1
Peter May,D:\Novels Library\Final_all_books\Peter May,1
Peter McLean,D:\Novels Library\Final_all_books\Peter McLean,1
Peter O'Mahoney,D:\Novels Library\Final_all_books\Peter O'Mahoney,1
Peter Oxley,D:\Novels Library\Final_all_books\Peter Oxley,1
Peter Popham,D:\Novels Library\Final_all_books\Peter Popham,1
Peter Lerangis,D:\Novels Library\Final_all_books\Peter Lerangis,1
Petra Hammesfahr,D:\Novels Library\Final_all_books\Petra Hammesfahr,1
Phaedra Weldon,D:\Novels Library\Final_all_books\Phaedra Weldon,1
Phil Collins,D:\Novels Library\Final_all_books\Phil Collins,1
Phil Kelly,D:\Novels Library\Final_all_books\Phil Kelly,1
Phil Knight,D:\Novels Library\Final_all_books\Phil Knight,1
"Philbrook, Chris","D:\Novels Library\Final_all_books\Philbrook, Chris",1
Philip,D:\Novels Library\Final_all_books\Philip,1
Philip Athans,D:\Novels Library\Final_all_books\Philip Athans,1
Philip Ejike,D:\Novels Library\Final_all_books\Philip Ejike,1
Philip Glass,D:\Novels Library\Final_all_books\Philip Glass,1
Philip Siegel,D:\Novels Library\Final_all_books\Philip Siegel,1
Philip Reeve,D:\Novels Library\Final_all_books\Philip Reeve,1
Peter Swanson,D:\Novels Library\Final_all_books\Peter Swanson,1
Philomen Sturges,D:\Novels Library\Final_all_books\Philomen Sturges,1
"Phoenix, Nora","D:\Novels Library\Final_all_books\Phoenix, Nora",1
"Pike, Chris","D:\Novels Library\Final_all_books\Pike, Chris",1
"Phoenix, Airicka","D:\Novels Library\Final_all_books\Phoenix, Airicka",1
"Pinborough, Sarah","D:\Novels Library\Final_all_books\Pinborough, Sarah",1
Piper Kerman,D:\Novels Library\Final_all_books\Piper Kerman,1
Plum Creek Bride,D:\Novels Library\Final_all_books\Plum Creek Bride,1
Plum Pascal,D:\Novels Library\Final_all_books\Plum Pascal,1
Pola Oloixarac,D:\Novels Library\Final_all_books\Pola Oloixarac,1
"Pollack, Ph.D., Henry","D:\Novels Library\Final_all_books\Pollack, Ph.D., Henry",1
"Pollan, Michael","D:\Novels Library\Final_all_books\Pollan, Michael",1
Polly Ho-Yen,D:\Novels Library\Final_all_books\Polly Ho-Yen,1
Pitchaya Sudbanthad,D:\Novels Library\Final_all_books\Pitchaya Sudbanthad,1
Poppy Bridgeman,D:\Novels Library\Final_all_books\Poppy Bridgeman,1
Prachi Gupta,D:\Novels Library\Final_all_books\Prachi Gupta,1
Prairie Wife,D:\Novels Library\Final_all_books\Prairie Wife,1
Prayaag Akbar,D:\Novels Library\Final_all_books\Prayaag Akbar,1
"Prince Harry, The Duke of Sussex","D:\Novels Library\Final_all_books\Prince Harry, The Duke of Sussex",1
"Prince, Lizzy","D:\Novels Library\Final_all_books\Prince, Lizzy",1
"Pond, Simone","D:\Novels Library\Final_all_books\Pond, Simone",1
"Proby, Kristen","D:\Novels Library\Final_all_books\Proby, Kristen",1
"Probyn, Jack","D:\Novels Library\Final_all_books\Probyn, Jack",1
Prodigal summer_ a novel,D:\Novels Library\Final_all_books\Prodigal summer_ a novel,1
"Pullman, Philip","D:\Novels Library\Final_all_books\Pullman, Philip",1
"Purmont, Jon E.;","D:\Novels Library\Final_all_books\Purmont, Jon E.;",1
"Purrazzi, J.E_","D:\Novels Library\Final_all_books\Purrazzi, J.E_",1
Pyromancer,D:\Novels Library\Final_all_books\Pyromancer,1
Qilanna Quinn,D:\Novels Library\Final_all_books\Qilanna Quinn,1
Quin,D:\Novels Library\Final_all_books\Quin,1
Quinn Slater,D:\Novels Library\Final_all_books\Quinn Slater,1
"Quinn, Julia","D:\Novels Library\Final_all_books\Quinn, Julia",1
"Quinn, Kate Karyus","D:\Novels Library\Final_all_books\Quinn, Kate Karyus",1
R C Southworth,D:\Novels Library\Final_all_books\R C Southworth,1
R J Metcalf,D:\Novels Library\Final_all_books\R J Metcalf,1
R L. Naquin,D:\Novels Library\Final_all_books\R L. Naquin,1
R. A. Salvatore Narrated Bypaul Boe,D:\Novels Library\Final_all_books\R. A. Salvatore Narrated Bypaul Boe,1
R. H. Charles,D:\Novels Library\Final_all_books\R. H. Charles,1
R. J. Crayton,D:\Novels Library\Final_all_books\R. J. Crayton,1
R. J. Larson,D:\Novels Library\Final_all_books\R. J. Larson,1
R. J. Metcalf,D:\Novels Library\Final_all_books\R. J. Metcalf,1
R. J. Patterson,D:\Novels Library\Final_all_books\R. J. Patterson,1
R. J. Scott,D:\Novels Library\Final_all_books\R. J. Scott,1
R. J. Noonan,D:\Novels Library\Final_all_books\R. J. Noonan,1
R. K. Thorne,D:\Novels Library\Final_all_books\R. K. Thorne,1
R. M. Anderson,D:\Novels Library\Final_all_books\R. M. Anderson,1
R. M. Virtues,D:\Novels Library\Final_all_books\R. M. Virtues,1
R. O'Leary,D:\Novels Library\Final_all_books\R. O'Leary,1
R. S. Burnett,D:\Novels Library\Final_all_books\R. S. Burnett,1
R.A. Lindo,D:\Novels Library\Final_all_books\R.A. Lindo,1
R.D. Brady,D:\Novels Library\Final_all_books\R.D. Brady,1
R.L. Kenderson,D:\Novels Library\Final_all_books\R.L. Kenderson,1
R.K. Lilley,D:\Novels Library\Final_all_books\R.K. Lilley,1
R.S. Penney,D:\Novels Library\Final_all_books\R.S. Penney,1
R.T. Lowe,D:\Novels Library\Final_all_books\R.T. Lowe,1
Rachael Bloome,D:\Novels Library\Final_all_books\Rachael Bloome,1
Rachael Craw,D:\Novels Library\Final_all_books\Rachael Craw,1
Rachael Slate,D:\Novels Library\Final_all_books\Rachael Slate,1
Rachel Abbott,D:\Novels Library\Final_all_books\Rachel Abbott,1
Rachel Bailey Jones,D:\Novels Library\Final_all_books\Rachel Bailey Jones,1
Rachel Barnard,D:\Novels Library\Final_all_books\Rachel Barnard,1
Rachel Beanland,D:\Novels Library\Final_all_books\Rachel Beanland,1
Rachel Botsman,D:\Novels Library\Final_all_books\Rachel Botsman,1
Rachel Cusk,D:\Novels Library\Final_all_books\Rachel Cusk,1
Rachel De Lune,D:\Novels Library\Final_all_books\Rachel De Lune,1
Rachel E. Carter,D:\Novels Library\Final_all_books\Rachel E. Carter,1
Rachel Gillig,D:\Novels Library\Final_all_books\Rachel Gillig,1
Rachel Hawkins,D:\Novels Library\Final_all_books\Rachel Hawkins,1
Rachel Hawthorne,D:\Novels Library\Final_all_books\Rachel Hawthorne,1
Rachel Heng,D:\Novels Library\Final_all_books\Rachel Heng,1
Rachel Jonas,D:\Novels Library\Final_all_books\Rachel Jonas,1
Rachel Klein,D:\Novels Library\Final_all_books\Rachel Klein,1
Rachel Kushner,D:\Novels Library\Final_all_books\Rachel Kushner,1
Rachel Ford,D:\Novels Library\Final_all_books\Rachel Ford,1
Rachel Maddow,D:\Novels Library\Final_all_books\Rachel Maddow,1
Rachel Raithby,D:\Novels Library\Final_all_books\Rachel Raithby,1
Rachel McClellan,D:\Novels Library\Final_all_books\Rachel McClellan,1
Rachel Tsoumbakos,D:\Novels Library\Final_all_books\Rachel Tsoumbakos,1
Rachelle Morgan,D:\Novels Library\Final_all_books\Rachelle Morgan,1
RACHL THOMAS,D:\Novels Library\Final_all_books\RACHL THOMAS,1
Racquel Marie,D:\Novels Library\Final_all_books\Racquel Marie,1
Rae Foxx,D:\Novels Library\Final_all_books\Rae Foxx,1
"Rae, Tina;","D:\Novels Library\Final_all_books\Rae, Tina;",1
Rain Shadow,D:\Novels Library\Final_all_books\Rain Shadow,1
"Rain, Elizabeth","D:\Novels Library\Final_all_books\Rain, Elizabeth",1
rainbowturtle,D:\Novels Library\Final_all_books\rainbowturtle,1
Rakesh Satyal,D:\Novels Library\Final_all_books\Rakesh Satyal,1
Ralph Ellison,D:\Novels Library\Final_all_books\Ralph Ellison,1
Ramona Richey,D:\Novels Library\Final_all_books\Ramona Richey,1
Randi Cooley Wilson,D:\Novels Library\Final_all_books\Randi Cooley Wilson,1
Raena Rood,D:\Novels Library\Final_all_books\Raena Rood,1
"Rand, Ayn","D:\Novels Library\Final_all_books\Rand, Ayn",1
Rashelle Workman,D:\Novels Library\Final_all_books\Rashelle Workman,1
"Rathore, Jitendra","D:\Novels Library\Final_all_books\Rathore, Jitendra",1
Raven Amor,D:\Novels Library\Final_all_books\Raven Amor,1
Raven Dark,D:\Novels Library\Final_all_books\Raven Dark,1
Raven Moon,D:\Novels Library\Final_all_books\Raven Moon,1
Raven Scott,D:\Novels Library\Final_all_books\Raven Scott,1
Ravyn Wilde,D:\Novels Library\Final_all_books\Ravyn Wilde,1
"Rawlence, Ben;","D:\Novels Library\Final_all_books\Rawlence, Ben;",1
Ray Bradbury,D:\Novels Library\Final_all_books\Ray Bradbury,1
Ray Jay Perreault,D:\Novels Library\Final_all_books\Ray Jay Perreault,1
Raye Morgan,D:\Novels Library\Final_all_books\Raye Morgan,1
Raye Wagner,D:\Novels Library\Final_all_books\Raye Wagner,1
Realm of numbers-Fawcett (1982),D:\Novels Library\Final_all_books\Realm of numbers-Fawcett (1982),1
"Realms of Time,Craing Dominion,The","D:\Novels Library\Final_all_books\Realms of Time,Craing Dominion,The",1
"Read, N.K_","D:\Novels Library\Final_all_books\Read, N.K_",1
Rebecca C. Thompson,D:\Novels Library\Final_all_books\Rebecca C. Thompson,1
Rebecca Cohen,D:\Novels Library\Final_all_books\Rebecca Cohen,1
RC Boldt,D:\Novels Library\Final_all_books\RC Boldt,1
Rebecca Danzenbaker,D:\Novels Library\Final_all_books\Rebecca Danzenbaker,1
Rebecca F. Kuang,D:\Novels Library\Final_all_books\Rebecca F. Kuang,1
Rebecca Goodwin,D:\Novels Library\Final_all_books\Rebecca Goodwin,1
Rebecca L. Garcia,D:\Novels Library\Final_all_books\Rebecca L. Garcia,1
Rebecca Grey,D:\Novels Library\Final_all_books\Rebecca Grey,1
Rebecca Hanover,D:\Novels Library\Final_all_books\Rebecca Hanover,1
Rebecca Quinn,D:\Novels Library\Final_all_books\Rebecca Quinn,1
Rebecca Laffar-Smith,D:\Novels Library\Final_all_books\Rebecca Laffar-Smith,1
Rebecca Scherm,D:\Novels Library\Final_all_books\Rebecca Scherm,1
Rebecca Ripley,D:\Novels Library\Final_all_books\Rebecca Ripley,1
Rebecca Sharp,D:\Novels Library\Final_all_books\Rebecca Sharp,1
Rebecca Sapphire,D:\Novels Library\Final_all_books\Rebecca Sapphire,1
Rebecca Wells,D:\Novels Library\Final_all_books\Rebecca Wells,1
Rebecca Serle,D:\Novels Library\Final_all_books\Rebecca Serle,1
Rebecca Westcott,D:\Novels Library\Final_all_books\Rebecca Westcott,1
Rebekah Sinclair,D:\Novels Library\Final_all_books\Rebekah Sinclair,1
Rebel Kincaid,D:\Novels Library\Final_all_books\Rebel Kincaid,1
"Redd, Eden","D:\Novels Library\Final_all_books\Redd, Eden",1
"Reed, J.C_","D:\Novels Library\Final_all_books\Reed, J.C_",1
Refrelent Software Lab,D:\Novels Library\Final_all_books\Refrelent Software Lab,1
ReGina Welling,D:\Novels Library\Final_all_books\ReGina Welling,1
Rebecca Thomas,D:\Novels Library\Final_all_books\Rebecca Thomas,1
"Reid, B.B_","D:\Novels Library\Final_all_books\Reid, B.B_",1
Regan Walker,D:\Novels Library\Final_all_books\Regan Walker,1
"Reine, SM","D:\Novels Library\Final_all_books\Reine, SM",1
"Reid, Penny","D:\Novels Library\Final_all_books\Reid, Penny",1
"Reinhardt, Liz","D:\Novels Library\Final_all_books\Reinhardt, Liz",1
Reina Torres,D:\Novels Library\Final_all_books\Reina Torres,1
"Renard, Loki","D:\Novels Library\Final_all_books\Renard, Loki",1
"Reingold, Dan","D:\Novels Library\Final_all_books\Reingold, Dan",1
Renea Mason,D:\Novels Library\Final_all_books\Renea Mason,1
"Renee, Lisa","D:\Novels Library\Final_all_books\Renee, Lisa",1
Reno Hunter,D:\Novels Library\Final_all_books\Reno Hunter,1
Return to Me (v1.0),D:\Novels Library\Final_all_books\Return to Me (v1.0),1
Rexanne Becnel,D:\Novels Library\Final_all_books\Rexanne Becnel,1
Rhiannon Thomas,D:\Novels Library\Final_all_books\Rhiannon Thomas,1
Resca Rojas,D:\Novels Library\Final_all_books\Resca Rojas,1
Rhiannon Williams,D:\Novels Library\Final_all_books\Rhiannon Williams,1
"Rice, Heidi","D:\Novels Library\Final_all_books\Rice, Heidi",1
"Rice, Rachel E_","D:\Novels Library\Final_all_books\Rice, Rachel E_",1
Rhiannon Lee,D:\Novels Library\Final_all_books\Rhiannon Lee,1
Richard Burton,D:\Novels Library\Final_all_books\Richard Burton,1
Rhonda Byrne,D:\Novels Library\Final_all_books\Rhonda Byrne,1
Richard Ellmann,D:\Novels Library\Final_all_books\Richard Ellmann,1
"Rice, Christopher","D:\Novels Library\Final_all_books\Rice, Christopher",1
Richard Herring,D:\Novels Library\Final_all_books\Richard Herring,1
Richard Kadrey,D:\Novels Library\Final_all_books\Richard Kadrey,1
Richard Laymon,D:\Novels Library\Final_all_books\Richard Laymon,1
Richard Lee Byers,D:\Novels Library\Final_all_books\Richard Lee Byers,1
Richard Llewellyn,D:\Novels Library\Final_all_books\Richard Llewellyn,1
Richard Herman,D:\Novels Library\Final_all_books\Richard Herman,1
Richard Osman,D:\Novels Library\Final_all_books\Richard Osman,1
Richard Powers,D:\Novels Library\Final_all_books\Richard Powers,1
Richard Russo,D:\Novels Library\Final_all_books\Richard Russo,1
Richard Schwartz,D:\Novels Library\Final_all_books\Richard Schwartz,1
Richard Swan,D:\Novels Library\Final_all_books\Richard Swan,1
Richard Wake,D:\Novels Library\Final_all_books\Richard Wake,1
Richard Wright,D:\Novels Library\Final_all_books\Richard Wright,1
Richard Bayan,D:\Novels Library\Final_all_books\Richard Bayan,1
Rick Atkinson,D:\Novels Library\Final_all_books\Rick Atkinson,1
Richard Preston,D:\Novels Library\Final_all_books\Richard Preston,1
"Richards, L. C_","D:\Novels Library\Final_all_books\Richards, L. C_",1
Ricky Black,D:\Novels Library\Final_all_books\Ricky Black,1
Rick Riordan (1),D:\Novels Library\Final_all_books\Rick Riordan (1),1
"Rigby, Sally","D:\Novels Library\Final_all_books\Rigby, Sally",1
"Right, Emma","D:\Novels Library\Final_all_books\Right, Emma",1
Rightful Possession,D:\Novels Library\Final_all_books\Rightful Possession,1
Riley Archer,D:\Novels Library\Final_all_books\Riley Archer,1
Rifujin Na Magonote,D:\Novels Library\Final_all_books\Rifujin Na Magonote,1
Riley D. Brady,D:\Novels Library\Final_all_books\Riley D. Brady,1
Riley Edwards,D:\Novels Library\Final_all_books\Riley Edwards,1
Riley Lucas,D:\Novels Library\Final_all_books\Riley Lucas,1
"Rimmer, Christine","D:\Novels Library\Final_all_books\Rimmer, Christine",1
"Ringle, Molly","D:\Novels Library\Final_all_books\Ringle, Molly",1
Rinna Ford,D:\Novels Library\Final_all_books\Rinna Ford,1
Ripley Hayes,D:\Novels Library\Final_all_books\Ripley Hayes,1
Rita A. Rubin,D:\Novels Library\Final_all_books\Rita A. Rubin,1
"Riordan, Rick - Heroes Of Olympus","D:\Novels Library\Final_all_books\Riordan, Rick - Heroes Of Olympus",1
Rivers Solomon,D:\Novels Library\Final_all_books\Rivers Solomon,1
Riviani,D:\Novels Library\Final_all_books\Riviani,1
RJ Scott,D:\Novels Library\Final_all_books\RJ Scott,1
Rob Ashman,D:\Novels Library\Final_all_books\Rob Ashman,1
"Rivera, Roxie","D:\Novels Library\Final_all_books\Rivera, Roxie",1
Rita Potter,D:\Novels Library\Final_all_books\Rita Potter,1
Rob Nesbitt,D:\Novels Library\Final_all_books\Rob Nesbitt,1
Rob Radcliffe,D:\Novels Library\Final_all_books\Rob Radcliffe,1
Robert Blaise,D:\Novels Library\Final_all_books\Robert Blaise,1
Robert Crais,D:\Novels Library\Final_all_books\Robert Crais,1
Robert Crane,D:\Novels Library\Final_all_books\Robert Crane,1
Robert Cochran,D:\Novels Library\Final_all_books\Robert Cochran,1
Robert I. Katz,D:\Novels Library\Final_all_books\Robert I. Katz,1
Robert H. Fleming,D:\Novels Library\Final_all_books\Robert H. Fleming,1
Robert Jackson,D:\Novels Library\Final_all_books\Robert Jackson,1
"Robert Jones, Jr_","D:\Novels Library\Final_all_books\Robert Jones, Jr_",1
Robert J Walker,D:\Novels Library\Final_all_books\Robert J Walker,1
Robert Kiyosaki,D:\Novels Library\Final_all_books\Robert Kiyosaki,1
Robert M. Drake,D:\Novels Library\Final_all_books\Robert M. Drake,1
Robert McNeil,D:\Novels Library\Final_all_books\Robert McNeil,1
Robert Munsch,D:\Novels Library\Final_all_books\Robert Munsch,1
Robert Penn Warren,D:\Novels Library\Final_all_books\Robert Penn Warren,1
Robert Monroe,D:\Novels Library\Final_all_books\Robert Monroe,1
Robert Service,D:\Novels Library\Final_all_books\Robert Service,1
Robert Stanek,D:\Novels Library\Final_all_books\Robert Stanek,1
Robert Swartwood,D:\Novels Library\Final_all_books\Robert Swartwood,1
Robert T. Kiyosaki,D:\Novels Library\Final_all_books\Robert T. Kiyosaki,1
Robert Wideman,D:\Novels Library\Final_all_books\Robert Wideman,1
Roberto Escobar,D:\Novels Library\Final_all_books\Roberto Escobar,1
Robert Markham,D:\Novels Library\Final_all_books\Robert Markham,1
"Roberts, CJ","D:\Novels Library\Final_all_books\Roberts, CJ",1
"Robertson Jr, Michael","D:\Novels Library\Final_all_books\Robertson Jr, Michael",1
"Roberts, Nora","D:\Novels Library\Final_all_books\Roberts, Nora",1
Robin Furth,D:\Novels Library\Final_all_books\Robin Furth,1
Robin Gideon,D:\Novels Library\Final_all_books\Robin Gideon,1
Robin Crumby,D:\Novels Library\Final_all_books\Robin Crumby,1
Robin McKinley,D:\Novels Library\Final_all_books\Robin McKinley,1
Robin Merrill,D:\Novels Library\Final_all_books\Robin Merrill,1
Robin Sharma,D:\Novels Library\Final_all_books\Robin Sharma,1
"Robinson, Jeremy","D:\Novels Library\Final_all_books\Robinson, Jeremy",1
"Robinson, Marie","D:\Novels Library\Final_all_books\Robinson, Marie",1
Robin Mahle,D:\Novels Library\Final_all_books\Robin Mahle,1
Robyn Crawford,D:\Novels Library\Final_all_books\Robyn Crawford,1
"ROBYN GRADY,","D:\Novels Library\Final_all_books\ROBYN GRADY,",1
Robin Lee Hatcher,D:\Novels Library\Final_all_books\Robin Lee Hatcher,1
"ROBINSON, LAURI","D:\Novels Library\Final_all_books\ROBINSON, LAURI",1
Rogenna Brewer,D:\Novels Library\Final_all_books\Rogenna Brewer,1
"Rogues Widow, Gentlemans Wife","D:\Novels Library\Final_all_books\Rogues Widow, Gentlemans Wife",1
Rohinton Mistry,D:\Novels Library\Final_all_books\Rohinton Mistry,1
"Rohn, Jim","D:\Novels Library\Final_all_books\Rohn, Jim",1
"Rogerson, Shirley","D:\Novels Library\Final_all_books\Rogerson, Shirley",1
Romi Hart,D:\Novels Library\Final_all_books\Romi Hart,1
"Romig, Aleatha","D:\Novels Library\Final_all_books\Romig, Aleatha",1
Ron Chernow,D:\Novels Library\Final_all_books\Ron Chernow,1
Ron Fisher,D:\Novels Library\Final_all_books\Ron Fisher,1
Ron Phillips,D:\Novels Library\Final_all_books\Ron Phillips,1
Ronald Russell,D:\Novels Library\Final_all_books\Ronald Russell,1
Rory B. Byrne,D:\Novels Library\Final_all_books\Rory B. Byrne,1
Ros Carne,D:\Novels Library\Final_all_books\Ros Carne,1
Ronan Schwarz,D:\Novels Library\Final_all_books\Ronan Schwarz,1
Rosalie Oaks,D:\Novels Library\Final_all_books\Rosalie Oaks,1
Ronald Kessler,D:\Novels Library\Final_all_books\Ronald Kessler,1
Rosalind Tate,D:\Novels Library\Final_all_books\Rosalind Tate,1
Rory Miles,D:\Novels Library\Final_all_books\Rory Miles,1
Rosanna Leo,D:\Novels Library\Final_all_books\Rosanna Leo,1
Rosalyn D'Mello,D:\Novels Library\Final_all_books\Rosalyn D'Mello,1
"Rose, Elle","D:\Novels Library\Final_all_books\Rose, Elle",1
"Rose, Gwendoline","D:\Novels Library\Final_all_books\Rose, Gwendoline",1
"Rose, Melody","D:\Novels Library\Final_all_books\Rose, Melody",1
"Rose, Kristi","D:\Novels Library\Final_all_books\Rose, Kristi",1
Roseanne Beck,D:\Novels Library\Final_all_books\Roseanne Beck,1
Rosemary A Johns,D:\Novels Library\Final_all_books\Rosemary A Johns,1
Rosemary A. Johns,D:\Novels Library\Final_all_books\Rosemary A. Johns,1
Rosemary Gibson,D:\Novels Library\Final_all_books\Rosemary Gibson,1
Rosemary Jones,D:\Novels Library\Final_all_books\Rosemary Jones,1
"Rosenberg, Aaron","D:\Novels Library\Final_all_books\Rosenberg, Aaron",1
Rosie A. Point,D:\Novels Library\Final_all_books\Rosie A. Point,1
Rosie Hewlett,D:\Novels Library\Final_all_books\Rosie Hewlett,1
Rosemary Rogers,D:\Novels Library\Final_all_books\Rosemary Rogers,1
"Roth, Mandy M_","D:\Novels Library\Final_all_books\Roth, Mandy M_",1
"Ross, Kat","D:\Novels Library\Final_all_books\Ross, Kat",1
Roxie Ray,D:\Novels Library\Final_all_books\Roxie Ray,1
Ross Harding,D:\Novels Library\Final_all_books\Ross Harding,1
Roxy Sloane,D:\Novels Library\Final_all_books\Roxy Sloane,1
Roy Jenkins,D:\Novels Library\Final_all_books\Roy Jenkins,1
Ru Emerson,D:\Novels Library\Final_all_books\Ru Emerson,1
"Ruark, R_","D:\Novels Library\Final_all_books\Ruark, R_",1
Ruby Forrest,D:\Novels Library\Final_all_books\Ruby Forrest,1
"Rothert, Brenda","D:\Novels Library\Final_all_books\Rothert, Brenda",1
Rudolph R. Windsor,D:\Novels Library\Final_all_books\Rudolph R. Windsor,1
"Rush, Morgan","D:\Novels Library\Final_all_books\Rush, Morgan",1
Rudolfo Anaya,D:\Novels Library\Final_all_books\Rudolfo Anaya,1
Russell Brunson,D:\Novels Library\Final_all_books\Russell Brunson,1
Ruth Baker,D:\Novels Library\Final_all_books\Ruth Baker,1
Rupi Kaur,D:\Novels Library\Final_all_books\Rupi Kaur,1
Ruth Langan,D:\Novels Library\Final_all_books\Ruth Langan,1
Russell Banks,D:\Novels Library\Final_all_books\Russell Banks,1
Ruth Silver,D:\Novels Library\Final_all_books\Ruth Silver,1
Ruth Ware,D:\Novels Library\Final_all_books\Ruth Ware,1
"Ruth, Janna","D:\Novels Library\Final_all_books\Ruth, Janna",1
Ryan Cahill,D:\Novels Library\Final_all_books\Ryan Cahill,1
Ryan Chapman,D:\Novels Library\Final_all_books\Ryan Chapman,1
Ryana Hunter,D:\Novels Library\Final_all_books\Ryana Hunter,1
Ryk E. Spoor,D:\Novels Library\Final_all_books\Ryk E. Spoor,1
"Ryerkerk, Margo","D:\Novels Library\Final_all_books\Ryerkerk, Margo",1
Ryan David Ginsberg,D:\Novels Library\Final_all_books\Ryan David Ginsberg,1
"Rylan, Savannah","D:\Novels Library\Final_all_books\Rylan, Savannah",1
"Rylan, Taylor","D:\Novels Library\Final_all_books\Rylan, Taylor",1
S L Morgan,D:\Novels Library\Final_all_books\S L Morgan,1
S Quinn,D:\Novels Library\Final_all_books\S Quinn,1
S A Ison,D:\Novels Library\Final_all_books\S A Ison,1
S. E. Wendel,D:\Novels Library\Final_all_books\S. E. Wendel,1
S. G. Prince,D:\Novels Library\Final_all_books\S. G. Prince,1
S. Hati,D:\Novels Library\Final_all_books\S. Hati,1
S. J. Bolton,D:\Novels Library\Final_all_books\S. J. Bolton,1
S. J. Parris,D:\Novels Library\Final_all_books\S. J. Parris,1
S. Jae-Jones,D:\Novels Library\Final_all_books\S. Jae-Jones,1
S. K. Ali,D:\Novels Library\Final_all_books\S. K. Ali,1
S. K. Gregory,D:\Novels Library\Final_all_books\S. K. Gregory,1
S. L. Abbott,D:\Novels Library\Final_all_books\S. L. Abbott,1
S. J. Watson,D:\Novels Library\Final_all_books\S. J. Watson,1
S. Mandel Joseph,D:\Novels Library\Final_all_books\S. Mandel Joseph,1
S. Quinn,D:\Novels Library\Final_all_books\S. Quinn,1
S. T. Branton,D:\Novels Library\Final_all_books\S. T. Branton,1
S.A. Ashburne,D:\Novels Library\Final_all_books\S.A. Ashburne,1
S.A. Jones,D:\Novels Library\Final_all_books\S.A. Jones,1
S.E Alexander,D:\Novels Library\Final_all_books\S.E Alexander,1
S.J. Morden,D:\Novels Library\Final_all_books\S.J. Morden,1
S.J. Hartland,D:\Novels Library\Final_all_books\S.J. Hartland,1
S.J. Morgan,D:\Novels Library\Final_all_books\S.J. Morgan,1
S.M. Blooding,D:\Novels Library\Final_all_books\S.M. Blooding,1
S.L. Mason,D:\Novels Library\Final_all_books\S.L. Mason,1
S.P. Sipal,D:\Novels Library\Final_all_books\S.P. Sipal,1
S.J. Pierce,D:\Novels Library\Final_all_books\S.J. Pierce,1
S.S. Richards,D:\Novels Library\Final_all_books\S.S. Richards,1
"Sabian, Samantha","D:\Novels Library\Final_all_books\Sabian, Samantha",1
"Sable, Lillian","D:\Novels Library\Final_all_books\Sable, Lillian",1
Sabrina Jeffries,D:\Novels Library\Final_all_books\Sabrina Jeffries,1
Sacha Black,D:\Novels Library\Final_all_books\Sacha Black,1
Sadie Sins,D:\Novels Library\Final_all_books\Sadie Sins,1
Saffron Bryant,D:\Novels Library\Final_all_books\Saffron Bryant,1
Sage RelleAnne,D:\Novels Library\Final_all_books\Sage RelleAnne,1
Saifedean Ammous,D:\Novels Library\Final_all_books\Saifedean Ammous,1
Sally Bedell Smith,D:\Novels Library\Final_all_books\Sally Bedell Smith,1
Sally Carr,D:\Novels Library\Final_all_books\Sally Carr,1
Saint or Sinner,D:\Novels Library\Final_all_books\Saint or Sinner,1
Sally Rigby,D:\Novels Library\Final_all_books\Sally Rigby,1
Sally Rooney,D:\Novels Library\Final_all_books\Sally Rooney,1
Sally Jacobs,D:\Novels Library\Final_all_books\Sally Jacobs,1
Sam E. Kraemer,D:\Novels Library\Final_all_books\Sam E. Kraemer,1
Sam Graham-Felsen,D:\Novels Library\Final_all_books\Sam Graham-Felsen,1
Sam J Fires,D:\Novels Library\Final_all_books\Sam J Fires,1
Sam J. Miller,D:\Novels Library\Final_all_books\Sam J. Miller,1
Sam McAuley,D:\Novels Library\Final_all_books\Sam McAuley,1
Sam Sisavath,D:\Novels Library\Final_all_books\Sam Sisavath,1
Sam Steiner,D:\Novels Library\Final_all_books\Sam Steiner,1
Samantha Allard,D:\Novels Library\Final_all_books\Samantha Allard,1
Sahara Foley,D:\Novels Library\Final_all_books\Sahara Foley,1
Sam Hawke,D:\Novels Library\Final_all_books\Sam Hawke,1
Sam's Story,D:\Novels Library\Final_all_books\Sam's Story,1
Samantha Henderson,D:\Novels Library\Final_all_books\Samantha Henderson,1
Samantha King,D:\Novels Library\Final_all_books\Samantha King,1
Samantha Larsen,D:\Novels Library\Final_all_books\Samantha Larsen,1
Samantha Snow,D:\Novels Library\Final_all_books\Samantha Snow,1
Samantha Woods Starkey,D:\Novels Library\Final_all_books\Samantha Woods Starkey,1
Samantha MacLeod,D:\Novels Library\Final_all_books\Samantha MacLeod,1
Sami Valentine,D:\Novels Library\Final_all_books\Sami Valentine,1
Samuel Stokes,D:\Novels Library\Final_all_books\Samuel Stokes,1
Samanthe Beck,D:\Novels Library\Final_all_books\Samanthe Beck,1
Sammi Cee,D:\Novels Library\Final_all_books\Sammi Cee,1
Sandie Jones,D:\Novels Library\Final_all_books\Sandie Jones,1
Sandhya Menon,D:\Novels Library\Final_all_books\Sandhya Menon,1
Sandra Brown,D:\Novels Library\Final_all_books\Sandra Brown,1
Sandra Barret,D:\Novels Library\Final_all_books\Sandra Barret,1
Sandra Nikolai,D:\Novels Library\Final_all_books\Sandra Nikolai,1
Sandra Noah,D:\Novels Library\Final_all_books\Sandra Noah,1
Sanjena Sathian,D:\Novels Library\Final_all_books\Sanjena Sathian,1
"Sapkowski, Andrzej","D:\Novels Library\Final_all_books\Sapkowski, Andrzej",1
Santiago Posteguillo,D:\Novels Library\Final_all_books\Santiago Posteguillo,1
Sara B. Larson,D:\Novels Library\Final_all_books\Sara B. Larson,1
Sara Biren,D:\Novels Library\Final_all_books\Sara Biren,1
Sara C Roethle,D:\Novels Library\Final_all_books\Sara C Roethle,1
Sara Fields,D:\Novels Library\Final_all_books\Sara Fields,1
Sara Ney,D:\Novels Library\Final_all_books\Sara Ney,1
Sara Pascoe,D:\Novels Library\Final_all_books\Sara Pascoe,1
Sara Ryan,D:\Novels Library\Final_all_books\Sara Ryan,1
Sara Wolf,D:\Novels Library\Final_all_books\Sara Wolf,1
Sarah A Vogler,D:\Novels Library\Final_all_books\Sarah A Vogler,1
Sara Jane Stone,D:\Novels Library\Final_all_books\Sara Jane Stone,1
Sarah Anderson,D:\Novels Library\Final_all_books\Sarah Anderson,1
Sarah A. Denzil,D:\Novels Library\Final_all_books\Sarah A. Denzil,1
Sarah Ashlyn,D:\Novels Library\Final_all_books\Sarah Ashlyn,1
Sarah Dalton,D:\Novels Library\Final_all_books\Sarah Dalton,1
Sarah Blake,D:\Novels Library\Final_all_books\Sarah Blake,1
Sarah Everett,D:\Novels Library\Final_all_books\Sarah Everett,1
Sarah Elliott,D:\Novels Library\Final_all_books\Sarah Elliott,1
Sarah G. Byrd,D:\Novels Library\Final_all_books\Sarah G. Byrd,1
Sarah Gerard,D:\Novels Library\Final_all_books\Sarah Gerard,1
Sarah Daniels,D:\Novels Library\Final_all_books\Sarah Daniels,1
Sarah Holland,D:\Novels Library\Final_all_books\Sarah Holland,1
Sarah Govett,D:\Novels Library\Final_all_books\Sarah Govett,1
Sarah K. L. Wilson,D:\Novels Library\Final_all_books\Sarah K. L. Wilson,1
Sarah Lariviere,D:\Novels Library\Final_all_books\Sarah Lariviere,1
Sarah M. Cradit,D:\Novels Library\Final_all_books\Sarah M. Cradit,1
Sarah Marshall,D:\Novels Library\Final_all_books\Sarah Marshall,1
Sarah M. Eden,D:\Novels Library\Final_all_books\Sarah M. Eden,1
Sarah Pinsker,D:\Novels Library\Final_all_books\Sarah Pinsker,1
Sarah Piper,D:\Novels Library\Final_all_books\Sarah Piper,1
Sarah Penner,D:\Novels Library\Final_all_books\Sarah Penner,1
Sarah Underwood,D:\Novels Library\Final_all_books\Sarah Underwood,1
Sarah Woodbury,D:\Novels Library\Final_all_books\Sarah Woodbury,1
Sariah Wilson,D:\Novels Library\Final_all_books\Sariah Wilson,1
Sarina Langer,D:\Novels Library\Final_all_books\Sarina Langer,1
Sasha Leone,D:\Novels Library\Final_all_books\Sasha Leone,1
Sasha Nanua,D:\Novels Library\Final_all_books\Sasha Nanua,1
Saul Tanpepper,D:\Novels Library\Final_all_books\Saul Tanpepper,1
"Savage, Vivienne","D:\Novels Library\Final_all_books\Savage, Vivienne",1
Satomi Ikezawa,D:\Novels Library\Final_all_books\Satomi Ikezawa,1
Saul W. Tanpepper,D:\Novels Library\Final_all_books\Saul W. Tanpepper,1
Saya Lopez Ortega,D:\Novels Library\Final_all_books\Saya Lopez Ortega,1
Savannah Brown,D:\Novels Library\Final_all_books\Savannah Brown,1
Scandalous Seduction,D:\Novels Library\Final_all_books\Scandalous Seduction,1
Scare Street,D:\Novels Library\Final_all_books\Scare Street,1
Scarlet Wilson,D:\Novels Library\Final_all_books\Scarlet Wilson,1
Sayaka Murata,D:\Novels Library\Final_all_books\Sayaka Murata,1
Scarlett Grove,D:\Novels Library\Final_all_books\Scarlett Grove,1
"Schilling, Dan; Longfritz, Lori","D:\Novels Library\Final_all_books\Schilling, Dan; Longfritz, Lori",1
"Schoen, Lawrence M_","D:\Novels Library\Final_all_books\Schoen, Lawrence M_",1
"Schrad, Mark Lawrence","D:\Novels Library\Final_all_books\Schrad, Mark Lawrence",1
"Schreiber, Joe","D:\Novels Library\Final_all_books\Schreiber, Joe",1
Scott Allan,D:\Novels Library\Final_all_books\Scott Allan,1
Scott Blade,D:\Novels Library\Final_all_books\Scott Blade,1
Scott Connor,D:\Novels Library\Final_all_books\Scott Connor,1
Scott Claringbold,D:\Novels Library\Final_all_books\Scott Claringbold,1
Scarlett West,D:\Novels Library\Final_all_books\Scarlett West,1
Scott J Holliday,D:\Novels Library\Final_all_books\Scott J Holliday,1
Scott Mariani,D:\Novels Library\Final_all_books\Scott Mariani,1
Scott O'Dell,D:\Novels Library\Final_all_books\Scott O'Dell,1
Scott Pratt,D:\Novels Library\Final_all_books\Scott Pratt,1
Scott Reintgen,D:\Novels Library\Final_all_books\Scott Reintgen,1
Scott Weiland,D:\Novels Library\Final_all_books\Scott Weiland,1
"Scott, Ann Marie","D:\Novels Library\Final_all_books\Scott, Ann Marie",1
"SCOTT, BRONWYN","D:\Novels Library\Final_all_books\SCOTT, BRONWYN",1
"Scott, S.J_","D:\Novels Library\Final_all_books\Scott, S.J_",1
Sean Bela,D:\Novels Library\Final_all_books\Sean Bela,1
"Schultz, Joynell","D:\Novels Library\Final_all_books\Schultz, Joynell",1
Sean Adams,D:\Novels Library\Final_all_books\Sean Adams,1
"Scott, Kylie","D:\Novels Library\Final_all_books\Scott, Kylie",1
Sean Robins,D:\Novels Library\Final_all_books\Sean Robins,1
Sean Egan,D:\Novels Library\Final_all_books\Sean Egan,1
Sean Hayes,D:\Novels Library\Final_all_books\Sean Hayes,1
Sebastian Faulks,D:\Novels Library\Final_all_books\Sebastian Faulks,1
Sebastian Junger,D:\Novels Library\Final_all_books\Sebastian Junger,1
Sean Stone Narrated Byhannibal Hill,D:\Novels Library\Final_all_books\Sean Stone Narrated Byhannibal Hill,1
Selena Scott,D:\Novels Library\Final_all_books\Selena Scott,1
Sedona Venez,D:\Novels Library\Final_all_books\Sedona Venez,1
Senator Bernie Sanders,D:\Novels Library\Final_all_books\Senator Bernie Sanders,1
"Sedaris, David","D:\Novels Library\Final_all_books\Sedaris, David",1
Serena Bell,D:\Novels Library\Final_all_books\Serena Bell,1
Serena Lindahl,D:\Novels Library\Final_all_books\Serena Lindahl,1
Serena Nova,D:\Novels Library\Final_all_books\Serena Nova,1
Serena Simpson,D:\Novels Library\Final_all_books\Serena Simpson,1
Serenity Ackles,D:\Novels Library\Final_all_books\Serenity Ackles,1
Serenity Blum,D:\Novels Library\Final_all_books\Serenity Blum,1
Serenity Whyte,D:\Novels Library\Final_all_books\Serenity Whyte,1
Serena Valentino,D:\Novels Library\Final_all_books\Serena Valentino,1
Sergio Cobo,D:\Novels Library\Final_all_books\Sergio Cobo,1
Serhii Plokhy,D:\Novels Library\Final_all_books\Serhii Plokhy,1
Seth Eden,D:\Novels Library\Final_all_books\Seth Eden,1
Shana Figueroa,D:\Novels Library\Final_all_books\Shana Figueroa,1
Shane Shepherd,D:\Novels Library\Final_all_books\Shane Shepherd,1
Shanna Bosarge,D:\Novels Library\Final_all_books\Shanna Bosarge,1
Shannon Hale,D:\Novels Library\Final_all_books\Shannon Hale,1
Shannon McDermott,D:\Novels Library\Final_all_books\Shannon McDermott,1
Shari L. Tapscott,D:\Novels Library\Final_all_books\Shari L. Tapscott,1
Shannon Stacey,D:\Novels Library\Final_all_books\Shannon Stacey,1
Shari Lapena,D:\Novels Library\Final_all_books\Shari Lapena,1
Sharon Bolton,D:\Novels Library\Final_all_books\Sharon Bolton,1
Sharon Hamilton,D:\Novels Library\Final_all_books\Sharon Hamilton,1
Sharon Ihle,D:\Novels Library\Final_all_books\Sharon Ihle,1
Sharon Kendrick - The Greek's Marr,D:\Novels Library\Final_all_books\Sharon Kendrick - The Greek's Marr,1
Sharon McMahon,D:\Novels Library\Final_all_books\Sharon McMahon,1
"Sharpe, Courtney","D:\Novels Library\Final_all_books\Sharpe, Courtney",1
Sharon Sala,D:\Novels Library\Final_all_books\Sharon Sala,1
Shaun Attwood,D:\Novels Library\Final_all_books\Shaun Attwood,1
Shauna Granger,D:\Novels Library\Final_all_books\Shauna Granger,1
Shauna Kelley,D:\Novels Library\Final_all_books\Shauna Kelley,1
Shaun David Hutchinson,D:\Novels Library\Final_all_books\Shaun David Hutchinson,1
Shawn Speakman,D:\Novels Library\Final_all_books\Shawn Speakman,1
Shay Savage,D:\Novels Library\Final_all_books\Shay Savage,1
"Shea, K. M_","D:\Novels Library\Final_all_books\Shea, K. M_",1
Sheila Horgan,D:\Novels Library\Final_all_books\Sheila Horgan,1
Sheila Roberts,D:\Novels Library\Final_all_books\Sheila Roberts,1
Shelby Mahurin,D:\Novels Library\Final_all_books\Shelby Mahurin,1
Shelby Manuel,D:\Novels Library\Final_all_books\Shelby Manuel,1
Shelley Shepard Gray,D:\Novels Library\Final_all_books\Shelley Shepard Gray,1
Shelley Wilson,D:\Novels Library\Final_all_books\Shelley Wilson,1
Shelley Sackier,D:\Novels Library\Final_all_books\Shelley Sackier,1
Shemer Kuznits,D:\Novels Library\Final_all_books\Shemer Kuznits,1
"Shen, L.J_","D:\Novels Library\Final_all_books\Shen, L.J_",1
Shelly Laurenston,D:\Novels Library\Final_all_books\Shelly Laurenston,1
"Shen, LJ","D:\Novels Library\Final_all_books\Shen, LJ",1
"Shepherd, Shane","D:\Novels Library\Final_all_books\Shepherd, Shane",1
Sheri Richey,D:\Novels Library\Final_all_books\Sheri Richey,1
Sherilee Gray,D:\Novels Library\Final_all_books\Sherilee Gray,1
"Sheridan, Mia","D:\Novels Library\Final_all_books\Sheridan, Mia",1
Sherman Alexie,D:\Novels Library\Final_all_books\Sherman Alexie,1
Sherrie Lea Morgan,D:\Novels Library\Final_all_books\Sherrie Lea Morgan,1
"Shillolo, Anne","D:\Novels Library\Final_all_books\Shillolo, Anne",1
Shilpi Somaya Gowda,D:\Novels Library\Final_all_books\Shilpi Somaya Gowda,1
Shirley Jackson,D:\Novels Library\Final_all_books\Shirley Jackson,1
Shirley Rogerson,D:\Novels Library\Final_all_books\Shirley Rogerson,1
Shonda Rhimes,D:\Novels Library\Final_all_books\Shonda Rhimes,1
Shoshanna Evers,D:\Novels Library\Final_all_books\Shoshanna Evers,1
"Shupert, Derek","D:\Novels Library\Final_all_books\Shupert, Derek",1
Sibel Hodge,D:\Novels Library\Final_all_books\Sibel Hodge,1
"Sidebottom, D H","D:\Novels Library\Final_all_books\Sidebottom, D H",1
"Sidney, Sheldon","D:\Novels Library\Final_all_books\Sidney, Sheldon",1
SIENNA ROSEWOOD,D:\Novels Library\Final_all_books\SIENNA ROSEWOOD,1
Sierra Crane Murdoch,D:\Novels Library\Final_all_books\Sierra Crane Murdoch,1
Sierra DeMulder,D:\Novels Library\Final_all_books\Sierra DeMulder,1
Silent Knight,D:\Novels Library\Final_all_books\Silent Knight,1
Sigmund Freud,D:\Novels Library\Final_all_books\Sigmund Freud,1
Simon Jacobs,D:\Novels Library\Final_all_books\Simon Jacobs,1
Simon Clark,D:\Novels Library\Final_all_books\Simon Clark,1
Simon McCleave,D:\Novels Library\Final_all_books\Simon McCleave,1
Simone Gorrindo,D:\Novels Library\Final_all_books\Simone Gorrindo,1
Sierra S_____,D:\Novels Library\Final_all_books\Sierra S_____,1
Simon Turney,D:\Novels Library\Final_all_books\Simon Turney,1
"Simons, Paullina","D:\Novels Library\Final_all_books\Simons, Paullina",1
"Sinclair, Vonda","D:\Novels Library\Final_all_books\Sinclair, Vonda",1
"Singh Sasson, Sophia","D:\Novels Library\Final_all_books\Singh Sasson, Sophia",1
"Singh, Nalini, Andrews, Ilona","D:\Novels Library\Final_all_books\Singh, Nalini, Andrews, Ilona",1
Siobhan Fallon,D:\Novels Library\Final_all_books\Siobhan Fallon,1
Sir Alex Ferguson,D:\Novels Library\Final_all_books\Sir Alex Ferguson,1
Sir Arthur Conan Doyle,D:\Novels Library\Final_all_books\Sir Arthur Conan Doyle,1
"Sinisi, Kyle;","D:\Novels Library\Final_all_books\Sinisi, Kyle;",1
Sky Corgan,D:\Novels Library\Final_all_books\Sky Corgan,1
Sita Brahmachari,D:\Novels Library\Final_all_books\Sita Brahmachari,1
Sir Richard Burton,D:\Novels Library\Final_all_books\Sir Richard Burton,1
"Skye, Aurelia","D:\Novels Library\Final_all_books\Skye, Aurelia",1
"Slaughter, Karin","D:\Novels Library\Final_all_books\Slaughter, Karin",1
Sloane Crosley,D:\Novels Library\Final_all_books\Sloane Crosley,1
"Sloan, Holly Goldberg","D:\Novels Library\Final_all_books\Sloan, Holly Goldberg",1
"Sloss, Marcus","D:\Novels Library\Final_all_books\Sloss, Marcus",1
SM Reine,D:\Novels Library\Final_all_books\SM Reine,1
small town fireman,D:\Novels Library\Final_all_books\small town fireman,1
Skyward (6Nov2018),D:\Novels Library\Final_all_books\Skyward (6Nov2018),1
"Smith, Dale Ivan","D:\Novels Library\Final_all_books\Smith, Dale Ivan",1
"Slaton, Derek","D:\Novels Library\Final_all_books\Slaton, Derek",1
"Smith, Nicholas Sansbury","D:\Novels Library\Final_all_books\Smith, Nicholas Sansbury",1
"Smith, S.E_","D:\Novels Library\Final_all_books\Smith, S.E_",1
"Snow, Jennifer","D:\Novels Library\Final_all_books\Snow, Jennifer",1
"Snowden, Edward","D:\Novels Library\Final_all_books\Snowden, Edward",1
Sofia Finn,D:\Novels Library\Final_all_books\Sofia Finn,1
Society's Most Disreputable Gentle,D:\Novels Library\Final_all_books\Society's Most Disreputable Gentle,1
Solomon Carter,D:\Novels Library\Final_all_books\Solomon Carter,1
Solomon Northup,D:\Novels Library\Final_all_books\Solomon Northup,1
"Solomon, Kamery","D:\Novels Library\Final_all_books\Solomon, Kamery",1
Sofiya Pasternack,D:\Novels Library\Final_all_books\Sofiya Pasternack,1
Somerset Maugham,D:\Novels Library\Final_all_books\Somerset Maugham,1
Sonali Dev,D:\Novels Library\Final_all_books\Sonali Dev,1
Sonia Purnell,D:\Novels Library\Final_all_books\Sonia Purnell,1
Sophia Crane,D:\Novels Library\Final_all_books\Sophia Crane,1
Sophia Stone,D:\Novels Library\Final_all_books\Sophia Stone,1
Sophia Vahdati,D:\Novels Library\Final_all_books\Sophia Vahdati,1
Sophie Irwin,D:\Novels Library\Final_all_books\Sophie Irwin,1
Sophie Kinsella,D:\Novels Library\Final_all_books\Sophie Kinsella,1
Sophie Lark,D:\Novels Library\Final_all_books\Sophie Lark,1
Sophocles,D:\Novels Library\Final_all_books\Sophocles,1
Smooch Papandreas,D:\Novels Library\Final_all_books\Smooch Papandreas,1
Sorita d'Este,D:\Novels Library\Final_all_books\Sorita d'Este,1
Soraya Lane,D:\Novels Library\Final_all_books\Soraya Lane,1
Soyoung Park,D:\Novels Library\Final_all_books\Soyoung Park,1
Speedy Publishing,D:\Novels Library\Final_all_books\Speedy Publishing,1
Spencer Baum,D:\Novels Library\Final_all_books\Spencer Baum,1
"Southwick, Teresa","D:\Novels Library\Final_all_books\Southwick, Teresa",1
SRINIVAS REDDY,D:\Novels Library\Final_all_books\SRINIVAS REDDY,1
"St. Claire, Roxanne","D:\Novels Library\Final_all_books\St. Claire, Roxanne",1
"St. Denis, Daire","D:\Novels Library\Final_all_books\St. Denis, Daire",1
"St. John, Cheryl","D:\Novels Library\Final_all_books\St. John, Cheryl",1
Spencer Johnson M.D_,D:\Novels Library\Final_all_books\Spencer Johnson M.D_,1
"Spotswood, Jessica","D:\Novels Library\Final_all_books\Spotswood, Jessica",1
"St.John, Cheryl","D:\Novels Library\Final_all_books\St.John, Cheryl",1
"St. James,Jeanne","D:\Novels Library\Final_all_books\St. James,Jeanne",1
Stacy Schiff,D:\Novels Library\Final_all_books\Stacy Schiff,1
Stacy Willingham,D:\Novels Library\Final_all_books\Stacy Willingham,1
"Stark, Cindy","D:\Novels Library\Final_all_books\Stark, Cindy",1
Stasia Black,D:\Novels Library\Final_all_books\Stasia Black,1
"Steele, Jessica","D:\Novels Library\Final_all_books\Steele, Jessica",1
"STEELE, Jessica Part 1","D:\Novels Library\Final_all_books\STEELE, Jessica Part 1",1
Stefan Lear,D:\Novels Library\Final_all_books\Stefan Lear,1
Stasia Green,D:\Novels Library\Final_all_books\Stasia Green,1
Stefanie Zweig,D:\Novels Library\Final_all_books\Stefanie Zweig,1
"Steel, Danielle","D:\Novels Library\Final_all_books\Steel, Danielle",1
"Steiner, Kandi","D:\Novels Library\Final_all_books\Steiner, Kandi",1
Stefan Merrill Block,D:\Novels Library\Final_all_books\Stefan Merrill Block,1
Stella Dorn,D:\Novels Library\Final_all_books\Stella Dorn,1
Stella Fitzsimons,D:\Novels Library\Final_all_books\Stella Fitzsimons,1
Stella Gemmell,D:\Novels Library\Final_all_books\Stella Gemmell,1
Stefanie Gaither,D:\Novels Library\Final_all_books\Stefanie Gaither,1
Steph Broadribb,D:\Novels Library\Final_all_books\Steph Broadribb,1
Stephanie Ayers,D:\Novels Library\Final_all_books\Stephanie Ayers,1
Stephanie Erickson,D:\Novels Library\Final_all_books\Stephanie Erickson,1
Stephanie Fazio,D:\Novels Library\Final_all_books\Stephanie Fazio,1
Stephanie Feldman,D:\Novels Library\Final_all_books\Stephanie Feldman,1
Stephanie Land,D:\Novels Library\Final_all_books\Stephanie Land,1
Stephanie Laurens,D:\Novels Library\Final_all_books\Stephanie Laurens,1
Stephanie M Freeman,D:\Novels Library\Final_all_books\Stephanie M Freeman,1
Stephanie Marie Thornton,D:\Novels Library\Final_all_books\Stephanie Marie Thornton,1
"Steffan, R. A_","D:\Novels Library\Final_all_books\Steffan, R. A_",1
Stephanie Perkins,D:\Novels Library\Final_all_books\Stephanie Perkins,1
Stephanie Spinner,D:\Novels Library\Final_all_books\Stephanie Spinner,1
Stephanie St. Klaire,D:\Novels Library\Final_all_books\Stephanie St. Klaire,1
Stephanie Damore,D:\Novels Library\Final_all_books\Stephanie Damore,1
Stephen Bly,D:\Novels Library\Final_all_books\Stephen Bly,1
Stephen Booth,D:\Novels Library\Final_all_books\Stephen Booth,1
Stephen Cosgrove,D:\Novels Library\Final_all_books\Stephen Cosgrove,1
Stephen Dobyns,D:\Novels Library\Final_all_books\Stephen Dobyns,1
Stephen Elliott,D:\Novels Library\Final_all_books\Stephen Elliott,1
Stephen D. King,D:\Novels Library\Final_all_books\Stephen D. King,1
Stephen H. Provost,D:\Novels Library\Final_all_books\Stephen H. Provost,1
Stephen Lawhead,D:\Novels Library\Final_all_books\Stephen Lawhead,1
Steve Berry,D:\Novels Library\Final_all_books\Steve Berry,1
Stephen Krensky,D:\Novels Library\Final_all_books\Stephen Krensky,1
Stephen Hawking,D:\Novels Library\Final_all_books\Stephen Hawking,1
Steve Feasey,D:\Novels Library\Final_all_books\Steve Feasey,1
Steve Gilmore,D:\Novels Library\Final_all_books\Steve Gilmore,1
Steve Harvey,D:\Novels Library\Final_all_books\Steve Harvey,1
Steve P. Vincent,D:\Novels Library\Final_all_books\Steve P. Vincent,1
Steve Rasnic Tem,D:\Novels Library\Final_all_books\Steve Rasnic Tem,1
Steven J. Higgs,D:\Novels Library\Final_all_books\Steven J. Higgs,1
Steven M. Gillon,D:\Novels Library\Final_all_books\Steven M. Gillon,1
Steve Biko,D:\Novels Library\Final_all_books\Steve Biko,1
Steven Piziks,D:\Novels Library\Final_all_books\Steven Piziks,1
Steven Rowley,D:\Novels Library\Final_all_books\Steven Rowley,1
Steven Smithen,D:\Novels Library\Final_all_books\Steven Smithen,1
"Stevens, Camilla","D:\Novels Library\Final_all_books\Stevens, Camilla",1
"Stevens, E.J_","D:\Novels Library\Final_all_books\Stevens, E.J_",1
"Stevens, Erica","D:\Novels Library\Final_all_books\Stevens, Erica",1
"Stevenson, Benjamin","D:\Novels Library\Final_all_books\Stevenson, Benjamin",1
"Stewart, Rebecca Anne","D:\Novels Library\Final_all_books\Stewart, Rebecca Anne",1
"Stewart, A J","D:\Novels Library\Final_all_books\Stewart, A J",1
"Stine, R.L_","D:\Novels Library\Final_all_books\Stine, R.L_",1
"Stoddard Hancock, L_","D:\Novels Library\Final_all_books\Stoddard Hancock, L_",1
"Stone , Sophia","D:\Novels Library\Final_all_books\Stone , Sophia",1
Stone Barns Center for Food,D:\Novels Library\Final_all_books\Stone Barns Center for Food,1
"Stone, Brad","D:\Novels Library\Final_all_books\Stone, Brad",1
Stormie,D:\Novels Library\Final_all_books\Stormie,1
"Stone, Noelle","D:\Novels Library\Final_all_books\Stone, Noelle",1
Stewart C Baker,D:\Novels Library\Final_all_books\Stewart C Baker,1
"Stienstra, Lauren","D:\Novels Library\Final_all_books\Stienstra, Lauren",1
Struan Murray,D:\Novels Library\Final_all_books\Struan Murray,1
Su J Sokol,D:\Novels Library\Final_all_books\Su J Sokol,1
Sue Mercury,D:\Novels Library\Final_all_books\Sue Mercury,1
"Summers, Autumn","D:\Novels Library\Final_all_books\Summers, Autumn",1
Sun Tzu,D:\Novels Library\Final_all_books\Sun Tzu,1
Sunbird,D:\Novels Library\Final_all_books\Sunbird,1
Sung-il Kim,D:\Novels Library\Final_all_books\Sung-il Kim,1
Sue Fortin,D:\Novels Library\Final_all_books\Sue Fortin,1
Sunshine Taylor Reddick,D:\Novels Library\Final_all_books\Sunshine Taylor Reddick,1
Susan C. Wilson,D:\Novels Library\Final_all_books\Susan C. Wilson,1
Susan Carlisle,D:\Novels Library\Final_all_books\Susan Carlisle,1
Sue Lyndon,D:\Novels Library\Final_all_books\Sue Lyndon,1
Susan Coolidge,D:\Novels Library\Final_all_books\Susan Coolidge,1
"Summers, Sasha","D:\Novels Library\Final_all_books\Summers, Sasha",1
Summer Stanton,D:\Novels Library\Final_all_books\Summer Stanton,1
Susan Gabriel,D:\Novels Library\Final_all_books\Susan Gabriel,1
Susan Gray,D:\Novels Library\Final_all_books\Susan Gray,1
Susan Hawke,D:\Novels Library\Final_all_books\Susan Hawke,1
Susan Juby,D:\Novels Library\Final_all_books\Susan Juby,1
Susan M. Hayes,D:\Novels Library\Final_all_books\Susan M. Hayes,1
Susan Shumsky,D:\Novels Library\Final_all_books\Susan Shumsky,1
Susan Sleeman,D:\Novels Library\Final_all_books\Susan Sleeman,1
Susan Gillard,D:\Novels Library\Final_all_books\Susan Gillard,1
Susan Stokes-Chapman,D:\Novels Library\Final_all_books\Susan Stokes-Chapman,1
Susanna Kwan,D:\Novels Library\Final_all_books\Susanna Kwan,1
Susanne Hampton,D:\Novels Library\Final_all_books\Susanne Hampton,1
Susan Stoker,D:\Novels Library\Final_all_books\Susan Stoker,1
Susanne Matthews,D:\Novels Library\Final_all_books\Susanne Matthews,1
Suzan Tisdale,D:\Novels Library\Final_all_books\Suzan Tisdale,1
Susie Murphy,D:\Novels Library\Final_all_books\Susie Murphy,1
Susannah Sandlin,D:\Novels Library\Final_all_books\Susannah Sandlin,1
Suzanne Brockmann,D:\Novels Library\Final_all_books\Suzanne Brockmann,1
Suzanne Enoch,D:\Novels Library\Final_all_books\Suzanne Enoch,1
Suzanne Forster,D:\Novels Library\Final_all_books\Suzanne Forster,1
Suzanne Mondoux,D:\Novels Library\Final_all_books\Suzanne Mondoux,1
Suzette A. Hill,D:\Novels Library\Final_all_books\Suzette A. Hill,1
Suzanne G. Rogers,D:\Novels Library\Final_all_books\Suzanne G. Rogers,1
Suzy K Quinn,D:\Novels Library\Final_all_books\Suzy K Quinn,1
"Swain, Kimbra","D:\Novels Library\Final_all_books\Swain, Kimbra",1
"Swallow, LJ","D:\Novels Library\Final_all_books\Swallow, LJ",1
Swati Teerdhala,D:\Novels Library\Final_all_books\Swati Teerdhala,1
Sydney Faith,D:\Novels Library\Final_all_books\Sydney Faith,1
Sylvain Reynard,D:\Novels Library\Final_all_books\Sylvain Reynard,1
Sweet Annie,D:\Novels Library\Final_all_books\Sweet Annie,1
Sylvia Kelso,D:\Novels Library\Final_all_books\Sylvia Kelso,1
Sylvia Nasar,D:\Novels Library\Final_all_books\Sylvia Nasar,1
Synna Star,D:\Novels Library\Final_all_books\Synna Star,1
"Swinburne, Jasmine K","D:\Novels Library\Final_all_books\Swinburne, Jasmine K",1
Sylvain Neuvel,D:\Novels Library\Final_all_books\Sylvain Neuvel,1
T L,D:\Novels Library\Final_all_books\T L,1
T W M Ashford,D:\Novels Library\Final_all_books\T W M Ashford,1
Syou Ishida,D:\Novels Library\Final_all_books\Syou Ishida,1
T L Swan,D:\Novels Library\Final_all_books\T L Swan,1
T. D. Thomas,D:\Novels Library\Final_all_books\T. D. Thomas,1
T. G Ayer,D:\Novels Library\Final_all_books\T. G Ayer,1
T. Gephart,D:\Novels Library\Final_all_books\T. Gephart,1
T. J. Reynolds,D:\Novels Library\Final_all_books\T. J. Reynolds,1
T. K. Eldridge,D:\Novels Library\Final_all_books\T. K. Eldridge,1
T. J. Green,D:\Novels Library\Final_all_books\T. J. Green,1
T. L. McDonald,D:\Novels Library\Final_all_books\T. L. McDonald,1
T. L. Swan,D:\Novels Library\Final_all_books\T. L. Swan,1
T. R. Harris,D:\Novels Library\Final_all_books\T. R. Harris,1
T.L. Smith,D:\Novels Library\Final_all_books\T.L. Smith,1
Tabatha Kiss,D:\Novels Library\Final_all_books\Tabatha Kiss,1
"Tabke, Karin","D:\Novels Library\Final_all_books\Tabke, Karin",1
Tad Williams,D:\Novels Library\Final_all_books\Tad Williams,1
Tahereh Ma,D:\Novels Library\Final_all_books\Tahereh Ma,1
Tabitha Lasley,D:\Novels Library\Final_all_books\Tabitha Lasley,1
"Tait, Victoria","D:\Novels Library\Final_all_books\Tait, Victoria",1
Taken by Midnight[1],D:\Novels Library\Final_all_books\Taken by Midnight[1],1
Tabitha Kanogo,D:\Novels Library\Final_all_books\Tabitha Kanogo,1
"Tallabas, Lisa L_","D:\Novels Library\Final_all_books\Tallabas, Lisa L_",1
Tam May,D:\Novels Library\Final_all_books\Tam May,1
Tamara Ireland Stone,D:\Novels Library\Final_all_books\Tamara Ireland Stone,1
Tamara Wilding,D:\Novels Library\Final_all_books\Tamara Wilding,1
Tami Hoag,D:\Novels Library\Final_all_books\Tami Hoag,1
Tammara Webber,D:\Novels Library\Final_all_books\Tammara Webber,1
Tammy Andresen,D:\Novels Library\Final_all_books\Tammy Andresen,1
Tamara Gill,D:\Novels Library\Final_all_books\Tamara Gill,1
Tanaz Bhathena,D:\Novels Library\Final_all_books\Tanaz Bhathena,1
Tang Qi,D:\Novels Library\Final_all_books\Tang Qi,1
Tanya Bird,D:\Novels Library\Final_all_books\Tanya Bird,1
Tanya Anne Crosby,D:\Novels Library\Final_all_books\Tanya Anne Crosby,1
Tanya Wright,D:\Novels Library\Final_all_books\Tanya Wright,1
Tara Conklin,D:\Novels Library\Final_all_books\Tara Conklin,1
Tao Wong,D:\Novels Library\Final_all_books\Tao Wong,1
Tara Gallina,D:\Novels Library\Final_all_books\Tara Gallina,1
Tara Ellis,D:\Novels Library\Final_all_books\Tara Ellis,1
Tara M. Stringfellow,D:\Novels Library\Final_all_books\Tara M. Stringfellow,1
Taryn Leigh Taylor,D:\Novels Library\Final_all_books\Taryn Leigh Taylor,1
"Tate, Sydney","D:\Novels Library\Final_all_books\Tate, Sydney",1
Tayari Jones,D:\Novels Library\Final_all_books\Tayari Jones,1
Taylor Adams,D:\Novels Library\Final_all_books\Taylor Adams,1
Taylor Aston White,D:\Novels Library\Final_all_books\Taylor Aston White,1
Taylor Branch,D:\Novels Library\Final_all_books\Taylor Branch,1
Taylor Hubbard,D:\Novels Library\Final_all_books\Taylor Hubbard,1
Taylor Vaughn,D:\Novels Library\Final_all_books\Taylor Vaughn,1
Tears of The Moon,D:\Novels Library\Final_all_books\Tears of The Moon,1
Teagan Mori,D:\Novels Library\Final_all_books\Teagan Mori,1
Taylor Spratt,D:\Novels Library\Final_all_books\Taylor Spratt,1
Ted West,D:\Novels Library\Final_all_books\Ted West,1
Tayyip Oral,D:\Novels Library\Final_all_books\Tayyip Oral,1
Tejas Hiremani,D:\Novels Library\Final_all_books\Tejas Hiremani,1
"Temple Grandin, Ph.D_","D:\Novels Library\Final_all_books\Temple Grandin, Ph.D_",1
Tegan Kane,D:\Novels Library\Final_all_books\Tegan Kane,1
Tehlor Kay Mejia,D:\Novels Library\Final_all_books\Tehlor Kay Mejia,1
Tennessee Williams,D:\Novels Library\Final_all_books\Tennessee Williams,1
Temptation of the Butterfly,D:\Novels Library\Final_all_books\Temptation of the Butterfly,1
"Tempest, Auburn","D:\Novels Library\Final_all_books\Tempest, Auburn",1
Teresa Driscoll,D:\Novels Library\Final_all_books\Teresa Driscoll,1
Teresa Medeiros,D:\Novels Library\Final_all_books\Teresa Medeiros,1
Terri Brisbin - The MacLeries 08 -,D:\Novels Library\Final_all_books\Terri Brisbin - The MacLeries 08 -,1
Terri Reed,D:\Novels Library\Final_all_books\Terri Reed,1
Terry Bisson,D:\Novels Library\Final_all_books\Terry Bisson,1
Terry Goodkind;,D:\Novels Library\Final_all_books\Terry Goodkind;,1
Terri Anne Browning,D:\Novels Library\Final_all_books\Terri Anne Browning,1
Terry McAuliffe,D:\Novels Library\Final_all_books\Terry McAuliffe,1
Terry Towers,D:\Novels Library\Final_all_books\Terry Towers,1
Tessa Adams,D:\Novels Library\Final_all_books\Tessa Adams,1
Tessa Bailey,D:\Novels Library\Final_all_books\Tessa Bailey,1
test,D:\Novels Library\Final_all_books\test,1
Teyla Rachel Branton,D:\Novels Library\Final_all_books\Teyla Rachel Branton,1
Tessonja Odette,D:\Novels Library\Final_all_books\Tessonja Odette,1
the billionaire who bought christm,D:\Novels Library\Final_all_books\the billionaire who bought christm,1
The Billionaires Bride of Convenie,D:\Novels Library\Final_all_books\The Billionaires Bride of Convenie,1
The Blue Viking,D:\Novels Library\Final_all_books\The Blue Viking,1
The Bound Prince,D:\Novels Library\Final_all_books\The Bound Prince,1
The Bewitched Viking,D:\Novels Library\Final_all_books\The Bewitched Viking,1
The Brunelli Baby Bargain,D:\Novels Library\Final_all_books\The Brunelli Baby Bargain,1
The Case of the Mesmerizing Bos,D:\Novels Library\Final_all_books\The Case of the Mesmerizing Bos,1
The Crown,D:\Novels Library\Final_all_books\The Crown,1
The Daily Show,D:\Novels Library\Final_all_books\The Daily Show,1
The Devil Earl,D:\Novels Library\Final_all_books\The Devil Earl,1
The Devil's Lady,D:\Novels Library\Final_all_books\The Devil's Lady,1
The Bride Quest Series 3-Book Bund,D:\Novels Library\Final_all_books\The Bride Quest Series 3-Book Bund,1
The Dukes Mistress,D:\Novels Library\Final_all_books\The Dukes Mistress,1
The Earl's Dilemma,D:\Novels Library\Final_all_books\The Earl's Dilemma,1
The Guardians Forbidden Mistress,D:\Novels Library\Final_all_books\The Guardians Forbidden Mistress,1
The Last Rogue (1998) Harlequin,D:\Novels Library\Final_all_books\The Last Rogue (1998) Harlequin,1
The Lincoln Lawyer (2005),D:\Novels Library\Final_all_books\The Lincoln Lawyer (2005),1
The Glass Castle A Memoir-Scribner,D:\Novels Library\Final_all_books\The Glass Castle A Memoir-Scribner,1
The Millionaires Inexperienced Lov,D:\Novels Library\Final_all_books\The Millionaires Inexperienced Lov,1
The Heart's Wager,D:\Novels Library\Final_all_books\The Heart's Wager,1
The Mistress Deception,D:\Novels Library\Final_all_books\The Mistress Deception,1
The Midwife's Glass Slipper,D:\Novels Library\Final_all_books\The Midwife's Glass Slipper,1
The Other Side of the Moon,D:\Novels Library\Final_all_books\The Other Side of the Moon,1
The Outlaw Viking,D:\Novels Library\Final_all_books\The Outlaw Viking,1
The Playful Prince,D:\Novels Library\Final_all_books\The Playful Prince,1
The Poet (1997),D:\Novels Library\Final_all_books\The Poet (1997),1
The Pride Of Jared MacKade,D:\Novels Library\Final_all_books\The Pride Of Jared MacKade,1
The Mistaken Widow,D:\Novels Library\Final_all_books\The Mistaken Widow,1
The Rake's Proposal,D:\Novels Library\Final_all_books\The Rake's Proposal,1
The Reluctant Viking,D:\Novels Library\Final_all_books\The Reluctant Viking,1
The Queen in Winter,D:\Novels Library\Final_all_books\The Queen in Winter,1
The Rogue Prince,D:\Novels Library\Final_all_books\The Rogue Prince,1
The Ruthless Marriage Proposal,D:\Novels Library\Final_all_books\The Ruthless Marriage Proposal,1
The Sandman-The Dream Hunters,D:\Novels Library\Final_all_books\The Sandman-The Dream Hunters,1
The Partner,D:\Novels Library\Final_all_books\The Partner,1
The Seduction Project,D:\Novels Library\Final_all_books\The Seduction Project,1
The Shower,D:\Novels Library\Final_all_books\The Shower,1
The Smuggler,D:\Novels Library\Final_all_books\The Smuggler,1
The Tarnished Lady,D:\Novels Library\Final_all_books\The Tarnished Lady,1
The Savage King,D:\Novels Library\Final_all_books\The Savage King,1
The Titan's Curse (Rick Riordan),D:\Novels Library\Final_all_books\The Titan's Curse (Rick Riordan),1
The Truth Is a Cave in the Black M,D:\Novels Library\Final_all_books\The Truth Is a Cave in the Black M,1
The Selection,D:\Novels Library\Final_all_books\The Selection,1
The Weerde,D:\Novels Library\Final_all_books\The Weerde,1
The Warrior,D:\Novels Library\Final_all_books\The Warrior,1
The Tenderfoot Bride (v1.0),D:\Novels Library\Final_all_books\The Tenderfoot Bride (v1.0),1
The Rogue,D:\Novels Library\Final_all_books\The Rogue,1
The Washington Post,D:\Novels Library\Final_all_books\The Washington Post,1
Theodore Brun,D:\Novels Library\Final_all_books\Theodore Brun,1
Theresa Crater,D:\Novels Library\Final_all_books\Theresa Crater,1
Theresa DaLayne,D:\Novels Library\Final_all_books\Theresa DaLayne,1
Theresa Linden,D:\Novels Library\Final_all_books\Theresa Linden,1
Theresa Paolo,D:\Novels Library\Final_all_books\Theresa Paolo,1
Therese Beharrie,D:\Novels Library\Final_all_books\Therese Beharrie,1
Theresa,D:\Novels Library\Final_all_books\Theresa,1
"Therrien, Jessica","D:\Novels Library\Final_all_books\Therrien, Jessica",1
Thomas Bernhard,D:\Novels Library\Final_all_books\Thomas Bernhard,1
Theroux Paul,D:\Novels Library\Final_all_books\Theroux Paul,1
The Repossession Mambo,D:\Novels Library\Final_all_books\The Repossession Mambo,1
Thomas Bulfinch,D:\Novels Library\Final_all_books\Thomas Bulfinch,1
Thomas J. Prestopnik,D:\Novels Library\Final_all_books\Thomas J. Prestopnik,1
Thomas Lockhaven,D:\Novels Library\Final_all_books\Thomas Lockhaven,1
Thomas L. Friedman,D:\Novels Library\Final_all_books\Thomas L. Friedman,1
Thomas Maier,D:\Novels Library\Final_all_books\Thomas Maier,1
Thomas Pynchon,D:\Novels Library\Final_all_books\Thomas Pynchon,1
Thomas More,D:\Novels Library\Final_all_books\Thomas More,1
Thomas Scott,D:\Novels Library\Final_all_books\Thomas Scott,1
Thomas K Carpenter,D:\Novels Library\Final_all_books\Thomas K Carpenter,1
"Thornton, Mark","D:\Novels Library\Final_all_books\Thornton, Mark",1
Thomas Ruys Smith,D:\Novels Library\Final_all_books\Thomas Ruys Smith,1
Thomas Silenski,D:\Novels Library\Final_all_books\Thomas Silenski,1
"Thorne, Jenn Marie","D:\Novels Library\Final_all_books\Thorne, Jenn Marie",1
Thrity Umrigar,D:\Novels Library\Final_all_books\Thrity Umrigar,1
"Thor, Brad","D:\Novels Library\Final_all_books\Thor, Brad",1
Tia Reed,D:\Novels Library\Final_all_books\Tia Reed,1
Tif Marcelo,D:\Novels Library\Final_all_books\Tif Marcelo,1
Tiffany Haddish,D:\Novels Library\Final_all_books\Tiffany Haddish,1
Tia Williams,D:\Novels Library\Final_all_books\Tia Williams,1
"Thomas Uose, Hanna","D:\Novels Library\Final_all_books\Thomas Uose, Hanna",1
"Thompson, Colleen","D:\Novels Library\Final_all_books\Thompson, Colleen",1
Tiffany Wang,D:\Novels Library\Final_all_books\Tiffany Wang,1
Tia Silverthorne Bach,D:\Novels Library\Final_all_books\Tia Silverthorne Bach,1
Tilly Bagshawe,D:\Novels Library\Final_all_books\Tilly Bagshawe,1
Tim Alberta,D:\Novels Library\Final_all_books\Tim Alberta,1
Tim Butcher,D:\Novels Library\Final_all_books\Tim Butcher,1
Tim McBain,D:\Novels Library\Final_all_books\Tim McBain,1
Tim Lahaye,D:\Novels Library\Final_all_books\Tim Lahaye,1
Tim Murphy,D:\Novels Library\Final_all_books\Tim Murphy,1
Tim Lebbon,D:\Novels Library\Final_all_books\Tim Lebbon,1
Tim Sinclair,D:\Novels Library\Final_all_books\Tim Sinclair,1
Tim Tigner,D:\Novels Library\Final_all_books\Tim Tigner,1
Tim Vicary,D:\Novels Library\Final_all_books\Tim Vicary,1
Tim Waggoner,D:\Novels Library\Final_all_books\Tim Waggoner,1
Tim O'Rourke,D:\Novels Library\Final_all_books\Tim O'Rourke,1
Timandra Whitecastle,D:\Novels Library\Final_all_books\Timandra Whitecastle,1
Timothy B. Tyson,D:\Novels Library\Final_all_books\Timothy B. Tyson,1
Timothy W Long,D:\Novels Library\Final_all_books\Timothy W Long,1
Timothy Zahn,D:\Novels Library\Final_all_books\Timothy Zahn,1
Tina Donahue,D:\Novels Library\Final_all_books\Tina Donahue,1
Tina Duncan,D:\Novels Library\Final_all_books\Tina Duncan,1
tina long,D:\Novels Library\Final_all_books\tina long,1
Tina Fey,D:\Novels Library\Final_all_books\Tina Fey,1
Tish Thawer,D:\Novels Library\Final_all_books\Tish Thawer,1
Tina Radcliffe,D:\Novels Library\Final_all_books\Tina Radcliffe,1
Tjalara Draper,D:\Novels Library\Final_all_books\Tjalara Draper,1
Tobi Ogundiran,D:\Novels Library\Final_all_books\Tobi Ogundiran,1
Tobias Druitt,D:\Novels Library\Final_all_books\Tobias Druitt,1
Toby Wise,D:\Novels Library\Final_all_books\Toby Wise,1
TJ Klune,D:\Novels Library\Final_all_books\TJ Klune,1
Todd Deluca,D:\Novels Library\Final_all_books\Todd Deluca,1
Tj Reynolds,D:\Novels Library\Final_all_books\Tj Reynolds,1
Todd L Hoppe,D:\Novels Library\Final_all_books\Todd L Hoppe,1
Todd LaBerge,D:\Novels Library\Final_all_books\Todd LaBerge,1
TOBI Hirotaka,D:\Novels Library\Final_all_books\TOBI Hirotaka,1
Todd Balf,D:\Novels Library\Final_all_books\Todd Balf,1
Todd Cook,D:\Novels Library\Final_all_books\Todd Cook,1
Todd McCaffrey,D:\Novels Library\Final_all_books\Todd McCaffrey,1
Todd Johnson,D:\Novels Library\Final_all_books\Todd Johnson,1
Todd Outcalt,D:\Novels Library\Final_all_books\Todd Outcalt,1
Todd Lammle,D:\Novels Library\Final_all_books\Todd Lammle,1
Todd Richards,D:\Novels Library\Final_all_books\Todd Richards,1
Todd Parr Narrated Bytodd Parr,D:\Novels Library\Final_all_books\Todd Parr Narrated Bytodd Parr,1
"Todd, Anna","D:\Novels Library\Final_all_books\Todd, Anna",1
Todd Zellis,D:\Novels Library\Final_all_books\Todd Zellis,1
Todd M. Mealy,D:\Novels Library\Final_all_books\Todd M. Mealy,1
Todd Stockert,D:\Novels Library\Final_all_books\Todd Stockert,1
"Tolle, Eckhart","D:\Novels Library\Final_all_books\Tolle, Eckhart",1
Tolulope Popoola,D:\Novels Library\Final_all_books\Tolulope Popoola,1
"Tolstoy, Leo","D:\Novels Library\Final_all_books\Tolstoy, Leo",1
Tom Barbash,D:\Novels Library\Final_all_books\Tom Barbash,1
Tom Calen,D:\Novels Library\Final_all_books\Tom Calen,1
Tom Clancy; Steve Pieczenik,D:\Novels Library\Final_all_books\Tom Clancy; Steve Pieczenik,1
Tom Clancy; Steve R. Pieczenik,D:\Novels Library\Final_all_books\Tom Clancy; Steve R. Pieczenik,1
Tom Easton,D:\Novels Library\Final_all_books\Tom Easton,1
Tom Graves,D:\Novels Library\Final_all_books\Tom Graves,1
Tom Hillenbrand,D:\Novels Library\Final_all_books\Tom Hillenbrand,1
Tom Kuntz,D:\Novels Library\Final_all_books\Tom Kuntz,1
Tom Kuntz; Phil Kuntz,D:\Novels Library\Final_all_books\Tom Kuntz; Phil Kuntz,1
Tom Lloyd,D:\Novels Library\Final_all_books\Tom Lloyd,1
Tom Maddox,D:\Novels Library\Final_all_books\Tom Maddox,1
Tom Rob Smith,D:\Novels Library\Final_all_books\Tom Rob Smith,1
Tom Robbins,D:\Novels Library\Final_all_books\Tom Robbins,1
Tom McCarthy,D:\Novels Library\Final_all_books\Tom McCarthy,1
Tom Shepherd,D:\Novels Library\Final_all_books\Tom Shepherd,1
Tom Taylor,D:\Novels Library\Final_all_books\Tom Taylor,1
Tom Clancy; Jeff Rovin; Steve R. P,D:\Novels Library\Final_all_books\Tom Clancy; Jeff Rovin; Steve R. P,1
Tom Wakefield,D:\Novels Library\Final_all_books\Tom Wakefield,1
Tom Watson,D:\Novels Library\Final_all_books\Tom Watson,1
Tomi Adeyemi,D:\Novels Library\Final_all_books\Tomi Adeyemi,1
Tom Wolfe,D:\Novels Library\Final_all_books\Tom Wolfe,1
Tommy Orange,D:\Novels Library\Final_all_books\Tommy Orange,1
"Tomlinson, Karen","D:\Novels Library\Final_all_books\Tomlinson, Karen",1
Tony Blair,D:\Novels Library\Final_all_books\Tony Blair,1
Tony Augarde,D:\Novels Library\Final_all_books\Tony Augarde,1
Toni Cox,D:\Novels Library\Final_all_books\Toni Cox,1
Tony J Forder,D:\Novels Library\Final_all_books\Tony J Forder,1
Tonya Duncan Ellis,D:\Novels Library\Final_all_books\Tonya Duncan Ellis,1
Tony Faggioli,D:\Novels Library\Final_all_books\Tony Faggioli,1
"Toro, Guillermo Del","D:\Novels Library\Final_all_books\Toro, Guillermo Del",1
Torquato Tasso,D:\Novels Library\Final_all_books\Torquato Tasso,1
Tosca Lee,D:\Novels Library\Final_all_books\Tosca Lee,1
Toure Roberts,D:\Novels Library\Final_all_books\Toure Roberts,1
Torsten Krol,D:\Novels Library\Final_all_books\Torsten Krol,1
Tracey Cox,D:\Novels Library\Final_all_books\Tracey Cox,1
Tracey Garvis Graves,D:\Novels Library\Final_all_books\Tracey Garvis Graves,1
Traci Licht,D:\Novels Library\Final_all_books\Traci Licht,1
Tracie Delaney,D:\Novels Library\Final_all_books\Tracie Delaney,1
Traci Harding,D:\Novels Library\Final_all_books\Traci Harding,1
Tracy Chevalier,D:\Novels Library\Final_all_books\Tracy Chevalier,1
Tracy Lorraine,D:\Novels Library\Final_all_books\Tracy Lorraine,1
Tracy Madison,D:\Novels Library\Final_all_books\Tracy Madison,1
Tracy Townsend,D:\Novels Library\Final_all_books\Tracy Townsend,1
Tracy Wolff,D:\Novels Library\Final_all_books\Tracy Wolff,1
Travis Crowder,D:\Novels Library\Final_all_books\Travis Crowder,1
Travis Johnston,D:\Novels Library\Final_all_books\Travis Johnston,1
Tracy L. Barr,D:\Novels Library\Final_all_books\Tracy L. Barr,1
Travis McGee,D:\Novels Library\Final_all_books\Travis McGee,1
Travis Beacham,D:\Novels Library\Final_all_books\Travis Beacham,1
Trent Dalton,D:\Novels Library\Final_all_books\Trent Dalton,1
Trenton Lee Stewart,D:\Novels Library\Final_all_books\Trenton Lee Stewart,1
"Trethewey, Jennifer","D:\Novels Library\Final_all_books\Trethewey, Jennifer",1
Tricia Levenseller,D:\Novels Library\Final_all_books\Tricia Levenseller,1
Tricia O'Malley,D:\Novels Library\Final_all_books\Tricia O'Malley,1
Trish Millburn,D:\Novels Library\Final_all_books\Trish Millburn,1
Trish Milburn,D:\Novels Library\Final_all_books\Trish Milburn,1
Trinity Blacio,D:\Novels Library\Final_all_books\Trinity Blacio,1
Troll Bridge,D:\Novels Library\Final_all_books\Troll Bridge,1
Trombley Susan Trombley,D:\Novels Library\Final_all_books\Trombley Susan Trombley,1
Trudi Canavan,D:\Novels Library\Final_all_books\Trudi Canavan,1
Tucker Max,D:\Novels Library\Final_all_books\Tucker Max,1
Tucker Max; Maddox,D:\Novels Library\Final_all_books\Tucker Max; Maddox,1
"Tully, Cathy","D:\Novels Library\Final_all_books\Tully, Cathy",1
"Turner, G.O_","D:\Novels Library\Final_all_books\Turner, G.O_",1
"Turaki, Umar","D:\Novels Library\Final_all_books\Turaki, Umar",1
Ty Hutchinson,D:\Novels Library\Final_all_books\Ty Hutchinson,1
"Tuhovsky, Ian","D:\Novels Library\Final_all_books\Tuhovsky, Ian",1
"Turner, Tom","D:\Novels Library\Final_all_books\Turner, Tom",1
Ty Patterson,D:\Novels Library\Final_all_books\Ty Patterson,1
Ty M. Bollinger,D:\Novels Library\Final_all_books\Ty M. Bollinger,1
Trista Mateer,D:\Novels Library\Final_all_books\Trista Mateer,1
"TYNER, LIZ","D:\Novels Library\Final_all_books\TYNER, LIZ",1
Tyora Moody,D:\Novels Library\Final_all_books\Tyora Moody,1
UD Yasha,D:\Novels Library\Final_all_books\UD Yasha,1
Umberto Eco,D:\Novels Library\Final_all_books\Umberto Eco,1
Tyler Knott Gregson,D:\Novels Library\Final_all_books\Tyler Knott Gregson,1
Unknown 1,D:\Novels Library\Final_all_books\Unknown 1,1
TS Snow,D:\Novels Library\Final_all_books\TS Snow,1
"Updegrove, Andrew","D:\Novels Library\Final_all_books\Updegrove, Andrew",1
Troy Osgood,D:\Novels Library\Final_all_books\Troy Osgood,1
Upton Sinclair,D:\Novels Library\Final_all_books\Upton Sinclair,1
"Uris, Leon","D:\Novels Library\Final_all_books\Uris, Leon",1
"Utt, Kelly","D:\Novels Library\Final_all_books\Utt, Kelly",1
V Romas Burton,D:\Novels Library\Final_all_books\V Romas Burton,1
V M Knox,D:\Novels Library\Final_all_books\V M Knox,1
V. C. Andrews,D:\Novels Library\Final_all_books\V. C. Andrews,1
V. E. Schwab,D:\Novels Library\Final_all_books\V. E. Schwab,1
V. R. Cumming,D:\Novels Library\Final_all_books\V. R. Cumming,1
V. Romas Burton,D:\Novels Library\Final_all_books\V. Romas Burton,1
V. S. Frost,D:\Novels Library\Final_all_books\V. S. Frost,1
V.C. Andrews,D:\Novels Library\Final_all_books\V.C. Andrews,1
V.E Schwab,D:\Novels Library\Final_all_books\V.E Schwab,1
V.E. Schwab,D:\Novels Library\Final_all_books\V.E. Schwab,1
Val Crowe,D:\Novels Library\Final_all_books\Val Crowe,1
"Vale, Lani Lynn","D:\Novels Library\Final_all_books\Vale, Lani Lynn",1
Valerie Hansen,D:\Novels Library\Final_all_books\Valerie Hansen,1
Valerie Marsh,D:\Novels Library\Final_all_books\Valerie Marsh,1
Valerio Malvezzi,D:\Novels Library\Final_all_books\Valerio Malvezzi,1
"Valentine, Layla","D:\Novels Library\Final_all_books\Valentine, Layla",1
"Vanak, Bonnie","D:\Novels Library\Final_all_books\Vanak, Bonnie",1
Vanda Krefft,D:\Novels Library\Final_all_books\Vanda Krefft,1
Vanessa Green,D:\Novels Library\Final_all_books\Vanessa Green,1
Vanessa James,D:\Novels Library\Final_all_books\Vanessa James,1
Vanessa Miller,D:\Novels Library\Final_all_books\Vanessa Miller,1
"Vansant, Amy","D:\Novels Library\Final_all_books\Vansant, Amy",1
Varun Sayal,D:\Novels Library\Final_all_books\Varun Sayal,1
"Vastine, Amy; Ross, Carol; Denman,","D:\Novels Library\Final_all_books\Vastine, Amy; Ross, Carol; Denman,",1
Vatsyayana,D:\Novels Library\Final_all_books\Vatsyayana,1
"Vaughn Roe, JacQueline","D:\Novels Library\Final_all_books\Vaughn Roe, JacQueline",1
"Vaughn, Taylor","D:\Novels Library\Final_all_books\Vaughn, Taylor",1
"Vaughn, V_","D:\Novels Library\Final_all_books\Vaughn, V_",1
"Vedurla, Nivedita","D:\Novels Library\Final_all_books\Vedurla, Nivedita",1
Vera Hollins,D:\Novels Library\Final_all_books\Vera Hollins,1
"Vancil, Alicia Kat","D:\Novels Library\Final_all_books\Vancil, Alicia Kat",1
Vernon Davis,D:\Novels Library\Final_all_books\Vernon Davis,1
"Van Meter, Kimberly","D:\Novels Library\Final_all_books\Van Meter, Kimberly",1
Veronica Secret,D:\Novels Library\Final_all_books\Veronica Secret,1
Veronica Shade,D:\Novels Library\Final_all_books\Veronica Shade,1
VF Streets,D:\Novels Library\Final_all_books\VF Streets,1
Veronica Douglas,D:\Novels Library\Final_all_books\Veronica Douglas,1
Veronica Agnus,D:\Novels Library\Final_all_books\Veronica Agnus,1
"Vi Keeland, Penelope Ward, Susan S","D:\Novels Library\Final_all_books\Vi Keeland, Penelope Ward, Susan S",1
Vi Lily,D:\Novels Library\Final_all_books\Vi Lily,1
Vic Malachai,D:\Novels Library\Final_all_books\Vic Malachai,1
"Vickers, R.J_","D:\Novels Library\Final_all_books\Vickers, R.J_",1
Vicki Delany,D:\Novels Library\Final_all_books\Vicki Delany,1
Victoire Batiste,D:\Novels Library\Final_all_books\Victoire Batiste,1
Victor Hugo,D:\Novels Library\Final_all_books\Victor Hugo,1
Victor Milan,D:\Novels Library\Final_all_books\Victor Milan,1
Victoria Austin,D:\Novels Library\Final_all_books\Victoria Austin,1
Vicky Alvear Shecter,D:\Novels Library\Final_all_books\Vicky Alvear Shecter,1
Victoria Helen Stone,D:\Novels Library\Final_all_books\Victoria Helen Stone,1
Victoria Evers,D:\Novels Library\Final_all_books\Victoria Evers,1
Victoria Goddard,D:\Novels Library\Final_all_books\Victoria Goddard,1
Victoria M. Patton,D:\Novels Library\Final_all_books\Victoria M. Patton,1
Victoria James,D:\Novels Library\Final_all_books\Victoria James,1
Victoria Selman,D:\Novels Library\Final_all_books\Victoria Selman,1
Victoria Schwab,D:\Novels Library\Final_all_books\Victoria Schwab,1
Victoria Sue,D:\Novels Library\Final_all_books\Victoria Sue,1
Vince Flynn,D:\Novels Library\Final_all_books\Vince Flynn,1
Vincent Bugliosi,D:\Novels Library\Final_all_books\Vincent Bugliosi,1
Vincent V. Cava,D:\Novels Library\Final_all_books\Vincent V. Cava,1
Viola Davis,D:\Novels Library\Final_all_books\Viola Davis,1
Violet Froste,D:\Novels Library\Final_all_books\Violet Froste,1
Violet Malvik,D:\Novels Library\Final_all_books\Violet Malvik,1
Virgil,D:\Novels Library\Final_all_books\Virgil,1
"Virgina Morell, Mary Roach","D:\Novels Library\Final_all_books\Virgina Morell, Mary Roach",1
Virginia Bergin,D:\Novels Library\Final_all_books\Virginia Bergin,1
Virginia Henley,D:\Novels Library\Final_all_books\Virginia Henley,1
Vito Zuppardo,D:\Novels Library\Final_all_books\Vito Zuppardo,1
Vivi Anna,D:\Novels Library\Final_all_books\Vivi Anna,1
Vivienne Chang,D:\Novels Library\Final_all_books\Vivienne Chang,1
Vivian Lark,D:\Novels Library\Final_all_books\Vivian Lark,1
Vladimir Nabokov,D:\Novels Library\Final_all_books\Vladimir Nabokov,1
Vladimir Romanov,D:\Novels Library\Final_all_books\Vladimir Romanov,1
W J May,D:\Novels Library\Final_all_books\W J May,1
"W. E. B. Du Bois, Booker T. Washin","D:\Novels Library\Final_all_books\W. E. B. Du Bois, Booker T. Washin",1
W. H. D. Rouse,D:\Novels Library\Final_all_books\W. H. D. Rouse,1
W. Somerset Maugham,D:\Novels Library\Final_all_books\W. Somerset Maugham,1
W. E. B. Du Bois; Farah Jasmine Gr,D:\Novels Library\Final_all_books\W. E. B. Du Bois; Farah Jasmine Gr,1
Wa Thiong'o Ngugi,D:\Novels Library\Final_all_books\Wa Thiong'o Ngugi,1
"Walker, Audrey","D:\Novels Library\Final_all_books\Walker, Audrey",1
"Walker, LynDee","D:\Novels Library\Final_all_books\Walker, LynDee",1
"Walker, Robert J_","D:\Novels Library\Final_all_books\Walker, Robert J_",1
Wallace Henry,D:\Novels Library\Final_all_books\Wallace Henry,1
Wallace Stegner,D:\Novels Library\Final_all_books\Wallace Stegner,1
Wahome Mutahi,D:\Novels Library\Final_all_books\Wahome Mutahi,1
Wally Lamb,D:\Novels Library\Final_all_books\Wally Lamb,1
Walt Whitman,D:\Novels Library\Final_all_books\Walt Whitman,1
Walter Scott,D:\Novels Library\Final_all_books\Walter Scott,1
"Walls, Jeannette","D:\Novels Library\Final_all_books\Walls, Jeannette",1
"Ware, Ruth","D:\Novels Library\Final_all_books\Ware, Ruth",1
Warwick Gibson,D:\Novels Library\Final_all_books\Warwick Gibson,1
"Walls, Annie","D:\Novels Library\Final_all_books\Walls, Annie",1
Wayne Fanebust,D:\Novels Library\Final_all_books\Wayne Fanebust,1
Wayne Stinnett,D:\Novels Library\Final_all_books\Wayne Stinnett,1
Wallace Irving,D:\Novels Library\Final_all_books\Wallace Irving,1
"Weatherly, L.A_","D:\Novels Library\Final_all_books\Weatherly, L.A_",1
Weike Wang,D:\Novels Library\Final_all_books\Weike Wang,1
"WEISS, KIRSTEN","D:\Novels Library\Final_all_books\WEISS, KIRSTEN",1
Wendell Berry,D:\Novels Library\Final_all_books\Wendell Berry,1
Wendy Etherington,D:\Novels Library\Final_all_books\Wendy Etherington,1
Wendolyn Baird,D:\Novels Library\Final_all_books\Wendolyn Baird,1
Wendy May,D:\Novels Library\Final_all_books\Wendy May,1
Wendy May Andrews,D:\Novels Library\Final_all_books\Wendy May Andrews,1
Wendy Meadows,D:\Novels Library\Final_all_books\Wendy Meadows,1
Wendy S. Marcus,D:\Novels Library\Final_all_books\Wendy S. Marcus,1
Wendy Spinale,D:\Novels Library\Final_all_books\Wendy Spinale,1
Wendy Tyson,D:\Novels Library\Final_all_books\Wendy Tyson,1
Wanjiku wa Ngugi,D:\Novels Library\Final_all_books\Wanjiku wa Ngugi,1
"Wentworth, Sally","D:\Novels Library\Final_all_books\Wentworth, Sally",1
W.J. May,D:\Novels Library\Final_all_books\W.J. May,1
"Webb, Holly, author","D:\Novels Library\Final_all_books\Webb, Holly, author",1
West Annie,D:\Novels Library\Final_all_books\West Annie,1
"West, Natasha","D:\Novels Library\Final_all_books\West, Natasha",1
"West, Scarlett","D:\Novels Library\Final_all_books\West, Scarlett",1
"White, Emma","D:\Novels Library\Final_all_books\White, Emma",1
"White, Murray;","D:\Novels Library\Final_all_books\White, Murray;",1
"White, Loreth Anne","D:\Novels Library\Final_all_books\White, Loreth Anne",1
"Whitewolf, Alexa","D:\Novels Library\Final_all_books\Whitewolf, Alexa",1
WHITNAY EDES,D:\Novels Library\Final_all_books\WHITNAY EDES,1
Whitney Barbetti,D:\Novels Library\Final_all_books\Whitney Barbetti,1
Whitley Green,D:\Novels Library\Final_all_books\Whitley Green,1
"White, Brittany","D:\Novels Library\Final_all_books\White, Brittany",1
"Wideman, Robyn","D:\Novels Library\Final_all_books\Wideman, Robyn",1
"Wiesel, Elie","D:\Novels Library\Final_all_books\Wiesel, Elie",1
"Wilding, Tamara","D:\Novels Library\Final_all_books\Wilding, Tamara",1
Wilhelmina Kirk,D:\Novels Library\Final_all_books\Wilhelmina Kirk,1
Wilkie Collins,D:\Novels Library\Final_all_books\Wilkie Collins,1
Will Boast,D:\Novels Library\Final_all_books\Will Boast,1
"Wilkens, Marie","D:\Novels Library\Final_all_books\Wilkens, Marie",1
Will Self,D:\Novels Library\Final_all_books\Will Self,1
Will Wight,D:\Novels Library\Final_all_books\Will Wight,1
Willa Cather,D:\Novels Library\Final_all_books\Willa Cather,1
"Wilks, Eileen","D:\Novels Library\Final_all_books\Wilks, Eileen",1
Will Smith,D:\Novels Library\Final_all_books\Will Smith,1
William Boyle,D:\Novels Library\Final_all_books\William Boyle,1
William Collis,D:\Novels Library\Final_all_books\William Collis,1
William Codpiece Thwackery,D:\Novels Library\Final_all_books\William Codpiece Thwackery,1
Willa Hartley,D:\Novels Library\Final_all_books\Willa Hartley,1
William Golding,D:\Novels Library\Final_all_books\William Golding,1
William H. Mcraven,D:\Novels Library\Final_all_books\William H. Mcraven,1
William H. Weber,D:\Novels Library\Final_all_books\William H. Weber,1
William Kent Krueger,D:\Novels Library\Final_all_books\William Kent Krueger,1
William King,D:\Novels Library\Final_all_books\William King,1
William O. Steele,D:\Novels Library\Final_all_books\William O. Steele,1
William R Forstchen,D:\Novels Library\Final_all_books\William R Forstchen,1
William S. Burroughs,D:\Novels Library\Final_all_books\William S. Burroughs,1
William Morris,D:\Novels Library\Final_all_books\William Morris,1
William Shakespeare edited by Marv,D:\Novels Library\Final_all_books\William Shakespeare edited by Marv,1
William Stacey,D:\Novels Library\Final_all_books\William Stacey,1
William Hussey,D:\Novels Library\Final_all_books\William Hussey,1
"Williams, Scott B_","D:\Novels Library\Final_all_books\Williams, Scott B_",1
Windows User,D:\Novels Library\Final_all_books\Windows User,1
Winspear Violet,D:\Novels Library\Final_all_books\Winspear Violet,1
Winston Groom,D:\Novels Library\Final_all_books\Winston Groom,1
Winter Rose,D:\Novels Library\Final_all_books\Winter Rose,1
Winter's Heat,D:\Novels Library\Final_all_books\Winter's Heat,1
"Wilson, Gayle","D:\Novels Library\Final_all_books\Wilson, Gayle",1
Winter Renshaw,D:\Novels Library\Final_all_books\Winter Renshaw,1
"Winton, Tim","D:\Novels Library\Final_all_books\Winton, Tim",1
"Wolfe, Charlie","D:\Novels Library\Final_all_books\Wolfe, Charlie",1
"Wong, Tao","D:\Novels Library\Final_all_books\Wong, Tao",1
"Winters, Katie","D:\Novels Library\Final_all_books\Winters, Katie",1
"Wood, Barbara, 1947-","D:\Novels Library\Final_all_books\Wood, Barbara, 1947-",1
"Wood, Lauren","D:\Novels Library\Final_all_books\Wood, Lauren",1
"Wooding, Barbara;","D:\Novels Library\Final_all_books\Wooding, Barbara;",1
"Wrenn, Ana K_","D:\Novels Library\Final_all_books\Wrenn, Ana K_",1
"Wright, Athena","D:\Novels Library\Final_all_books\Wright, Athena",1
Wyatt Kane,D:\Novels Library\Final_all_books\Wyatt Kane,1
"Woods, June","D:\Novels Library\Final_all_books\Woods, June",1
"Wylder, Scott","D:\Novels Library\Final_all_books\Wylder, Scott",1
Wynter Daniels,D:\Novels Library\Final_all_books\Wynter Daniels,1
X Aratare,D:\Novels Library\Final_all_books\X Aratare,1
"X, Meg Xuemei","D:\Novels Library\Final_all_books\X, Meg Xuemei",1
"Wylder, Penny","D:\Novels Library\Final_all_books\Wylder, Penny",1
Xanthe Walter,D:\Novels Library\Final_all_books\Xanthe Walter,1
Xoe Accidental Ashes Broken Beasts,D:\Novels Library\Final_all_books\Xoe Accidental Ashes Broken Beasts,1
Yahrah St. John,D:\Novels Library\Final_all_books\Yahrah St. John,1
Yan Lianke,D:\Novels Library\Final_all_books\Yan Lianke,1
Yanis Varoufakis,D:\Novels Library\Final_all_books\Yanis Varoufakis,1
Yasser Seirawan,D:\Novels Library\Final_all_books\Yasser Seirawan,1
Xist Publishing,D:\Novels Library\Final_all_books\Xist Publishing,1
Yiming Ma,D:\Novels Library\Final_all_books\Yiming Ma,1
Yolanda McCarthy,D:\Novels Library\Final_all_books\Yolanda McCarthy,1
Yolandie Horak,D:\Novels Library\Final_all_books\Yolandie Horak,1
"Young, Daniel","D:\Novels Library\Final_all_books\Young, Daniel",1
Yiyun Li,D:\Novels Library\Final_all_books\Yiyun Li,1
Yvonne Korshak,D:\Novels Library\Final_all_books\Yvonne Korshak,1
"Young, Mila","D:\Novels Library\Final_all_books\Young, Mila",1
Zachary Steele,D:\Novels Library\Final_all_books\Zachary Steele,1
Zachry Wheeler,D:\Novels Library\Final_all_books\Zachry Wheeler,1
Zakiya Dalila Harris,D:\Novels Library\Final_all_books\Zakiya Dalila Harris,1
Zenobia Neil,D:\Novels Library\Final_all_books\Zenobia Neil,1
Zian Schafer,D:\Novels Library\Final_all_books\Zian Schafer,1
Zoe Archer,D:\Novels Library\Final_all_books\Zoe Archer,1
Zoe Burton,D:\Novels Library\Final_all_books\Zoe Burton,1
Zoe Aarsen,D:\Novels Library\Final_all_books\Zoe Aarsen,1
Zoje Stage,D:\Novels Library\Final_all_books\Zoje Stage,1
Zora Marie,D:\Novels Library\Final_all_books\Zora Marie,1
Zulekha A. Afzal,D:\Novels Library\Final_all_books\Zulekha A. Afzal,1
"Zweig, Stefanie","D:\Novels Library\Final_all_books\Zweig, Stefanie",1
[Havery Girls 02] The Lawman's Bri,D:\Novels Library\Final_all_books\[Havery Girls 02] The Lawman's Bri,1
_lizzie Starr,D:\Novels Library\Final_all_books\_lizzie Starr,1
Zora Black,D:\Novels Library\Final_all_books\Zora Black,1
.calnotes,D:\Novels Library\Final_all_books\.calnotes,0
.caltrash,D:\Novels Library\Final_all_books\.caltrash,0
Anna Leider,D:\Novels Library\Final_all_books\Anna Leider,0
Anne Vipond,D:\Novels Library\Final_all_books\Anne Vipond,0
Chantelle Shaw Kate Hewitt,D:\Novels Library\Final_all_books\Chantelle Shaw Kate Hewitt,0
Christian S. R. Hatton,D:\Novels Library\Final_all_books\Christian S. R. Hatton,0
Connie Bennett,D:\Novels Library\Final_all_books\Connie Bennett,0
Glen Cook,D:\Novels Library\Final_all_books\Glen Cook,0
Spencer Pratt,D:\Novels Library\Final_all_books\Spencer Pratt,0
