"id","cat_id","sub_cat_id","author_ids","book_access","title","description","image","url_type","url","download_enable","book_on_rent","book_rent_price","book_rent_time","featured","status"
"39720312","1","1","8416485","Free","Murder Comes Calling","It’s the coldest night Rowen can remember, but her family is taking it all in stride. The Greensmiths are a close family. They make the most of the nasty weather with a sleepover. A night of card games, toasted marshmallows, and movie marathons await them. What they don’t know is that this will be their last night of peace for a while. Something worse than bad weather is coming to Lainswich.  Rowen had never met her father until now. Desmond Trainer isn’t the man she expected him to be. She isn’t sure what she expected, but it certainly wasn’t this man going to such great lengths to keep avoiding her. Is he afraid of confronting his past, or does it have something to do with the little old lady who passed away the night he rolled into town? It’s a mystery Rowen will have to solve. And solving it means watching her family tree branch out in ways she never could have predicted.  Eighteenth Volume of the Lainswich Witches Mystery Series. Approx. 50,000 words in length. It is a standalone (reading prior or future volumes not required to enjoy the book, no cliffhanger).  ","https://images-na.ssl-images-amazon.com/images/S/compressed.photo.goodreads.com/books/1522888017i/39720312.jpg","local","upload\Raven Snow\Murder_Comes_Calling_-_Raven_Snow.epub","0","0","0.00","0","0","1"
"39720991","1","12","138825","Free","The Witch Elm","Toby is a happy-go-lucky charmer who's dodged a scrape at work and is celebrating with friends when the night takes a turn that will change his life: he surprises two burglars who beat him and leave him for dead. Struggling to recover from his injuries, beginning to understand that he might never be the same man again, he takes refuge at his family's ancestral home to care for his dying uncle Hugo. Then a skull is found in the trunk of an elm tree in the garden - and as detectives close in, Toby is forced to face the possibility that his past may not be what he has always believed.The Witch Elm asks what we become, and what we're capable of, when we no longer know who we are.","https://images-na.ssl-images-amazon.com/images/S/compressed.photo.goodreads.com/books/1527311195i/39720991.jpg","local","upload\Tana French\The_Witch_Elm_A_Novel_-_Tana_French.epub","0","0","0.00","0","0","1"
"39732700","1","17","13540545","Free","Divine Rival","Esme and her sexy Greek gods return for another glorious installment of Vivienne Savage's new American Goddess series. Find out what happens next in this magical sequel. Book 1 can be read as a standalone.","https://images-na.ssl-images-amazon.com/images/S/compressed.photo.goodreads.com/books/1525420784i/39732700.jpg","local","upload\Vivienne Savage\Divine_Rival_-_Vivienne_Savage.epub","0","0","0.00","0","0","1"
"39738730","1","9","1160213","Free","Bound by Their Christmas Baby","From under the mistletoe……to down the aisle!When brooding bachelor Gabe Arantini learns the innocent beauty he shared a steamy festive night with is the daughter of his business rival, he’s furious. The following Christmas, Abby returns with shocking news—she’s had his child! Gabe knows he must marry Abby to legitimize his son. But can this be a marriage in name only, or will their red-hot chemistry take over?Feel the heat in this festive secret baby romance!","https://images-na.ssl-images-amazon.com/images/S/compressed.photo.goodreads.com/books/1542068627i/39738730.jpg","local","upload\Clare Connelly\Bound_by_Their_Christmas_Baby_-_Clare_Connelly.epub","0","0","0.00","0","0","1"
"39749703","1","17","13843055","Free","The Faceless Woman","Once upon a time…  A town will only suffer the presence of a witch for as long as she is useful. Aisling watches the flames lick her thighs and prays for a quick death. But when an Unseelie prince appears through the smoke, she does what any self respecting witch would do.  She curses him.  Bran should never have traveled to the human realm, and is shocked when a witch binds them together. His life is hers and he refuses to die. He saves her from the fires, casts a hex on the townsfolk for good measure, then whisks her away to safety. His only stipulation? She has to remove the binding curse.  Unfortunately for them both, she can’t. Witch and Unseelie must travel across the Otherworld to break the ties that bind them. Secrets and lies stand between them, but both will stop at nothing to save themselves.","https://images-na.ssl-images-amazon.com/images/S/compressed.photo.goodreads.com/books/1523062765i/39749703.jpg","local","upload\Emma Hamm\The_Faceless_Woman_A_Retelling_-_Emma_Hamm.epub","0","0","0.00","0","0","1"
"39773503","1","32","14246775","Free","A Christmas Most Alien","This isn’t your typical Christmas tale. Not if you consider our hero crash-landing his spaceship, being taken captive by a warrior woman and dragged back to her lair a typical Christmas story. Will he learn that wealth, power, and revenge aren’t as important as love? No, screw that. He’ll take the wealth, power, revenge, and the love too. Please This novella was part of the Wicked Winter Tails Box set. It is set in the Zerconian world, but you do not have to read the other books to enjoy.","https://images-na.ssl-images-amazon.com/images/S/compressed.photo.goodreads.com/books/1523108322i/39773503.jpg","local","upload\Sadie Carter\A_Christmas_Most_Alien_-_Sadie_Carter.epub","0","0","0.00","0","0","1"
"39777154","1","1","4181354","Free","Forgotten","

Is the Heat a deadly fever…or a fiery desire that could save them both?


Deirdre Graves got lucky. When the Heat, a djinn-created virus, wiped out most of humanity, she was isolated at her university’s wildlife research station high in the mountains. Safe...for the moment.But with winter closing in and her choices narrowing down to freezing or starving, she builds a device that could save her life. Trouble is, the only way to find out if it works is to leave her sanctuary and face the djinn.One moment, Amaal al-Tariq is exploring his newly acquired mountain lands — or, more accurately, his place of exile. The next, he’s flat on his face, trapped by one delicate human woman carrying a device capable of rendering him helpless.Regaining what is most precious to him — his freedom — means gaining Deirdre’s trust. If that means using the attraction simmering between them to his advantage, so be it. He just never expected her courage and compassion to reach the one thing he’s kept to himself for so long...his heart.Note: The Djinn Dominion series is a spinoff from Christine Pope’s Djinn Wars novels. Each story is a standalone romance with no cliffhangers, although some plot lines and characters carry over from book to book.","https://images-na.ssl-images-amazon.com/images/S/compressed.photo.goodreads.com/books/1523131589i/39777154.jpg","local","upload\Christine Pope\Forgotten__A_Djinn_Wars_Novel_-_Christine_Pope.epub","0","0","0.00","0","0","1"
"39786187","1","17","3153804","Free","A Curious Invasion","In an Alternative Victorian London, England has a new queen--she just happens to be undead.Dr. Nettie Jones is a new agent for The Society for the Exploration of the Unexplainable, a secret organization protecting England from unnamed sources.Being half-vampire is an added complication.The Society doesn't yet appreciate Nettie but fate steps in when invaders from a dying planet begin following her the same day Queen Victoria chooses to be turned into a vampire. Things become dangerously interwoven when Nettie discovers that a supposed accident was in fact an act of betrayal by one of the agents of the Society.The first shot in a larger conspiracy Nettie and her fellow Society agents must pull together to thwart the alien invaders, fight off the vampire infestation, and rescue the Queen from becoming the longest ruling undead monarch, even if that rescue is against her will.","https://images-na.ssl-images-amazon.com/images/S/compressed.photo.goodreads.com/books/1523240681i/39786187.jpg","local","upload\Marie Andreas\A_Curious_Invasion_-_Marie_Andreas.epub","0","0","0.00","0","0","1"
"39789797","1","20","7985373","Free","Chevelle","Mercenary She was just a job. I needed to get in and uncover the Iron Fists’ next move. They’d hit the Oath Keepers enough in the past, and being the newest member, it was up to me to get close. Had I known I’d be getting close to Chevelle, maybe I could’ve prepared myself. I went in seeking revenge and came out wanting to protect one thing—her.  Chevelle Running The Pit was my life. I needed nothing and no one except my cars and a heart-thumping race. Gear head, Pit Master, alpha bitch, take your pick on what you’d rather call me. However, make note of one thing: I take shit from no one. Not even a broody, bossy, gorgeous biker aiming for my race spot and heart.  Complete standalone/HEA/No cheating/Over The Top Alpha","https://images-na.ssl-images-amazon.com/images/S/compressed.photo.goodreads.com/books/1526648749i/39789797.jpg","local","upload\Sapphire Knight\Chevelle_6x9_-_Sapphire_Knight.epub","0","0","0.00","0","0","1"
"39793085","1","5","14214297","Free","Baiting A Berserker","Addian Hevir doesn’t want a mate, he needs one…to save his clan, and himself before the beast within consumes what’s left of his humanity. As a berserker, it’s only a matter of time before one, or both happen. Time is perilously short. Fynn Barrow has had more than her share of Mr. Wrongs. A strong, independent Mer-woman, she’s not going to be content with just any man. She needs to be wanted by one who can meet her challenges in return. She’s not interested in playing the damsel in distress, or the dutiful housewife, to anyone. Gerri confidently pairs them, but it only takes one meeting for them both to have doubts. Can two dominant personalities find the balance to come together before others interfere and send one to their death, and the other back to square one? Or, will it take the imminent threat to drive them where they need to be? ","https://images-na.ssl-images-amazon.com/images/S/compressed.photo.goodreads.com/books/1523332415i/39793085.jpg","local","upload\Savannah Verte\Baiting_A_Berserker_-_Savannah_Verte.epub","0","0","0.00","0","0","1"
"39795501","1","41","16809300","Free","Runes of Mortality","Death should have been the end, but instead, it’s the start of my revenge... and they won’t see me coming.  Evie survived a trip to hell, literally, to find herself somewhere even more dangerous, with the angels. Angels who do not want to let her leave, not without a paying a price for the life they saved.  Angels. Demons. Protectors and more secrets than one world should hold. Who can Evie trust when everything is a lie? When it’s time for the assassin to return, and to claim what is hers, who will be on her side?   18+ Reverse Harem romance.","https://images-na.ssl-images-amazon.com/images/S/compressed.photo.goodreads.com/books/1523369509i/39795501.jpg","local","upload\G. Bailey\Runes_of_Mortality__A_Reverse_H_-_G._Bailey.epub","0","0","0.00","0","0","1"
"39797285","1","16","171159","Free","Finding His Wife, Finding A Son","
Reunited with his ex-wife…

…and her secret son!
In this Bondi Bay Heroes story, when Dr Luc Braxton is called to a collapsed shopping mall the last person he expects to rescue from the rubble is his fiercely independent ex-wife Dr Beth Carmichael—and Toby, the little boy he never knew she had. But to keep them in his life Luc must learn to love Beth the way she needs him to…","https://images-na.ssl-images-amazon.com/images/S/compressed.photo.goodreads.com/books/1523389494i/39797285.jpg","local","upload\Marion Lennox\Finding_His_Wife,_Finding_a_Son_-_Marion_Lennox.epub","0","0","0.00","0","0","1"
"39797287","1","9","5178460","Free","From Doctor To Princess?","He’s her reluctant patient…But might she soon be his royal fiancée?Dr Nell Maitland has escaped her unpleasant former boss to become private physician to Dr Hugo DeLeon—who’s also a crown prince! But doctors make the worst patients…especially when they’re as distractingly handsome as Hugo. When her past catches up with her, Nell must fake an engagement to this Prince who makes her heart pound! Might she become his Princess for real?","https://images-na.ssl-images-amazon.com/images/S/compressed.photo.goodreads.com/books/1523389496i/39797287.jpg","local","upload\Annie Claydon\From_Doctor_to_Princess__-_Annie_Claydon.epub","0","0","0.00","0","0","1"
"39797294","1","16","258036","Free","The Shy Nurse's Rebel Doc","
From playing it safe…

To falling for her rebel boss!
In this Bondi Bay Heroes story, ER nurse Samantha Braithwaite has learnt never to put limits on herself. But working with Dr Blake Cooper is her biggest challenge yet. He thinks she’s shy, but that makes her determined to prove she can make the Special Disaster Response team. And as days spill into nights the chemistry they’ve tried to hide is about to explode!","https://images-na.ssl-images-amazon.com/images/S/compressed.photo.goodreads.com/books/1523389500i/39797294.jpg","local","upload\Alison Roberts\The_Shy_Nurse's_Rebel_Doc_-_Alison_Roberts.epub","0","0","0.00","0","0","1"
"39806466","1","36","6860531","Free","Allies","""I wanted to snatch the compass and run, but the pawnbroker was watching me..."" Continue Navan and Riley's thrilling adventure in Allies , where friendships and relationships will be put to the test... and the queens may be closer to their prized elixir than ever before... Return to Vysanthe - buy now!*Beware of spoilers in the reviews below that are without spoiler alerts*","https://images-na.ssl-images-amazon.com/images/S/compressed.photo.goodreads.com/books/1523506293i/39806466.jpg","local","upload\Bella Forrest\Hotbloods_6__Allies_-_Bella_Forrest.epub","0","0","0.00","0","0","1"
"39810653","1","2","721","Free","Gray Mountain: A Novel","John Grisham has a n ew hero . . . and she’s full of surprisesThe year is 2008 and Samantha Kofer’s career at a huge Wall Street law firm is on the fast track—until the recession hits and she gets downsized, furloughed, escorted out of the building. Samantha, though, is one of the “lucky” associates. She’s offered an opportunity to work at a legal aid clinic for one year without pay, after which there would be a slim chance that she’d get her old job back.In a matter of days Samantha moves from Manhattan to Brady, Virginia, population 2,200, in the heart of Appalachia, a part of the world she has only read about. Mattie Wyatt, lifelong Brady resident and head of the town’s legal aid clinic, is there to teach her how to “help real people with real problems.” For the first time in her career, Samantha prepares a lawsuit, sees the inside of an actual courtroom, gets scolded by a judge, and receives threats from locals who aren’t so thrilled to have a big-city lawyer in town. And she learns that Brady, like most small towns, harbors some big secrets.Her new job takes Samantha into the murky and dangerous world of coal mining, where laws are often broken, rules are ignored, regulations are flouted, communities are divided, and the land itself is under attack from Big Coal. Violence is always just around the corner, and within weeks Samantha finds herself engulfed in litigation that turns deadly.","https://images-na.ssl-images-amazon.com/images/S/compressed.photo.goodreads.com/books/1528539973i/39810653.jpg","server_url","upload\John Grisham\Gray_Mountain__A_Novel_-_John_Grisham.epub","1","0","0.00","0","1","1"
"39822220","1","9","438948","Free","An Innocent, A Seduction, A Secret","The virgin’s Christmas surrender…And a life-changing consequence!When brooding Argentinean Seb Rivas spies elfin Edie Munroe’s talent for lavish interior decoration, he makes an irresistible job offer—to spend the festive season decorating his opulent home, no expense spared! Their desire flares hotly and, snowed in together, Edie becomes the sensual gift Seb wishes to unwrap. But in taking her innocence, neither realizes their overwhelming passion could have such shocking results…Indulge in this intense pregnancy romance!","https://images-na.ssl-images-amazon.com/images/S/compressed.photo.goodreads.com/books/1537340925i/39822220.jpg","local","upload\Abby Green\An_Innocent,_A_Seduction,_A_Sec_-_Abby_Green.epub","0","0","0.00","0","0","1"
"39822221","1","9","4990","Free","The Billionaire's Christmas Cinderella","She's as pure as winter snow...Can her innocence redeem him?Charismatic Manhattan tycoon Abe Devereux is famed for his cold heart. So meeting compassionate nanny Naomi, who's determined to see the good in him, is a novelty--as is the potency of their undeniable connection! Abe's notoriously merciless, and he wants this shy Cinderella between his sheets by Christmas. But will seducing gentle Naomi be Abe's biggest risk, or his greatest chance of redemption?The Ruthless Devereux Brothers miniseries  Book 1 -- The Innocent's Shock Pregnancy Book 2 -- The Billionaire's Christmas Cinderella","https://images-na.ssl-images-amazon.com/images/S/compressed.photo.goodreads.com/books/1542069302i/39822221.jpg","local","upload\Carol Marinelli\The_Billionaire's_Christmas_Cin_-_Carol_Marinelli_1.epub","0","0","0.00","0","0","1"
"39835412","1","12","28574","Free","A Justified Murder","
New York Times
 bestselling romance author Jude Deveraux continues her breakout Medlar Mystery series with a twisted tale of guilt and revenge...The small town of Lachlan, Florida, was rocked last year when two bodies were uncovered in the roots of a fallen tree. Despite their lack of investigative experience, Sara Medlar; her niece, Kate; and Jack Wyatt found themselves at the center of the mystery, working together to reveal the truth behind a decades-old secret in the sleepy town. After a narrow escape, they vowed to never again involve themselves in something so dangerous--until Janet Beeson is murdered.When Janet's body is discovered, everyone is shocked by the violence of the attack. The sweet little old woman has been shot, stabbed and poisoned, but no one can imagine who would want to harm one of the town's kindest, most helpful residents. Sara, Kate and Jack are determined to leave this case to the professionals. But they are soon bombarded by townspeople eager to tell their stories and clear their names with the trio who solved the Morris murders. Even the sheriff is hoping they'll lend their skills to a crime that seems to have no explanation and no motive. And once the town gets talking, they begin to see that there are more secrets buried in quiet Lachlan than anyone could have imagined...","https://images-na.ssl-images-amazon.com/images/S/compressed.photo.goodreads.com/books/1537726131i/39835412.jpg","local","upload\Jude Deveraux\A_Justified_Murder_-_Jude_Deveraux.epub","0","0","0.00","0","0","1"
"39845054","1","1","8146388","Free","Hell's Legacy","In a city where magic festers beneath the surface and monsters stalk the shadows, someone has to fight for the innocent....They call me wizard, fixer, finder, but mostly they call me Creed. Been hexed by a witch? Being stalked by a werewolf? Haunted by a crazy ghost? I’m the one you call to get my hands dirty, so you don’t have to.So when I got a call from a grieving parent to find their missing daughter, I was happy to help. But what started out as another garden variety missing persons case, has now turned into something much weirder and much more deadly. Now I find myself being hunted by a crazy serial killer bent on summoning eldritch abominations from beyond the stars. And as if that’s not enough, I also have to contend with a demon who wants my soul and the fact that I’ve been cursed on top of everything else. No big deal, right?If you like snarky heroes, lots of action, and a healthy dose of grit and gore, you’ll love the first installment in N.P. Martin’s series of urban fantasy/occult suspense novels. Explore the Wizard’s Creed universe and discover a taste of Blood Magic today.","https://images-na.ssl-images-amazon.com/images/S/compressed.photo.goodreads.com/books/1523670768i/39845054.jpg","local","upload\N. P. Martin\Hell_s_Legacy_-_N._P._Martin.epub","0","0","0.00","0","0","1"
"39846842","1","19","5062799","Free","Billionaire Bachelor: Justin","Money, Justin has. But society snubs their nose at the upstart gambler. Needing an in, he decides to marry. Where does the up and coming Billionaire go when he needs just the right bride? Diamond Bridal Agency  Hannah grew up among the moneyed society, but once her parents and fiance died, the money disappeared. Having been raised to be a socialite, she has no marketable skills to support herself. She was desperate and willing to do almost anything. But is she really what Justin wanted?","https://images-na.ssl-images-amazon.com/images/S/compressed.photo.goodreads.com/books/1523695454i/39846842.jpg","local","uploads/Melissa Stevens/Billionaire_Bachelor__Logan__Di_-_Melissa_Stevens.epub","0","0","0.00","0","0","1"
"39856634","1","17","6433324","Free","Magic after Midnight (After the Fire, #2)","Magic is real, and Marcia's life is a fairy tale. Except, according to her stepdaughter, she's the wicked stepmother. Undermined by a meddling godmother, Marcia is struggling to raise three teenagers in a world of enchantment and monsters. When she's introduced to a Night Elf who appears half her age, love is the last thing on her mind. Count Darerick Razvano is a Night Elf--please don't call him a vampire! Fighting for the survival of his race, he has no time for matters of the heart. When a charming widow inadvertently threatens the Night Elves' most carefully guarded secret, Darerick must seek Marcia out to save his people. Marcia's devoted to her children. Dare's determined to save his race. They aren't looking for love, but love might find them. In a world of monsters, love may save Night Elves and humans alike. A standalone, slow burn, paranormal romance in the world of I Bring the Fire.","https://images-na.ssl-images-amazon.com/images/S/compressed.photo.goodreads.com/books/1523821045i/39856634.jpg","local","upload\C. Gockel\Magic_After_Midnight_(After_the_-_C._Gockel.epub","0","0","0.00","0","0","1"
"39863264","1","17","1023510","Free","Reckoning of Fallen Gods","The new Coven series from the bestselling creator of Drizzt Do’Urden, continues with R.A. Salvatore's Reckoning of Fallen Gods!The winds of change are blowing upon Fireach Speur. Aoelyn risked her life to save the trader Talmadge and it cost her everything that is dear to her, but Talmadge survived and can’t forget the amazing woman that killed a god.Little do they realize, war is coming to the mountain. Far to west, a fallen empire stirs. One that sees a solar eclipse as a call to war. Their empire once dominated the known world and they want it back.","https://images-na.ssl-images-amazon.com/images/S/compressed.photo.goodreads.com/books/1530468653i/39863264.jpg","local","upload\R.A. Salvatore\Reckoning_of_Fallen_Gods_-_R._A._Salvatore.epub","0","0","0.00","0","0","1"
"39863375","1","20","2614,332028","Free","One Tough Cowboy","First in a brand-new series from #1 New York Times bestselling author Lora Leigh and Veronica Chadwick 
about one man’s pursuit of justice—and unbridled desire. 
LAW AND ORDER. For as long as Samantha can remember, Hunter—a man as strong as steel, with a heart of gold—has been her hero. It came as no surprise to Samantha when she found out that the ranch-hardened cowboy who always protected her from bullies went on to become the town’s sheriff. What does surprise her is how incredibly hot he still is. And how much she still wants him…PRIDE AND PASSIONAnd, lo and behold, Hunter still has feelings for Samantha. The long-smoldering heat of their innocent flirtation has grown into a full-raging fire. But when tragedy strikes, and their small-town community is shattered, Hunter vows to do everything he can to keep his childhood sweetheart safe. But can Samantha trust that Hunter has her best interests at heart…and that, after all these years, his love is true?“Leigh’s books can scorch the ink off the page.”—RT Book Reviews","https://images-na.ssl-images-amazon.com/images/S/compressed.photo.goodreads.com/books/1528447550i/39863375.jpg","local","upload\Lora Leigh\One_Tough_Cowboy_-_Lora_Leigh.epub","0","0","0.00","0","0","1"
"39863403","1","2","32498","Free","Dark Tribute","New York Times bestseller Iris Johansen is back with another high octane thriller that will leave your mind racing and your heart pounding. Despite her tragic childhood, violin prodigy Cara Delaney has finally found peace in her career as a professional musician and stability in her relationship with her guardians, forensic sculptor Eve Duncan and ex-Navy SEAL Joe Quinn. If only Jock Gavin, Cara's lifelong friend and a man with his own twisted history, would even talk to her, everything would be perfect.But the carefully constructed life Cara has built for herself is suddenly threatened when she is kidnapped by a mysterious man from her grandfather's past, setting off a violent chain of events that puts everyone Cara loves in danger. Will Cara become a tribute to her family's dark past, or will she be able to keep herself and her loved ones alive?Praise for Iris Johansen: ""A tantalizing puzzle...fans of paranormal suspense will be rewarded."" --Publishers Weekly""A fun read filled with plenty of action and mystery...Eve Duncan did not disappoint!"" --Criminal Element on Shattered Mirror""A fun plot...charming."" --Kirkus on Shattered Mirror","https://images-na.ssl-images-amazon.com/images/S/compressed.photo.goodreads.com/books/1526189859i/39863403.jpg","server_url","upload\Iris Johansen\Dark_Tribute_(Eve_Duncan_#24)_-_Iris_Johansen.epub","1","0","0.00","0","1","1"
"39865350","1","17","16809300","Free","True Light"," With sharing the true light, there is always a cost.   Aura Scott didn’t want to move house, but her father didn’t give her a choice when he wanted an escape after the car accident that nearly killed them both. Trying to survive in a literal ghost town is never fun, but add in the neighbours from hell, well it’s becoming a nightmare. Maxx and his brother have dark secrets, and Aura might want to run when she finds out the truth. When two strangers move into Maxx’s house across the street, Aura finds out there is more than just secrets to be frightened of.  When light appears, so does darkness… ","https://images-na.ssl-images-amazon.com/images/S/compressed.photo.goodreads.com/books/1523910527i/39865350.jpg","local","upload\G. Bailey\True_Light_-_G._Bailey.epub","0","0","0.00","0","0","1"
"39874057","1","16","3430431","Free","Want Me, Cowboy","Her rancher boss is looking for the perfect wife...and she wants the job!Poppy Sinclair kept her feelings for Isaiah Grayson secret for a decade. When her infuriatingly gorgeous Stetson-wearing boss enlists her help in finding him a convenient wife, she threatens to quit. Until Isaiah counters with an interesting proposal: Why doesn't she marry him? Can she say yes to sharing his life and his bed, but not his heart?","https://images-na.ssl-images-amazon.com/images/S/compressed.photo.goodreads.com/books/1531788422i/39874057.jpg","local","upload\Maisey Yates\Want_Me,_Cowboy_-_Maisey_Yates.epub","0","0","0.00","0","0","1"
"39876501","1","5","13540545","Free","Divine Ambrosia","One woman. Three Greek gods. Dive into a captivating and humorous romance that transcends time. Esme Caro’s dull life makes an electrifying change when not one but three hunky men begin pursuing her. After strange and unusual events start happening in town, her unexpected suitors confess an incredible secret—they believe Esme is Aphrodite, the Greek goddess of love and beauty, and they’ve waited centuries to reclaim her. Although she’s convinced the three are suffering a shared delusion, there's no denying that they are drop dead gorgeous, dangerous, and way too hot for her to resist.","https://images-na.ssl-images-amazon.com/images/S/compressed.photo.goodreads.com/books/1524085813i/39876501.jpg","local","upload\Vivienne Savage\Divine_Ambrosia_-_Vivienne_Savage.epub","0","0","0.00","0","0","1"
"39880748","1","12","12695","Free","Hard to Kill","When Captain Kellen Adams receives a job offer that sounds too good to be true, she finds herself balanced between fascination and fear. All she has to do is break a code and find a long-lost fortune…or die trying.New York Times bestselling author Christina Dodd kicks off her Cape Charade suspense series with Hard to Kill, a short story of treasure, treachery…and murder.","https://images-na.ssl-images-amazon.com/images/S/compressed.photo.goodreads.com/books/1530267985i/39880748.jpg","local","uploads/Christina Dodd/Hard_to_Kill_(Cape_Charade)_-_Christina_Dodd.epub","0","0","0.00","0","0","1"
"39880882","1","16","9835889","Free","Hitched","One unexpected encounter brings Sarah Gandry face to face with the two men she loves. Yes, two. Wilder and King have been the basis for every one of her fantasies for as long as she can remember. But they'd been just that...fantasies. Until now.  Now, the three of them get to make things right. To finally be together. But nothing's ever simple and the secrets she's held could tear them apart.  In book four of the Steele Ranch series, the wild west just got Wilder...and King.","https://images-na.ssl-images-amazon.com/images/S/compressed.photo.goodreads.com/books/1523993330i/39880882.jpg","local","upload\Vanessa Vale\Hitched__Steele_Ranch_-_Book_4_-_Vanessa_Vale.epub","0","0","0.00","0","0","1"
"39884314","1","17","28946","Free","A Choice of Secrets","Ever since raiders from the north began attacking villages, Lady Nicole Montagna has known that defending her people would come at a cost. The betrothal of her sister Chloe to a neighboring lord seems the perfect solution, forging a powerful alliance. But shortly before the wedding, Nicole is shocked to discover that her sister is with child—and not by her husband-to-be. Now she must make a choice. She has just hours to decide . . .   ~Should she tell her soldier brother—who will take swift, ruthless action to ensure the family’s safety?   ~Should she hold her tongue, let her sister deceive her husband into believing the child is his—and then hope Chloe can get away with the lie?   ~Should she tell her family, hoping they will know the right thing to do?   With the help of a magic mirror, Nicole lives out each path, fighting to protect herself and those she loves with the weapons she has: wits, herbs, and fortitude. But no matter her cleverness, neither she nor her family can escape unscathed—for there are repercussions she could never have foreseen, involving her own heart . . .   A CHOICE OF SECRETS   New York Times bestselling author Barb Hendee spins a tale of intrigue, integrity, and the bonds of love and loyalty as one young woman finds her place in a turbulent world . . .","https://images-na.ssl-images-amazon.com/images/S/compressed.photo.goodreads.com/books/1535248681i/39884314.jpg","local","upload\Barb Hendee\A_Choice_of_Secrets_-_Barb_Hendee.epub","0","0","0.00","0","0","1"
"39889716","1","17","6539577","Free","Alphas and Airships"," With Lionheart as the new alpha, the streets of London are quiet. But above the realm, mischief is brewing. While airship pirates are a common plague upon the kingdom, the Airship Fenrir proves particularly troublesome--especially on a full moon.Clemeny must take to the skies before these shape-shifting Vikings kick off a new Ragnarok. Easier said than done now that she's down one good eye, a partner, and not to mention the fact that she gets motion sick.On top of that, the new scar across her face makes Clemeny feel like she'll have better luck intimidating her foes than finding a beau. But Agent Edwin Hunter, recently assigned as head of Clemeny's division, is proving to be an interesting prospect. Despite her apprehensions, it's up to Agent Louvel to chase Fenrir across the heavens.Alphas and Airships is a retelling of the Little Red Riding Hood fairy tale set in Melanie Karsak's bestselling steampunk universe. Alphas and Airships is Book 2 in the Steampunk Red Riding Hood series.","https://images-na.ssl-images-amazon.com/images/S/compressed.photo.goodreads.com/books/1524083608i/39889716.jpg","local","upload\Melanie Karsak\Alphas_and_Airships__A_Steampun_-_Melanie_Karsak.epub","0","0","0.00","0","0","1"
"39892260","1","5","13819383","Free","Before the Raging Lion","The heart-stopping conclusion to the Mortality series.""I am a threat. I am a weapon. But I am not death."" Ava Holland has proven she'll do whatever it takes to protect the people she loves from the darkness sweeping across Evereach. But when Ava is captured by Evereach's forces, their real leader steps out of the shadows. Ava comes face to face with Alexander, the man who wants to use her as his own weapon of death. When the secrets of the mortality war are revealed, Ava must fight her final battle - the battle for her life.Before the Raging Lion is the final book in the action-packed four-book series.","https://images-na.ssl-images-amazon.com/images/S/compressed.photo.goodreads.com/books/1524121471i/39892260.jpg","local","upload\Everly Frost\Before_the_Raging_Lion_-_Everly_Frost.epub","0","0","0.00","0","0","1"
"39897637","1","16","2060858","Free","The Reaper Rescues The Genie","Welcome to Nocturne Falls, the town that celebrates Halloween 365 days a year. The tourists think it's all a show: the vampires, the werewolves, the witches, the occasional gargoyle flying through the sky. But the supernaturals populating the town know better.  Living in Nocturne Falls means being yourself. Fangs, fur, and all.  Death is what grim reaper Lucien Dupree knows best. Or rather, he did until his reaping powers became tragically unreliable. Now he’s living in a self-imposed exile to keep humanity safe. Sure, it’s a lonely existence, but it’s the best thing for everyone. Except him.  Retired genie, Imari Zephara, has found her happy place in Nocturne Falls. Well, as happy as she can be considering the alternative returning home would bring her. Then a dark force rears its ugly head and throws her life into turmoil. Suddenly the only way to save herself is to join forces with death, who turns out to be a pretty amazing guy.  But Lucien’s defective powers might not be enough to overcome centuries of jinn tradition, meaning Imari’s life would no longer be her own. All he wants is to give her the chance to choose her own future. Hopefully, one that includes him. What more could a guy a wish for?","https://images-na.ssl-images-amazon.com/images/S/compressed.photo.goodreads.com/books/1524180441i/39897637.jpg","local","upload\Kristen Painter\The_Reaper_Rescues_The_Genie_-_Kristen_Painter.epub","0","0","0.00","0","0","1"
"39903589","1","5","6860531","Free","A Voyage of Founders","
Welcome to Book 1 of Season 8, the beginning of a brand new story... 
The Shade's sixth hundredth year is approaching, and the island's younger generations have organized the perfect celebration for The Shade's founders. Derek, Sofia, Lucas, Vivienne and Xavier, Claudia and Yuri, among others, are set to take a vacation on the idyllic world of Strava; a seemingly deserted paradise nestled deep within the In-Between. All seems to be going well on their much-deserved break, until Derek stumbles upon something that wasn't meant to be found... 
A hidden cave, containing centuries' old secrets... 
As Derek and his closest friends and family set out to unravel the mystery, the rest of GASP soon becomes involved too... in what will quickly become another breathtaking, jaw-dropping, spine-tingling Shadian adventure! 
Prepare for a return of your favorite characters, old and new... Buy now!

*Beware of spoilers in the reviews below that are without spoiler alerts*

","https://images-na.ssl-images-amazon.com/images/S/compressed.photo.goodreads.com/books/1524259886i/39903589.jpg","local","upload\Bella Forrest\A_Voyage_of_Founders_-_Bella_Forrest.epub","0","0","0.00","0","0","1"
"39904427","1","45","14708215","Free","Souls Tethered","Autumn has managed to defeat a powerful enemy but at a terrible price. The majority of the Searchers have been captured by the Masters but penetrating the Dehmon stronghold could be a task more difficult than the Keeper and her few remaining protectors could hope to accomplish.Fortunately, the once solitary group has found some new allies. Ties are formed and bonds strengthened. With powerful friends by her side, Autumn will attempt the rescue of her captured loved ones. She must put faith in herself and those around her if she is to bring her Searchers back alive.Working together proves to have dire consequences, however, endangering not only the Keeper and her Searchers, but putting the world down a path there is no coming back from...","https://images-na.ssl-images-amazon.com/images/S/compressed.photo.goodreads.com/books/1524271345i/39904427.jpg","local","upload\Miranda Brock\Souls_Tethered_-_Miranda_Brock.epub","0","0","0.00","0","0","1"
"39905284","1","17","86327","Free","By Earth","Haunted by the dead, she fights for the living.   Cassiel thought she had outrun the ghosts, but here they were again, in Portland, Oregon, whispering in her ears.    Between the ghosts and her imminent eviction, Cassie has trouble enough, and then Joe walks into the café.   Cute enough to be interesting, Joe is haunted and doesn’t know it. Haunted by a dead girlfriend who insists the city itself is in trouble.   Cassie and Joe –along with Arrow and Crescent coven– must unravel the mystery shaking the city apart.    A mystery that may have killed Joe’s girlfriend. A mystery with corruption at its root.","https://images-na.ssl-images-amazon.com/images/S/compressed.photo.goodreads.com/books/1524285952i/39905284.jpg","local","upload\T. Thorn Coyle\By_Earth_-_T._Thorn_Coyle.epub","0","0","0.00","0","0","1"
"39906400","1","32","240840","Free","Bridging the Distance","Lorelei Daniels is having a terrible day--her self-driving car repossesses itself, she loses her job, and she's about to get kicked out of her apartment. What else could happen? How about a visit from a huge Kindred warrior begging her to come help him rescue another warrior who has been turned into a Cyborg?Bound Tight is desperate for help. Torn Deep, is his other half--without him, Bound is incomplete. He is certain that Lorelei is the answer--the only one who can help him rescue Torn. But will she agree to come with him?Because of her advanced degree in Artificial Intelligence Psychology, Lorelei is uniquely qualified to help with the Cyborg problem. But no matter how handsome Bound is, she's determined this is just a business transaction. However, when they rescue Torn, he has lost all memory of his past. It's up to Lorelei to try and bring the two warriors back together in the only way she can--by using her body as a bridge between them.Can Lorelei keep things businesslike as she brings the two back together? Or will she end up losing her heart as she is Bridging the Distance between the estranged Bound and Torn?","https://images-na.ssl-images-amazon.com/images/S/compressed.photo.goodreads.com/books/1524307214i/39906400.jpg","local","upload\Evangeline Anderson\Bridging_the_Distance_-_Evangeline_Anderson.epub","0","0","0.00","0","0","1"
"39907440","1","17","17019701,4927866","Free","Ascendant","The true enemy has been revealed. The clock is ticking. Everything comes down to one girl. One legend. One. Last. Battle. And Alex is either going to win it, or she's going to meet her end in a flurry of flames and fangs.  --- This is the fourth and final book of The Shift Chronicles.","https://images-na.ssl-images-amazon.com/images/S/compressed.photo.goodreads.com/books/1524320137i/39907440.jpg","local","upload\S.M. Gaither\Ascendant_-_S._M._Gaither.epub","0","0","0.00","0","0","1"
"39908698","1","35","6510612","Free","Forgiving the Dragon","After a near death experience, and being saved by his childhood friend turned enemy, Lightning, an albino dragon shifter wanted by the warlocks, rethinks his position on Tim, the little omega wolf related to the woman who tortured him. Buried feelings rise to the surface, and Lightning can no longer hold them back, or his lust.But if he is to heal from his past, he needs forgiveness from the one person he's been punishing the most. The person who deserved none of it. His mate.Tim only wants Lightning's happiness, and he has made no secret that he's content to let Lightning vent his anger on him, but Lightning's kisses, his touches, and almost losing him has made Tim rethink his need to make amends, and how he's been going about doing it. He wants more from the dragon shifter. He's just unsure about whether he has the right to ask for it, or if Lightning is sincere. [Siren Everlasting Classic Erotic Alternative Contemporary Fantasy Paranormal Romance, M/M, shape-shifter, werewolves, HEA]","https://images-na.ssl-images-amazon.com/images/S/compressed.photo.goodreads.com/books/1524333828i/39908698.jpg","local","upload\Marcy Jacks\Forgiving_the_Dragon_-_Marcy_Jacks.epub","0","0","0.00","0","0","1"
"39913639","1","45","336058","Free","The Phoenix Illusion","The agents of Supernatural Protection & Investigation (SPI) are used to dealing with the weird and the wacky, but even they are stunned when a building from another world suddenly appears on an empty lot in New York. . . I’m Makenna Fraser, seer for SPI, and it’s just my luck that my birthday party is literally crashed by a building from another planet. And it’s not just any building—it’s my goblin boyfriend’s house from his home world. SPI’s mission, to keep the public clueless about the supernatural, has us scrambling to find who did this and why, not to mention how.The deeper we dig, the more we realize this incident is the opening gambit to a much larger event. Old enemies have combined forces with an even older nemesis to develop the means to kidnap an entire building and everyone in it. But who, or what, is their ultimate target? Finding out and getting to the mark before they do will require all hands on deck, including some extraterrestrial help from the goblin home world. We’re running out of time, and if we can’t get our act together, we’ll have front-row seats for the end of the world as we know it.","https://images-na.ssl-images-amazon.com/images/S/compressed.photo.goodreads.com/books/1540317754i/39913639.jpg","local","upload\Lisa Shearin\The_Phoenix_Illusion_-_Lisa_Shearin.epub","0","0","0.00","0","0","1"
"39929582","1","17","3020656","Free","Kellanved's Reach","The conclusion to Ian C. Esslemont's epic fantasy Path to Ascendancy trilogy--a prequel story set in the New York Times bestselling Malazan Empire series--co-created by Steven Erikson.The incessant war between the bickering city states of Quon Tali rages. So engrossed are the warring lords and princes in their own petty feuds that few notice that an upstart mage from Dal Hon has gained control of the southern seas.Kellanved could not care less about any of this petty politicking or strategy or war. Something other and altogether more mysterious has caught his attention and he - together with a reluctant and his decidedly skeptical friend Dancer - traverse continents and journey through the Realms. But this ancient mystery that has so captivated Kellanved is neither esoteric nor ephemeral. It involves the Elder races themselves, and more alarmingly, the semi-mythic Army of Dust and Bone.Surely no one in their right mind would be so foolish as to embark on a journey from which none have returned? Well, no one except Kellanved.Path to Ascendancy#1 Dancer's Lament#2 Deadhouse Landing #3 Kellanved's ReachAt the Publisher's request, this title is being sold without Digital Rights Management Software (DRM) applied.","https://images-na.ssl-images-amazon.com/images/S/compressed.photo.goodreads.com/books/1546537166i/39929582.jpg","local","upload\Ian C. Esslemont\03_Kellanved_39_s_Reach_Path_to_Ascendancy_Trilogy_-_Malazan_World__ICE.epub","0","0","0.00","0","0","1"
"39942370","1","1","4107685","Free","Charmed","To flirt or to slap? It all started so…innocently? Mischievously is probably a better word. Skye fell in love. Hard! Mark was big and tall, muscular and charming. In bed he made her scream. Out of bed, he made her laugh. He was the perfect guy! But…he was a SWAT team member. He dove into the most dangerous situations without a second thought. So far, he’d come out of each mission alive, but…what about that one time when he didn’t? Skye was in too deep. She needed out. She loved Mark too much to wait around for that phone call. Mark woke up one morning, diamond ring in his pocket…only to find Skye gone. Not just gone, but he couldn’t find her. Until fates conspired and he moved from New York to LowPoint, Kentucky. He not only found the woman he couldn’t forget, but he also discovered that he was about to be a dad. Of babies! Yes, plural! Twins! Could they figure out how to move forward? Could Skye learn to live with the danger of his occupation?","https://images-na.ssl-images-amazon.com/images/S/compressed.photo.goodreads.com/books/1524665330i/39942370.jpg","server_url","upload\Elizabeth Lennox\Charmed_-_Final_All_Others_EPUB_-_Elizabeth_Lennox.epub","1","0","0.00","0","1","1"
"39942881","1","1","8146388","Free","Devil's Legacy","The Devil is always closer than you think…  Having narrowly escaped the clutches of Hell, Leia arrives back home to find that her biggest fear has come true: her twin brother Josh has once more turned to the darkness, only this time, he’s all in.  Josh and his demon best friend have managed to build a criminal empire in Leia’s absence, along with a ruthless reputation. Between the two, they want nothing less than to destroy the city, by plunging it into darkness so evil can reign. Stopping the evil means stopping Josh. The question is: does Leia have it in her to put an end to her own brother?  And that’s if he doesn’t end her first…  Read the thrilling conclusion to the Nephilim Rising Series today!  **This a completely revised and re-edited version of the previously published book, Hell To Pay (Watchers Book 4).**            ","https://images-na.ssl-images-amazon.com/images/S/compressed.photo.goodreads.com/books/1524669730i/39942881.jpg","local","upload\N. P. Martin\Devil_s_Legacy_-_N._P._Martin.epub","0","0","0.00","0","0","1"
"39943621","1","17","346732,20031","Free","Fire & Blood","With all the fire and fury fans have come to expect from internationally bestselling author George R. R. Martin, this is the first volume of the definitive two-part history of the Targaryens in Westeros. Centuries before the events of A Game of Thrones, House Targaryen—the only family of dragonlords to survive the Doom of Valyria—took up residence on Dragonstone. Fire and Blood begins their tale with the legendary Aegon the Conqueror, creator of the Iron Throne, and goes on to recount the generations of Targaryens who fought to hold that iconic seat, all the way up to the civil war that nearly tore their dynasty apart. What really happened during the Dance of the Dragons? Why did it become so deadly to visit Valyria after the Doom? What is the origin of Daenerys’s three dragon eggs? These are but a few of the questions answered in this essential chronicle, as related by a learned maester of the Citadel and featuring more than eighty all-new black-and-white illustrations by artist Doug Wheatley. Readers have glimpsed small parts of this narrative in such volumes as The World of Ice & Fire, but now, for the first time, the full tapestry of Targaryen history is revealed. With all the scope and grandeur of Gibbon’s The History of the Decline and Fall of the Roman Empire, Fire and Blood is the ultimate game of thrones, giving readers a whole new appreciation for the dynamic, often bloody, and always fascinating history of Westeros.","https://images-na.ssl-images-amazon.com/images/S/compressed.photo.goodreads.com/books/1532828095i/39943621.jpg","local","upload\George R.R. Martin\Fire_and_Blood_-_George_R._R._Martin.epub","0","0","0.00","0","0","1"
"39969304","1","1","5726831","Free","Blood Moon","Melisande Morgan must do everything in her power to save Saleem. Enlisting the help of Kailin, Nerina and the team, Mel must enter the djinn plane, risking the lives of those she cares about in order to save the man she loves.  But betrayal and lies lurk everywhere, and Mel most of all knows her own guilt. But first, she must save Saleem. Then she must face the consequences.","https://images-na.ssl-images-amazon.com/images/S/compressed.photo.goodreads.com/books/1524779000i/39969304.jpg","local","upload\T.G. Ayer\Blood_Moon_-_T._G._Ayer.epub","0","0","0.00","0","0","1"
"39973011","1","42","3087007","Free","Mr. June","
FROM BESTSELLING AUTHOR OF GAY ROMANCE, BAILEY BRADFORD

Book six in the Calendar Men series

Ilias Hayes is coming to believe that there is truth to the saying ‘no good deed goes unpunished.’
Ilias Hayes was flattered when he was asked to pose in a charity calendar shoot. He was even more thrilled to participate when Perry invited his boyfriend, Terry, to pose with Ilias. Being one of the couples in the calendar would cement their relationship.Except it doesn’t. Terry dumps him, and Ilias realizes just how warped that relationship was. He plans to focus on his career with San Antonio Police Department and work out why he stayed with someone who treated him so badly.But a call from dispatch about a fight at a doctor’s office brings a very interesting, opinionated man into Ilias’ life. He isn’t sure if Doctor Torres is flirting or not, but Ilias wants to find out—if he can get past his own fears and escape someone who wants Ilias for themselves.","https://images-na.ssl-images-amazon.com/images/S/compressed.photo.goodreads.com/books/1524792266i/39973011.jpg","local","upload\Bailey Bradford\Mr._June_-_Bailey_Bradford.epub","0","0","0.00","0","0","1"
"39974021","1","41","6914951","Free","Rebuilding the Wolf","Division Chief Seraphine Thomas got knocked on her ass when a witch bespelled the people she cared for most to attack her. But a month later and she’s glad she listened to her best friend that it was well past time to focus on herself and build a better foundation for her life. And that’s why she’s testifying before Congress to make the vampire SWAT idea a reality.  It’s also the season for love, and as a new Alpha, she’s about to experience her first Valentine’s Day as a highly sought after woman. None of that matters to her and instead, she’s excited to start over with the men she loves. For the siren that’s never really dated, had a boyfriend, or done all the couple mushy stuff, she tries to embrace the wooing.  However, Sera can’t just have a personal life and the rest be put on hold. When there’s a shocking international incident, she’s pulled in as FBI, Alpha, and daughter of the Dorcuses, and that’s a lot of hats to wear at the same time.  Time to see how that new foundation holds up. ","https://images-na.ssl-images-amazon.com/images/S/compressed.photo.goodreads.com/books/1524794966i/39974021.jpg","local","upload\Erin R. Flynn\Rebuilding_the_Wolf_-_Erin_R._Flynn.epub","0","0","0.00","0","0","1"
"39979275","1","19","4107685","Free","Beyond Love and Hate","Working with Pete was like flying through hell. Olivia hated him but...well, he was the best pilot Steele Industries had. A good thing when one had...concerns about flying. The tall, muscular pilot was one of the best, but also a horrible tease.  Pete thought that the lovely Olivia was beautiful if a bit stuck up. Teasing her, annoying her, was one of the perks of his job. Until the week when he finds himself in bed with her. And he's no longer teasing her. Instead, he's learning about all the different ways to make her crazy.  A novella of just under 17k words, this is just a quick, fun romance when you need a break. Enjoy!","https://images-na.ssl-images-amazon.com/images/S/compressed.photo.goodreads.com/books/1524853892i/39979275.jpg","local","upload\Elizabeth Lennox\Beyond_Love_and_Hate_-_GoogleEP_-_Elizabeth_Lennox.epub","0","0","0.00","0","0","1"
"39986039","1","17","7123624,17911699","Free","A Winter's Promise","Lose yourself in the fantastic world of the arks and in the company of unforgettable characters in this French runaway hit, Christelle Dabos’ The Mirror Visitor quartet.Plain-spoken, headstrong Ophelia cares little about appearances. Her ability to read the past of objects is unmatched in all of Anima and, what’s more, she possesses the ability to travel through mirrors, a skill passed down to her from previous generations. Her idyllic life is disrupted, however, when she is promised in marriage to Thorn, a taciturn and influential member of a distant clan. Ophelia must leave all she knows behind and follow her fiancé to Citaceleste, the capital of a cold, icy ark known as the Pole, where danger lurks around every corner and nobody can be trusted. There, in the presence of her inscrutable future husband, Ophelia slowly realizes that she is a pawn in a political game that will have far-reaching ramifications not only for her but for her entire world.The World of the ArksLong ago, following a cataclysm called the Rupture, the world was shattered into many floating celestial islands, now known as arks. Over each, the spirit of an omnipotent and immortal ancestor abides. The inhabitants of these arks each possess a unique power. Ophelia, with her ability to read the pasts of objects, must navigate this fantastic, disjointed, perilous world using her trademark tenacity and quiet strength.An unforgettable heroine, a rich and bountiful universe, intrigue and suspense: A Winter’s Promise is perfect for readers of Margaret Rogerson’s An Enchantment of Ravens, Melissa Albert’s The Hazel Wood, V.E. Schwab’s “Shades of Magic” series, Tomi Adeyemi’s Children of Blood and Bone, Kenneth Oppel’s “Airborne” series, and N.K. Jemisin “Broken Earth” series.","https://images-na.ssl-images-amazon.com/images/S/compressed.photo.goodreads.com/books/1681495804i/39986039.jpg","local","upload\Christelle Dabos\A_Winter_39_s_Promise_-_Christelle_Dabos.epub","0","0","0.00","0","0","1"
"39989424","1","17","7581","Free","Portents","Cainsville, Illinois. A town founded by fae escaping the Old World. A town both part of the world and cut off from it. A town that a young woman will run to, fleeing her past, only to discover that her past extends further than she ever imagined, into the distant history of Cainville itself. Collected in this volume are the stories of the town’s past, of the people and the fae she will eventually meet. A child tormented by visions of fae castles and fierce dragons. A hobgoblin who strives to avoid his role in an ancient prophecy. A boy who wants the perfect Solstice gift for his aunt. A writer who discovers all publicity is not good publicity after all. A much-maligned orange cat who won't quite stay dead. Another cat with more than his nine lives, one continually reborn to right an ancient wrong. And, finally, a story of the young woman who ran to Cainsville, now running away, searching for answers she can’t quite find.  *******************************************************************************  Collection 1) The Screams of Dragons 2) Devil May Care 3) Gabriel’s Gargoyles 4) Bad Publicity 5) The Orange Cat 6) Matagot - brand-new for this collection 7) The Lady of the Lake","https://images-na.ssl-images-amazon.com/images/S/compressed.photo.goodreads.com/books/1525000418i/39989424.jpg","local","upload\Kelley Armstrong\Portents_-_Kelley_Armstrong.epub","0","0","0.00","0","0","1"
"40010477","1","12","3780,8215","Free","The 18th Abduction","Detective Lindsay Boxer and her husband Joe Molinari team up to protect San Francisco from an international war criminal in the newest Women's Murder Club thriller. Three female schoolteachers go missing in San Francisco, and Detective Lindsay Boxer is on the case-which quickly escalates from missing person to murder. Under pressure at work, Lindsay needs support at home. But her husband Joe is drawn into an encounter with a woman who's seen a ghost--a notorious war criminal from her Eastern European home country, walking the streets of San Francisco. As Lindsay digs deeper, with help from intrepid journalist Cindy Thomas, there are revelations about the victims. The implications are shocking. And when Joe's mystery informant disappears, joining the ranks of missing women in grave danger, all evidence points to a sordid international crime operation. It will take the combined skills of Lindsay, Joe, and the entire Women's Murder Club to protect their city, and themselves, from a monster.  ","https://images-na.ssl-images-amazon.com/images/S/compressed.photo.goodreads.com/books/1540424791i/40010477.jpg","local","upload\James Patterson\The_18th_Abduction_-_James_Patterson.epub","0","0","0.00","0","0","1"
"40020563","1","47","17997898","Free","Blood for Blood","Ziba Mackenzie profiles killers. Now one is profiling her.Rush hour, London. A packed commuter train is torn apart in a collision. Picking through the carnage, ex-special forces profiler Ziba MacKenzie helps a dying woman who passes on a cryptic message: He did it. You have to tell someone.When a corpse is found bearing the gruesome signature of a serial killer dormant for twenty-five years, Ziba is pulled into the hunt for the perpetrator. As the body count rises it becomes clear he’s on a new spree. But what’s brought the London Lacerator back after such a long hiatus? And does his sudden return have anything to do with the woman on the train?Ziba scrambles to profile the killer in the hope of predicting his next move. But time is running out. And the closer she gets to uncovering his identity, the closer he gets to destroying hers.","https://images-na.ssl-images-amazon.com/images/S/compressed.photo.goodreads.com/books/1545144195i/40020563.jpg","local","upload\Victoria Selman\Blood_for_Blood.epub","0","0","0.00","0","0","1"
"40024983","1","17","8247490","Free","A Tangled Fate","Save the Geek Girl, Save the Galaxy.  Ash Ayininkalbi has spent her whole life searching for who she is supposed to be. She doesn't know where she came from, why she can use magic, or why these two mega hot alien bear-shifters have suddenly kidnapped her. But, she does know one thing. Science. Her brains have gotten her out of worse situations than being stuck between two...aliens? bears? supermodels?  Russ and Dunn Barrett need a weapon to defend thousands of innocent lives from the spectral warriors who have been stealing souls throughout the galaxy. They know exactly how to get one. But, cut off from Star Command, they'll have to kidnap an Earth scientist and coerce her into making it for them. That task becomes doubly hard when the curvy, lick-worthy scientist turns out to be both a witch with erratic powers and their fated mate. When the spectral scourge attacks, these twin bear-shifter warriors will have to choose, save their soul mate, or save the universe.  Get your copy and continue the saga now!","https://images-na.ssl-images-amazon.com/images/S/compressed.photo.goodreads.com/books/1525286707i/40024983.jpg","local","upload\Aidy Award\A_Tangled_Fate_-_Aidy_Award.epub","0","0","0.00","0","0","1"
"40025197","1","17","4573275","Free","Imprison the Sky","Stolen from her family as a child, Aspasia has clawed her way up the ranks of Cyrus's black market empire to captain her own trading vessel--and she risks it all every time she uses her powerful magic to free as many women, children, and Elementae from slavery as she can. But Cyrus is close to uncovering her secrets--not only that Aspasia is an air Elementa with the ability to sail her ship through the sky, but that she is also searching for her lost family. And if Aspasia can’t find her younger siblings before Cyrus does, she will never be able to break free. Armed with her loyal crew full of Elementae and a new recruit who controls an intriguing power, Aspasia finds herself in the center of a brewing war that spans every inch of the ocean, and her power alone may not be enough to save her friends, family, and freedom.","https://images-na.ssl-images-amazon.com/images/S/compressed.photo.goodreads.com/books/1526624584i/40025197.jpg","local","uploads/A. C. Gaughen/Imprison_the_Sky_-_A._C._Gaughen.epub","0","0","0.00","0","0","1"
"40025829","1","5","8605","Free","Don’t Stop Bewitching","Welcome to Hedgewitch Cove, Louisiana, where there's no such thing as normal. Cat-shifter Curt Warrick doesn't want to take a road trip with five other guys but when his best friend leaves him no choice, he finds himself in a van, stuffed full of men, headed to Louisiana. It should come as no surprise when everything that could go wrong on the trip does. That's okay though, Curt is used to the weird and wacky, after all, he was born and raised in a town that is the epitome of it all. There is a bright side. The trip will give him a chance to expand his enterprise. There is nothing Missi (Mississippi) Peugeot hates more than rich men who think they can throw money around to get what they want. Okay, that's a lie. She hates change. That's why she's happy to stay in her tiny hometown of Hedgewitch Cove, Louisiana. Protected by magic, the town has kept its quaint, cozy feel--that is until a flashy, yet fetching, stranger shows up in a van that screams ""flower power,"" announcing he's looking to buy property and begin developing the town. Missi's grandmother always warned her that her words had consequences. When she speaks out of anger, the magic in her rises to the challenge, putting a curse on Curt. Not that the man needed any help in the cursed department, seeing as how he already has a spell of chaos cast over him. By who, they don't know. Now Missi just has to keep Mr. Flashy alive long enough to get him back up north where he belongs before her words come back to haunt him. There is only one slight hiccup with her plan: every second she tries to keep mishap from befalling Curt leaves her one step closer to wanting him to stay.","https://images-na.ssl-images-amazon.com/images/S/compressed.photo.goodreads.com/books/1525295735i/40025829.jpg","local","upload\Mandy M. Roth\Don't_Stop_Bewitching_-_Mandy_M._Roth.epub","0","0","0.00","0","0","1"
"40026665","1","17","17037109","Free","No Man Can Tame","A human princess. A dark-elf prince. A kiss of fire and powder.After a failed courtship in an ally kingdom, twenty-one-year-old Princess Alessandra returns home to a land torn apart by mutual hatred between the humans and the dark-elves. The ""Beast Princess,"" as Aless is known by courtiers, confidently sets her mind to ways of making peace, but her father has already decided for her: she is to marry one of the mysterious and monstrous dark-elves to forge a treaty, and go on a Royal Progress across the kingdom to flaunt their harmonious union. While she intends to preserve the peace, the Beast Princess has plans of her own.Prince Veron has been raised knowing his life is not his own, but to be bargained away by his mother, the queen of Nozva Rozkveta, to strengthen the dark-elf queendom. When his mother tells him he is to marry a self-absorbed, vile human, he is determined to do his duty regardless of his personal feelings. After arriving at the human capital, he finds the ""Beast Princess"" rebellious and untamed—and not to be trusted.Aless and Veron face opposition at every turn, with humans and dark-elves alike opposing the union violently, as well as their own feelings of dissonance toward each other. Can two people from cultures that despise one another fall in love? Can a marriage between them bond two opposing worlds together, or will it tear them apart for good?","https://images-na.ssl-images-amazon.com/images/S/compressed.photo.goodreads.com/books/1529556465i/40026665.jpg","local","upload\Miranda Honfleur\No_Man_Can_Tame_-_Miranda_Honfleur.epub","0","0","0.00","0","0","1"
"40031620","1","1","8587788,16663934","Free","Dark Fae F.B.I. Complete Series: An Urban Fantasy Boxed Set","The fae live among us. And one of them is a serial killer.  I thought this would be a simple profiling case. Just another Jack-the-Ripper wannabe, prowling London’s streets, searching for easy kills. I was wrong. This killer is fae, and he’s as elusive as smoke on the wind. But I’m an FBI profiler, and it’s my job to track him down.  It doesn’t matter that one of the main suspects--a lethally alluring fae--is trying to seduce me… or kill me, I’m not sure which. I won’t be stopped, not even when panic roils through the streets of London, or when the police start to suspect me.  As I close in on the killer, I follow him to a magical shadow realm that’s like nothing I ever expected, where I’m hunted like prey. Fine. Bring it on. I’m an FBI Agent. And it turns out I have magical powers of my own.  This boxed set contains all four books in the Dark Fae F.B.I series. They're urban fantasy with lots of magic, romance, and intrigue--not to mention mysterious London history.","https://images-na.ssl-images-amazon.com/images/S/compressed.photo.goodreads.com/books/1525378773i/40031620.jpg","local","upload\C.N. Crawford\An_Urban_Fantasy_Boxed_Set_Part_-_Steve_Higgs_2.epub","0","0","0.00","0","0","1"
"40032834","1","17","5172000","Free","Aimless Witch","Alternate cover edition of ASIN B07CT38KNZFrom the world of Rylee Adamson and the Elemental Series comes a heroine with nothing to lose and everything to prove….My name is Pamela, and I am a witch who has no equal.Or so I thought.It has been three years since the Destroyer sundered our world. The land is no longer whole, but broken into pieces, most technology gone, and the continents shattered into an unrecognizable place.New monsters have risen from the depths, adding danger on top of danger. Through it all the humans fight to survive as they compete not only with the supernaturals for food and resources, but their own kind as well.And me? The caravans of humans I pass, they look to me to save them.Only I am not the witch I once was. Bound by those who fear my power and my bloodline, I’m lucky if I can light a match with my magic, never mind protect anyone but myself.Now, the darkness in me rises, offering me all that I want. Freedom from the chains I wear, and the power to make everything right. But if I embrace the darkness I will face a cost I could never have imagined…","https://images-na.ssl-images-amazon.com/images/S/compressed.photo.goodreads.com/books/1525397586i/40032834.jpg","local","upload\Shannon Mayer\Aimless_Witch_-_Shannon_Mayer.epub","0","0","0.00","0","0","1"
"40033678","1","36","6540637","Free","Ash","A nuclear attack.A collapsing society.A world covered in ash.The Alt Apocalypse explores survival under the most extreme circumstances, but with a twist (
and no cliff-hangers
).This series, which can be read in any order, features the same core characters in each complete story. But every book dunks them into a new, alternate apocalypse; a nuclear holocaust, an earthquake, a flood, a wildfire, a hurricane, a plague, and even zombies.Different heroes will emerge in each novel. Different characters will survive and perish. Your favorite character dies in one book? He or she will be back in the next. In the end you'll unwind the loose thread that connects every character and every stand-alone story.In Ash, Abrahams tells the story of four college friends, an ex-con, a lonely fry cook, and a secretive group of prepared civilians as they each battle to survive in southern California after a series of nuclear attacks. Theirs is a gray world covered in ash and nuclear fallout.Do they hunker down? Do they bug out? Do they find their salvation above ground or below?","https://images-na.ssl-images-amazon.com/images/S/compressed.photo.goodreads.com/books/1525411872i/40033678.jpg","local","upload\Tom Abrahams\Ash_-_Tom_Abrahams.epub","0","0","0.00","0","0","1"
"40036387","1","47","5070259","Free","Ten Two Jack","Reacher's enemies hunt his friends. Someone's got to pay.FBI Special Agent Kim Otto’s search for Reacher takes a deadly turn when she’s forced to handle the fallout from Lee Child’s The Midnight Line -- and gets caught in the crossfire.Reacher set out to do a good deed for an Army officer in The Midnight Line. The road to hell is paved with good intentions.Now, five people are missing and one is dead. But when Reacher’s enemies hunt his friends, someone has to pay.An exciting chase from Detroit to Chicago to Houston and deep into Mexico where FBI Special Agent Kim Otto fights to the death in the gripping conclusion. And Jack Reacher could be there when she needs him.","https://images-na.ssl-images-amazon.com/images/S/compressed.photo.goodreads.com/books/1533553670i/40036387.jpg","local","upload\Diane Capri\Ten_Two_Jack_-_Diane_Capri.epub","0","0","0.00","0","0","1"
"40038362","1","17","7127850","Free","The Belial Sacrifice"," The end of the war was only the beginning . . ._______________________________________________Since the coronation, Delaney McPhearson has been pulled from one crisis to another. She keeps moving forward, barely getting a chance to catch her breath. It seems every time she puts out one fire, another pops up.Little does she know, it's not the obvious fires she needs to keep an eye on. For there's a greater fire simmering just under the surface. Stretching across the globe, the fire will consume everyone it touches.And it's just waiting for a spark to set off an explosion that will change the world forever.","https://images-na.ssl-images-amazon.com/images/S/compressed.photo.goodreads.com/books/1525479890i/40038362.jpg","local","upload\R.D. Brady\The_Belial_Sacrifice_-_R._D._Brady.epub","0","0","0.00","0","0","1"
"40038956","1","1","8326583","Free","Iron Maiden","Bad girls always finish last.  Abandoned to the world by her Sire, the newly awoken vampire/hunter tries to find her way in the world. Several miss-steps and many broken bones lead her to befriend a human girl, from who she gets her name and her strength.  Travel the world with Ravana Moon in this short story about how she started out after she was turned and left to die...again.","https://images-na.ssl-images-amazon.com/images/S/compressed.photo.goodreads.com/books/1525489893i/40038956.jpg","local","uploads/S. L. Perrine/Iron_Maiden_-_S._L._Perrine.epub","0","0","0.00","0","0","1"
"40039827","1","17","14530648","Free","The Princess in the Tower","Everyone knows that the Tower of Alexis is impregnable...  ...But Emily intends to prove them wrong.  The Kingdom of Zangaria has finally started its descent into civil war. King Randor has declared martial law, imprisoned the pregnant Crown Princess Alassa in the Tower of Alexis and started preparations for a first strike against his enemies. The time has come for everyone to choose a side.  Emily has arrived in Alexis with the intention of freeing Alassa before her father can have her executed. But as Emily and her friends are drawn into a maelstrom of rebellious factions and crown loyalists, of commoners trying to escape the chaos and noblemen trying to make it worse, they find themselves faced with an insolvable problem.  If they manage to liberate Alassa - and put her on the throne - will there be anything left of Zangaria for her to rule?","https://images-na.ssl-images-amazon.com/images/S/compressed.photo.goodreads.com/books/1525507437i/40039827.jpg","local","upload\Christopher G. Nuttall\The_Princess_in_the_Tower_-_Christopher_Nuttall.epub","0","0","0.00","0","0","1"
"40050951","1","5","5895073,13080665","Free","Alpha's War","I MARKED YOU. YOU BELONG TO ME.  Nash  I’ve survived suicide missions in war zones. Shifter prison labs. The worst torture imaginable. Nothing knocked me off my feet... until the beautiful lioness they threw in my cage. We shared one night before our captors ripped us apart.  Now I’m free, and my lion is going insane. He’ll destroy me from the inside out if I don’t find my mate.  I don’t know who she is. I don’t know where she lives. All I have is a video of her. But I’ll die if I don’t find her, and make her mine.  I’m coming for you, Denali.   Denali They took me from my home, they killed my pride, they locked me up and forced me to breed. They took everything from me and still I survived.  But one night with a lion shifter destroyed me. Nash took the one thing my captors couldn’t touch — my heart.  Somehow I escaped, and live in fear that they will come for me. It’s killing my lioness, but I’ve got to hide — even from Nash. I’ve got to protect the one thing I have left to lose.  Our cub.","https://images-na.ssl-images-amazon.com/images/S/compressed.photo.goodreads.com/books/1525635610i/40050951.jpg","local","upload\Renee Rose\Alpha's_War__a_BAD_Alpha_Dad_Ro_-_Renee_Rose.epub","0","0","0.00","0","0","1"
"40051349","1","5","6441452","Free","Happy Ever Afterlife, Part 2","This is book 12 in the Afterlife saga. The end of days might be over for our newlyweds, but the dark nights are closing in and what lies waiting in the shadows is what even nightmares are afraid of. Because the King of Hell is back and now he has a new bride to keep hidden from the world below…a world that shows no mercy, right along with one of their rulers. Could it really be that Draven is keeping secrets from Keira and if so, how is she ever to reach him when he is hiding in plain sight? A Demon King has finally returned home, and this time… There isn’t an Angel in sight.","https://images-na.ssl-images-amazon.com/images/S/compressed.photo.goodreads.com/books/1525640255i/40051349.jpg","local","upload\Stephanie Hudson\Happy_Ever_Afterlife_Part_2_-_Stephanie_Hudson.epub","0","0","0.00","0","0","1"
"40052142","1","1","5768233","Free","Always a Demon","When there is no hope left, you have to make your own...  At sixteen, Keeley Thomson found out that worst thing imaginable. That she was a demon. Then, over a decade and a half later, the veil over the minds and eyes of humanity suddenly, and rather unexpectedly, lifted. What once was occult is now a part of everyone’s daily lives. Which, naturally is bringing massive problems in more than one way.  So, at thirty-two she’s finally giving up her old demonic lifestyle, attempting to become something totally different. Herself. The lovable and happy normal super human girl that she always should have been. The only problem is that an ancient darkness is returning to the lands of men and only a former demon is going to be able to do anything about it. At the same time, all too many around her won’t allow her to do her new job… Saving their lives. After all, once a demon, always a demon.  *This is an exciting brand-new series, starring all time favorite, Keeley Thomson!","https://images-na.ssl-images-amazon.com/images/S/compressed.photo.goodreads.com/books/1525651949i/40052142.jpg","local","upload\P.S. Power\Always_a_Demon_-_P._S._Power.epub","0","0","0.00","0","0","1"
"40056238","1","32","13540545","Free","Xander","In a future where anything alien is mistrusted, Commander Xander Vargas hides who he is. Reassignment to a new ship is the second chance he needs, and spoiling it isn’t an option. Until he meets his one temptation, a woman his alien genes would kill for.Sergeant Thandi Kruger finds herself under the care of the navy’s sexiest cybertech doctor. She should resist him, but she’s fascinated, and his mysterious eyes hold a dozen secrets she’s eager to uncover.Although they’re divided by rank and his past, there are bigger problems in the galaxy. Cyborgs like Thandie are vanishing from colonies — and the navy — at an alarming rate. Xander may have to kill for her, after all.","https://images-na.ssl-images-amazon.com/images/S/compressed.photo.goodreads.com/books/1525713024i/40056238.jpg","local","upload\Vivienne Savage\Xander_-_Vivienne_Savage.epub","0","0","0.00","0","0","1"
"40060700","1","2","6895960","Free","The Old Drift","
A Zambian debut novel that follows three generations of three families, telling the story of a nation, and of the grand sweep of time
On the banks of the Zambezi River, a few miles from the majestic Victoria Falls, there was once a colonial settlement called The Old Drift. Here begins the story of a small African nation, told by a swarm-like chorus that calls itself man’s greatest nemesis. In 1904, in a smoky room at the hotel across the river, an Old Drifter named Percy M. Clark, foggy with fever, makes a mistake that entangles the fates of an Italian hotelier and an African busboy. This sets off a cycle of unwitting retribution between three Zambian families (black, white, brown) as they collide and converge over the course of the century, into the present and beyond. As the generations pass, their lives – their triumphs, errors, losses and hopes – form a symphony about what it means to be human.From a woman covered with hair and another plagued with endless tears, to forbidden love affairs and fiery political ones, to homegrown technological marvels like Afronauts, microdrones and viral vaccines – this novel sweeps over the years and the globe.","https://images-na.ssl-images-amazon.com/images/S/compressed.photo.goodreads.com/books/1540085530i/40060700.jpg","local","upload\Namwali Serpell\The_Old_Drift.epub","0","0","0.00","0","0","1"
"40061088","1","42","3087007","Free","Mr. July","
FROM BESTSELLING GAY ROMANCE AUTHOR BAILEY BRADFORD

Book seven in the Calendar Men series

There are enough skeletons in Felix’s closet to fill up an entire calendar.
Felix Apostolou is a rising star in the art world. His murals are quickly gaining him fame in the San Antonio art scene, and when he’s featured in the Calendar Men charity calendar, he’ll draw in even more attention. As it is, he’s getting commission offers faster than he can process them.He takes on one mural that holds special meaning for him—one for Ezra Harrington, owner of Quantum, Inc., and close friend to the injured original photographer of the Calendar Men shoot.What Felix didn’t count on was meeting a man who turned his world around and brought something other than art to focus for him. Tse Soto is intriguing, passionate, and open in ways Felix quickly comes to appreciate.But Felix’s past isn’t what he believed it to be, and what he learns about it could be more than he can handle.","https://images-na.ssl-images-amazon.com/images/S/compressed.photo.goodreads.com/books/1526650319i/40061088.jpg","local","upload\Bailey Bradford\Mr._July_-_Bailey_Bradford.epub","0","0","0.00","0","0","1"
"40065753","1","35","6510612","Free","Hunger of the Dragon","After the nearly complete destruction of his dragon clan, Rhodium is taking the last of his dragons on the road to find more men to fight with him. He wants war.However, Rhody doesn't expect to find Silver Fury's clan harboring a couple of warlocks, as well as an omega who used to work for the Catchers. Furious, Rhody leaves, intent on going to war on his own if he has to, but finding a scarred omega on the run from his past changes everything. His need for vengeance will have to be put on hold. This is his mate.Doug did the most painful thing of his life. He broke off his connection with an abusive mate. He wants nothing but peace, a chance to be alone. Catching the scent of another mate was never in the cards, and Doug is scared to death that history will repeat itself. Luckily, Rhodium is nothing but patient. [Siren Everlasting Classic Erotic Alternative Contemporary Fantasy Paranormal Romance, M/M, shape-shifter, werewolves, HEA]","https://images-na.ssl-images-amazon.com/images/S/compressed.photo.goodreads.com/books/1525803028i/40065753.jpg","local","upload\Marcy Jacks\Hunger_of_the_Dragon_-_Marcy_Jacks.epub","0","0","0.00","0","0","1"
"40066107","1","43","6510612","Free","Revenge of the Dragon","Al is furious. He does not want the murder of his mate to go unpunished, but what choice does he have when the leader of his dragon clan puts a halt to their plans? He's stuck. Rhodium has found his mate, and because an omega cannot fight, and the number of warriors they have is so small, things have been put on hold. Al just wants to kill warlocks and avenge is mate so he can mourn. He doesn't mean to hold it against Rhody's mate, but he can't help it.Finding another dragon in what's left of their territory, a runt without a clan of his own, changes things.The small dragon escaped the warlocks, and he and his brother don't trust anyone. So Scott doesn't exactly know what to do when a dragon warrior suddenly decides he's going to be Scott's protector from now on. Especially since Scott has something the warlocks desperately want. [Siren Everlasting Classic Erotic Alternative Contemporary Fantasy Paranormal Romance, M/M, shape-shifter, werewolves, HEA]","https://images-na.ssl-images-amazon.com/images/S/compressed.photo.goodreads.com/books/1525803295i/40066107.jpg","local","upload\Marcy Jacks\Revenge_of_the_Dragon_-_Marcy_Jacks.epub","0","0","0.00","0","0","1"
"40074349","1","1","17374103","Free","Highlander's Stolen Destiny","Love never ceases in the Highlands it goes on and on from generation to generation.Brave Alastair Macleod and his beautiful Mary are back in this lovely standalone story; only this time it is their eldest son who has found love.Can it survive in a period ravished by war?Only raw courage and belief will prevail as the English capture Brice Macleodand his father after the ignominious defeat at Neville Cross.Will Brice ever see Skye again? Only destiny can tell or maybe the benevolence of a king and his son will decide the course of fate..","https://images-na.ssl-images-amazon.com/images/S/compressed.photo.goodreads.com/books/1525817403i/40074349.jpg","local","upload\Alisa Adams\Highlander's_Stolen_Destiny_A_M_-_Alisa_Adams.epub","0","0","0.00","0","0","1"
"40078275","1","1","8394539","Free","The Summer Sword","The bestselling historical fiction story you have been looking for... “ This currently my favorite series. The feel is bold dark but really well done. I recommend to anyone who can stomach real life situations.”– Amazon review ”Non-stop action, good story. Difficult to put down” – Amazon review Hraban has become his father. Like Maroboodus, Hraban serves Rome. He has made oaths to Armin the Cherusci, but is really trying to find a way to destroy him. Through that dark service, Hraban seeks a pedestal so high in the Roman hierarchy, that it shall forever keep his family safe from harm. No matter the cost to Germania, to his honour, and to his friends, he is determined to make sure Tiberius will be, and will remain the new Augustus, and that Armin shall fall, as will Germanicus, the great rival of Tiberius. This service will guarantee Hraban immunity from his many enemies. No matter the cost, he will make sure none would ever threaten his son Gervas. The cost had already been high. His friends have abandoned him. Worse, Germanicus has had Cassia killed. The man’s revenge has ripped Hraban’s heart out. He would go on for his son. All he had to do was to sell what remains of his soul. And yet, Hraban wasn’t his father. Unlike Maroboodus, the Bear, the Raven was slowly healing, and he was seeking a way out of his darkness. But nothing is ever simple in the world of Rome and Germania, for even Armin is changing, and Tiberius is slowly growing mad. Perfect for those who love the stories of Bernard Cornwell, Colleen McCullough, Simon Scarrow, and Griff Hosker, the Hraban Chronicles will take you on an incredible and authentic road through the ancient Roman Empire and into the secretive court of Augustus and Tiberius. We will be following Hraban’s relentless pursuit for the truth behind the deaths of his family, and for the causes of his misfortune.  The book contains graphic violence and is not suited for a reader seeking a fast read.","https://images-na.ssl-images-amazon.com/images/S/compressed.photo.goodreads.com/books/1631706571i/40078275.jpg","local","upload\Alaric Longward\The_Summer_Sword_-_Alaric_Longward.epub","0","0","0.00","0","0","1"
"40089491","1","1","1160213","Free","Royal Weddings"," Four bestselling Clare Connelly Royal Wedding novels in one bridal collection!   MARRYING FOR HIS ROYAL HEIR A royal baby, tragically orphaned, brings together two people who swore they'd never speak again...  THE SHEIKH'S ARRANGED MARRIAGE Tariq doesn't like his wife, and he sure as hell doesn't trust her, but he desires her to the point of a dark and dangerous obsession.  THE SULTAN'S RELUCTANT PRINCESS The all-powerful Sheikh Tamir Al'ani of the desert kingdom Talidar falls head over heels in lust for Olivia Anderson the moment he sees her. She's beautiful, to be sure, but it's more than that. There's a magical quality to her that has him captivated. Unfortunately, she's also the one person on Earth who seems determined to resist his plans.  THE SHEIKH'S STOLEN BRIDE Princess Charlotte has always accepted the marriage that has been arranged for her, but when her intended groom's cousin arrives to finalise the marriage details, Charlotte finds herself on the slippery slope to falling in love ... with the wrong Sheikh!  Prepare to fall in love with four powerful men and the women who bring them to their royal knees.","https://images-na.ssl-images-amazon.com/images/S/compressed.photo.goodreads.com/books/1525882869i/40089491.jpg","local","upload\Clare Connelly\Royal_Weddings_-_Clare_Connelly.epub","0","0","0.00","0","0","1"
"40090790","1","5","13450624","Free","Southern Sorcery","Pepper Dunn can’t catch a break. As soon as life settles down in the magical town of Magnolia Cove, Alabama, the sorcerer Rufus Mayes appears, hell-bent on stealing Pepper’s powers for himself. When Rufus casts a spell that links his magic to hers, Pepper is determined to break the connection at all costs. Luckily, she doesn’t have to look too far for help. When an aging wizard agrees to assist her, victory is at hand. But when the wizard winds up dead, all hope is lost. Will Pepper find a way to break the spell cast against her, or will she stay linked to Rufus forever?","https://images-na.ssl-images-amazon.com/images/S/compressed.photo.goodreads.com/books/1525893876i/40090790.jpg","local","upload\Amy Boyles\Southern_Sorcery_-_Amy_Boyles.epub","0","0","0.00","0","0","1"
"40095704","1","17","6801010","Free","I Walk the Bloody Line","An Ancient Power - a forbidden love.Discarded by her prince and forced to guard the life of another; Freely finds herself thrown into a world of intrigue and murder.Kidnapped by those she once trusted and thrust into a life no woman could endure, she must accept that the bond she once shared with her prince is over, and turn to another to secure her freedom.But as the mystery surrounding the magic that binds her to the prince, Zan, deepens, and the hidden secrets guarded by the vampires become exposed, Freely knows she must make a choice.Will her growing attachment to the vampire king break the ancient power that binds her to the man who still holds her heart?","https://images-na.ssl-images-amazon.com/images/S/compressed.photo.goodreads.com/books/1525966263i/40095704.jpg","local","upload\Helen Allan\I_Walk_the_Bloody_Line_-_Helen_Allan.epub","0","0","0.00","0","0","1"
"40104625","1","16","12692","Free","Long, Tall Texans: Jobe","New York Times bestselling author Diana Palmer revisits a classic tale of a rogue rancher falling in love at long lastNo one expects heartbreaker cowboy Jobe Dodd to settle down and take a wife. Sandy Regan, his longtime rival, takes that as a challenge. She is determined to make the rugged Texan her own, now and forever. As Sandy and Jobe work on the range together, unexpected sparks fly and set passion ablaze. Can she lasso a cowboy’s hardened heart for good? Originally published in 1997 as Jobe in A Long Tall Texan Summer","https://images-na.ssl-images-amazon.com/images/S/compressed.photo.goodreads.com/books/1526075953i/40104625.jpg","local","upload\Diana Palmer\Long,_Tall_Texans__Rey_;_Long,_-_Diana_Palmer.epub","0","0","0.00","0","0","1"
"40109654","1","19","15963027","Free","Princess in Lingerie","My life is finally what I want it to be.Griffin and my father are finally getting along, and Griffin has decided to retire from the hitman business. We talked about our future, and I told him there’s no future for us without children, and thankfully he agreed.But that perfect life is shattered when strange men pull up to the gallery. I don’t have time to make more than one phone call, so I decide to call Griffin instead of the cops. He can’t get to me in time, but he promises that he’ll find me soon enough.I’m forced onto a plane and then a prison cell in Morocco. I’m all alone in a cell, and I’m not sure what’s going to happen to me. All I think about is Griffin, knowing he’ll get me out of here before it’s too late.Pick up the next installment of this dark romance bestseller 2023 now by clicking the BUY NOW button at the top of this page. This forbidden dark romance is also available in Kindle Unlimited!","https://images-na.ssl-images-amazon.com/images/S/compressed.photo.goodreads.com/books/1526153896i/40109654.jpg","local","upload\Penelope Sky\Princess_in_Lingerie__Lingerie_-_Penelope_Sky.epub","0","0","0.00","0","0","1"
"40110605","1","32","240840","Free","Loving a Stranger","A Warrior able to take over the body of another...Thrust into his enemy's life...Soon begins to love his enemy's lonely, abused wife...but can she ever trust him again when she finds out she has been Loving a Stranger?*TROPES*--Fake Relationship, Hurt/Comfort, Forced Proximity, One Bed, He Falls First (and Hard!)**THIS IS A STAND ALONE NOVEL SET IN THE KINDRED UNIVERSEReeve J'lorn is an M-Switch Kindred. Their ability to jump into and control the body of another male for a limited period of time has gotten them the derisive nickname, ""Snatchers"" and they are not trusted by the other branches of the Kindred. Nevertheless, it is to Reeve, an acknowledged pirate and Snatcher, that the Kindred must turn with a top secret mission--to snatch the body of a high ranking enemy and destroy a secret weapon which threatens the entire universe. And so, Reeve steps into the body of his enemy...and into a whole different world.When Nallah Parokk's husband goes into a coma, she secretly hopes he will never awaken. Harryx is cruel and cold to her, beating her often and using her like a whore. Her existence is nearly unbearable but she knows it could be worse if her husband decides to throw her out on the street. Then he wakes up and suddenly he's...different. He's kind and loving in a way he never was before, so much so that Nallah is almost ready to forgive his past behavior. But what is behind her husband's sudden transformation? And will this change for the better last?Though he tries not to, Reeve is falling in love with his enemy's wife. But the beautiful little female with wide golden eyes is so wary around him, he wonders what the real Harryx did to her. When he begins to find out, he is horrified. How can he ever get Nallah to love him back when he is inhabiting the body of a monster--her jailer and abuser? He knows he has to tell her the truth about who he is but how can he make her understand? And if he does, will she ever be able to trust again after she finds out she has been...Loving a Stranger?*Author's Warning* Though I have tried to handle it in a delicate way, readers with a past history of domestic abuse may find parts of this book disturbing. Sadly, many of the situations my heroine encounters are taken from true accounts of abused women. If you are in an abusive situation, please seek help.","https://images-na.ssl-images-amazon.com/images/S/compressed.photo.goodreads.com/books/1526167330i/40110605.jpg","local","upload\Evangeline Anderson\Loving_a_Stranger_-_Evangeline_Anderson.epub","0","0","0.00","0","0","1"
"40116053","1","41","17384633","Free","Don't Cheat Me","One month after Nora's violent induction to the dangerous supernatural side of Detroit, she's finally settling into her new life as the underworld's token human. All she wants to do is mind her own business, enjoy her new friends, and stay safe. But that's easier said than done when she's such an enigma to everyone around her.  Thanks to her unique psychic abilities, she's garnered a reputation for being mysterious and powerful. When the alpha of a local werewolf pack asks her to help him figure out who is stealing from him, she can't say no, even though getting involved in pack business could have deadly repercussions.  While tangled up in a heap of werewolf troubles, Nora can't quite shake her old vampire problem, either. Henry is practically stalking her, Parker is breaking down the walls around her heart, and Nora's blatant fear of the blood-sucking monsters is a delicious temptation for the natural predators.  Nora's succubus friend, Cecile, believes throwing her a ""coming out"" party into underworld society is the best way to solve all of her problems. Nora disagrees. If the vampires and werewolves don't kill her, Cecile's party planning definitely will.","https://images-na.ssl-images-amazon.com/images/S/compressed.photo.goodreads.com/books/1526249893i/40116053.jpg","local","upload\Jackie May\Don_t_Cheat_Me_-_Jackie_May.epub","0","0","0.00","0","0","1"
"40120781","1","16","16663045","Free","Division 5","

With freedom, comes choice.

Dr. Meghan Forester’s dream has finally come true. A vaccine for the deadly Makanza virus is spreading throughout the world. Borders are open. The Kazzies are free.But just when happiness and hope are infiltrating society, Meghan’s world comes tumbling down. Davin’s first love reappears. The Kazzies are incessantly harassed. A young girl falls gravely ill.Now, more than ever, Meghan knows she has a job to do. Only a cure will solve the relentless problems that have plagued the world since the First Wave. But just when a cure is within her grasp, a shattering event threatens to end it all.Recommended Reading Order:The Second Wave – Book 0Compound 26 – Book 1Reservation 1 – Book 2Section 12 – Book 3Division 5 – Book 4Download Division 5 now!","https://images-na.ssl-images-amazon.com/images/S/compressed.photo.goodreads.com/books/1526323001i/40120781.jpg","local","upload\Krista Street\Division_5_-_Krista_Street.epub","0","0","0.00","0","0","1"
"40122012","1","2","17065","Free","Connections in Death","In this gritty and gripping new novel in the #1 New York Times bestselling series, Eve Dallas fights to save the innocent—and serve justice to the guilty—on the streets of New York.Homicide cop Eve Dallas and her billionaire husband, Roarke, are building a brand-new school and youth shelter. They know that the hard life can lead kids toward dangerous crossroads—and with this new project, they hope to nudge a few more of them onto the right path. For expert help, they hire child psychologist Dr. Rochelle Pickering—whose own brother pulled himself out of a spiral of addiction and crime with Rochelle’s support.Lyle is living with Rochelle while he gets his life together, and he’s thrilled to hear about his sister’s new job offer. But within hours, triumph is followed by tragedy. Returning from a celebratory dinner with her boyfriend, she finds Lyle dead with a syringe in his lap, and Eve’s investigation confirms that this wasn’t just another OD. After all his work to get clean, Lyle’s been pumped full of poison—and a neighbor with a peephole reports seeing a scruffy, pink-haired girl fleeing the scene.Now Eve and Roarke must venture into the gang territory where Lyle used to run, and the ugly underground world of tattoo parlors and strip joints where everyone has taken a wrong turn somewhere. They both believe in giving people a second chance. Maybe even a third or fourth. But as far as they’re concerned, whoever gave the order on Lyle Pickering’s murder has run out of chances…","https://images-na.ssl-images-amazon.com/images/S/compressed.photo.goodreads.com/books/1527709392i/40122012.jpg","server_url","upload\J.D. Robb\Connections_in_Death_-_J._D._Robb.epub","1","0","0.00","0","1","1"
"40124048","1","5","14167264","Free","Autumn Magic","Autumn Thorne believed she discovered the perfect love. Yet the moment she revealed she was a witch, her relationship went to hell in a handbasket. Nearly a decade later, in an ironic twist of fate, the man who shunned her shows up on her doorstep and asks for her help to develop his own latent powers.For the better part of nine years, Keaton Carlyle has tried to forget the one woman whose very touch made him burn with uncontrollable desire. Now, left with no choice, he must seek her out to master the magic building within. But the more time Keaton spends with Autumn, the more he realizes his old feelings for her have never truly been extinguished and the flames blaze hotter than ever.When Autumn sets off on a mission to uncover an ancient artifact crucial to saving her mother, Keaton is hot on her heels, determined to make up for the wrongs of the past and rescue Autumn from the clutches of the madman holding her hostage. Faced with life or death, they must learn to work together. But can Autumn ever again trust the man who so cruelly betrayed her?Book 2 in a 6 book series.","https://images-na.ssl-images-amazon.com/images/S/compressed.photo.goodreads.com/books/1526361136i/40124048.jpg","local","upload\T.M. Cromer\Autumn_Magic_-_T._M._Cromer.epub","0","0","0.00","0","0","1"
"40126917","1","5","13396038,13396039","Free","Safe Haven","Lawson Scott can finally see the light at the end of the tunnel. The days of being chained to a wall and unbearable beatings are over. Now, He's renovating a hotel where shifters can relocate and feel safe. His family has reunited and Liv, the woman he loves, is by his side. When he takes on the role as pack leader it seems he has everything he could possibly want. But when a rescued group of shifters come to live at Hollow Rock, his world turns into bitter betrayal overnight and he may lose the one person who matters most. Was that a light at the end of the tunnel? No, wait. That was the headlight of a train. ","https://images-na.ssl-images-amazon.com/images/S/compressed.photo.goodreads.com/books/1526404939i/40126917.jpg","local","upload\Brenda Trim\Safe_Haven_-_Brenda_Trim.epub","0","0","0.00","0","0","1"
"40128857","1","17","16809300","Free","Adelaide's Fate","How far can fate make you fall?  When Adelaide turned twenty, losing her parents and gaining custody of her fifteen year old sister was not part of her plan. If being a shifter in a world where her kind is hunted wasn't bad enough, she now has to protect her sister too. Adie has no choice but to move into the old house her parents left them, or risk being on the streets in a dangerous world. Only she didn't expect to be living next door to a strange, and very attractive, group of men who are far more than human. They offer her protection in exchange for keeping their reason for hiding with the humans a secret, and helping them. But protection comes at a cost and the cost is something none of them could have expected. A cost that’s been destined. A cost that fate has weaved for Adelaide. A cost that even princes cannot escape.  (Her Guardians series spin-off) Reverse Harem 17 +","https://images-na.ssl-images-amazon.com/images/S/compressed.photo.goodreads.com/books/1526430729i/40128857.jpg","local","upload\G. Bailey\Adelaide's_Fate_-_G._Bailey.epub","0","0","0.00","0","0","1"
"40132074","1","5","13396038,13396039","Free","Captivity","Lawson Scott has been a prisoner for three years. He's been subjected to torture, degradation, and numerous tests by humans wanting shifter blood. He's convinced he will spend the remainder of his life chained to a wall until sexy scientist, Liv Kimbro, is assigned to his case. She's the first human to show an ounce of compassion and their attraction is combustible despite his disdain for her species. An escape plan unfolds and Lawson sees how far Liv will go to set him free. Passion erupts and raw, primal need is unleashed when they succumb to their desire for one another.  Will Lawson reach his safe haven and find a life mate when Liv captures his heart or will their differences destroy them and everyone he loves? ","https://images-na.ssl-images-amazon.com/images/S/compressed.photo.goodreads.com/books/1526481881i/40132074.jpg","local","upload\Brenda Trim\Captivity_-_Brenda_Trim.epub","0","0","0.00","0","0","1"
"40133539","1","16","9835889","Free","Lassoed","Sam and Ashe didn't believe in love at first sight. They didn't understand how the men who'd been spurred, wrangled, tangled and even hitched to the other Steele heiresses fell so hard, so fast. Until now. One look at Natalie and Sam and Ashe are ruined for all other women. But she's not easy to tame. They'll need to lasso more than just her heart in order to make her theirs once and for all.  But a final twist puts all five of the Steele sisters in danger. With the help of their men, can Natalie, Kady, Penny, Cricket and Sarah finally find peace and bring the one thing back to the ranch that's always been missing? Family.","https://images-na.ssl-images-amazon.com/images/S/compressed.photo.goodreads.com/books/1526498950i/40133539.jpg","local","upload\Vanessa Vale\Lassoed__Steele_Ranch_-_Book_5_-_Vanessa_Vale.epub","0","0","0.00","0","0","1"
"40133678","1","16","14925543","Free","Theodore","A sexy marriage of convenience romance by Katie Dowe of BWWM Club. Features another free bonus book.  Ebboni Lancaster is pretty certain she’ll spend the rest of her life swimming in debt.  When billionaire Theodore Amberville provides her with a solution, it seems like a fairy tale come true:  Marry him and give him an heir and he would pay off all her debts!  Despite her attraction to Theo, Ebboni despises the idea of marriage…  But Theo is proving that he won’t take no for an answer!  As their lives continue to intertwine, Ebboni is realizing that it’s becoming harder to resist him…  And that she is no longer afraid of falling in love!  But will Theo still want her in his life when she reveals to him her devastating secret?  Find out in this emotional yet sexy romance by Katie Dowe of BWWM Club.  Suitable for over 18s only due to sex scenes so hot, you'll be daydreaming about your own marriage of convenience!","https://images-na.ssl-images-amazon.com/images/S/compressed.photo.goodreads.com/books/1526500640i/40133678.jpg","local","upload\Katie Dowe\Theodore__BWWM_Romance_(Members_-_Katie_Dowe.epub","0","0","0.00","0","0","1"
"40136114","1","43","1228627","Free","Viking King's Vendetta","Taking a few months to reflect on what she truly wants from life, Emily returns to her family home in Winter Harbor, Maine. Yet she should have known her ties with ancient Scandinavia and those with dragon blood would catch up with her. Moreover, that her connection with the man she loves would be impossible to ignore. Something soon proved when he pulls her back in time to tenth century Norway.  Determined to help his people defeat a dark prophecy, Viking Sven Sigdir returns to his homeland to find two regions minus their beloved kings. Leaderless, both clans look to Sven to rule. Though willing to rise up, he must first uncover the root of the prophecy. That means reuniting with the woman who holds his heart and setting forth on a perilous journey.  Sven and Emily navigate not only their feelings for one another but the burgeoning prophecy that might take it all away. Will they be able to conquer their new adversary before it’s too late? Or is this just the beginning of something that will change life as they know it? Join them as they embark on their adventure in a new action-packed series ripe with sizzling passion, epic battles, and unforgettable characters.","https://images-na.ssl-images-amazon.com/images/S/compressed.photo.goodreads.com/books/1526535858i/40136114.jpg","local","upload\Sky Purington\Viking_King's_Vendetta_-_Sky_Purington.epub","0","0","0.00","0","0","1"
"40138514","1","36","6860531","Free","Invaders","The thrilling PENULTIMATE book of Navan and Riley's journey (as we move toward the grand finale in Book 8!)","https://images-na.ssl-images-amazon.com/images/S/compressed.photo.goodreads.com/books/1526574192i/40138514.jpg","local","upload\Bella Forrest\Hotbloods_7__Invaders_-_Bella_Forrest.epub","0","0","0.00","0","0","1"
"40164340","1","12","41942","Free","Murder in the Dark","
The sudden appearance of a sinister black hole in the English countryside leads to a baffling murder investigation for Ishmael Jones. 
""The past is England's dreaming, and not all of it sleeps soundly...""Ishmael Jones and his partner Penny have been despatched to assist a group of scientists who are investigating a mysterious black hole which has appeared on a Somerset hillside. Could it really be a doorway to another dimension, an opening into another world?When one of the scientists disappears into the hole — with fatal consequences — Ishmael must prove whether it was an accident — or murder. But with no clues, no witnesses and no apparent motive, he has little to go on. Is there an alien predator at large, or is an all-too-human killer responsible? Only one thing is certain: if Ishmael does not uncover the truth in time, more deaths will follow...","https://images-na.ssl-images-amazon.com/images/S/compressed.photo.goodreads.com/books/1526886321i/40164340.jpg","local","upload\Simon R. Green\Murder_in_the_Dark_-_Simon_R._Green.epub","0","0","0.00","0","0","1"
"40166968","1","12","40881","Free","You Will Suffer","EVERY SMALL TOWN HAS A SECRET The rolling fields outside Curry, Oklahoma, are a beautiful spot to ramble on an early spring day . . . and a lonely place to die. Among the prairie grass and wildflowers, a killer kneels beside a curled-up figure, plunging a syringe beneath skin to deliver the fatal dose. And as the victim's last breath mingles with the air, it sends a warning out to the world: This is just the beginning.AND THIS ONE Rejecting her judge father's prestigious connections, Ellie Guthrie opened her own law firm in Curry. But something strange is going on. Ellie's tires are slashed. Dead rats are dumped on her patio. Her neighbor, former FBI agent Nate Marcel, insists on watching out for her. And then bodies begin turning up--supposed overdoses that Nate suspects are something much more sinister.IS WORTH KILLING FOR There's a killer in town, toying with her, drawing both Ellie and Nate into a web of murder and vengeance. To find answers, she'll have to unearth this small community's dark and twisted past . . . before it's her turn to die.Praise for Pretend You're Safe ""Alexandra Ivy gives readers a nice balance of romance and suspense in her fast-paced, well-plotted novel.""--Kat Martin, New York Times bestselling author ""A satisfying mystery . . . Ivy's clever foreshadowing keeps the tension high throughout this fast-moving tale, and the romance sizzles.""
--Publishers Weekly
 ""A pulse-raising romantic thriller."" --BookPage","https://images-na.ssl-images-amazon.com/images/S/compressed.photo.goodreads.com/books/1527091005i/40166968.jpg","local","upload\Alexandra Ivy\You_Will_Suffer_(The_Agency_#3)_-_Alexandra_Ivy.epub","0","0","0.00","0","0","1"
"40177121","1","45","6876556,18044519","Free","Whiskey Ginger","Everything was going fine for Quinn MacKenna… until she accidentally stole from Nate Temple. She knows how to drink, fight, and steal dangerous magical artifacts – but not for money. For favors. Because all her life she’s wanted only one thing – a secret so dangerous and well-guarded that no one will give it up. A ticket to the Land of the Fae so she can find her dad and finally get some answers about her past. So she doesn’t ask questions of her clients, only favors, hoping that they will eventually add up to get her what she so desperately desires. And with her unique ability to nullify magic, the world’s deadliest artifacts – or the clients who demand them – don’t really impress her very much. But that all changes when she accidentally robs the infamous Nate Temple, and finds herself in a much deeper world of monsters and conspiracies than she ever knew existed. Because Nate Temple and his friends aren’t the only things to be afraid of. Now she has to worry about his enemies , too… The newest antihero in the Worldwide Bestselling Nate Temple Universe by Shayne Silvers. Join Cameron O’Connell and Shayne at the literary bar to sip a dirty cocktail of feisty Irish brogue – with an unhealthy splash of monsters – TODAY! If you like KF Breene, Shannon Mayer, CN Crawford, Ilona Andrews, or Patricia Briggs, you will LOVE the FIRST installment of the Phantom Queen Diaries.","https://images-na.ssl-images-amazon.com/images/S/compressed.photo.goodreads.com/books/1526753839i/40177121.jpg","local","upload\Shayne Silvers\Whiskey_Ginger_-_Shayne_Silvers.epub","0","0","0.00","0","0","1"
"40179136","1","47","4804769","Free","Ten Little Girls"," Every Mother's Worst Fear! Imagine waiting for the school bus, waiting for your daughter to come home, looking forward to spending the afternoon with her, but as the bus stops and the children start to come out, your daughter isn't there.Ten little girls go missing on the same day in Cocoa Beach, Florida. Ten little girls all from the same school. Ten abductions that hold the entire town captive...until the letters start to arrive. Letters with lines from the nursery rhyme Ten Little Indians letting the parents know where to find their daughter's bodies. Rebekka Franck’s daughter Julie is one of the missing girls and together with local detective Jack Ryder, she is launched into the most unsettling case of her career. What follows is a heart-pounding race to find the girls before they all end up dead.Ten Little Girls is a spine-tingling standalone mystery featuring Willow Rose’s iconic characters Rebekka Franck and Jack Ryder. If you like horrifying scares, courageous parents and a tug on your heartstring, then you’ll love Willow Rose’s fast-paced Thriller.  Pre-order Ten Little Girls now to get it delivered wireless as soon as it is out! ","https://images-na.ssl-images-amazon.com/images/S/compressed.photo.goodreads.com/books/1526785764i/40179136.jpg","local","upload\Willow Rose\Ten_Little_Girls_-_Willow_Rose.epub","0","0","0.00","0","0","1"
"40180098","1","2","11783","Free","The Overstory","The Overstory is a sweeping, impassioned work of activism and resistance that is also a stunning evocation of - and paean to - the natural world. From the roots to the crown and back to the seeds, Richard Powers’s twelfth novel unfolds in concentric rings of interlocking fables that range from antebellum New York to the late twentieth-century Timber Wars of the Pacific Northwest and beyond. There is a world alongside ours—vast, slow, interconnected, resourceful, magnificently inventive, and almost invisible to us. This is the story of a handful of people who learn how to see that world and who are drawn up into its unfolding catastrophe.A New York Times Bestseller.","https://images-na.ssl-images-amazon.com/images/S/compressed.photo.goodreads.com/books/1562786502i/40180098.jpg","local","upload\Richard Powers\The_Overstory_-_Richard_Powers.epub","0","0","0.00","0","0","1"
"40183341","1","5","5726831","Free","Blood Promise","The 4th book in the SkinWalker series:Kailin Odel, alpha shapeshifter and demon hunter, made a deal that helped her save her sister's soul: a Blood Promise. Now, the High Priestess of the DeathTalkers is calling in her marker, and Kai had better hope she can hold up her end of the bargain, because either way, it's all about to hit the fan...","https://images-na.ssl-images-amazon.com/images/S/compressed.photo.goodreads.com/books/1526845964i/40183341.jpg","local","upload\T.G. Ayer\Blood_Promise_-_T._G._Ayer.epub","0","0","0.00","0","0","1"
"40183348","1","5","5726831","Free","Scorched Fury","In the 5th book in the SkinWalker series, Panther shifter Kailin Odel is bombarded with problems. The Great Ash Trees - supernatural guardian trees of the DarkWorld - are dying, and Kai enlists the help of MetalSinger & Fae Queen Tara to find those who threaten the stability of all the realms.Then, Logan - still in his cryo-induced coma - makes a request of Kai that she cannot refuse. ""Save her."" Whether Logan lives or dies, Kai is determined to fulfil her promise to find the girl from Logan's memories and help him find peace.What Kai doesn't expect is to find her in a world on the brink of extinction, a world Kai didn't even know existed. But there is more at stake than a missing girl. Can she keep her promises or will it be an impossible ask?Filled with grief, and blossoming passion, redemption, and growing hope, Scorched Fury reveals secrets long buried and brings together a band of friends who are destined to one day save the DarkWorld.","https://images-na.ssl-images-amazon.com/images/S/compressed.photo.goodreads.com/books/1526846105i/40183348.jpg","local","upload\T.G. Ayer\Scorched_Fury_-_T._G._Ayer.epub","0","0","0.00","0","0","1"
"40185696","1","17","5021072","Free","The Severed Realm","Only a fool threatens those a Thornbear protects. Mordecai’s shattered family is in chaos, but the world won’t wait for them to recover. Trapped by a fiendish plot he didn’t foresee, Mordecai finds himself powerless to redeem himself or defend his family. Alone and surrounded by enemies, Lady Rose has only her wits to protect those she loves. Though every hand turns against her, Rose Thornbear refuses to give up, and she will sacrifice whatever is necessary to save Penny’s family, whether the price is her rank, dignity, or even her life.","https://images-na.ssl-images-amazon.com/images/S/compressed.photo.goodreads.com/books/1526884146i/40185696.jpg","local","upload\Michael G. Manning\The_Severed_Realm_-_Michael_G._Manning.epub","0","0","0.00","0","0","1"
"40189401","1","17","14950093","Free","Shallow Grave"," Dead men tell no tales...Unless you're a necromancer. Then they never shut up. Life is finally going right for Lazarus Kerrigan, necromancer and Pale Horseman. Business is booming, and no gods have tried to kill him for a whole month. But the past is catching up to him.There's a serial killer on the loose in New Orleans, one that targets children and leaves behind only bones. When the case develops eerie similarities to his sister's murder, Laz knows the police are in over their heads. They need help, and the dead aren't talking.Well, except for the ghost of a two-hundred-year-old pirate, and Laz doesn't like what he has to say. If he's right, the creature Laz is chasing is a monster way out of his league. If he's not careful, Laz might just end up in Davey Jones' Locker, or worse...","https://images-na.ssl-images-amazon.com/images/S/compressed.photo.goodreads.com/books/1526938524i/40189401.jpg","local","upload\E.A. Copen\Shallow_Grave_-_E._A._Copen.epub","0","0","0.00","0","0","1"
"40192760","1","45","6876556,18044519","Free","Cosmopolitan","Quinn MacKenna is a black-magic arms dealer from Boston, but her world drastically changed after accidentally robbing Nate Temple a few weeks ago. Primarily, that her absolution might have come with some strings attached… Like a trip to the Big Apple to steal a mysterious and deadly artifact for Grimm Tech – strictly off the books. But it doesn't take her long to learn that she isn't the only one after the magical whatsit, and that the monsters in New York play for keeps. Key word being play . Because they've all heard about the little ginger from Boston, and want to see if she tastes as sweet as she looks... And that's before she learns that Heaven and Hell have stepped into the game... Maybe it’s time Quinn finds some allies from St. Louis. Or the Brooklyn Bridge may just become a memory… Along with Quinn. The newest antihero in the Worldwide Bestselling Temple Verse by Shayne Silvers. Join Cameron O’Connell and Shayne at the literary bar to sip a dirty cocktail of feisty Irish brogue – with an unhealthy splash of carnage – TODAY! If you like KF Breene, Shannon Mayer, CN Crawford, Ilona Andrews, or Patricia Briggs, you will LOVE the SECOND installment of the Phantom Queen Diaries.","https://images-na.ssl-images-amazon.com/images/S/compressed.photo.goodreads.com/books/1526996153i/40192760.jpg","local","upload\Shayne Silvers\Cosmopolitan_-_Shayne_Silvers.epub","0","0","0.00","0","0","1"
"40192766","1","45","6876556,18044519","Free","Old Fashioned","Welcome to Boston, where all your nightmares come to life.... To the tune of a Christmas jingle.Quinn MacKenna learns that the cure for a blinding hangover is simple....Stay in bed, and whatever you do, don’t answer your freaking door. Otherwise, you might find yourself roped into a murder investigation with a psychopath attempting to rewrite the Twelve Days of Christmas as a holiday homicide special, asked to rescue a former international spy, forced to dodge bullets with a Valkyrie, or to take on a power-hungry Fae intent on freezing everything he touches. Hypothetically speaking. In hindsight, snorting crushed aspirin in a dingy alley would have been the wiser choice....Especially when Quinn learns the only way to find the answers she seeks is by...sampling some magically-infused, hallucinogenic flowers. And that someone is waiting for her on the other side of her out-of-body experience. And they've been waiting a very long time.... Welcome the newest antihero in the worldwide best-selling Temple Verse by Shayne Silvers. Join Cameron O’Connell and Shayne at the literary bar to sip a dirty cocktail of feisty Irish brogue - with an unhealthy splash of monsters - today! If you like KF Breene, Shannon Mayer, CN Crawford, Ilona Andrews, or Patricia Briggs, you will love the third installment of the Phantom Queen Diaries.","https://images-na.ssl-images-amazon.com/images/S/compressed.photo.goodreads.com/books/1526996218i/40192766.jpg","local","upload\Shayne Silvers\Old_Fashioned_-_Shayne_Silvers.epub","0","0","0.00","0","0","1"
"40192768","1","45","6876556,18044519","Free","Dark and Stormy"," Quinn finally gets what she’s always wanted—a Fae-Cation. But now Boston faces annihilation. A bloody murder spree in the Land of the Fae with her vampire bestie should have been all fun and games for Quinn… that is, until she finally learns the stunning truth about her past and the decision she was born to make — a decision which threatens to bring her world to a screeching halt.Because the price is just too high.But when a trusted friend betrays her, unleashing the storm of the century — not to mention an army of ancient, lethal monsters — upon Boston Harbor, Quinn is forced to choose whether she will save herself or those she cares about.This former black magic arms dealer must call in every favor she has ever earned, and, even then, there’s a good chance she won’t be strong enough to stop the Eye at the center of the storm from taking away everything she’s ever loved.Because the only way to save Boston...Is to become something even worse. What she was born to become…The newest antihero in the Worldwide Bestselling Temple Verse by Shayne Silvers. Join Cameron O’Connell and Shayne at the literary bar to sip a dirty cocktail of feisty Irish brogue – with an unhealthy splash of monsters – TODAY!If you like KF Breene, Shannon Mayer, CN Crawford, Ilona Andrews, or Patricia Briggs, you will LOVE the FOURTH installment of the Phantom Queen Diaries. Release Schedule:  
   
    Whiskey Ginger (Book 1) - June 12, 2018
Cosmopolitan (Book 2) - June 19, 2018
Old Fashioned (Book 3) - June 26, 2018
Dark and Stormy (Book 4) - July 10, 2018
   
  Phantom Queen Diaries eBook categories:  
   
    Dark Fantasy
Supernatural Thriller
Witches & Wizards
Urban Fantasy Thriller
Paranormal Romance
Supernatural Shifter
Angels & Demons
Science Fiction & Fantasy
Paranormal and Urban Romance
Supernatural Mystery and Suspense
Vampires and Werewolves
 OVER HALF A MILLION READERS HAVE BEEN PLEASURED BY THE TEMPLE VERSE NOVELS. NOW IT’S YOUR TURN… ","https://images-na.ssl-images-amazon.com/images/S/compressed.photo.goodreads.com/books/1526996241i/40192768.jpg","local","upload\Shayne Silvers\Dark_and_Stormy_-_Shayne_Silvers.epub","0","0","0.00","0","0","1"
"40194711","1","36","30032","Free","Gambler","Book 5 of The Coalition Rebellion NovelsEpic Award winning series!On the mist-shrouded world of Ziem . . . Eirlys Davorin, daughter of the “first family” of Ziem, feels ravaged by both the invasion of her peaceful world by the vicious Coalition and by newly discovered secrets that change her perception of everything she knows.Brander Kalon uses his reputation as a scapegrace gambler to get close to the Coalition and aid the rebellion. Every risk he takes is fueled by the desire to buy the rebels enough time to cobble together a plan to end the invasion for good. He also finds himself facing the wrath of an independent young woman who feels betrayed by his deception, by her brother’s secret life as leader of the rebellion, and by their determination to keep her safe and out of harm’s way.Eirlys clings to her burgeoning anger at what has been done to her world, and what those she had once trusted have kept from her. Only when she is at last free to fight back and join the rebellion does she begin to realize the true enormity of the battle they all face. And the kind of love it will take to survive.Their chance to save the rebellion will hinge on the most dangerous gambit they’ve ever attempted . . .  Author of more than sixty books (she sold her first ten in less than two years), Justine Dare Davis is a four-time winner of the coveted RWA RITA Award, and has been inducted into the RWA Hall of Fame. Her books have appeared on national bestseller lists, including USA Today. She has been featured on CNN and has taught at several national and international conferences and at the UCLA writer’s program.Find out more at her website and blog at justinedavis.com, Facebook at JustineDareDavis, or Twitter @Justine_D_Davis.","https://images-na.ssl-images-amazon.com/images/S/compressed.photo.goodreads.com/books/1527021793i/40194711.jpg","local","upload\Justine Davis\Gambler_-_Justine_Davis.epub","0","0","0.00","0","0","1"
"40205014","1","1","6925725","Free","His Rogue Bear","One murder. One lost memory. Two mates trying not to die.  Werebear Blair Murdoch doesn’t think things can get any worse. Boy, is she wrong. While she struggles to find her bear, she has to deal with a super hot werewolf, Ronan Laramie, who insists on sticking around. The problem is that she can’t remember a damn thing about a murder she’s supposed to have committed. Talk about going from bad to worst.  Ronan considers his assignment to protect Blair good fortune until he finds out that he has to battle with his wolf to keep from ravishing her every second of every day. Then catastrophe strikes, and Ronan has no choice but to prepare for battle.  Can these two star-crossed lovers live long enough to fulfill their fantasy life, or will a power great than they’ve ever known rip them apart? ","https://images-na.ssl-images-amazon.com/images/S/compressed.photo.goodreads.com/books/1527183643i/40205014.jpg","local","upload\Vella Day\His_Rogue_Bear_-_Vella_Day.epub","0","0","0.00","0","0","1"
"40205652","1","1","5070259","Free","Fatal Dawn","Jess Kimball’s son was stolen. She will never rest until she gets him back. Is this her chance?  The phone call that changes Jess Kimball's life forever leads her on a breathless and dangerous chase through the Rocky Mountains.. When she catches up with the blackmailing bastard she’ll make him sorry. And then she’ll make him pay.  The most gripping thriller yet in this high-octane series starring relentless reporter Jess Kimball from award-winning New York Times and USA Today Bestselling Author Diane Capri and Nigel Blackwell.  For fans of Karin Slaughter, Lee Child, Jack Reacher, John Grisham, and James Patterson’s Women's Murder Club  US and UK Author Diane Capri and Investigative Reporter Jess Kimball: New York Times Bestseller USA Today Bestseller #1 Thriller #1 Mystery #1 Hard-boiled Mystery #1 Police Procedural #1 Vigilante Justice #1 Conspiracy Thriller #1 Women Sleuth's Mystery #1 Legal Thriller #1 Anthology and more!  Readers Love Jess Kimball and Clamor for More! Start reading now and you’ll be hooked!","https://images-na.ssl-images-amazon.com/images/S/compressed.photo.goodreads.com/books/1527192293i/40205652.jpg","local","upload\Diane Capri\Fatal_Dawn_-_Diane_Capri.epub","0","0","0.00","0","0","1"
"40206863","1","1","16994557","Free","Alpha Rises"," No good deed goes unpunished when you’re dealing with a malevolent alien intelligence.  A space adventure from #1 Best Selling author James David Victor “El” and the crew of the Mercury Blade have temporarily escaped from Armcore and the notorious crime lord, Trader Hogan. Needing protection and money, they are forced to take a job to bring down the alien intelligence that is unknowingly threatening humanity’s place in the galaxy. Can they get the help they need to bring down the superior alien intelligence known as Alpha or will they be crushed by the might of the galactic military? Alpha Rises is the second book in the exciting Valyien series. If you like fast paced space adventure, the loveable rogues of the Mercury Blade will keep you entertained for hours. Download Alpha Rises and get started on your next space adventure today! Always FREE on Kindle Unlimited ","https://images-na.ssl-images-amazon.com/images/S/compressed.photo.goodreads.com/books/1527209849i/40206863.jpg","local","upload\James David Victor\Alpha_Rises_-_James_David_Victor.epub","0","0","0.00","0","0","1"
"40208284","1","36","13540545","Free","Kaiden","Years after the abduction that turned him into a cyborg, Kaiden remains broken in heart and body. Then the queen assigns him an investigation into more disappearances like his own, and he hopes to find the closure he needs. He should be focused on the mission. Nothing else should matter. But the spy working along with him is infuriatingly distracting.Nisrine has trained years to become one of the navy's best intelligence agents. In Kaiden, she finds a reliable partner with a quick wit and deadlier aim, the perfect counterbalance to her psychic prowess. Working alongside him should be easy, until suddenly it isn't. She's a sucker for a damaged soul, and she can't resist his gorgeous, if rare, smiles.But their attraction will have to be placed on hold, because the enemy will do anything to make Kaiden disappear one more time... forever.","https://images-na.ssl-images-amazon.com/images/S/compressed.photo.goodreads.com/books/1527233181i/40208284.jpg","local","upload\Vivienne Savage\Kaiden_-_Vivienne_Savage.epub","0","0","0.00","0","0","1"
"40210123","1","25","6860531","Free","A Land of Perfects","

""However, the solution was clear: survive and get out...""

Continue the Shadians' heartracing new adventure in A Land of Perfects, Book 2 of Season 8. 
Pre-order now!

*Beware of spoilers in the reviews below that are without spoiler alerts*

","https://images-na.ssl-images-amazon.com/images/S/compressed.photo.goodreads.com/books/1527264174i/40210123.jpg","local","upload\Bella Forrest\A_Land_of_Perfects_-_Bella_Forrest.epub","0","0","0.00","0","0","1"
"40212085","1","17","5174763","Free","The Fifth Britain","Cast away from the Society (sort of) and out on our own, we've got a big problem on our hands - and an exciting prospect, too. They call it time travel on TV. Is this the big, fat secret the Hidden Ministry's been keeping? What's the real truth behind that wandering tower? Answers must be found — in the face of severe opposition from the Ministry, from Ancestria Magicka, and from every Fae Court in existence. Simple. If only everything wouldn’t keep going wrong. If only a house hadn’t walked off with Jay. If only there wasn’t still a traitor on the loose, and if only Ancestria Magicka wasn’t always up to no good. With our trusty trio down to two, Zareen and I are going to need some help. Handsome, aristocratic, troll-shaped help, to be precise. Our track down a vanishing island, save the Striding Spire, and find the way back to 1789. Oh — and find out what exactly has become of Jay...?","https://images-na.ssl-images-amazon.com/images/S/compressed.photo.goodreads.com/books/1527291674i/40212085.jpg","local","upload\Charlotte E. English\The_Fifth_Britain_-_Charlotte_E._English.epub","0","0","0.00","0","0","1"
"40212111","1","17","3226226","Free","Tree of Ages","""The seasons are changing. The lines are faltering, undoing the old and bringing life to the new. Trees will fall, and changed earth will be left in their place. A storm is coming.""Finn doesn't remember much about her previous life, and in a world that has been changed by the wars of the Tuatha De, where trust is hard to come by, answers are even more difficult to find. Little does she know, an unknown evil tugs on the strings of fate, and the answers she so desperately seeks may be more important than she could have ever imagined.","https://images-na.ssl-images-amazon.com/images/S/compressed.photo.goodreads.com/books/1527292124i/40212111.jpg","local","upload\Sara C. Roethle\Tree_of_Ages_-_Sara_C._Roethle.epub","0","0","0.00","0","0","1"
"40213050","1","17","4897363","Free","Misfits, Gemstones, and Other Shattered Magic","Two more elves were at large in Vancouver, but thankfully they’d been keeping a low profile while I faced the most daunting task of my twenty-seven years — planning and executing my wedding. I was dealing with a disgruntled grandmother with an extensive guest wish list of the magically inclined, all of whom didn’t particularly like each other. Plus a fiance whose concept of time was altered whenever he stepped into a dimensional pocket, and a best friend who’d spent months planning what was certain to be an insane bachelorette party. How was I supposed to find time to worry about possible invasions, or the motley crew of magical misfits who had unrepentantly upended my peaceful existence? Not that I was complaining. Who didn’t love wielding deadly weapons, opening a bakery, and marrying their soul mate in the same week? Or was that just my sort of thing?Misfits, Gemstones, and Other ShatteredMagic is the eighth book in the Dowser series, which is set in the same universe as the Oracle, Reconstructionist, Amplifier, Archivist, and Misfits of the Adept Universe series. While it is not necessary to read all the series, in order to avoid spoilers the ideal reading order of the Adept Universe begins with Cupcakes, Trinkets, and Other Deadly Magic (Dowser 1).","https://images-na.ssl-images-amazon.com/images/S/compressed.photo.goodreads.com/books/1527309205i/40213050.jpg","local","upload\Meghan Ciana Doidge\Misfits,_Gemstones,_and_Other_S_-_Meghan_Ciana_Doidge.epub","0","0","0.00","0","0","1"
"40213800","1","17","17037109","Free","Queen of the Shining Sea","Rielle and her friends patrol the Shining Sea, doing all they can to stem the tide of gold flowing into Magehold and the dangerous goods flowing out. Facing Immortals and pirates at every turn, they wage battle after battle in an effort to weaken its ability to grasp for power.But Magehold does not accept defeat—and when it strikes back, Emaurria will suffer the consequences...","https://images-na.ssl-images-amazon.com/images/S/compressed.photo.goodreads.com/books/1527325069i/40213800.jpg","local","upload\Miranda Honfleur\Queen_of_the_Shining_Sea_(Blade_-_Miranda_Honfleur.epub","0","0","0.00","0","0","1"
"40216324","1","2","134408","Free","The River","The story of two college friends on a wilderness canoe trip—of a friendship tested by fire, white water, and violenceWynn and Jack have been best friends since freshman orientation, bonded by their shared love of mountains, books, and fishing. Wynn is a gentle giant, a Vermont kid never happier than when his feet are in the water. Jack is more rugged, raised on a ranch in Colorado where sleeping under the stars and cooking on a fire came as naturally to him as breathing. When they decide to canoe the Maskwa River in northern Canada, they anticipate long days of leisurely paddling and picking blueberries, and nights of stargazing and reading paperback Westerns. But a wildfire making its way across the forest adds unexpected urgency to the journey. When they hear a man and woman arguing on the fog-shrouded riverbank and decide to warn them about the fire, their search for the pair turns up nothing and no one. But: The next day a man appears on the river, paddling alone. Is this the man they heard? And, if he is, where is the woman?","https://images-na.ssl-images-amazon.com/images/S/compressed.photo.goodreads.com/books/1534803593i/40216324.jpg","local","upload\Peter Heller\The_River.epub","0","0","0.00","0","0","1"
"40221420","1","1","6510612","Free","Defending His Mate's Honor","Oz has no love for the warlocks, and he has no qualms with killing them before they can farm the scales from his dragon shape for their potions. After the destruction of his clan, he's not in a mood to show mercy. When Oz he finds a blind man wandering aimlessly in his forest, Oz has to step in. The power radiating from this man, however, is beyond anything Oz has ever felt before, and he can almost taste the man's status. Warlock. Warlock without eyes. And Oz's mate. Thorn gave up everything for the love of his family. When they rejected him, Thorn decided to let nature take him. Thorn never dreamed a dragon would come to his rescue, or to want Thorn so badly. Thorn never expected to want the dragon in return. No one ever defended Thorn before, so learning that someone out there might want to do that could be more than Thorn can handle. [Siren Everlasting Classic Alternative Contemporary Paranormal Romance, M/M, shape-shifter, warlocks, HEA]","https://images-na.ssl-images-amazon.com/images/S/compressed.photo.goodreads.com/books/1527437511i/40221420.jpg","local","upload\Marcy Jacks\Defending_His_Mate_s_Honor_-_Marcy_Jacks.epub","0","0","0.00","0","0","1"
"40224081","1","17","8167514","Free","Dragon Prophecy","From humble beginnings, a heroine will be forged in fire.   Forced to retreat from the Army of the Dead with her remaining force of Raiders and their dragons, Lila begins to despair that her people will ever be anything but a ragtag band. Even wielding the fabled crown of Roskilde, she cannot unite the Raiders—it seems she is not the one to fulfill Danu’s cherished prophecy.  But Danu isn’t giving up yet. Though he suspects the evil Havick has obtained an ancient book that will allow him unspeakable power, help may come from an unlikely source: the Dragon Riders of Torvald. These brave warriors could be their last chance to defeat the evil of Lars and Havick—but they are also the Raiders’ sworn enemies. Now, Lila, Danu, Crux, and their friends have no choice but to make a perilous journey into hostile territory to seek allies against the darkness threatening to consume them all. To save her friends, Lila must become the legendary leader she was born to be.","https://images-na.ssl-images-amazon.com/images/S/compressed.photo.goodreads.com/books/1527464517i/40224081.jpg","local","upload\Ava Richardson\Dragon_Prophecy_(Sea_Dragons_Tr_-_Ava_Richardson.epub","0","0","0.00","0","0","1"
"40224664","1","25","17061","Free","Dracula Night","""Dracula Night"" is a short story and extension of The Southern Vampire Mysteries. Published in Many Bloody Returns. This story does not affect the storylines in the Southern Vampires novels.Plot summaryEric's vampire bar, Fangtasia, throws a party each year for the vampire observance of Dracula Night, in honor of the infamous Count Dracula. According to legend, the Count will choose one lucky party from all over the world to grace with his presence. The book characters are amused by Eric's childlike hope that the Count will appear at his party, just like Linus of the Peanuts comic hopes in vain to greet the Great Pumpkin.","https://images-na.ssl-images-amazon.com/images/S/compressed.photo.goodreads.com/books/1527475343i/40224664.jpg","local","upload\Charlaine Harris\Dracula_Night_-_Charlaine_Harris.epub","0","0","0.00","0","0","1"
"40229495","1","1","6587202,5331170","Free","Awakening: The Balance Bringer","___________________ When the scales are tipped to the point of breaking, a balance bringer is born—three sisters, one balancer at the core. This time, Ana, it’s your burden to bear. — Ryland (Maitias Cale) Norde Sorlonte Raine _________________ Ana grew up believing her last name was Janssen. That was a lie.  She grew up believing her father didn’t want to be a part of her life. That was also a lie. And she grew up believing she was human and that the earthly realm was her home. That was likely the largest lie of all.  ________________  The secrets have been exposed. Ana knows who and what she is meant to be and meant to do. She has yet to decide if she will embrace her foretold destiny, but one point to which she remains steadfast is that she will fight until her dying breath for the safety of those she loves.  It is the salvation of Ana’s loved ones that has lead her to the world of Hiddenkel. Her intentions…save her sisters Crystia and Kaia. For them, she left behind her high school life and the only world she has ever known. And, due to unfortunate circumstances, she also ended up leaving her mother.  Ana thinks she understands the sacrifices required to become the Balance Bringer. And whether she wanted to or not, she has already paid a hefty price. But creation does not keep score nor play fair, and there is much Ana must learn, about herself and her awakening abilities. But when the life of Ana’s best friend and brother ends up in jeopardy, goals and needs will be reevaluated, and priorities will shift. An intense sense of urgency pushes her to make her way toward the rescue and recovery of her sisters, yet an equally weighted need pushes her to secure the health of her brother.  Can Ana save them all, sisters and brother, while struggling with her physical changes of becoming the Balance Bringer and dealing with her internal conflict that is her attraction to her Tracer and the pull to the dream incubus that would make her his own?   The exciting second installment of the award-winning Balance Bringer Chronicles continues in the land of Hiddenkel.  ________________ The Mortal Instruments meets The Cruel Prince in Awakening: The Balance Bringer, the second book in a series of dark, urban fantasy turned fantasy paranormal tales. If you enjoy strong female leads in supernatural coming-of-age stories with high-stakes action, then you’ll love USA Today Bestselling author Debra Kristi’s imaginative new series.  ","https://images-na.ssl-images-amazon.com/images/S/compressed.photo.goodreads.com/books/1527539614i/40229495.jpg","local","upload\Debra Kristi\Awakening__The_Balance_Bringer_-_Debra_Kristi.epub","0","0","0.00","0","0","1"
"40230897","1","16","6446003","Free","Survivor Skills","Two warriors—one Survival…. Sergi Lazaroff is a weapons expert and a spy for the Russian FSB. Assigned to the Project Gliese 581g exploration team as a mission specialist, his job was supposed to be simple—learn all he could about the man-made object in space that no one from Earth made, and return home to convey that valuable information to the FSB. When he wakes up on an alien planet in an escape pod, Sergi knows the last part of his mission will be impossible. Instead, he’ll have to use every trick he has to survive in a world where he doesn’t know the rules. La’Rue Gant has landed on a planet belonging entirely to assassins for one reason one of the mysterious pods that everyone is looking for landed here. It’s worth a lot of credits, and she currently needs credits so desperately that she’ll even take them from the Director of the Legion Andronikos. In the meantime, she’s trying very hard not to think about how many lives Andronikos has destroyed in this ridiculous war, or why he’s so interested in someone bringing him these pods, because she needs to collect this bounty! The pod itself was surprisingly not difficult to find, but actually getting it to her ship when the competition and the previous occupant of the pod are larking about… is proving a bit difficult…really, really difficult. The hunter becomes hunted, and nothing is turning out like La’Rue thought it would…. Caught in the middle of an alien civil war, two fighters from vastly different backgrounds must come together to fight for the survival of the Knights of the Gallant Order as the Legion forces close in around them. Can they slip through the traps set up to snare them, or will the Legion Director finally capture not one, but two of the prophesied ancient Knights of the Gallant Order? Internationally acclaimed, New York Times and USA TODAY Bestselling author of Science Fiction, Urban Fantasy, and Paranormal Romance, S.E. Smith, brings another action, adventure, and suspense-filled story to transport readers out of this world! Main 200 (6x9) pages, 63,256 words","https://images-na.ssl-images-amazon.com/images/S/compressed.photo.goodreads.com/books/1527557644i/40230897.jpg","local","upload\S.E. Smith\Survivor_Skills_-_S.E._Smith.epub","0","0","0.00","0","0","1"
"40230988","1","5","14703924","Free","Can't Be Love","Lily Westin has waited her entire life to find her one true mate. She has big dreams and expectations of what her perfect man will be like. A dreamer and a lover, Lily patiently waits as each of her siblings finds their mate, just waiting for the day she feels the tingle run down her spine and her happily ever after finally begins. But what happens when reality doesn’t live up to expectations? Thomas Collier is future Alpha of the Collier Pack. While from the outside he looks like he has the world at his fingertips, in truth, life hasn’t been so easy for him. He’s never really given much thought into a true mate and is ready to settle for a compatible one, until he catches the scent of the one woman he is destined to be with. Now he must convince her that he’s not the man she thinks he is. Thomas and Lily already have a connected past, with many predetermined assumptions. Can they get past what they think they know of each other to find true love? Or will stubborn pride keep them from their happily ever after?","https://images-na.ssl-images-amazon.com/images/S/compressed.photo.goodreads.com/books/1527559113i/40230988.jpg","local","upload\Julie Trettel\Can_t_Be_Love_-_Julie_Trettel.epub","0","0","0.00","0","0","1"
"40239228","1","12","17206010","Free","Witchy See, Witchy Do","There’s been another unfortunate death in Riddler’s Edge. And just like last time, this one definitely wasn’t a murder.  Or was it?  When Heather Flynn is found hanging from the church bell, it seems clear that she killed herself. But Aisling Smith is convinced otherwise – and not just because it appears that Heather’s death was a resurrection spell gone wrong. There are mysterious symbols painted below Heather’s body – symbols which emit a green glow that only Aisling can see.  It’s Shanty Season in Riddler’s Edge – and seeing as Heather was a member of the local choir, Aisling thinks it might be time to sing for her supper. Well, to sing for her story, anyway.  But when yet another member of the choir is killed, the case gets stranger yet. Aisling and Detective Quinn find themselves involved in the gruesome game of Witchy See, Witchy Do – a game from which no player has ever emerged alive.","https://images-na.ssl-images-amazon.com/images/S/compressed.photo.goodreads.com/books/1527663181i/40239228.jpg","local","uploads/A. A. Albright/Witchy_See,_Witchy_Do_-_A._A._Albright.epub","0","0","0.00","0","0","1"
"40239415","1","41","8170388","Free","Born into Darkness"," Three ferocious panther shifters. One broken woman with dangerous powers. A kingdom menaced by evil.  Framed for her father's murder and facing execution, Snow has lost everything she ever loved, leaving her heart fractured beyond repair. To the point that touch and any emotional connection is unbearable. Seizing an opportunity, she flees the months of cruelty for the safety of the mountains.  But her power-hungry stepmother dispatches hunters, bound by magical collars that turn them into blood thirsty beasts, to kill Snow. If the hunters don’t deliver her heart to the evil queen within seven days, the collars will strangle them, along with any hope Snow has of defeating the witch. What was once a straightforward assassination becomes a devastating attack on her heart.  Betrayal, conviction and revenge collide in this spellbinding romance.  Note: BORN INTO DARKNESS is based in the same world as the Haven Realm series and features crossovers with characters in this world.","https://images-na.ssl-images-amazon.com/images/S/compressed.photo.goodreads.com/books/1527667353i/40239415.jpg","local","upload\Skyler Andra\Born_Into_Darkness_-_Mila_Young.epub","0","0","0.00","0","0","1"
"40240189","1","42","3087007","Free","Mr. August","Hector thought he’d escaped his past and had nothing to fear by posing for a charity calendar, but he was wrong.Hector Torres is a self-made man. He came from the wrong side of the tracks and had a difficult childhood. Violence and crime flourished around him, but one particular event sent him running, and he’s been looking back over his shoulder for over a decade.He thought he’d changed enough to take a chance and do something good, especially in light of his closest friend’s daughter being diagnosed with cancer.But Hector is wrong, and the man suddenly appears in his life might be his saviour—or his executor.","https://images-na.ssl-images-amazon.com/images/S/compressed.photo.goodreads.com/books/1527682435i/40240189.jpg","local","upload\Bailey Bradford\Mr._August_-_Bailey_Bradford.epub","0","0","0.00","0","0","1"
"40241892","1","1","10112820","Free","The Night Universe Collection","Welcome to the carnival of the damned. I’m one of the seven deadly sins, they call me Lust, but you can just call me Pandora. This is a story of darkness. Redemption. Hope. And betrayal I never saw coming. A reaper’s found me—deadly to my kind—and though I know I shouldn’t be I’m as drawn to him as a moth is to flame. But I don’t have time to indulge in my fantasies of stripping him down naked and having my dirty, dirty way with him. Because there’s a prophecy going round. Real end of the world type stuff. And somehow this little demon is at the heart of it all. I’m thousands of years old, but I’m starting to feel like my numbers finally come due...Book 1: Crimson NightMy name is Pandora, and I'm a Nephilim-half demon-what's my other name? Lust. I'm the dark craving that drives you mad, makes you reckless and stupid. But I'm not all bad. I fight for light. People are starting to disappear and lately I've felt a dark presence lurking around me. I think it might be a death priest. And before the night is through I'll be betrayed by the one person I thought I could trust.Book 2: All Hallows NightSecrets and truths, lies and red herrings… which is which? That’s what Pandora’s trying to figure out. And there's no better time to do it than during Mexico's annual Dia de Los Muertos festival. There's just one problem... Zombies. Book 3: Howler’s NightLies. Half-truths. A zombie Queen. And a really freaking dark entity known only as the Triad. The more Pandora learns the worse things seem to get. ""And I looked, and behold a pale horse: and his name that sat on him was Death, and Hell followed with him..."" Book 4: Red RainWelp... this is it. The end of the world. Somehow, I don't think I made anything better, only worse. But now I've got allies, people I call friends and maybe, just maybe I might come out of this nightmare alive... or maybe I'll turn into something darker than anything the world could ever imagine. Guess, you'll just have to wait and see.The Night Series was originally written as Marie Hall, now writing as Selene Charles.","https://images-na.ssl-images-amazon.com/images/S/compressed.photo.goodreads.com/books/1527696699i/40241892.jpg","local","upload\Selene Charles\The_Night_Series_Universe_Colle_-_Selene_Charles.epub","0","0","0.00","0","0","1"
"40242245","1","2","3780,39304","Free","The First Lady","""Sir, the First Lady ... has gone rogue.""President Tucker is caught up in a media firestorm. The scandal of his affair has sent shockwaves through his re-election campaign, and threatens to derail everything he has worked for. To win the vote, he needs the First Lady to stand by his side.But Grace Tucker has a mind of her own.After years of compromise, unfulfilled promises, deception and betrayal, Grace refuses to give in to her husband's demands. Escaping the city and her Secret Service agents, she is officially off the radar.But did the First Lady run away? Or is she in far greater danger than anyone could have imagined?","https://images-na.ssl-images-amazon.com/images/S/compressed.photo.goodreads.com/books/1535015989i/40242245.jpg","local","upload\James Patterson\The_First_Lady_-_James_Patterson.epub","0","0","0.00","0","0","1"
"40243799","1","20","73977","Free","Dirty Rich Obsession","A MAN OF CONTROL. A WOMAN WHO'S ABOUT TO TAKE IT.Reid Maxwell is one of the top corporate attorneys and one of the most eligible bachelors in New York City. He likes his wins big, his women beautiful and in bed, not out, and most importantly the deep burn of his past buried. Until one woman, a most unexpected woman, challenges him in ways that might just destroy the invincible Mr. Maxwell.Carrie West is captive to Reid Maxwell and a debt between their families she doesn't know exists. It should be so simple for Reid Maxwell. Claim the company that is now his. The problem: he's now obsessed with Carrie, the daughter of the man he's destined to destroy.Now who's captive to who?","https://images-na.ssl-images-amazon.com/images/S/compressed.photo.goodreads.com/books/1527714597i/40243799.jpg","local","upload\Lisa Renee Jones\Dirty_Rich_Obsession_-_Lisa_Renee_Jones.epub","0","0","0.00","0","0","1"
"40244697","1","41","18069577","Free","Shadow on the Wing","Sweet, protective Galen, quiet, studious Cassidy. Rugged Chase, the leader, and swaggering Aric, the pain in my ass. These four smoldering dragons hold the key to my past. And the secret to my own true dragon nature.  When I was four, someone sold my family out to a cult bent on destroying the world. They destroyed my childhood instead. I was torn from my people, torn from who I was meant to be, and tossed from home to home. After a lifetime of neglect, I've found a family of my own at McKinnett's Pub. They're the only ones I let in. On my twenty-first birthday, my past and my future collide. I come to my senses in the arms of a handsome stranger, with his equally handsome friends cleaning up one hell of a mess. The more time I spend with them, the harder it is to keep them at arm's length. Will embracing the dragon trapped within me save me from danger, or send me spiraling deeper in? Will dancing with these four tempting dragons leave me burned? The fate of the world may hang in the balance. No pressure. Shadow on the Wing is a steamy reverse-harem romance with sex, violence, and naughty language. It is the first in the Arysia Bellmont series.","https://images-na.ssl-images-amazon.com/images/S/compressed.photo.goodreads.com/books/1527721781i/40244697.jpg","local","upload\Katya Moore\Shadow_on_the_Wing_-_Katya_Moore.epub","0","0","0.00","0","0","1"
"40286379","1","58","375626","Free","Hour of Darkness","Born and raised as an assassin in the notorious Hunter program, Breed vampire Cain has since put his specialized skills to use as a mercenary willing to clean up any problem for a price. Or so he thought. After a job in Las Vegas strains even his dubious code of honor, Cain pulls up stakes and lands in Miami for a much-needed break. All he wants is time away to clear his head and regroup, but then a beautiful young woman is nearly killed in front of his eyes and the ruthless former Hunter becomes the only thing standing between her and a sniper’s bullet.  Marina Moretskova is no stranger to dangerous men. As the niece of a Russian organized crime boss, she’s grown up around killers and criminals. But her uncle wants out now, and he’s enlisted Marina’s help in buying his freedom by delivering valuable intel to a secret contact in exchange for protection. Not even Marina’s bodyguards are aware of her mission, so when an attempt on her life is averted by a handsome, steely-eyed vampire, as grateful as she is for Cain’s intervention, the last thing she needs is the shrewd Breed male nosing around for answers. Cain’s cold, haunted gaze and merciless abilities attest to his brutal nature, yet the rough, solitary Hunter stirs a powerful longing in Marina—a darkly seductive hunger —that she can neither afford nor resist. With a target on her back and covert enemies closing in from all sides, trust is a risk that can prove deadly . . . and the safest shelter she may find is in the arms of the most lethal man she’ll ever know.","https://images-na.ssl-images-amazon.com/images/S/compressed.photo.goodreads.com/books/1528882451i/40286379.jpg","local","upload\Lara Adrian\Hour_of_Darknes_-_Lara_Adrian.epub","0","0","0.00","0","0","1"
"40307670","1","1","4907614,5445830","Free","The Hybrid Sovereign","

Ash has come to claim her throne, and no one is going to stand in her way...




Ash must rise and take her place among the vampires--but not as their equal. As their queen.Unfortunately for her, the hybrid named Maksim that Nadya created has a few very nasty tricks up his sleeve, and he wants her head. Luca has his own hands full with the impending war with Jules when he discovers the truth about Maksim and just how truly dangerous he is. Once again, they are staring down two wars, only this time, they know literally nothing about the enemy--except that they might just lose.  ","https://images-na.ssl-images-amazon.com/images/S/compressed.photo.goodreads.com/books/1527882118i/40307670.jpg","local","upload\Candy Crum\The_Hybrid_Sovereign_-_Candy_Crum.epub","0","0","0.00","0","0","1"
"40307932","1","1","3430431","Free","The Billionaire's Marriage Deal: Her Little White Lie\The Couple who Fooled the World","Read these classic romances by New York Times bestselling author Maisey Yates. Her Little White LieDante Romani’s shock engagement to employee!Paige Harper can’t believe her little white lie has made the headlines. The only way to secure the adoption of her best friend’s daughter was to fake an engagement with her boss. Now she can hear him marching down the corridor to fire her!The press have spent years cultivating Dante’s devilish persona, but now he wonders if this Ôengagement’ could be an opportunity to change that. Paige will wish he had fired her when she hears his if she wants his ring she’ll have to play the part of devoted wife in public and in private…Originally published in 2013 The Couple Who Fooled the WorldThe true meaning of ÔKeep your enemies close’…Most women would kill to be on Ferro Calvaresi’s arm. The enigmatic Italian is one of the richest men in the world and at the top of his business game. Julia Anderson is not most women. She’s as rich as Ferro and twice as hungry. The only way to seal a major deal is for these two rivals to play nicely…together.Yet neither expects the media to soak up their ruse so quickly or so publicly! But when the deal is won are the world’s hottest new couple beginning to believe their own lie?Originally published in 2013 ","https://images-na.ssl-images-amazon.com/images/S/compressed.photo.goodreads.com/books/1527883650i/40307932.jpg","local","upload\Maisey Yates\The_Billionaire's_Marriage_Deal_-_Maisey_Yates.epub","0","0","0.00","0","0","1"
"40363203","1","5","14708215","Free","Stratus","Lily Calhoun wants nothing more than some excitement on her quiet, small-town life. When she gets caught in a storm one afternoon she gets more than she bargained for. Excitement suddenly falls into her life, literally.  Stratus is mysterious, fun, and has a danger to him that Lily finds herself drawn to. Learning that he is either a demon or an angel only makes him more irresistible. But when strangers start turning up dead in her town, Lily begins to fear her new found flame may be the cause.  Caught in a tempest of lies, secrets, and betrayals, Lily must discover who Stratus really is behind his stormy eyes. Is it an angel who will win her heart, or will it be a demon who stakes his claim? ","https://images-na.ssl-images-amazon.com/images/S/compressed.photo.goodreads.com/books/1527966973i/40363203.jpg","local","upload\Miranda Brock\Stratus_-_Miranda_Brock.epub","0","0","0.00","0","0","1"
"40379082","1","42","386699","Free","The Scorpion and His Prey","On the When a family oriented cat shifter is pursued by a loner, he must decide which concessions are acceptable.Rusty Peruke works as a mechanic and is close with his family. His wheelchair bound brother, Korvyn, lives with him, and he sends extra cash home to his parents on a regular basis. When he meets Acheron while the man is at the shop buying a set of fast wheels, Rusty is both excited and concerned--and it's not because he's never been with a guy. Acheron is a loner scorpion shifter who hasn't stayed in one place since he left his family home over eight decades before. Rusty has no intention of running out on his family. To him, their needs come first. Can two polar opposites find enough common ground to build a future? Or will assumptions and miscommunications create a wall between them that's impossible to scale?","https://images-na.ssl-images-amazon.com/images/S/compressed.photo.goodreads.com/books/1528089309i/40379082.jpg","local","upload\Charlie Richards\The_Scorpion_and_his_Prey_-_Charlie_Richards.epub","0","0","0.00","0","0","1"
"40379261","1","41","17364990","Free","Entangled","Tangles of death, danger, and monsters. Rapunzel and her sexy shifters must escape a witch’s vengeance.  At the age of eight, Elliana lost her father, her future, and her freedom in exchange for eternal captivity. Not to mention unimaginably long hair.  Trapped in a tower by a magical gargoyle, Elliana chances a few daring and ill-fated escapes in search of a powerful, hidden weapon, which could free her and kill the stone creature once and for all. But to do that, she must summon a sly dragon shifter, a ferocious lion shifter with way too much baggage, and a devious tiger shifter. But the witch who hexed her is returning to finish Elliana. Can she save herself and the heroic three shifters she’s slowly losing her heart to before they all die?  Dragons, lions, magical hair and love merge in this heart-wrenching tale that finds its own, unique, 'Happily Ever After.'  Note: Each book in the Haven Realm series is a standalone book.","https://images-na.ssl-images-amazon.com/images/S/compressed.photo.goodreads.com/books/1528093433i/40379261.jpg","local","upload\Mila Young\Entangled_-_Mila_Young.epub","0","0","0.00","0","0","1"
"40385422","1","17","16712129","Free","Bolivar's Sword","Bolivar’s Sword is the fabled weapon of the greatest hero of the Krykker race—and Rabigar needs it. There’s just one problem. Rabigar has been exiled from his homeland, never to return, on pain of death.  Belwynn has escaped from the clutches of Ishari. But her brother Soren, and her friends, have not been so lucky. Who will help her in a rescue attempt that seems certain to fail?  Meanwhile, the armies of Ishari are on the march, aiming to smash the resistance of the Brasingian Empire. Will the fragile coalition hold? Or will the dark forces that have been unleashed destroy their world? As war comes to Dalriya, the stakes couldn’t get any higher...","https://images-na.ssl-images-amazon.com/images/S/compressed.photo.goodreads.com/books/1528164760i/40385422.jpg","local","upload\Jamie Edmundson\Bolivar's_Sword_-_Jamie_Edmundson.epub","0","0","0.00","0","0","1"
"40389469","1","34","7130","Free","Varina","In his powerful fourth novel, Charles Frazier returns to the time and place of Cold Mountain, vividly bringing to life the chaos and devastation of the Civil War.With her marriage prospects limited, teenage Varina Howell agrees to wed the much-older widower Jefferson Davis, with whom she expects a life of security as a Mississippi landowner. He instead pursues a career in politics and is eventually appointed president of the Confederacy, placing Varina at the white-hot center of one of the darkest moments in American history—culpable regardless of her intentions. The Confederacy falling, her marriage in tatters, and the country divided, Varina and her children escape Richmond and travel south on their own, now fugitives with “bounties on their heads, an entire nation in pursuit.” Intimate in its detailed observations of one woman’s tragic life and epic in its scope and power, Varina is a novel of an American war and its aftermath. Ultimately, the book is a portrait of a woman who comes to realize that complicity carries consequences.","https://images-na.ssl-images-amazon.com/images/S/compressed.photo.goodreads.com/books/1528224861i/40389469.jpg","local","upload\Charles Frazier\Varina_-_Charles_Frazier.epub","0","0","0.00","0","0","1"
"40390588","1","37","13450624","Free","Southern Curses"," The dead should stay dead...unless they were alive to begin with.   Life for Pepper Dunn is just beginning to slow down in the magical town of Magnolia Cove, Alabama, when her Uncle Donovan, who is supposed to be deceased, appears on her doorstep very much alive. Turns out Uncle Donovan faked his death to avoid the werewolf mafia, a dangerous group who will stop at nothing to get their hands on him.  But when a hit on Donovan goes wrong and someone else winds up murdered, it’s up to Pepper and her boyfriend Axel to find the killer before another life is taken. Can she do it? Or will Pepper be next in line to face off against a killer?    Find out now!   ","https://images-na.ssl-images-amazon.com/images/S/compressed.photo.goodreads.com/books/1528236910i/40390588.jpg","local","upload\Amy Boyles\Southern_Curses_-_Amy_Boyles.epub","0","0","0.00","0","0","1"
"40404706","1","13","27847","Free","Devil's Daughter","
A scintillating tale of a beautiful, young widow who finds passion with the one man she shouldn't . . .
Although beautiful young widow Phoebe, Lady Clare, has never met West Ravenel, she knows one thing for certain: he's a mean, rotten bully. Back in boarding school, he made her late husband's life a misery, and she'll never forgive him for it. But when Phoebe attends a family wedding, she encounters a dashing and impossibly charming stranger who sends a fire-and-ice jolt of attraction through her. And then he introduces himself—as none other than West Ravenel.West is a man with a tarnished past. No apologies, no excuses. However, from the moment he meets Phoebe, West is consumed by irresistible desire . . . not to mention the bitter awareness that a woman like her is far out of his reach. What West doesn't bargain on is that Phoebe is no straitlaced aristocratic lady. She's the daughter of a strong-willed wallflower who long ago eloped with Sebastian, Lord St. Vincent—the most devilishly wicked rake in England.Before long, Phoebe sets out to seduce the man who has awakened her fiery nature and shown her unimaginable pleasure. Will their overwhelming passion be enough to overcome the obstacles of the past? Only the devil's daughter knows.","https://images-na.ssl-images-amazon.com/images/S/compressed.photo.goodreads.com/books/1532836209i/40404706.jpg","local","upload\Lisa Kleypas\Devil_s_Daughter__The_Ravenels_-_Lisa_Kleypas.epub","0","0","0.00","0","0","1"
"40406844","1","17","4615377","Free","The Ink Master's Silence","It should be a happy time for India and Matt, but forces beyond their control conspire to ruin their future. A distraction from their troubles comes in the form of murder.  When the editor of The Weekly Gazette is killed, controversial journalist and ink magician Oscar Barratt asks India and Matt to investigate. As the recipient of threatening letters written on magic paper, he believes he was the intended target. With suspects ranging from Oscar’s brother to guild masters and London’s elite, India and Matt have a lot of investigating to do.  But the more they dig, the more dark secrets they uncover. Secrets that involve blackmail and an exclusive club of magic collectors who want to preserve the value of their collections. When one of the secrets can give India and Matt the future they desire, will they give in to blackmail or sacrifice their happiness?","https://images-na.ssl-images-amazon.com/images/S/compressed.photo.goodreads.com/books/1528293792i/40406844.jpg","local","upload\C.J. Archer\The_Ink_Master's_Silence__Glass_-_C.J._Archer.epub","0","0","0.00","0","0","1"
"40407077","1","36","13525360","Free","Antigen","She made a blood vow to save him.But first, she’ll have to save herself.  Ryder isn’t a stupid woman, and she knows better than to volunteer for things. Volunteering always gets you into trouble. So it’s really no surprise when her undercover operation to retrieve Temple Akenzua from the belly of a Regime prison goes tits-up in fairly short order.  With Ryder stuck on the wrongs side of the bars, the rescue mission has now become a mission of survival. Her only hope—and Temple’s—lies with her comrades in the Shadow Wing. Ryder just needs to stay alive until they come up with a plan.  Of course, that would be quite a bit easier if her former bondmate wasn’t dead-set on seeing her, well… dead. And, as a Regime official, he has the clout to make sure she disappears without a trace.  When all hell breaks loose, the human Ryder was supposed to rescue suddenly becomes her only ally as they fight to protect each other and make it to freedom.  Ryder was supposed to be the one doing the saving in this scenario. It never occurred to her that she and Temple might be able to save each other.  * * *  From USA Today bestselling author R. A. Steffan comes a sizzling sci-fi romance series, perfect for fans of J. R. Ward and Sherrilyn Kenyon.  Strap in tight, because all's fair in LOVE AND WAR.","https://images-na.ssl-images-amazon.com/images/S/compressed.photo.goodreads.com/books/1528296577i/40407077.jpg","local","upload\R.A. Steffan\Antigen_-_R._A._Steffan.epub","0","0","0.00","0","0","1"
"40407954","1","16","6889892","Free","The Price of Paradise","Can the world find a way back from darkness, if there is no hope to light the way? ""So the world is better off because you love me?"" Aerie asked. ""My world certainly is."" His icy blue eyes softened as they locked into hers. Aerie and Exton are still at war with the Revolutionary States, but there is much to celebrate. Now that they are together again, Aerie finally has what she's always A loving home. But her past, and her parents, are far from letting her move on with her new life. When Merra further escalates the war with her treachery, Aerie is faced with an impossible Save her mother, or betray Exton. Years after his father's murder, Exton finally has the killer at his mercy. But General St. Cloud has a surprise for him—the truth about Silas's death. While Exton struggles with the ghosts of his past, his allies face dire threats at Panama, where a battle has ensued over a shipment of weapons. The stakes are raised even higher as the dictator of the fair world himself, Grant Osgood, launches the GPI, his Global Planethood Initiative, in hopes of finishing off the Perdition and demolishing the defectors' hopes for liberty. With the fate of the planet on the line, Aerie and Exton know each of their decisions could mean the difference between victory and defeat. Can they pay the price that war—and true love—demands?Enjoy the pleasure of finishing the Divine Space Pirates trilogy, a science fiction romance series for teen and young adults, as Aerie and Exton's love faces off against the pressure of a world at war.","https://images-na.ssl-images-amazon.com/images/S/compressed.photo.goodreads.com/books/1528984090i/40407954.jpg","local","upload\C.S.  Johnson\The_Price_of_Paradise_-_C._S._Johnson.epub","0","0","0.00","0","0","1"
"40408261","1","12","15098044","Free","Craft Circle Cozy Mystery Boxed Set: Books 1 - 9","Nine Crafting Cozy Mysteries from USA Today Bestselling author Stacey Alabaster. Georgina is the owner of a craft store in Pottsville. From her first days in town, she has found herself in the middle of trouble. And now that she has expanded her horizons into volunteering at the animal shelter, wedding planning, and blogging, she is faced with even more intrigue. She will have to be at her mystery-solving best if she’s gonna keep nine killers from getting away? This collection of cozy mysteries includes all nine books in the Craft Circle Cozy Mystery series. If you like cozy mysteries with interesting characters, the Craft Circle Cozy Mystery series is for you. Buy the Craft Circle Cozy Mystery Boxed Set and start solving your next mystery (or nine) today! The Craft Circle Cozy Mystery Series Each book in the series is a stand-alone story, but your enjoyment of each story will be increased if you read them all. Be sure to check them all out. Steps from Death - When you’re the new girl in a small town, you have to step out of your comfort zone and meet new people. But sometimes that can leave you only Steps from Death. Arts, Crafts and Murder – Crafts are big deal in Pottsville. But is it big enough to murder for? A Finely Crafted Murder – When someone is murdered in a rival craft store, her suspicions intensify. Was her ex-husband capable of murder? Crafts, Cat Burglars, and Murder - Georgina starts volunteering at the local animal shelter in an effort to find balance in her life. When cats start disappearing, she takes it upon herself to find out what’s going on. When she tracks down the cat burglar, events take a deadly turn. Can Georgina find the killer before he lands on his feet and gets away? Weddings, Receptions, and Murders – Life is getting crazy for craft store owner turned super sleuth, Georgina Holt. When she signs on to help with a DIY wedding, things take a deadly turn. Can Georgina solve the murder and save the wedding? Beaches, Blogging, and Bodies – Georgina’s craft store has become established and a mainstay in the Pottsville community. When she decides to expand into the online blogosphere, things start to get weird. After a new online friend seems to disappear, Georgina sets out to find her missing friend. Her search leads her to a beach home…and a murder mystery? Death at the Dog Wedding - Georgina’s dog Jasper is finally tying the knot with his doggie girlfriend. When the bride-to-be bolts, things go from bad to worse. After a wedding guest is found shot to death, Georgina is thrown into another murder mystery. Can she help Jasper get over the heartbreak of being left at the doggie altar and catch a murderer at the same time? Crafts, Crimes, and Country Clubs – George is moving forward with police officer boyfriend Ryan. When an unpopular colleague is murdered, the detectives who should be solving the case become suspects. Can George and Ryan’s relationship handle an investigation into the detectives who should be solving the case? Murder, Money, and Moving On – George's craft store has become known as a hotbed for crafts and crimes. When a man is murdered in her store, it becomes apparent that things have become personal. George must solve the murder and save her best friend, Jasper, if she is going to find closure before moving on with her life.","https://images-na.ssl-images-amazon.com/images/S/compressed.photo.goodreads.com/books/1528307225i/40408261.jpg","local","upload\Stacey Alabaster\Craft_Circle_Cozy_Mystery_Boxed_-_Stacey_Alabaster.epub","0","0","0.00","0","0","1"
"40496207","1","17","4121443","Free","The Spear of Stars","The White Lich has conquered Tanar Atain.  Soon, he means to take the entire world. Dante suspects his next target will be Bressel, where the Tanarians have established their court in exile. The only chance to stop the lich will be to forge a fragile alliance between the bitter enemies of three different lands: Tanar Atain, Mallon, and Narashtovik.  The city stands on the brink of rebellion. Yet even if Dante, Blays, and Gladdic can unite it, they still might not have the strength to stand against the army of the lich.  One last hope may stop the coming destruction: the legendary Spear of Stars. But the weapon was lost long ago. To find it again, they may have to travel further than they've ever known.","https://images-na.ssl-images-amazon.com/images/S/compressed.photo.goodreads.com/books/1528495241i/40496207.jpg","local","upload\Edward W. Robertson\The_Spear_of_Stars_-_Edward_W._Robertson.epub","0","0","0.00","0","0","1"
"40497002","1","37","9786375","Free","Ghostly Despair","Almost six years ago, Harper Harlow’s boyfriend was involved in a car accident and walked away from the scene. Severely injured, law enforcement believed him dead and gave up looking. It seems they were wrong. Quinn Jackson is back … and he’s very much alive. His memory isn’t what it used to be, but he’s quickly putting things together. One of the first people he wants to see when his life comes roaring back is the woman he left behind. Quinn doesn’t know what he wants, but Harper is very much taken. Although his death left her searching for answers and respite, she’s moved on. Her current boyfriend Jared Monroe is suspicious of Quinn’s return even though the man swears he’s only visiting for closure and nothing else. Murder is on the menu, though, and when a grifter ends up dead, Quinn is one of Jared’s first suspects. Harper isn’t happy with her boyfriend’s reaction but she’s willing to work with him. Together, Harper and Jared have to solve the mysteries of the past and survive the present. It’s going to be a long, hard slog and there are no guarantees.","https://images-na.ssl-images-amazon.com/images/S/compressed.photo.goodreads.com/books/1528508859i/40497002.jpg","local","upload\Lily Harper Hart\Ghostly_Despair_-_Lily_Harper_Hart.epub","0","0","0.00","0","0","1"
"40497090","1","17","5172000","Free","Oracle's Haunt","The fourth installment of the best selling ""Desert Cursed Series"". Hope is a four letter word. Yet, I can’t help but hope that the Oracle will be the answer to what I seek.But getting to the Oracle is no small thing as she resides in the center of the Blasted lands—toxic waste, lava, and monsters. And as the alpha of our Pride, it’s up to me to act responsibly and not get my people all killed.Driving us from behind comes the desert goddess whose rage is centered on me, and with her is a new ally, who still holds my heart in his hands. One whose voice calls to me still.Eyes on the prize, I will push forward, even though hope feels weak and pointless. Along the way, maybe my heart will heal, maybe I’ll bring my brother back from the dead, maybe this will turn out okay after all.Or maybe I will lose everything, and everyone I hold dear and discover I’m not meant to save anyone.Hope might spring eternal, but she’s a right bitch as far as I can see.","https://images-na.ssl-images-amazon.com/images/S/compressed.photo.goodreads.com/books/1541067661i/40497090.jpg","local","upload\Shannon Mayer\Oracle_s_Haunt_-_Shannon_Mayer.epub","0","0","0.00","0","0","1"
"40508188","1","17","26897","Free","Wild Country","In this powerful and exciting fantasy set in the world of the New York Times bestselling Others series, humans and the shape-shifting Others will see whether they can live side by side...without destroying one another.There are ghost towns in the world—places where the humans were annihilated in retaliation for the slaughter of the shape-shifting Others.One of those places is Bennett, a town at the northern end of the Elder Hills—a town surrounded by the wild country. Now efforts are being made to resettle Bennett as a community where humans and Others live and work together. A young female police officer has been hired as the deputy to a Wolfgard sheriff. A deadly type of Other wants to run a human-style saloon. And a couple with four foster children—one of whom is a blood prophet—hope to find acceptance. But as they reopen the stores and the professional offices and start to make lives for themselves, the town of Bennett attracts the attention of other humans looking for profit. And the arrival of the Blackstone Clan, outlaws and gamblers all, will uncover secrets…or bury them.","https://images-na.ssl-images-amazon.com/images/S/compressed.photo.goodreads.com/books/1551724790i/40508188.jpg","local","upload\Anne Bishop\Wild_Country_(The_World_of_the_-_Anne_Bishop.epub","0","0","0.00","0","0","1"
"40509302","1","1","18115178","Free","Alexis: A Clone Crisis Prequel","In 2414, the entire population of the world is a clone of a person born hundreds of years earlier. Without parents and family, what's best for the community is best for all.  Alexis, an intelligent and driven student, is excited to start her internship in fertility research. But behind the scenes, Alexis works with the Underground, a group devoted to fighting the Chancellor who keep secrets and limit the citizens' free will.  When Alexis is asked to embark on a secret mission to uncover a dangerous secret about the fertility lab that threatens everything her town believes, she's forced to decide what ""best for the community"" really means.  Alexis: A Clone Crisis Prequel is the perfect way to launch yourself into the world of Clone Crisis. Subscribe to Melissa Faye's newsletter to get a free story about the Clone Crisis world and be the first to learn when Clone Crisis is released! ","https://images-na.ssl-images-amazon.com/images/S/compressed.photo.goodreads.com/books/1528696613i/40509302.jpg","local","uploads/Melissa Faye/Alexis_-_Melissa_Faye.epub","0","0","0.00","0","0","1"
"40509719","1","16","3378320","Free","Handle With Care","What if all you want is the one thing you can’t have? First grade teacher Emily Towson always does the right thing. The sensible thing. But in her dreams, she does bad, bad things with the town’s baddest Tanner O’Connor. But when he sells her grandmother a Harley, fantasy is about to meet a dose of reality.And then he goes and calls her “sensible”...Tanner can’t believe sweet Emily is standing in his shop. Yelling and waving her hands and looking so god damn sexy he’s having trouble focusing. He’d spent two hard years in prison, with only the thought of this “good girl” to keep him sane.He really should send her away...Before either one thinks though, they’re naked and making memories on his tool bench with apparently the oldest condom in history. Now Tanner’s managed to knock-up the town’s “good girl” and she’s going to lose her job over some stupid “morality clause” if he doesn’t step up.But can this bad boy teach his good girl they’re perfect for each other in time? ","https://images-na.ssl-images-amazon.com/images/S/compressed.photo.goodreads.com/books/1529701273i/40509719.jpg","local","upload\Nina Croft\Handle_with_Care_(Saddler_Cove)_-_Nina_Croft.epub","0","0","0.00","0","0","1"
"40513478","1","45","13616729","Free","Steel and Stone","POINT OF NO RETURNAlastair Stone, determined to harness enigmatic mage Trevor Harrison’s potent power source, takes a desperate chance—he travels to the dimension where it originates, hoping to convince Harrison to teach him its secrets.He should have expected things wouldn’t go as planned.Stranded without his power in an exotic, unfamiliar world rich in magic and ruled by tyrannical practitioners, Stone knows his only chance of getting his magic back is to find Harrison--a man who has good reasons for not wanting to be found.But first, he has to stay alive long enough to do it.","https://images-na.ssl-images-amazon.com/images/S/compressed.photo.goodreads.com/books/1528757075i/40513478.jpg","local","upload\R.L. King\Steel_and_Stone_-_R._L._King.epub","0","0","0.00","0","0","1"
"40515052","1","17","6860531","Free","Harley Merlin and the Secret Coven","Being an empath has its advantages. Harley Merlin can sense people’s emotions, among other things. It’s how she snagged her first job pinpointing cheaters at a casino. But she has no clue where she got these freakish powers because she spent her childhood jumping from home to home in the foster system, and her father left her with nothing more than a cryptic note. Then she crosses paths with a terrifyingly real monster. Which is when a mysterious and annoyingly arrogant young warlock named Wade Crowley steps in, introducing her to a hidden world of beasts, magicals, and covens riddled with secrets—as well as clues about her murky past. Whether she likes it or not, this new world is where she belongs. But after a disturbing twist of events, Harley quickly realizes that her past is darker than she could ever have imagined. And that someone in the coven is out for her blood. With the help of Wade and her new friends, she must figure out who the traitor is and why they’re targeting her... Before the human and magical worlds dangerously collide.","https://images-na.ssl-images-amazon.com/images/S/compressed.photo.goodreads.com/books/1528780044i/40515052.jpg","local","upload\Bella Forrest\Harley_Merlin_and_the_Secret_Co_-_Bella_Forrest.epub","0","0","0.00","0","0","1"
"40522286","1","1","6510612","Free","Life with a Dragon","[Siren Everlasting Classic Alternative Contemporary Fantasy Paranormal Romance, M/M, shape-shifter, werewolves, HEA] Lightning is trying to do right by his new mate. His best friend turned enemy turned mate. Tim has been trying to make amends for the sins of his family for years. Not just the sins of his family, but his own unforgivable actions, as well. Now that Tim has the chance for happiness, he almost doesn't know what to do with it, and his mate has been acting strange lately. Lightning met an omega wolf who reminded him of Tim, an omega who needed help, though Lightning was unable to give it. When he finds out that omega came to his clan searching for aid and his clan leader didn't help, Lightning needs to make it right. But making it right could mean leaving Tim behind, where it's safe, so Lightning could go off to war with the people who want him, his mate, and everyone he ever cared for, dead.","https://images-na.ssl-images-amazon.com/images/S/compressed.photo.goodreads.com/books/1528894765i/40522286.jpg","local","upload\Marcy Jacks\Life_with_a_Dragon_-_Marcy_Jacks.epub","0","0","0.00","0","0","1"
"40522550","1","1","6510612","Free","The Librarian and the Dragon","[Siren Everlasting Classic Alternative Contemporary Fantasy Paranormal, M/M, shape-shifter, HEA] Ross Moore has never been lucky in love. After being dumped by the man he thought he would be spending his life with, Ross just wants to be alone. Except there's this one guy who keeps coming into his library that Ross can't ignore. Someone tall and handsome, someone who makes Ross' blood heat in all the right ways. Ross isn't after a relationship. He doesn't want another broken heart, but for one night of sex, he's willing to take a small risk. Mercury never thought he would find his mate working in the local library of all places, and he couldn't be happier. The man seems a little guarded, but Mercury knows how to smooth out those kinds of wrinkles. When the warlocks get wind of Mercury's new mate and take Ross away from him, Mercury will go to any lengths possible to get his mate back. Even making deals with the devils themselves.","https://images-na.ssl-images-amazon.com/images/S/compressed.photo.goodreads.com/books/1528898186i/40522550.jpg","local","upload\Marcy Jacks\The_Librarian_and_the_Dragon_-_Marcy_Jacks.epub","0","0","0.00","0","0","1"
"40523734","1","1","4181354","Free","Driven"," To win this race, he’ll have to do more than hug the corners…  More than six months after the Heat wiped out most of humanity, Bailey O’Keefe keeps her bug-out bag packed and her “salvaged” Porsche 911 ready to outrun the djinn reavers. She figures eventually she’ll wind up dead. Until then? Her car’s dust cloud is a giant middle finger to Earth’s new overlords.Until one day a red Ferrari appears in her rearview mirror, driven by the one djinn who refuses to give up and look for easier prey.Nasim al-Jibril isn’t out for anyone’s blood. The thrill of the chase has drawn him from his too-quiet Napa Valley vineyards to L.A.’s empty concrete canyons. But it’s not victory flooding his veins when Bailey rolls her Porsche while trying to shake off his pursuit — it’s guilt for causing her harm.Alone in Nasim’s L.A. loft, Bailey’s bones heal, caution gives way to growing attraction…and Nasim realizes she’s the choice of his heart. But this wild, freedom-loving woman deserves one last chance to race for her independence — best two out of three.","https://images-na.ssl-images-amazon.com/images/S/compressed.photo.goodreads.com/books/1528912594i/40523734.jpg","local","upload\Christine Pope\Driven__A_Djinn_Wars_Novel_-_Christine_Pope.epub","0","0","0.00","0","0","1"
"40523855","1","5","13396038,13396039","Free","Deviant Warrior","Librarian Note: This is the updated cover for ASIN B0145GPZDGOf all the Dark Warriors, Kyran Tarakesh is the most aberrant. Having witnessed the brutal murder and rape of his mother seven centuries ago, his sexual preferences are twisted and perverse. He walks the razors edge of control and he likes it that way, until he loses that balance and accidentally kills one of his lovers. As second in line to the Vampire throne, he is precariously close to losing his position, not to mention the respect of his brother and fellow warriors. Just when he thinks it can’t get any worse, the Goddess proves him wrong. With her wicked sense of humor, the Goddess catapults him to the dragon realm of Khoth with Mackendra Callaghan, the very human he has been lusting about for months since meeting her. Mackendra not only plunges a knife deep into his heart, she flees and fights him at every turn, inflaming his desires. The surprises keep coming when he discovers she is his Fated Mate. Every belief he has ever had about intimacy is called into question when his mate gives him a taste of true pleasure for the first time. The passion that burns between them is hot enough to burn them to cinders, but he still must dispel her prejudices about vampires and break through her barriers or lose the other half of his soul forever.","https://images-na.ssl-images-amazon.com/images/S/compressed.photo.goodreads.com/books/1528914037i/40523855.jpg","local","upload\Brenda Trim\Deviant_Warrior_-_Brenda_Trim.epub","0","0","0.00","0","0","1"
"40524144","1","5","13396038,13396039","Free","Scarred Warrior","Librarian Note: This is the updated cover for ASIN B01B2I624GBeing a Dark Warrior and protecting others has been the only focus in Gerrick Haele’s life for centuries, until he receives the shock of his life when one of the females he rescues from the archdemon’s clutches ignites an arousal that hints at her being his Fated Mate. Problem is, Gerrick’s Fated Mate was murdered four hundred years earlier and you are only ever given one mate in a lifetime. Questions of Dark magic and deception carry him down a path involving time travel, serums and fights to the death. Can he set aside his doubt and be the male Shae needs him to be, or will his past come back to haunt him and history repeat itself?  Shae Mitchell has spent the last seven months being tormented, raped and tortured by vile archdemons and just wants her suffering to end. She is on the verge of giving up completely when Gerrick sweeps in to rescue her. Her relief at being liberated is short-lived when she realizes the demons have sunk their claws far deeper than the scars on her neck. As she fights to rid her mind of the archdemon’s influence, she discovers that the explosive heat she shares with the sexy Dark Warrior threatens to consume her whole. ","https://images-na.ssl-images-amazon.com/images/S/compressed.photo.goodreads.com/books/1528917726i/40524144.jpg","local","upload\Brenda Trim\Scarred_Warrior_-_Brenda_Trim.epub","0","0","0.00","0","0","1"
"40524411","1","5","13396038,13396039","Free","Hellbound Warrior","Librarian Note: This is the updated cover for ASIN B01FJ83Q5IRhys O’Morda finds himself at the mouth of Hell after swearing he would never go back. When the archdemon, Kadir, steals the Goddess’ powerful Triskele Amulet, Rhys is left with the fate of the world resting on his shoulders. Cursing his birthright, he sets out to tackle the nine circles of the Underworld. Facing rivers of fire, freezing rains, soul-sucking creatures and his inner weaknesses is nothing compared to coming face to face with his Fated Mate. His biggest challenge isn’t passing the tests of each circle in Hell, but trying to win his mate’s heart. In a cruel twist of fate, his other half isn’t bound by the same force and has to consciously choose him. Problem is she loathes demons. Will he be able to win his angel over or be forced to let her go and live for eternity without her?Illianna has every reason to despise everything related to demons and the Underworld. Once an angel of happiness, she has been a prisoner in Hell for a hundred years, forced to perform vile acts that leave a dark stain on her soul. Her prayers fall on deaf ears day after day and she is on the cusp of giving up when the sexy, impossible and arrogant cambion, Rhys, rescues her from his father’s clutches. She will do anything to get back to heaven and her wings, even partner with Rhys and his fellow warriors. Yet, her attraction to the exquisite Dark Warrior challenges every barrier she has set. Having the passion she craves comes with a high price tag, including complete and unconditional surrender.","https://images-na.ssl-images-amazon.com/images/S/compressed.photo.goodreads.com/books/1528921328i/40524411.jpg","local","upload\Brenda Trim\Hellbound_Warrior_-_Brenda_Trim.epub","0","0","0.00","0","0","1"
"40526232","1","5","1160213","Free","Claiming his Secret Baby","“Our marriage will be different. It isn’t a love match. We both know what we’re getting.” His words were like little stones landing against her sides. “Oh?” He angled his head thoughtfully. “We’re giving our son a family. You’re gaining true financial security. I’m gaining a wife on my arm and in my bed.” He shrugged. “It’s a perfect marriage of convenience.” A frisson of warning danced down her spine. The clinical assessment should have been reassuring. After all, boundaries were good, delineations were helpful. But there was danger everywhere. Danger in the way he spoke so casually of a loveless marriage, when she had already seen how easy it was to fall in love with him. But this was different. She knew who he was now, and what he was capable of. The stars had fallen from her eyes and she saw it all clearly. She wouldn’t love him again. And she’d never trust him with her heart; not for a billion pounds.     One night and a lifetime of consequences...   A wild weekend of passion with powerful Xavier Salbatore had broken impressionable young Ellie's heart. She'd loved him madly, but then she'd discovered he was engaged to be married and she'd run a mile!  A bad car accident robbed the ruthless Spanish billionaire of so much. With a failed marriage and the discovery that he'd cheated on his wife and fathered a son with his mistress, Xavier is determined to put his life back together - even if it means marrying the woman who hid their child from him. A woman he'll never forgive!  Ellie knows she needs to keep Xavier at arm's length to avoid being hurt. She vows she won't respond to him, but night by night he wears away her defences, leaving her as powerless and lost to him as ever before...  An emotional story of mistakes, betrayal and the high cost of forgiveness, CLAIMING HIS SECRET BABY is book three in The Evermore Series.","https://images-na.ssl-images-amazon.com/images/S/compressed.photo.goodreads.com/books/1528948019i/40526232.jpg","server_url","upload\Clare   Connelly\Claiming_his_Secret_Baby_-_Clare_Connelly.epub","1","0","0.00","0","1","1"
"40530562","1","47","3780","Free","Killer Instinct","Dr. Dylan Reinhart and Detective Elizabeth Needham reunite to stop the most sinister plot against New York City since 9/11. The murder of an Ivy League professor pulls Dr. Dylan Reinhart out of his ivory tower and onto the streets of New York, where he reunites with his old partner, Detective Elizabeth Needham. As the worst act of terror since 9/11 strikes the city, a name on the casualty list rocks Dylan's world. Is his secret past about to be brought to light?As the terrorist attack unfolds, Elizabeth Needham does something courageous that thrusts her into the media spotlight. She's a reluctant hero. And thanks to the attention, she also becomes a prime target for the ruthless murderer behind the attack.Dylan literally wrote the book on the psychology of murder, and he and Elizabeth have solved cases that have baffled conventional detectives. But the sociopath they're facing this time is the opposite of a textbook case. There's no time to study for the test he's about to give them. And if they fail, they die. ","https://images-na.ssl-images-amazon.com/images/S/compressed.photo.goodreads.com/books/1547211185i/40530562.jpg","local","upload\James Patterson\Killer_Instinct_(Instinct_Serie_-_James_Patterson.epub","0","0","0.00","0","0","1"
"40530818","1","1","521475","Free","Heart Surgeon to Single Dad","Is he ready to be a father... And to fall in love? Everything’s always come easily to world-renowned playboy surgeon Matthew Coleman. Until he suddenly becomes guardian to his young goddaughter. Now she must come first—so he takes a job back home closer to family. And comes face-to-face with recent fling Dr. Natalie Sterling, who thought the role was hers! Can new dad Matthew win back career-focused Natalie’s trust…and her heart?","https://images-na.ssl-images-amazon.com/images/S/compressed.photo.goodreads.com/books/1720784385i/40530818.jpg","local","upload\Janice Lynn\Heart_Surgeon_to_Single_Dad_-_Janice_Lynn.epub","0","0","0.00","0","0","1"
"40533720","1","17","14950093","Free","Knight Shift"," Hunting ghouls bites. Literally, as Lazarus found out on his last job. Now, to keep from turning into a ghoul himself, he has no choice but to wait in Faerie while his friends work on a cure. Lucky for Laz, he's got friends in high places inside the Summer Court.Laz is barely settled in when he's caught up in an assassination plot against the Summer Princess, who just happens to be his ex-girlfriend. With the Summer Knight injured, who better to step in and take his place protecting the royal family than Lazarus himself?In a land with no death, however, the Pale Horseman finds himself at an extreme disadvantage. With his powers limited, and the clock ticking as the ghoul virus ravages his body, Laz had better find the assassins and cure himself fast, or he's dead meat.Fans of The Dresden Files and Iron Druid will fall in love with this surly wizard with a heart of gold.","https://images-na.ssl-images-amazon.com/images/S/compressed.photo.goodreads.com/books/1529072448i/40533720.jpg","local","upload\E.A. Copen\Knight_Shift_-_E._A._Copen.epub","0","0","0.00","0","0","1"
"40535142","1","5","2965060","Free","North's Nikki","In what circumstance wouldn’t a knight want to rescue a damsel in distress? A former SEAL working for Legendary Securities, North Dockter has found the very circumstance that challenges even his stalwart, chivalrous ways. Nikki Beckwith is a firecracker who butts heads with him at every turn, refusing to follow orders or listen to his experience unless doing so suits her.When she discovers someone is smuggling drugs through her company’s warehouse and her life is threatened, Nikki flees to her aging grandfather’s home in England to lay low and regroup. He’s always been there for her, and, if ever she needed a bolthole to make changes in her life, it’s now. Maybe it’s time to return to the States…particularly after meeting North and realizing the attraction between them is more than she believed possible.But Nikki soon realizes that no place is safe after her grandfather is attacked in his home. Even with her gorgeous guardian angel hovering close by, will she be too late to make all the changes she’s envisioned?","https://images-na.ssl-images-amazon.com/images/S/compressed.photo.goodreads.com/books/1529091185i/40535142.jpg","server_url","upload\Dale Mayer\North's_Nikki_-_Dale_Mayer.epub","1","0","0.00","0","1","1"
"40536571","1","17","15651298","Free","Ashes of Retribution","Shadow assassins kill everyone in their path. Always.A bloody attack leaves Adira as the first prisoner of Dominus Kage, the feared leader of the assassins. She doesn't know how long she has to live. Learning to fight as an assassin is her only chance, or she might become Kage's latest victim.But in a world where imperfections mean death, Adira hides a dangerous secret.When the oppressive laws of the land seek to destroy the innocent, Adira will be forced to choose a side between the life she left, or the life of her enemies. But how can she trust Dominus Kage when all she knows are the brutal stories of his blood lust?What if the man who took her freedom is the only one who can save her life?Enter a richly woven dystopian fantasy, perfect for fans of Throne of Glass and The Way of Shadows.One-Click to start turning pages now.","https://images-na.ssl-images-amazon.com/images/S/compressed.photo.goodreads.com/books/1529112094i/40536571.jpg","local","upload\L.J. Andrews\Ashes_of_Retribution_-_L._J._Andrews.epub","0","0","0.00","0","0","1"
"40543674","1","1","16994557","Free","Alien Evolution"," A secret outpost in null space. An uncontrollable alien biology. A secret weapon that could save, or destroy, humanity.  A far-future space opera from #1 Bestselling author James David Victor Eliard and the crew of the Mercury Blade have been tasked with finding a doomsday weapon that could save humanity. The stakes are raised even higher when they discover an alien biology that can evolve at will. After a new alien power enters the fray, all seems to be lost. Can El and the crew recover the weapon and escape with their lives or will this be a job they cannot survive? Alien Evolution is the third book in the exciting Valyien series. If you like fast paced space adventure, the lovable rogues of the Mercury Blade will keep you entertained for hours. Download Alien Evolution and get started on your next space adventure today! Always FREE on Kindle Unlimited ","https://images-na.ssl-images-amazon.com/images/S/compressed.photo.goodreads.com/books/1529199155i/40543674.jpg","local","upload\James David Victor\Alien_Evolution_-_James_David_Victor.epub","0","0","0.00","0","0","1"
"40556548","1","5","386699","Free","Channeling the Womanizer's Lust","Over the last couple of years, Mitch Lindson has watched his buddies fall in love and bond with gargoyles. He’s happy that they’re happy…but he doesn’t understand it. Settling down with one person isn’t even a blip on his radar, yet. On top of that, all gargoyles are male. Mitch used to double date with his friends. He can’t figure out their sudden switch. When the gargoyle Kardamon breaks up his bid to seduce a daughter of one of the paranormals, Mitch is shocked to feel arousal for the male. Confused, he runs. The dreams start shortly thereafter, leaving him horny and dissatisfied. When he discovers he can’t slake his lust in his usual fashion, Mitch’s frustration grows. It doesn’t help that Kardamon manages to seek him out at unexpected times and in secluded places, driving his unexpected and unwanted desire higher. Facing off against Kardamon, can Mitch find a way to get the blue gargoyle out of his system without his life being turned upside down?  Reader Advisory: Lady bits are spoken of in this story, however, no m/f intercourse takes place.","https://images-na.ssl-images-amazon.com/images/S/compressed.photo.goodreads.com/books/1529324536i/40556548.jpg","server_url","upload\Charlie Richards\Channeling_the_Womanizer's_Lust_-_Charlie_Richards.epub","1","0","0.00","0","1","1"
"40576785","1","36","6860531","Free","Stargazers","
""The Stargazers might have been the stuff of mythology, but they were the only ones who could end this madness. 


If they were really out there, we were going to find them...""
Ready for the EPIC GRAND FINALE of the Hotbloods series?Buy now!
*Beware of spoilers in the reviews below that are without spoiler alerts*

","https://images-na.ssl-images-amazon.com/images/S/compressed.photo.goodreads.com/books/1529373154i/40576785.jpg","local","upload\Bella Forrest\Stargazers_-_Bella_Forrest.epub","0","0","0.00","0","0","1"
"40576930","1","1","18137441","Free","Rejected Royalty","""Eleven years of blissful hiding in plain sight, all down the drain because my father is an idiot. If I have to kill someone to fix this, I'm going to be pissed.""Sen and her brothers happily left their lives as Royals years ago. The last thing they want is to be dragged back by a father that hates them for a death that they didn't cause, and a Fae bloodline that they didn't ask for. But when his terrible decisions threaten the lives of everyone in the kingdom, the three siblings have to make a choice: Save the people, or save themselves.Their decision sets off a sequence of events that no one sees coming, and that threatens lives, livelihoods, and relationships all around them. How they deal with these issues will prove to their kingdoms how Royal they really are.","https://images-na.ssl-images-amazon.com/images/S/compressed.photo.goodreads.com/books/1529384953i/40576930.jpg","local","uploads/C. M. Cevis/Rejected_Royalty_-_C._M._Cevis.epub","0","0","0.00","0","0","1"
"40577201","1","39","2965060","Free","Anders's Angel","He’s all about second chances… Anders loves winter and the wilderness, so a trip to the Swiss Alps to retrieve a glaciologist is right up his alley. When he realizes who he’s picking up, he can’t help but smile at fate.He’d walked away last time he’d seen her because staying was so damn wrong… Now he can’t wait for a chance to reconnect – especially now that she’s no longer engaged… An expert in an otherwise male-dominated field, Angela has spent her life studying snow and ice in order to cope with the never-ending heartaches associated with her parents’ divorce and her own ex-fiancé’s betrayal. When Anders comes barreling back into her life, to take her home on her father’s orders, she’s not amused... and she has absolutely no intention of obeying.Particularly not when she understands why her father demands her return. Anders can feel the undercurrents, but she won’t explain what’s going on… Can they bury their differences before danger overtakes them both and his dream of a future together dies before it’s ever had a chance to start?","https://images-na.ssl-images-amazon.com/images/S/compressed.photo.goodreads.com/books/1529378242i/40577201.jpg","local","upload\Dale Mayer\Anders's_Angel_-_Dale_Mayer.epub","0","0","0.00","0","0","1"
"40578402","1","5","15514262,13540545","Free","The Scary Godmother","Half-faerie Skylar Corazzi doesn't have to go hunting for trouble—it finds her on its own.  After earning a spot in the university sentinel program, Sky thinks she has it made... until the first days of boot camp. The vampire and shapeshifter coaches mean serious business and have no qualms about whipping her into shape.  Shortly after Sky witnesses a grisly automobile accident, sentinels rule it wasn't a case of poor human judgment. A string of negligent mortals making reckless choices indicates an evil faerie is interfering with fate. One by one, her friends land in the crossfire.  It isn't Sky's case, but if she doesn't stay on her A-game, supernaturals will die. And one may be the man closest to her.  Story length: 104,000 words; 440 pages","https://images-na.ssl-images-amazon.com/images/S/compressed.photo.goodreads.com/books/1529385847i/40578402.jpg","local","upload\Dominique Kristine\The_Scary_Godmother_-_Vivienne_Savage.epub","0","0","0.00","0","0","1"
"40580287","1","17","17432248","Free","Gone Witch","A witch is missing, and if Nora can't find her, Eastwind may never be the same.When a North Wind witch vanishes and is presumed dead, the Eastwind Coven asks psychic medium Nora Ashcroft for her help.In need of a serious distraction from her own problems, she agrees to look into it for them.When a rumor spreads that a werewolf has killed the young woman, longstanding tensions between witches and weres threaten to boil over. Can Nora uncover the truth before centuries of peace in Eastwind come to an abrupt and violent end?","https://images-na.ssl-images-amazon.com/images/S/compressed.photo.goodreads.com/books/1529404655i/40580287.jpg","local","upload\Nova Nelson\Gone_Witch_-_Nova_Nelson.epub","0","0","0.00","0","0","1"
"40581238","1","36","2772365","Free","The Dawn of the Iron Dragon","A new beginning, 1300 years in the past...  In medieval Europe, three explorers from the distant future begin an ambitious project: build a craft capable of reaching the stars. While their leader oversees the construction of a secret underground base in Iceland, the other two travel thousands of miles to negotiate with the rulers of Europe and recruit the most brilliant minds of the age. When the Iceland base comes under attack, the travelers try to return to defend their home, but they are trapped in Paris just as an army of 20,000 Vikings lays siege to the city. To survive, they must defend Paris from the hordes of Norsemen and fight their way back to Iceland to save their new home--and keep the dream of the Iron Dragon alive.","https://images-na.ssl-images-amazon.com/images/S/compressed.photo.goodreads.com/books/1529419525i/40581238.jpg","local","upload\Robert Kroese\The_Dawn_of_the_Iron_Dragon_-_Robert_Kroese.epub","0","0","0.00","0","0","1"
"40582389","1","5","86756","Free","Obsession","OBSESSION (Regency Lovers 2) is the 2nd book in Amazon #1 USA Today Bestselling Author, Carole Mortimer’s, NEW Regency series, Regency Lovers.Author’s The books in the Regency Lovers series are steaming hot!Three years ago Lord Alexander Stirling, younger brother of the Duke of Hawkwood, had been shocked to learn he had been made the guardian of fifteen-year-old Miss Amanda Fullerton, the daughter of a man he had once served with in the army. Having absolutely no room in his bachelor life for a young ward Alex immediately enrolled Amanda into Miss Marchment’s School for Young Ladies, and apart from paying the school fees, had promptly forgotten about her.Unfortunately, he has now received a letter from Miss Marchment informing him Amanda Fullerton is now past the age for continuing as a pupil at her school. The headmistress now requires Alex’s instruction as to whether Amanda should remain at the school as one of the teachers or be returned to him.There was no question in Alex’s mind that Amanda Fullerton should remain at the school.Having spent the past three years languishing in the strict confines of Miss Marchment’s school Amanda had no intention of remaining there a moment longer that she had to. Nor did she intend being forced to do so, by the headmistress, or the man who was her guardian but had not so much as visited her at the school once nor requested she ever join him for the holidays.As far as Amanda is concerned Lord Alexander Stirling has avoided his responsibilities for quite long enough.She was completely unprepared for the shock of arriving at Lord Stirling’s London home and finding him in bed with an equally naked and beautiful red-haired woman.Alex is furious at the manner in which his ward has chosen to take it upon herself to arrive completely unannounced and uninvited at his residence in London. That anger is added to by his feeling completely wrong-footed by the timing of Amanda ’s intrusion into that bachelor establishment.But having arrived, Amanda Fullerton refuses to leave, and without resorting to actually physically removing her, Alex has no choice but to accept his beautiful and disobedient ward is here to stay. An acceptance that is immediately complicated by the unexpected desire Alex quickly realizes he feels for his ward.When a series of “accidents” put Amanda’s life in danger Alex finds himself stepping up to the role of guardian and protector when he would far rather be Amanda’s lover.Regency Lovers INDECENT (Regency Lovers 1)OBSESSION (Regency Lovers 2)CRAVING (Regency Lovers 3)More books to come in this HOT new Regency Series.Carole Mortimer has written almost 240 books in Regency, Contemporary, and Paranormal romance. In 2015 she became the Recipient of the prestigious Romance Writers of America’s Lifetime Achievement Award. She was awarded a Romantic Times Career Achievement Award in 2017. She is an Entertainment Weekly Top 10 Romance Author—ever. A 2014 Romantic Times Pioneer of Romance author. She was also recognized by Queen Elizabeth II in 2012, for her “outstanding service to literature”.","https://images-na.ssl-images-amazon.com/images/S/compressed.photo.goodreads.com/books/1529431037i/40582389.jpg","server_url","upload\Carole Mortimer\Obsession_(Regency_Lovers_2)_-_Carole_Mortimer.epub","1","0","0.00","0","1","1"
"40588301","1","4","23607","Free","An American Summer","From the bestselling author of There Are No Children Here, a richly textured, heartrending portrait of love and death in Chicago's most turbulent neighborhoods.The numbers are staggering: over the past twenty years in Chicago, 14,033 people have been killed and another roughly 60,000 wounded by gunfire. What does that do to the spirit of individuals and community? Drawing on his decades of experience, Alex Kotlowitz set out to chronicle one summer in the city, writing about individuals who have emerged from the violence and whose stories capture the capacity--and the breaking point--of the human heart and soul. The result is a spellbinding collection of deeply intimate profiles that upend what we think we know about gun violence in America. Among others, we meet a man who as a teenager killed a rival gang member and twenty years later is still trying to come to terms with what he's done; a devoted school social worker struggling with her favorite student, who refuses to give evidence in the shooting death of his best friend; the witness to a wrongful police shooting who can't shake what he has seen; and an aging former gang leader who builds a place of refuge for himself and his friends. Applying the close-up, empathic reporting that made There Are No Children Here a modern classic, Kotlowitz offers a piercingly honest portrait of a city in turmoil. These sketches of those left standing will get into your bones. This one summer will stay with you.","https://images-na.ssl-images-amazon.com/images/S/compressed.photo.goodreads.com/books/1550308035i/40588301.jpg","local","upload\Alex Kotlowitz\An_American_Summer.epub","0","0","0.00","0","0","1"
"40594501","1","17","8038662","Free","Darkblade Outcast","Can a killer escape the evil inside him?The Hunter has fled his home and the suffering left in his wake. Hoping to cleanse the stain of blood on his hands, he aids travelers beset by bandits only to discover those he saved are warrior clerics on a holy mission to kill him. Left for dead, he must hunt down the priests to reclaim his stolen birthright and silence the relentless whispers in his mind that hunger for blood and death.From feared assassin to wretched outcast, the Hunter journeys toward the truth about his forgotten past and the demons he pledged to hunt. But will his discoveries be his salvation, or will they cost him his sanity and even his life?If you love Night Angel, Dexter, or the Punisher, dive into this fast-paced fantasy epic and steel yourself for a glimpse into the mind of a half-demon assassin!","https://images-na.ssl-images-amazon.com/images/S/compressed.photo.goodreads.com/books/1529474966i/40594501.jpg","local","upload\Andy Peloquin\Darkblade_Outcast_-_Andy_Peloquin.epub","0","0","0.00","0","0","1"
"40594502","1","17","8038662","Free","Darkblade Assassin","Dexter meets the Punisher. Durzo Blint meets Ezio Auditore da Firenze. An epic fantasy novel of betrayal, death, violence, and vengeance readers are calling ""fearless, unique, and above all dangerous!""2017 Readers' Award Finalist2016 RONE Awards FinalistThe best assassin in the world doesn’t come cheap. Betraying him will cost your soul.The Hunter is a name feared by all in Voramis. He is an outcast, driven by a cursed dagger with an unquenchable thirst for blood and death.Yet he follows one simple code: kill those who truly deserve to die. His creed is put to the test when, deceived by a shadowy employer, he unknowingly slaughters an innocent man.With the most powerful criminal organization in the city after his head, the Hunter must fight for his life and find a way to atone for his mistake. When his enemies harm the people under his protection, it will take much more than an army of criminals to stand in the way of his revenge.If you love anti-heroes like the Punisher or Dexter in a breathtaking fantasy realm, then immerse yourself in Hero of Darkness today! Andy Peloquin delivers an epic tale of one man’s struggle to survive in a world of magic, blood, and death.","https://images-na.ssl-images-amazon.com/images/S/compressed.photo.goodreads.com/books/1529474967i/40594502.jpg","local","upload\Andy Peloquin\Darkblade_Assassin_-_Andy_Peloquin.epub","0","0","0.00","0","0","1"
"40597810","1","2","6572605","Free","Daisy Jones & The Six","Everyone knows DAISY JONES & THE SIX, but nobody knows the reason behind their split at the absolute height of their popularity . . . until now.Daisy is a girl coming of age in L.A. in the late sixties, sneaking into clubs on the Sunset Strip, sleeping with rock stars, and dreaming of singing at the Whisky a Go Go. The sex and drugs are thrilling, but it’s the rock ’n’ roll she loves most. By the time she’s twenty, her voice is getting noticed, and she has the kind of heedless beauty that makes people do crazy things.Also getting noticed is The Six, a band led by the brooding Billy Dunne. On the eve of their first tour, his girlfriend Camila finds out she’s pregnant, and with the pressure of impending fatherhood and fame, Billy goes a little wild on the road.Daisy and Billy cross paths when a producer realizes that the key to supercharged success is to put the two together. What happens next will become the stuff of legend.The making of that legend is chronicled in this riveting and unforgettable novel, written as an oral history of one of the biggest bands of the seventies. Taylor Jenkins Reid is a talented writer who takes her work to a new level with Daisy Jones & The Six, brilliantly capturing a place and time in an utterly distinctive voice.","https://images-na.ssl-images-amazon.com/images/S/compressed.photo.goodreads.com/books/1580255154i/40597810.jpg","local","upload\Taylor Jenkins Reid\Daisy_Jones_amp_The_Six.epub","0","0","0.00","0","0","1"
"40604352","1","16","240840","Free","Finding the Jewel","This is a Kindred Tales PLUS novel--95,000 words  A warrior has a choice to make: Rescue the woman he loves Or complete a quest to heal himself Which will he choice? You’ll have to read Finding the Jewel to find out  Chloe Deems is a plus sized girl with pink hair and an attitude –she owns her curves. Which is one reason she’s so upset when she gets abducted by aliens and forced to live in a Smart House designed to make her lose weight. She has to weigh in every day and the smart-aleck talking scale decides what she’s allowed to eat which is always lettuce and celery and never the delicious Thin Mints she can see peering tantalizingly out from behind the unbreakable glass cupboard in the kitchen. To Chloe, it seems like things just can’t get any worse…until a prospective buyer comes to look her over.  Tark is a Beast Kindred who has been on the outside looking in his whole life. A debilitating stutter has kept him from finding a mate or settling down. Finally he gets a prophesy from a priestess telling him to seek for an elusive jewel which can cure his voice and Tark knows just where to look for it—in the house where Chloe is being held prisoner. But instead of the jewel, he finds a feisty, gorgeous plus-sized girl who’s ready to fight for her life. He agrees to rescue her if she’ll help him look in the only other place the jewel might be—the Resort of Resonant Oneness, located deep underground on a planet that straddles the lines between dimensions.  Chloe agrees to help the big Kindred out in return for her freedom but she doesn’t know that the resort they are traveling to has some distinctly erotic ideas about “oneness.” Now she and the huge Beast Kindred are stuck doing some incredible embarrassing and intimate exercises that make even the brash Chloe blush. Still, she and Tark seem to be growing closer…until a monster from her past kidnaps Chloe.  Tark is given a choice—between rescuing the woman he has come to love, or completing the task he set himself in the first place and regaining his voice. Which will he choose? You’ll have to read Finding the Jewel to find out  *Contains excerpts of CyBRG Files Book 2: Unit 78: Rescued as well as Brides of the Kindred book 22: Imprisoned","https://images-na.ssl-images-amazon.com/images/S/compressed.photo.goodreads.com/books/1529601034i/40604352.jpg","local","upload\Evangeline Anderson\Finding_the_Jewel_-_Evangeline_Anderson.epub","0","0","0.00","0","0","1"
"40604810","1","12","19696","Free","Cemetery Road","Marshall McEwan is one of the most successful journalists in Washington, DC. But his father is terminally ill, and he must return to his childhood home - a place he vowed he would never go back to.Bienville, Mississippi, is no longer the city Marshall remembers. His family's 150-year-old newspaper is failing, and Jet Talal, the love of his youth, has married into the family of Max Matheson, one of a dozen powerful patriarchs who rule the town through the exclusive Bienville Poker Club. The city's only hope of economic salvation is a new, billion-dollar Chinese paper mill. But on the verge of the deal's consummation, two deaths rock Bienville to its core.Joining forces with his former lover, Marshall begins digging for the truth. But he and Jet soon discover that the soil of Mississippi is a minefield where explosive secrets can be far more destructive than injustice.","https://images-na.ssl-images-amazon.com/images/S/compressed.photo.goodreads.com/books/1541626563i/40604810.jpg","local","upload\Greg Iles\Cemetery_Road__A_Novel_-_Greg_Iles.epub","0","0","0.00","0","0","1"
"40606240","1","47","9291","Free","The Guilty","Will Robie is the government's most professional, disciplined, and lethal assassin. He infiltrates the most hostile countries in the world, defeats our enemies' advanced security measures, and eliminates threats before they ever reach our shores. But now, his skills have left him. Sent overseas on a critical assignment, he fails, unable to pull the trigger. Absent his talents, Robie is a man without a mission, and without a purpose.To recover what he has lost, Robie must confront what he has tried to forget for over twenty years: his own past.THE GUILTYWill Robie escaped his small Gulf Coast hometown of Cantrell, Mississippi, after high school, severing all personal ties, and never looked back. Not once. Not until the unimaginable occurs. His father, Dan Robie, has been arrested and charged with murder.Father and son haven't spoken or seen each other since the day Robie left town. In that time, Dan Robie--a local attorney and pillar of the community--has been elected town judge. Despite this, most of Cantrell is aligned against Dan. His guilt is assumed.To make matters worse, Dan has refused to do anything to defend himself. When Robie tries to help, his father responds only with anger and defiance. Could Dan really be guilty? With the equally formidable Jessica Reel at his side, Robie ignores his father's wishes and begins his own desperate investigation into the case. But Robie is now a stranger to his hometown, an outsider, a man who has forsaken his past and his family. His attempts to save his father are met with distrust and skepticism . . . and violence.Unlike the missions Robie undertook in the service of his country, where his target was clearly defined, digging into his father's case only reveals more questions. Robie is drawn into the hidden underside of Cantrell, where he must face the unexpected and possibly deadly consequences of the long-ago choices made by father and son. And this time, there may be no escape for either of them.","https://images-na.ssl-images-amazon.com/images/S/compressed.photo.goodreads.com/books/1529621950i/40606240.jpg","local","upload\David Baldacci\The_Guilty_-_David_Baldacci.epub","0","0","0.00","0","0","1"
"40610956","1","17","25307","Free","Fool's Quest","Acclaimed and bestselling author Robin Hobb continues her Fitz and the Fool trilogy with this second entry, following Fool’s Assassin, ramping up the tension and the intrigue as disaster continues to strike at Fitz’s life and heart.After nearly killing his oldest friend, the Fool, and finding his daughter stolen away by those who were once targeting the Fool, FitzChivarly Farseer is out for blood. And who better to wreak havoc than a highly trained and deadly former royal assassin? Fitz might have let his skills go fallow over his years of peace, but such things, once learned, are not so easily forgotten. And nothing is more dangerous than a man who has nothing left to lose…","https://images-na.ssl-images-amazon.com/images/S/compressed.photo.goodreads.com/books/1529677338i/40610956.jpg","local","upload\Robin Hobb\Fool_s_Quest_-_Robin_Hobb.epub","0","0","0.00","0","0","1"
"40611146","1","2","3140334","Free","A Shout in the Ruins","Set in Virginia during the Civil War and a century beyond, this novel by the award-winning author of THE YELLOW BIRDS explores the brutal legacy of violence and race in American society.Spanning over one hundred years, from the antebellum era to the 1980's, A Shout in the Ruins examines the fates of a diverse cast of characters connected to Beauvais Plantation in Chesterfield County, Virginia. When war arrives, the master of Beauvais, Anthony Levallios, foresees that mastery in a new America will be measured not in acres of tobacco under cultivation by his slaves, but in industry and capital. A grievously wounded Confederate veteran loses his grip on a world he no longer understands, and his daughter finds herself married to Levallois, an arrangement that feels little better than imprisonment. And two people enslaved at Beauvais plantation, Nurse and Rawls, overcome impossible odds to be together, only to find that the promise of coming freedom may not be something they will live to see.Seamlessly interwoven is the story of George Seldom, a man orphaned by the storm of the Civil War, looking back from the 1950s on the void where his childhood ought to have been. Watching the government destroy his neighborhood to build a stretch of the interstate highway system through Richmond, Virginia, and recognizing that his days on earth are coming to an end, he travels south to try to fill in that void. With the help of a young woman, he goes in search of his beginnings, all the while remembering the life that witnessed so much change during the 20th century, and so much that didn't. As the narrative finds that young woman farther in the future, now in her middle age, the questions remain: How do we live in a world built on the suffering of others? And can love exist in a place where for 400 years violence has been the strongest form of intimacy?Written with the same emotional intensity, harrowing realism, and poetic precision that made THE YELLOW BIRDS one of the most celebrated novels of the past decade, A SHOUT IN THE RUINS cements Powers' place in the forefront of American letters and demands that we reckon with the moral weight of our troubling history.","https://images-na.ssl-images-amazon.com/images/S/compressed.photo.goodreads.com/books/1529679294i/40611146.jpg","local","upload\Kevin Powers\A_Shout_in_the_Ruins.epub","0","0","0.00","0","0","1"
"40612032","1","12","12470","Free","The Lincoln Lawyer","Mickey Haller has spent all his professional life afraid that he wouldn’t recognize innocence if it stood right in front of him. But what he should have been on the watch for was evil.Haller is the Lincoln Lawyer, a criminal defense attorney who operates out of the back seat of his Lincoln Town Car. He travels between the far-flung courthouses of Los Angeles to defend clients of every kind. Bikers, con artists, drunk drivers, drug dealers — they’re all on Mickey Haller’s client list. For him, the law is rarely about guilt or innocence — it’s about negotiation and manipulation. Sometimes it’s even about justice.A Beverly Hills playboy arrested for attacking a woman he picked up in a bar chooses Haller to defend him, and Mickey has his first high-paying client in years. It is a defense attorney’s dream, what they call a franchise case. And, as the evidence stacks up, Haller comes to believe this may be the easiest case of his career.Then someone close to him is murdered and Haller discovers that his search for innocence has brought him face-to-face with evil as pure as a flame. To escape without being burned, he must deploy every tactic, feint, and instinct in his arsenal — this time to save his own life.","https://images-na.ssl-images-amazon.com/images/S/compressed.photo.goodreads.com/books/1529686346i/40612032.jpg","local","upload\Michael Connelly\(Mikey_Haller_1)_Michael_Connelly_-_The_Lincoln_Lawyer_(2005).epub","0","0","0.00","0","0","1"
"40612084","1","47","3780,8216","Free","Instinct","The life Dr. Dylan Reinhart saves may be his ownDr. Dylan Reinhart wrote the book on criminal behavior. Literally--he's a renowned, bestselling Ivy League expert on the subject. When a copy of his book turns up at a gruesome murder scene--along with a threatening message from the killer--it looks like someone has been taking notes.Elizabeth Needham is the headstrong and brilliant NYPD Detective in charge of the case who recruits Dylan to help investigate another souvenir left at the scene--a playing card. Another murder, another card--and now Dylan suspects that the cards aren't a signature, they're a deadly hint--pointing directly toward the next victim. As tabloid headlines about the killer known as ""The Dealer"" scream from newstands, New York City descends into panic. With the cops at a loss, it's up to Dylan to hunt down a serial killer unlike any the city has ever seen. Only someone with Dylan's expertise can hope to go inside the mind of a criminal and convince The Dealer to lay down his cards. But after thinking like a criminal--could Dylan become one?A heart-pounding novel of suspense more shocking than any tabloid true crime story, Murder Games introduces the next unforgettable character from the imagination of James Patterson, the world's #1 bestselling author.","https://images-na.ssl-images-amazon.com/images/S/compressed.photo.goodreads.com/books/1529686850i/40612084.jpg","local","upload\James Patterson\Instinct_(Previously_Published_-_James_Patterson.epub","0","0","0.00","0","0","1"
"40612789","1","16","14167264","Free","Winter Magic","Feeling hurt and more than a little betrayed, Winter ""Winnie"" Thorne decides it would be best for her new lover to forget their relationship ever happened. In an impulsive move, she casts a spell and wipes his memory clean. The recollection of their time together is now hers alone.Every time Zane Carlyle sets eyes on Winnie Thorne's enchanting face, déjà vu strikes. It's as if their first date has already happened and their first kiss has already rocked his world. He can't seem to shake the feeling there's something he should remember. After Zane gains his magical abilities, his suppressed memories return along with a burning anger at being tricked. Zane decides turn-about is fair play.When Winnie needs help recovering a charmed amulet, Zane offers his assistance, knowing it is the perfect opportunity to exact retribution for Winnie's deception. This time, she'll be the one who is played for a fool. But what starts out as a game of revenge turns dangerous when an old enemy resurfaces. Can Zane and Winnie put their differences aside to fight this deadly opponent, or will old wounds and animosity be their downfall?Winter Magic is the third exciting installment in the Thorne Witches series. If you like paranormal romance, fast-paced action and suspense along with witty, engaging characters, order this edition today! ","https://images-na.ssl-images-amazon.com/images/S/compressed.photo.goodreads.com/books/1529695726i/40612789.jpg","local","upload\T.M. Cromer\Winter_Magic_-_T._M._Cromer.epub","0","0","0.00","0","0","1"
"40615033","1","1","16222618","Free","Dragon's Echo","Book 6 in the DRAGON CORPS series by Natalie Grey, author of SHADOWS OF MAGIC and the TRIALS & TRIBULATIONS and VIGILANTE series in the Kurtherian Gambit Universe!  New to the series? Start with THE DRAGON CORPS!  Nyx has taken command of the Conway, and she has no trouble picking a first mission: working with her old crew on the Ariane to take out the last of the renegade Dragons. Nyx and Talon were always an unstoppable team. Now that they both have their own crews, they’ll be even more lethal.  Or … that’s how it was supposed work.  But there’s one small problem. Though Nyx took down Ghost, the AI modeled on the smuggler lives on, now sentient and running what remains of the organization.  When one of Ghost's assassins attacks the Conway, Nyx is determined not to let it derail her mission. She's going to help Talon and the Ariane no matter what it takes.  But Ghost doesn't just want Nyx dead, she wants Nyx destroyed. And her assassin knows that the best way to break Nyx's spirit is to force her to choose who survives….  
The crew of the Ariane, or the crew of the Conway.
","https://images-na.ssl-images-amazon.com/images/S/compressed.photo.goodreads.com/books/1529727484i/40615033.jpg","local","upload\Natalie Grey\Dragon_s_Echo_-_Natalie_Grey.epub","0","0","0.00","0","0","1"
"40615353","1","1","13730","Free","Goosebumps Most Wanted (10 Books) [Paperback] R.l Stine","No Description available","https://images-na.ssl-images-amazon.com/images/S/compressed.photo.goodreads.com/books/1529733438i/40615353.jpg","local","upload\R.L. Stine\Goosebumps_Most_Wanted_#1__Plan_-_R.L._Stine.epub","0","0","0.00","0","0","1"
"40632720","1","12","5070259","Free","Secret Justice","New York Times and USA Today Bestselling Author DIANE CAPRI Returns! For fans of Lee Child, John Grisham, Jack Reacher and Michael Connelly.Tampa's free-spirited Judge Wilhelmina Carson returns in the third installment of this well-loved series. During Tampa's annual Gasparilla Pirate Festival, murder chases Judge Willa's beloved secretary into a world of corruption, bank fraud, and art theft while Willa's dad, Jim Harper, suffers hell of his own making. Just as Willa is recovering from the shock of meeting her father's new trophy wife, her secretary Margaret Wheaton becomes mysteriously involved with a nefarious jeweler. When both Margaret's husband and the jeweler end up dead, Margaret is the number one suspect. Judge Willa sets out to prove Margaret innocent and takes the reader on a ride through Tampa's month-long pirate party, with twists and turns that keep you guessing until the very end: whodunnit?","https://images-na.ssl-images-amazon.com/images/S/compressed.photo.goodreads.com/books/1530043406i/40632720.jpg","local","upload\Diane Capri\Secret_Justice_-_Diane_Capri.epub","0","0","0.00","0","0","1"
"40632722","1","12","5070259","Free","Raw Justice","New York Times and USA Today Bestselling Author DIANE CAPRI Returns! For fans of Lee Child, John Grisham, Jack Reacher and Michael Connelly.Three unlikely events explode thrusting young lawyer Jennifer Lane into the abyss of her family's secret history. Bio-Medical researcher Gilbert Irwin is killed when his car is forced off the Sunshine Skyway Bridge by an unidentified driver in a dark blue Jaguar. Ronald and Lila Walden's daughter disappears from her Tampa apartment. Jennifer Lane is mysteriously plucked from obscurity to represent Russell Denton, Tampa's most successful mogul, to retrieve a stolen drug formula worth billions. Unraveling the connections, Jennifer falls into a disastrous romance with Blake Denton, Russell Denton's nephew and heir. A bewildering maze of betrayal, intrigue, and murder, put Jennifer's license to practice law, her heart, and her very life on the line. Judge Wilhelmina Carson watches while Jennifer rescues herself from Annabelle's attack.","https://images-na.ssl-images-amazon.com/images/S/compressed.photo.goodreads.com/books/1530034988i/40632722.jpg","local","upload\Diane Capri\Raw_Justice_-_Diane_Capri.epub","0","0","0.00","0","0","1"
"40643112","1","40","15080768","Free","I hope this reaches her in time/She Felt Like Feeling Nothing/I hope this reaches her too][3 Book Set by r. h. Sin]","From the bestselling author of the Whiskey, Words, and a Shovel series comes this poetic reminder of women's strength. There are moments when the heart no longer wishes to feel because everything it's felt up until then has brought it nothing but anguish. In She Felt Like Feeling Nothing, r.h. Sin pursues themes of self-discovery and retrospection. With this book, the poet intends to create a safe space where women can rest their weary hearts and focus on themselves.","https://images-na.ssl-images-amazon.com/images/S/compressed.photo.goodreads.com/books/1529950534i/40643112.jpg","local","uploads/R.H. Sin/I_Hope_This_Reaches_Her_in_Time_-_r.h._Sin.epub","0","0","0.00","0","0","1"
"40647345","1","2","16500087","Free","Need to Know","In pursuit of a Russian sleeper cell on American soil, a CIA analyst uncovers a dangerous secret that will test her loyalty to the agency—and to her family.What do you do when everything you trust might be a lie?Vivian Miller is a dedicated CIA counterintelligence analyst assigned to uncover the leaders of Russian sleeper cells in the United States. On track for a much-needed promotion, she’s developed a system for identifying Russian agents, seemingly normal people living in plain sight.After accessing the computer of a potential Russian operative, Vivian stumbles on a secret dossier of deep-cover agents within America’s borders. A few clicks later, everything that matters to her—her job, her husband, even her four children—are threatened.Vivian has vowed to defend her country against all enemies, foreign and domestic. But now she’s facing impossible choices. Torn between loyalty and betrayal, allegiance and treason, love and suspicion, who can she trust?","https://images-na.ssl-images-amazon.com/images/S/compressed.photo.goodreads.com/books/1529995079i/40647345.jpg","local","upload\Karen   Cleveland\Need_to_Know.epub","0","0","0.00","0","0","1"
"40651540","1","25","6860531","Free","A Citadel of Captives","

""Billions of planets. Trillions of flickers of life. All depending on us.""

Return to the world of GASP as the team face their greatest challenge yet...
Pre-order now!
*Beware of spoilers in the reviews below that are without spoiler alerts*","https://images-na.ssl-images-amazon.com/images/S/compressed.photo.goodreads.com/books/1530053934i/40651540.jpg","local","upload\Bella Forrest\A_Citadel_of_Captives_-_Bella_Forrest.epub","0","0","0.00","0","0","1"
"40653141","1","4","28922","Free","The Deer Camp: A Memoir of a Father, a Family, and the Land that Healed Them","For readers of The Stranger in the Woods and H Is for Hawk, a beautifully written and emotionally rewarding memoir about a father, his three sons, and a scrappy 100-acre piece of land in rural Michigan.Bruce Kuipers was good at hunting and fishing, but not at anything else that makes a real father or husband. Distant, angry, and a serial cheater, he destroyed his relationship with his wife, Nancy, and alienated his three sons-journalist Dean, woodsman Brett, and troubled yet brilliant fisherman Joe. He distrusted people and clung to rural America as a place to hide.So when Bruce purchased a 100-acre hunting property as a way to reconnect with his sons, they resisted. The land was the perfect bait, but the moment the sons arrived, none of them knew how to be together as a family. Conflicts arose over whether the land-an old farm that had been degraded and reduced to a few stands of pine and blowing sand-should be left alone or be actively restored. After a decade-long impasse, Bruce acquiesced, and his sons proceeded with their restoration plan. What happened next was a miracle of nature.Dean Kuipers weaves a beautiful and surprising story about the restorative power of land and of his own family, which so desperately needed healing. Heartwarming and profound, The Deer Camp is the perfect story of fathers, sons, and the beauty and magic of the natural world.","https://images-na.ssl-images-amazon.com/images/S/compressed.photo.goodreads.com/books/1547570663i/40653141.jpg","local","upload\Dean Kuipers\The_Deer_Camp.epub","0","0","0.00","0","0","1"
"40656513","1","16","8184875","Free","Guilty as Sin","Guilty until proven innocent.That’s the way the world works, right?I’m tired of being convicted without evidence, all because my last name is Gable.The Riscoffs might own this town, but I’m done following their rules.If only I could forget just how easily Lincoln Riscoff can drag me under his spell.","https://images-na.ssl-images-amazon.com/images/S/compressed.photo.goodreads.com/books/1533226070i/40656513.jpg","local","upload\Meghan March\Guilty_as_Sin_-_Meghan_March.epub","0","0","0.00","0","0","1"
"40656560","1","16","8184875","Free","Reveling in Sin","Whitney Gable is the kind of woman you fight to the death to protect.To keep.To cherish.I’ve finally learned my lesson, and it’s time to prove I’m the man who’s worthy of her.I don’t care what it takes, because failure is not an option.No matter who or what stands in our way—this time, she’ll be mine forever.","https://images-na.ssl-images-amazon.com/images/S/compressed.photo.goodreads.com/books/1533226102i/40656560.jpg","local","upload\Meghan March\Reveling_in_Sin_-_Meghan_March.epub","0","0","0.00","0","0","1"
"40658100","1","5","4096668","Free","Throne of Fire","Cosmopolitan Magazine calls Addison's books...""easy, frothy fun!""Addictive from start to finish!The Celestra series has been optioned for film by 20th Century Fox!A halfbreed angel who can read minds, one too many love interests, and an entire faction of angels who are out to kill her—living on Paragon Island can be deadly.From NEW YORK TIMES, USA TODAY, and Wall Street Journal bestselling author, Addison Moore.New York Times bestselling author Addison Moore takes you back where you belong—Paragon awaits.There are moments in life that define you—more often than not, they are born of tragedy. There are moments in life that eviscerate you—more often than not, that is the blade tragedy wields in an effort to kill your spirit. There are moments in life when everything you thought you knew is turned upside down. Try as you might, you can never right it. There are moments in life when everything you thought you’d have forever disappears, disintegrates right before your very eyes. My world is rearranging itself in the most horrific way. These are my moments. This is my hell.Trouble lies ahead. Be warned. Welcome back to Paragon. From the NEW YORK TIMES and USA TODAY bestselling author, Addison Moore—Cosmopolitan Magazine calls Addison's books, ""...easy, frothy fun!""*The Celestra series has over a million copies in circulation and has been optioned for film by 20th Century Fox!* ","https://images-na.ssl-images-amazon.com/images/S/compressed.photo.goodreads.com/books/1530133068i/40658100.jpg","local","upload\Addison Moore\Throne_of_Fire_-_Addison_Moore.epub","0","0","0.00","0","0","1"
"40659746","1","12","17206010","Free","Lucky Witches","Just because Detective Quinn is on holiday does not mean that the rest of Riddler’s Edge gets to take a break.  And it definitely doesn’t mean that Aisling misses him.  But even if she did miss him – ever so slightly, mind you – she has far more urgent things to worry about. Like the fact that every single person the detective asked to look after his lighthouse has met with an unfortunate accident. Or the fact that a mysterious casino has appeared overnight – and instead of winning money, the gamblers are winning wishes.  These wishes are not all they seem, and as violence and chaos break out, it’s becoming ever more likely that the detective’s lighthouse is keeping a secret of its own …","https://images-na.ssl-images-amazon.com/images/S/compressed.photo.goodreads.com/books/1562856666i/40659746.jpg","local","uploads/A. A. Albright/Lucky_Witches_-_A._A._Albright.epub","0","0","0.00","0","0","1"
"40659936","1","17","4897363","Free","Graveyards, Visions, and Other Things that Byte","Three novellas (54K words) set between books eight and nine of the Dowser series from Mory, Rochelle, and Jasmine's POVs.","https://images-na.ssl-images-amazon.com/images/S/compressed.photo.goodreads.com/books/1530160906i/40659936.jpg","local","upload\Meghan Ciana Doidge\Graveyards,_Visions,_and_Other_-_Meghan_Ciana_Doidge.epub","0","0","0.00","0","0","1"
"40662402","1","17","5174763","Free","Mr Drake and My Lady Silver","Grieving for a long-dead sister, Ilsevel is elated to learn that her twin may yet have survived — and angry, for at the centre of this decades-old tale is the traitor Wodebean. A cheat he may be, but he holds the key to her sister’s life, and Ilsevel will travel the length and breadth of England to find him. But can she do it alone? Son of a disgruntled baker, Phineas Drake slaves away his days in his father’s pastry shop, dreaming of a better life. Delivering plum-cakes in the dark of a winter’s dawn, he sees a mysterious lady darting through the snow — alone, and in trouble. What can he do but follow?Caught up in the chaos of Ilsevel’s quest, Phineas is far out of his depth — or is he? For the baker’s boy is clever, and fiercely loyal. Already a force to be reckoned with, My Lady Silver’s nigh-on unstoppable with Phineas at her side. And she’ll need to be, for her quest will take her deep into the lawless depths of the Hollow Hills...","https://images-na.ssl-images-amazon.com/images/S/compressed.photo.goodreads.com/books/1530198649i/40662402.jpg","local","upload\Charlotte E. English\Mr_Drake_and_My_Lady_Silver_-_Charlotte_E._English.epub","0","0","0.00","0","0","1"
"40667094","1","17","4863270","Free","A Court of Lies","The 6th installment in the beloved Kingmakers' War series!  Queens.  Captains.  Princes.  Seekers.  The war continues to rage across Austrisia, and the players in the battle for the throne continue to employ magic, trickery, and political intrigue in their quest to rule the land. In the north, Briand takes the splintered throne as Guttersnipe the thief-queen, longing for the man she loves despite everything that has transpired. Prince Jehn prepares for his marriage in a dangerous foreign court. Meanwhile, Kael assembles an elite guard from across the country... and makes plans to pay a visit to a certain fierce, tempestuous thief-queen.  He can't stay away. Even if she might end up putting a dagger through his heart.","https://images-na.ssl-images-amazon.com/images/S/compressed.photo.goodreads.com/books/1530253556i/40667094.jpg","local","upload\Kate Avery Ellison\A_Court_of_Lies_-_Kate_Avery_Ellison.epub","0","0","0.00","0","0","1"
"40673740","1","17","5174763","Free","Royalty and Ruin","Somebody thought it would be a great idea to send us to the Troll Court. Because somebody imagined I might be the perfect person to help with a certain wild and crazy plan of Their Majesties' concoction. They want to restore the lost city of Farringale. I can only say that I heartily approve. There is the tiny problem of how, of course; but who better to dig up the truth than the Society’s most colourful agents? Off questing we go, armed with a long list of questions, two winning smiles (well, three, if you count the Baron’s — and who wouldn’t?) and a certain Dappledok pup. Only, history has a way of being... slippery. The only way to find out what really happened at Farringale is to go back there, poke it with a stick, and see what falls out. And try not to die in the process. It'll be fine. With my enchanted pipes in tow, a unicorn at my side and three trusty allies at my back, what could possibly go wrong?","https://images-na.ssl-images-amazon.com/images/S/compressed.photo.goodreads.com/books/1530345388i/40673740.jpg","local","upload\Charlotte E. English\Royalty_and_Ruin_-_Charlotte_E._English.epub","0","0","0.00","0","0","1"
"40675949","1","41","16809300","Free","Runes of Black Magic","Defending my claim to the throne will be easy, but defending my heart? That’s where everything could go wrong.Entering the royal court of the protectors was never going to easy for someone like Evie, but at least she isn’t alone. Trex, Connor and Nix are determined to show everyone who Evie really is. Not just the heartless assassin they all believe and fear.With whispers of war, the angels going missing, and tests that are far more deadly than anyone could have predicted…who will win the throne?The protectors aren’t the only ones that are whispering because demons don’t forget. Death is not the end…and demons will survive.","https://images-na.ssl-images-amazon.com/images/S/compressed.photo.goodreads.com/books/1530373297i/40675949.jpg","local","upload\G. Bailey\Runes_of_Black_Magic__A_Reverse_-_G._Bailey.epub","0","0","0.00","0","0","1"
"40678574","1","17","17700975","Free","Arrows of Ladis","Exploring the wrong island lands Ealrin, Blume and the others in the custody of a harsh theocracy. One whose ancient religion believes that those who speak to the elements through Rimstone should be put to death.  Which makes Blume’s inability to control her magic a hazard in an already dangerous land.  Now loose in the dense jungles of Ladis, Ealrin finds that it’s no longer his past that haunts their party. It’s Holve’s. An invading army, wishing to challenge the aged theocracy, has set its sight on the old general, hoping to settle a score from the the wars of its past.  And if all that weren’t enough, an ancient threat has crawled out from the mountains under which it hid for years.","https://images-na.ssl-images-amazon.com/images/S/compressed.photo.goodreads.com/books/1530405442i/40678574.jpg","local","upload\R.G. Long\Arrows_of_Ladis_-_R._G._Long.epub","0","0","0.00","0","0","1"
"40693877","1","20","13800950","Free","Adler","He decided it was time to retire, settle down, become something nice and tame. Like an arms-dealing biker in some town called Navesink Bank. He could get behind that lifestyle. He'd anticipated a lot of things. Drinking. Brotherhood. A little action peppered in here and there to keep things from getting too dull.But there was one thing he hadn't planned on.A woman moving in across the hall from him. The way something within him recognized something inside her. A past. Secrets. Darkness. Hidden behind thick walls, impenetrable shields, and a biting sort of confidence. He damn sure couldn’t have prepared himself for the sudden and uncharacteristic urge to force his way into her life, get her to open up to him, feel comfortable enough to give her all the dark and ugly parts of his past. And - dare he even think it - plan a future with her. You know… if she would stop disappearing for weeks at a time without a clue as to where she was going…","https://images-na.ssl-images-amazon.com/images/S/compressed.photo.goodreads.com/books/1533008205i/40693877.jpg","local","upload\Jessica Gadziala\Adler_(The_Henchmen_MC_Book_14)_-_Jessica_Gadziala.epub","0","0","0.00","0","0","1"
"40694118","1","5","7200339","Free","Ballad of Blood","In the wake of the Battle of Primeval, Elaria and her consorts are trying to settle into a routine that will satisfy their responsibilities as well as their desire. But there is one responsibility that Banning refuses to commit to; taking the Blooder crown from his father. As King Sorin's attempts to persuade Banning grow desperate, Banning becomes even more steadfast in his refusal. If a compromise can't be made, the Spellsinger's next song could be a ballad of blood.","https://images-na.ssl-images-amazon.com/images/S/compressed.photo.goodreads.com/books/1530550436i/40694118.jpg","local","upload\Amy Sumida\Ballad_of_Blood_-_Amy_Sumida.epub","0","0","0.00","0","0","1"
"40694217","1","5","845191,14417592,4868644","Free","No Quarter","
The rules have changed.
Now the Damned can go on vacation, and even hook up. Without Pandora near him, can Calvin get a little action in Cabo?
Unfortunately, the general has a different demand of Katie coming from a whole industry.

Requested to be in New York, Katie is working a side job or two.
Her mercenary skills are useful, and profitable, for other types of hard jobs.
And this time, the Damned can help a child.

There will be hell to pay when Katie and Pandora come calling, with no quarter for the demons.
Scroll back to the top and click “Read for Free” or “Buy Now,” and kick back for a fun supernatural action-packed adventure that will have you yelling for the good guys and laughing at the arguments between Katie and…her."" ***** Be prepared to handle sleep deprivation."" - Torn Asunder - Book 01 - Protected by the Damned."" ***** A masterly told tale about a group of dedicated contemporary warriors standing between humans and demons. A can't put down read. Characters that grow in interesting ways and well balanced action. Well done and an exciting opening to a new series.""  - Torn Asunder - Book 01 - Protected by the Damned."" ***** Be warned... very addictive!""  - Torn Asunder - Book 01 - Protected by the Damned."" ***** A story with kick-ass heroes and characters written where you feel like you are part of their crew stuck in a story that you has you entertained from page 1. Katie and team are a lot of fun to read about. Definitely a different take on Demons."" Lisa M. Frett - Torn Asunder - Book 01 - Protected by the Damned.---
NOTE: This book contains cursing. Perhaps humorous cursing, but cursing nonetheless. If this offends you, I suggest you don’t read this book. 


 ","https://images-na.ssl-images-amazon.com/images/S/compressed.photo.goodreads.com/books/1530551682i/40694217.jpg","local","upload\Michael Todd\No_Quarter_-_Michael_Todd.epub","0","0","0.00","0","0","1"
"40695035","1","5","14703924","Free","Breathe Again","Cole Anderson has always known who his one true mate is, but the rejection he suffered at her hands was too much to bear. Still, it helped shape him into the man he is today. He swore he'd never return to Collier Pack, but under his Alpha's orders, he has no choice but to go for the celebration ceremony as Thomas and Lily step up as the new Alpha and Pack Mother. He knows he'll have to face her. But will his heart survive it? Fifteen years ago Elizabeth Collier was little more than a child. She had always had a strong sense of duty to her Pack and at the time thought she was doing the right thing by rejecting her one true mate and taking a compatible one instead. She had not been able to go through with it, and the bond between her and Cole had never been severed. Now he's back and she's ready to risk everything to prove to him they are meant to be together. They've each endured years of irrevocable torment with a bond stuck in limbo. Now they must come face to face again. Cole wants to break the bond. But will that end his pain? Elizabeth's ready to fight for them. But can they truly resolve the pain of their pasts and come together at last? Or has too much time past and their chance at love lost? Cole and Elizabeth have been given a second chance at love. Sparks will fly and tempers will flair. But can the love between true mates conquer all?","https://images-na.ssl-images-amazon.com/images/S/compressed.photo.goodreads.com/books/1530560880i/40695035.jpg","local","upload\Julie Trettel\Breathe_Again_(Collier_Pack_Boo_-_Julie_Trettel.epub","0","0","0.00","0","0","1"
"40696683","1","16","6459302","Free","Broken With You","True love never fades...After surviving a troubled childhood, Denise can’t believe that she’s blissfully married to her partner and soulmate. She’s confident that not even Mason’s long-term, deep-cover assignment will shake their bond. And she certainly doesn’t anticipate that when he finally walks back through her door that he’ll have no memory of her, himself, or their time together…When Mason is pulled out of an operation gone bad, all he knows is what he’s told — that he was a covert agent, that he has information vital to national security somewhere in his head, and that they can tell him no more for fear of burying those hard-fought secrets even further. They tell him nothing else; not even that the beautiful woman who makes his heart beat faster is not just his partner, but also his wife. The secret she must keep wrecks Denise, who wants only to return to Mason’s arms. But despite the desire that still burns hot between them, she can’t tell him who she is—or that she’s carrying his child. But when dark forces threaten both their lives in order to retrieve the information trapped in Mason’s mind, it’s not their past that will be tested, but the tenuous new love now burning hot between them.You don't want to miss this sexy, suspenseful amnesia romance!","https://images-na.ssl-images-amazon.com/images/S/compressed.photo.goodreads.com/books/1550862595i/40696683.jpg","local","upload\J. Kenner\Broken_With_You_-_J._Kenner.epub","0","0","0.00","0","0","1"
"40713362","1","16","93455","Free","The Rancher's Bargain","Can a bachelor auction gone wrong…
mean temptation for the rich rancher?
James Harris needs a nanny for his nephew—now! So when Lydia Walker’s sister reneges on an extravagant bachelor-auction bid, the Texas Cattleman’s Club president has an idea. He’ll cover the debt, and Lydia will care for the baby. Neither is prepared for the passion that blindsides them. But is a permanent personal arrangement more than they bargained for?","https://images-na.ssl-images-amazon.com/images/S/compressed.photo.goodreads.com/books/1545798866i/40713362.jpg","local","upload\Joanne Rock\The_Rancher's_Bargain_-_Joanne_Rock.epub","0","0","0.00","0","0","1"
"40716409","1","5","13396038,13396039","Free","Rivaled Warrior"," Identical twins share a special bond, and vampires Cade and Cael are no exception. The two are rarely seen apart, and their closeness is unmistakable. As Dark Warriors, their success on the battlefield is attributed to their ability to anticipate each other's moves, as well as, a telepathic connection. The duo defeats their enemies with their collaborative skill. They are invaluable to the Tehrex Realm, protecting innocent humans and supernaturals from the archdemons plaguing their world. As the demons continue to terrorize supernatural children, Cade and Cael must rely on their strong connection to remain vigilante. That is, until the sexy harpy, Brianne, swoops into their lives, threatening to shred their brotherhood, and hearts, to pieces.  Brianne is a greedy harpy with an insatiable appetite, but she is beyond shocked when she realizes the sexy vampire that brought her desire and passion to new heights was actually two different men. Seriously? identical twins? What are the chances? Tempers flare and rivalry erupts between Cade and Cael as they try to woo Brianne in, and out, of the bedroom. Problem is, she wants them both. When the trio is forced to put differences aside in order to save Brianne's leader, a near miss with death is all it takes for Brianne to make her choice. And, her decision goes against all the rules for Fated Mates. ","https://images-na.ssl-images-amazon.com/images/S/compressed.photo.goodreads.com/books/1530699324i/40716409.jpg","local","upload\Brenda Trim\Rivaled_Warrior_-_Brenda_Trim.epub","0","0","0.00","0","0","1"
"40717527","1","3","2879706","Free","Shield Knight: Gavin's Tale","Gavin is a Swordbearer of Andomhaim, far from the deadly War of the Seven Swords in Owyllain. But the war is coming even to the walls of the High King's city of Tarlion. And Gavin's family might be the first victims of the new battle...","https://images-na.ssl-images-amazon.com/images/S/compressed.photo.goodreads.com/books/1530709386i/40717527.jpg","server_url","upload\Jonathan Moeller\Gavin's_Tale_-_Jonathan_Moeller.epub","1","0","0.00","0","1","1"
"40718380","1","34","16218218","Free","The Parisian","As the First World War shatters families, destroys friendships and kills lovers, a young Palestinian dreamer sets out to find himself.Midhat Kamal picks his way across a fractured world, from the shifting politics of the Middle East to the dinner tables of Montpellier and a newly tumultuous Paris. He discovers that everything is fragile: love turns to loss, friends become enemies and everyone is looking for a place to belong.Isabella Hammad delicately unpicks the tangled politics and personal tragedies of a turbulent era – the Palestinian struggle for independence from the British Mandate, the strife of the early twentieth century and the looming shadow of the Second World War. An intensely human story amidst a global conflict, The Parisian is historical fiction with a remarkable contemporary voice.","https://images-na.ssl-images-amazon.com/images/S/compressed.photo.goodreads.com/books/1542154799i/40718380.jpg","local","upload\Isabella Hammad\The_Parisian.epub","0","0","0.00","0","0","1"
"40723447","1","58","3464665","Free","Hunted","People coming to the Uncommon Raven Agency for protection, are at the end of the line. Noah Kelly takes the cases no other bodyguard will, the ones where demons are hunting the victim. Trouble is, he’s never managed to stop a demon from killing. Not even to save the girlfriend whose murder he was acquitted of four years ago. Since then he’s been determinedly single as he tries to find a way to stop demons and ease his guilt. Rachel Jarrett knew she was in trouble when the divorce lawyer she’d been dealing with is found dead—his limbs torn off. She runs, desperate to flee her husband, and finds herself at the Uncommon Raven Agency in the hands of a man with his own secrets. When she tells Noah what she’s seen he doesn’t laugh. He talks about possession. For Noah, falling into bed with a client was always going to be bad news, but when her ex is a demon it could be fatal.","https://images-na.ssl-images-amazon.com/images/S/compressed.photo.goodreads.com/books/1530774696i/40723447.jpg","local","upload\Shona Husk\Hunted_-_Shona_Husk.epub","0","0","0.00","0","0","1"
"40723450","1","58","3464665","Free","Embodied","A love potion gone wrong leads to a goddess hijacking Alexis’s body. Now Alexis will do anything to catch her boss's eye. It’s unfortunate that he starts to notice her for all the wrong reasons. Such as the army of cats following her around.Peyton Kilpatrick has always kept his relationship with Alexis professional despite the simmering interest. But something has changed, she crackles with magic and she wants more from him than he’s able to give. As a witch and a lawyer his life is complicated enough, throw in a hell hound bite that causes all kinds of side effects around the full moon and he really isn’t boyfriend material. When Alexis finally gets Peyton in bed, things get hairy. Peyton reveals what he is and convinces her to give up her new-found power. If she doesn’t get rid of the goddess inhabiting her body, she’ll die.","https://images-na.ssl-images-amazon.com/images/S/compressed.photo.goodreads.com/books/1530774773i/40723450.jpg","local","upload\Shona Husk\Embodied_-_Shona_Husk.epub","0","0","0.00","0","0","1"
"40724561","1","9","49378","Free","The Greek Claims His Shock Heir","The billionaire’s discovered her secret…She’s had his son!After learning of tycoon Eros Nevrakis’s betrayal, personal chef Winnie Mardas walks out of his life, determined to never look back—or reveal the child she’s carrying… A year later, she’s shocked when Eros arrives to legitimize his heir! Swept away to his lavish Mediterranean villa, Winnie is overwhelmed by the fire still burning between them. But can she accept her new role as his convenient wife?Lose yourself in this dramatic secret baby story!","https://images-na.ssl-images-amazon.com/images/S/compressed.photo.goodreads.com/books/1546991171i/40724561.jpg","local","upload\Lynne Graham\The_Greek_Claims_His_Shock_Heir_-_Lynne_Graham.epub","0","0","0.00","0","0","1"
"40725379","1","4","3541,267117,14311","Free","Animal, Vegetable, Miracle: A Year of Food Life","An edition celebrating the 10th anniversary of Barbara Kingsolver's New York Times bestseller, which describes her family's adventure as they move to a farm in southern Appalachia and realign their lives with the local food chain.Since its publication in 2007, Animal, Vegetable, Miracle has captivated readers with its blend of memoir and journalistic investigation. Newly updated with original pieces from the entire Kingsolver clan, this commemorative volume explores how the family's original project has been carried forward through the years.When Barbara Kingsolver and her family moved from suburban Arizona to rural Appalachia, they took on a new to spend a year on a locally-produced diet, paying close attention to the provenance of all they consume. Concerned about the environmental, social, and physical costs of American food culture, they hoped to recover what Barbara considers our nation's lost appreciation for farms and the natural processes of food production. Since 2007, their scheme has evolved enormously. In this new edition, featuring an afterword composed by the entire Kingsolver family, Barbara's husband, Steven, discusses how the project grew into a farm-to-table restaurant and community development project training young farmers in their area to move into sustainable food production. Camille writes about her decision to move back to a rural area after college, and how she and her husband incorporate their food values in their lives as they begin their new family. Lily, Barbara's youngest daughter, writes about how growing up on a farm, in touch with natural processes and food chains, has shaped her life as a future environmental scientist. And Barbara writes about their sheep, and how they grew into her second vocation as a fiber artist, and reports on the enormous response they've received from other home-growers and local-food devotees.With Americans' ever-growing concern over an agricultural establishment that negatively affects our health and environment, the Kingsolver family's experiences and observations remain just as relevant today as they were ten years ago. Animal, Vegetable, Miracle is a modern classic that will endure for years to come.","https://images-na.ssl-images-amazon.com/images/S/compressed.photo.goodreads.com/books/1530799548i/40725379.jpg","local","upload\Barbara Kingsolver\Barbara_Kingsolver,_Camille_Kingsolver,_Steven_L._Hopp_-_Animal,_Vegetable,_Miracle__A_Year_of_Food_Life_(P.S.)-Harper_Perennial_(2008).epub","0","0","0.00","0","0","1"
"40727470","1","34","14584166","Free","Stalking Jack the Ripper","Seventeen-year-old Audrey Rose Wadsworth was born a lord's daughter, with a life of wealth and privilege stretched out before her. But between the social teas and silk dress fittings, she leads a forbidden secret life. Against her stern father's wishes and society's expectations, Audrey often slips away to her uncle's laboratory to study the gruesome practice of forensic medicine. When her work on a string of savagely killed corpses drags Audrey into the investigation of a serial murderer, her search for answers brings her close to her own sheltered world. The story's shocking twists and turns, augmented with real, sinister period photos, will make this dazzling debut from author Kerri Maniscalco impossible to forget.","https://images-na.ssl-images-amazon.com/images/S/compressed.photo.goodreads.com/books/1530823449i/40727470.jpg","local","upload\Kerri Maniscalco\Stalking_Jack_the_Ripper_(Stalk_-_Kerri_Maniscalco.epub","0","0","0.00","0","0","1"
"40733836","1","2","1641284","Free","The Oracle Year","From bestselling comic-book franchise writer Charles Soule comes a clever and witty first novel of a twentysomething New Yorker who wakes up one morning with the power to predict the future—perfect for fans of Joe Hill and Brad Meltzer, or books like This Book Is Full of Spiders and Welcome to Night Vale.Knowledge is power. So when an unassuming Manhattan bassist named Will Dando awakens from a dream one morning with 108 predictions about the future in his head, he rapidly finds himself the most powerful man in the world. Protecting his anonymity by calling himself the Oracle, he sets up a heavily guarded Web site with the help of his friend Hamza to selectively announce his revelations. In no time, global corporations are offering him millions for exclusive access, eager to profit from his prophecies.He's also making a lot of high-powered enemies, from the President of the United States and a nationally prominent televangelist to a warlord with a nuclear missile and an assassin grandmother. Legions of cyber spies are unleashed to hack the Site—as it's come to be called—and the best manhunters money can buy are deployed not only to unmask the Oracle but to take him out of the game entirely. With only a handful of people he can trust—including a beautiful journalist—it's all Will can do to simply survive, elude exposure, and protect those he loves long enough to use his knowledge to save the world.Delivering fast-paced adventure on a global scale as well as sharp-witted satire on our concepts of power and faith, Marvel writer Charles Soule's audacious debut novel takes readers on a rollicking ride where it's impossible to predict what will happen next.    ","https://images-na.ssl-images-amazon.com/images/S/compressed.photo.goodreads.com/books/1530903756i/40733836.jpg","local","upload\Charles Soule\The_Oracle_Year.epub","0","0","0.00","0","0","1"
"40740416","1","40","947","Free","Venus and Adonis by William Shakespeare","Venus and Adonis is Shakespeare's narrative poem about the love of the goddess Venus for the mortal youth Adonis, dedicated partly to his patron, the Earl of Southampton (thought by some to be the beautiful youth to which many of the Sonnets are addressed). The poem recounts Venus' attempts to woo Adonis, their passionate coupling, and Adonis' rejection of the goddess, to which she responds with jealousy, with tragic results.","https://images-na.ssl-images-amazon.com/images/S/compressed.photo.goodreads.com/books/1530986156i/40740416.jpg","local","uploads/William Shakespeare/Venus_and_Adonis_-_William_Shakespeare.epub","0","0","0.00","0","0","1"
"40746908","1","13","17374103","Free","Highlander's Fate","In the Highlands you don’t find love, love finds you.Blonde and beautiful Alexa Montgomery is a free spirit who envies the choices that men have and wants nothing to do with marriage and babies. An expert with weapons, she can also hold her own with any man in a battle of wits.She dreams of adventure in the great world. She wants it more than she can bear. And when suitor after suitor comes to offer their hand in marriage, Alexa is firm with each refusal.No man shall lay claim to her heart!Little does she know that from across the sea… her true destiny draws ever nearer.However, love is not without obstacles.Alexa will be faced with a choice: freedom or love?","https://images-na.ssl-images-amazon.com/images/S/compressed.photo.goodreads.com/books/1531062842i/40746908.jpg","local","upload\Alisa Adams\Highlander's_Fate__A_Medieval_S_-_Alisa_Adams.epub","0","0","0.00","0","0","1"
"40751662","1","1","3433356","Free","Chosen","Coming Soon...","https://images-na.ssl-images-amazon.com/images/S/compressed.photo.goodreads.com/books/1531092376i/40751662.jpg","local","uploads/Stacey Thompson/Chosen_-_Stacey_Thompson.epub","0","0","0.00","0","0","1"
"40765391","1","1","6081016","Free","Viking Legacy","Jarl Dragonheart has unfinished business. Some of his men are missing in the heart of Wales and he has to punish the Hibernians who killed his daughter and her family in Dyflin. With a handful of Ulfheonar and untried warriors he sets sail to seek the men he lost. The Weird Sisters have been spinning and his path is not a straight one. It will take him from Wales to Lundenwic, the land of the East Angles Dyflin and culminate in Om Walum. He will lose oath sworn during the journey and his family will be threatened. He will have to fight the powers of darkness as they try to entrap the warrior who wields the sword touched by the gods. The Dragonheart may be old but so long as he draws breath he will fight for his family, his clan and his land. He is a Viking!","https://images-na.ssl-images-amazon.com/images/S/compressed.photo.goodreads.com/books/1531124108i/40765391.jpg","local","upload\Griff Hosker\Viking_Legacy_-_Griff_Hosker.epub","0","0","0.00","0","0","1"
"40769224","1","41","6914951","Free","Invading Alpha","Division Chief Seraphine Thomas is finally handling the snowballing situation in New York. She survived her first Valentine’s Day as Alpha and a whole new mess of problems, but is feeling more confident in her roles now that she’s laid a better foundation. The problem is there’s no safe way to handle what she needs to, and alone she’s not enough. But help comes in a very surprising away. The Alpha of one of the New York City packs sent a hitter to take care of Sera when she started forcing the system to work and he was on the wrong side of that. Though months ago, Sera still has a valid claim to retaliate. Plus, it’s the only non-human office that hasn’t been fully retrained, which is rather odd given the FBI is hiring new non-human agents to have teams in regular offices. Add to that, there are rumors of the regular NYC office being dirty, and it might take a miracle to pull this trick off without getting everyone dead. Thankfully, lipstick can be a magical thing if used right.  Seraphine Thomas is a crime series filled with Chicago attitude and a strong heroine that pushes what most would think a female lead capable of, along with the heat being involved with several men brings while trying to figure out what she wants.","https://images-na.ssl-images-amazon.com/images/S/compressed.photo.goodreads.com/books/1531165922i/40769224.jpg","local","upload\Erin R. Flynn\Invading_Alpha_-_Erin_R._Flynn.epub","0","0","0.00","0","0","1"
"40771167","1","12","11461","Free","August Moon: Humor and Hijinks","Furious after being stood up by local hottie Johnny Leeson, Mira decides to abandon Battle Lake, Minnesota, where the women are churchgoers, the men like to hunt, and the body count is above average. But when a cheerleader bites the dust, Mira is called back to the town that has done her wrong.She begins investigating the New Millennium Bible Camp, a disturbing place with a Stepford Wives-meets-Hee-Haw vibe. She wants desperately to ditch Battle Lake, but before she does, Mira is hell-bent on confronting her own demons to catch a killer.August Moon is a laugh-out-loud romantic comic caper, perfect for readers who love to escape into the humorous mysteries of Gina LaManna, Liliana Hart, Chelsea Field, Janet Evanovich, Jana DeLeon, Denise Grover Swank, and Stephanie Bond. If you love to laugh while reading a page-turning mystery, this series is for you!August Moon is the fourth in an ongoing series featuring Mira James, an urban woman with rural Minnesota roots. The books can be read in any order; each novel stands alone.","https://images-na.ssl-images-amazon.com/images/S/compressed.photo.goodreads.com/books/1531186522i/40771167.jpg","local","upload\Jess Lourey\August_Moon_-_Jess_Lourey.epub","0","0","0.00","0","0","1"
"40771470","1","16","3430431","Free","The Spaniard's Untouched Bride","
To save her inheritance…
His price is marriage!Camilla Alvarez refuses to abandon her beloved horses when formidable tycoon Matias Navarro acquires her family’s renowned rancho. Instead, she disguises herself as his stable boy! Yet when Camilla’s charade is discovered, Matias offers her an even more shocking role—as his wife! Innocent Camilla is transformed into a bride deserving of his diamonds, but their convenient marriage is transformed by the scalding heat of their wedding night…Lose yourself in this tale of innocence and desire…","https://images-na.ssl-images-amazon.com/images/S/compressed.photo.goodreads.com/books/1543653991i/40771470.jpg","local","upload\Maisey Yates\The_Spaniard's_Untouched_Bride_-_Maisey_Yates.epub","0","0","0.00","0","0","1"
"40772063","1","17","25422","Free","The Lost Sisters","
Sometimes the difference between a love story and a horror story is where the ending comes...
While Jude fought for power in the Court of Elfhame against the cruel Prince Cardan, her sister Taryn began to fall in love with the trickster, Locke. Half-apology and half-explanation, it turns out that Taryn has some secrets of her own to reveal.The Lost Sisters is a companion e-novella to the New York Times bestselling novel The Cruel Prince by master writer Holly Black.","https://images-na.ssl-images-amazon.com/images/S/compressed.photo.goodreads.com/books/1531854833i/40772063.jpg","local","upload\Holly Black\The_Lost_Sisters_-_Holly_Black.epub","0","0","0.00","0","0","1"
"40773114","1","42","2152471","Free","Hot Mess 6","Lany: I just wanted to help my Mom out with the Children's Fall Festival. I had no idea I'd be dragged into a mess that would change my entire world. Learning that children in foster care were being abused, and determined to stop it, I jumped in feet first. I just had to stay alive long enough for Sal to rescue me. Salvador: I loved Lany to the depths of my soul, but the messes he got into made me want to wrap my fingers around his pretty little neck. This last one might be the top of the list. When Lany is taken to stop me from investigating a child slavery ring, I have to step outside the boundaries of the law I work so hard to uphold, but it might be the only way to keep Lany alive. [Siren Publishing: The Stormy Glenn ManLove Collection: Alternative Contemporary Romance, MM, HEA]","https://images-na.ssl-images-amazon.com/images/S/compressed.photo.goodreads.com/books/1531213245i/40773114.jpg","local","upload\Stormy Glenn\Hot_Mess_6_-_Stormy_Glenn.epub","0","0","0.00","0","0","1"
"40773536","1","25","3431194","Free","Awake in Shadows","Rebuilding a life while still missing an identity isn’t easy, but that’s what Adara’s determined to do. It’s why she’s been ignoring the overtures from an elegant vampire and the stalking by an overprotective werewolf.  However, when a mysterious presence begins to haunt her memories—and dreams—wakening a primal terror, she has no choice but to ask for help.  The problem is, unraveling her secret past seems to be triggering demon attacks. Someone doesn’t want her finding answers.  Adara might be forsaken, but she certainly hasn’t been forgotten. For he is coming after her...   This story is a dark urban fantasy rife with violence and mature subject matter. Reader discretion is advised. ","https://images-na.ssl-images-amazon.com/images/S/compressed.photo.goodreads.com/books/1534277332i/40773536.jpg","local","upload\Eve Langlais\Awake_in_Shadows_-_Eve_Langlais.epub","0","0","0.00","0","0","1"
"40779236","1","16","625","Free","Divine Evil","A decade ago, sculptor Clare Kimball fled Emmitsboro, Maryland, to take the art world by storm. Now she’s celebrated as the artist of her generation. But no amount of success can eclipse the nightmares that haunt her—or the memories of her father’s suicide. Just as her star is shining brighter than ever, Clare leaves it all behind to face her demons.Emmitsboro sheriff Cameron Rafferty loved Clare from afar all through high school. Now that she’s back, they form a bond that grows stronger each day—fueled by an attraction that’s been simmering for years. But Clare’s past soon rises up with a vengeance, rocking the town with a sinister murder that is clearly linked to her return. As an investigation gets under way, Clare and Cameron will learn that evil can linger anywhere—even in those you love and trust the most. But it’s a discovery that may come too late to save them.…","https://images-na.ssl-images-amazon.com/images/S/compressed.photo.goodreads.com/books/1531264837i/40779236.jpg","local","upload\Nora Roberts\Divine_Evil_-_Nora_Roberts.epub","0","0","0.00","0","0","1"
"40796338","1","16","6459302","Free","Ruined With You","When her high maintenance boss is assaulted, manager Xena Morgan contacts the only person who can help—the sexy, arrogant, incredibly capable Stark Security agent Liam Foster. The former vigilante takes every case personally, and he's determined to find answers—particularly since he thought he'd cleared this threat already.Xena had been thrilled when Liam completed his assignment, because he affected her in ways she didn't want to contemplate, awakening yearnings that threatened her deepest secrets.But now she needs him, and her body won't let her forget it.As their attraction heats to a feverish degree, the web of lies, danger, and passion they find themselves in tangles further. Liam will stop at nothing to protect his client, even if it means sacrificing everything he holds dear ... and exposing the secrets that may destroy him—and Xena—forever.","https://images-na.ssl-images-amazon.com/images/S/compressed.photo.goodreads.com/books/1550862808i/40796338.jpg","local","upload\J. Kenner\Ruined_With_You_-_J._Kenner.epub","0","0","0.00","0","0","1"
"40796744","1","17","8038662","Free","Darkblade Slayer","The Hunter will not rest until his blade pierces the demonic Sage’s heart. His pursuit leads across windswept plains, into an ancient holy vault, and through a barren mountain range. Beside him is Hailen, the mysterious child with dangerous magical abilities—abilities that are dragging the boy deep into madness. The only hope of putting an end to the Sage and curing Hailen is to reach the lost city of Enarium. It’s a terrifying race against time and monstrous foes to kill a demon, save a child, and avert the end of the world. Buy now to dive into the latest in the epic Hero of Darkness series . Hang on to your seat and take a ride into dark fantasy of the best kind! Catch up on your sleep before you turn the first page.. – Dee. W Non-stop action, deep character development, and gritty fight scenes. The Hunter will seize you by the throat and take you on a breakneck adventure. – Amazon Review If you are looking for a book with lots of twists and turns, this is your book. – Derek WilliamsIn the Hero of Darkness Book 1: Darkblade Assassin Book 2: Darkblade Outcast Book 3: Darkblade Protector Book 4: Darkblade Seeker Book 5: Darkblade Slayer Book 6: Darkblade Savior Book 7: Darkblade Justice In the Hero of Darkness Book 1: Darkblade Assassin (May 29 th ) Book 2: Darkblade Outcast (June 5 th ) Book 3: Darkblade Protector (June 19 th ) Book 4: Darkblade Seeker (July 10 th ) Book 5: Darkblade Slayer (August 7th) Book 6: Darkblade Savior (September 4 th ) Book 7: Darkblade Justice (October 2 nd )","https://images-na.ssl-images-amazon.com/images/S/compressed.photo.goodreads.com/books/1531454264i/40796744.jpg","local","upload\Andy Peloquin\Darkblade_Slayer_-_Andy_Peloquin.epub","0","0","0.00","0","0","1"
"40803509","1","17","4615377","Free","The Palace of Lost Memories","From the author of the USA Today bestselling GLASS AND STEELE series comes this captivating new fantasy.  The king's magnificent palace was built in a matter of weeks. No one saw the builders, no villagers are allowed beyond the gilded gate, and only one servant has ever left. The haunted look in her eyes as she was recaptured by the palace guards is something Josie, daughter of the village doctor, has never forgotten.  For Josie, the palace is a mystery that grows more intriguing after she meets the captain of the guards, a man known only as Hammer, as mysterious and captivating as the palace itself. Whispers of magic fuel Josie's desire to uncover the truth, but an ordinary girl like her can only dream of ever being invited inside.  When the king decides to take a wife from among the eligible daughters of the noble families, the palace gates are finally thrown open and the kingdom's elite pour in. In a court where old rivalries and new jealousies collide, the king's favorite is poisoned and the doctor is summoned. As her father's assistant, Josie finally sees inside the lavish walls, but she soon learns the palace won't surrender its secrets easily, for not a single resident, from the lowest servant to the king himself, has a memory from before the palace existed.  In the search for the truth, Josie is drawn deeper into danger, and the answers she seeks might shake the very foundations of the kingdom.","https://images-na.ssl-images-amazon.com/images/S/compressed.photo.goodreads.com/books/1531524229i/40803509.jpg","local","upload\C.J. Archer\The_Palace_of_Lost_Memories_-_C.J._Archer.epub","0","0","0.00","0","0","1"
"40805487","1","19","14166772","Free","Hail to the King","Ryn is a mess: unruly hair, untidy apartment, paint under her nails and a broken spirit. She's the irregularity in Desmond's neat, perfect schedule. When she decides to move away from the city and resign from her position in his company, he attempts to take it in stride, sign a severance package, and wish her good luck. One problem: a king does not relinquish his future queen. This book comes with a trigger warning. If you've read Ryn's story in Deep Down the Rabbit Hole, you know it's dark. Moreover, this book includes menage and bisexual scenes. Disclaimer from the author: Kings of the Tower is a steamy romance series about women going down the rabbit hole, and figuring out that it's fun in wonderland. Don't expect them to change, or tame the men they love. Don't expect the male protagonist to force them into anything.","https://images-na.ssl-images-amazon.com/images/S/compressed.photo.goodreads.com/books/1531553745i/40805487.jpg","local","upload\May Sage\Hail_to_the_King__Kings_of_the_-_May_Sage.epub","0","0","0.00","0","0","1"
"40809158","1","5","153741","Free","Peace in the Valley","With only two weeks before her 30th birthday/deathday, witch-fairy Peace Crawford seeks out Lucas Dark in the new paranormal sanctuary of Lost Souls, Arkansas. Although many in the magical community consider the warlock to be dangerous, Peace's desperation drives her to his door—with her zombie godmothers, adorable dog, and milk-snake familiar in tow.The handsome warlock with the dimpled chin and stormy gray eyes agrees to help Peace remove the death curse, but the price might be too steep to pay. To make matters more complicated, Peace's stupid evil Aunt Eartha shows up to ruin everything.Can a dangerous necromancer help a desperate witch-fairy escape an impending death curse while falling head over broom for her?Damn right, he can.","https://images-na.ssl-images-amazon.com/images/S/compressed.photo.goodreads.com/books/1536076059i/40809158.jpg","local","upload\Michele Bardsley\Peace_in_the_Valley_-_Michele_Bardsley.epub","0","0","0.00","0","0","1"
"40809159","1","1","153741","Free","How Great Thou Art","A search for the missing vampire Art Cobbler, leads werecougar Caulder Mason to the newly formed paranormal town of Lost Souls, Arkansas.Fae-demon, Lavender Greengrass, moved to Lost Souls in a vain attempt at escaping her hellish roots. Venturing into the world usually means destroying some part of it. Not on purpose. Her demon side just … well, leaks out every now and again. But when an elderly vampire mysteriously appears in her backyard—on fire—she has to help. And when the handsome werecougar shows up on her front door looking for Art, she can’t turn him away, either.Lavender and Caulder must join forces in order to defeat the demon responsible for Art’s disappearance. Sometimes, two people are just meant to be together, even if they have to go through hell (literally), to prove to each other that true love can conquer all.","https://images-na.ssl-images-amazon.com/images/S/compressed.photo.goodreads.com/books/1536076008i/40809159.jpg","local","upload\Michele Bardsley\How_Great_Thou_Art_-_Michele_Bardsley.epub","0","0","0.00","0","0","1"
"40818804","1","17","16324115","Free","The Avatar's Flames","Ruethwyn’s life was promising. Talented in magic, the young elven woman didn’t fit in in her hometown, but was scheduled to attend the most renowned academy of magic in the kingdom, and was even building up the courage to confess her love in the hope that it might be returned. That all ended in a dragon’s fire. Resvarygrath the Gilded, lord of the Golden Dominion, destroyed Ruethwyn’s village, killed her parents and teacher, and stole away the young women of the village. Maimed by the dragon’s flames, Ruethwyn was spared by a curious dark elf, who gave her a chance; she had two years to rescue her beloved, or risk losing her forever. Now, Ruethwyn has little time to recover as best she can. Missing an eye and an arm, her magic half-crippled and her wounds impossible to heal due to a curse, Ruethwyn’s prospects at the academy are limited, but she refuses to give up. No matter what challenges she may face, she is determined not to surrender. She’s lost too much and refuses to lose another. First, though, she needs to survive long enough, which proves more challenging than Ruethwyn expects.","https://images-na.ssl-images-amazon.com/images/S/compressed.photo.goodreads.com/books/1531693133i/40818804.jpg","local","upload\Benjamin Medrano\The_Avatar's_Flames_-_Benjamin_Medrano.epub","0","0","0.00","0","0","1"
"40843841","1","17","3226226","Free","Collide and Seek","A small part of Madeline had hoped to call the Salr home, but hope can be a cruel thing. Now it’s up to her to find what everyone else is looking for, and she’ll have to commune with the dead to do it. The real question is, what will she do with the ancient charm when she finds it?Enter the mischievous Viking. Mikael seems to know more about Madeline’s quest than she does. His ancient vendetta will take her back to his homeland. Unfortunately for Madeline, Mikael was born about a thousand years ago. In order to return home, Madeline will face the massacre of an ancient village, less than friendly Vikings, and the spinners of fate themselves. The stakes are higher than ever, but at the very least, Madeline finally knows just what, and who, she’s fighting for.","https://images-na.ssl-images-amazon.com/images/S/compressed.photo.goodreads.com/books/1531895577i/40843841.jpg","local","uploads/Sara C. Roethle/Collide_and_Seek__Act_4-5_-_Sara_C_Roethle.epub","0","0","0.00","0","0","1"
"40844017","1","45","4181354","Free","Mysterious Ways","A clan caught in an evil web. A witch who must sacrifice everything to save them… Safe in Rafe’s arms at last, Miranda thinks the worst of the danger is past. She is dead wrong. The Castillo prima is murdered, and the clan is trapped by a hex. No one can leave New Mexico — or even send out a distress call. Worse, Simon’s evil magic sends dark spells against the clan, targeting the vulnerable new prima herself. Desperate to keep anyone else from being hurt, Miranda has no other choice. She surrenders to Simon — only to discover his grand plan extends far beyond possessing her body. He covets her powers to summon the darkest demon of them all. As Rafe works feverishly to track Miranda’s location, protect the clan, and find a loophole in Simon’s entrapment spell, Miranda realizes there is only one way to defeat Simon once and for all. Take on more power than she’s ever handled before. Make a deal with the lord of all demons. And risk everything to fulfill a destiny set in motion long before Rafe was a glimmer in her heart.","https://images-na.ssl-images-amazon.com/images/S/compressed.photo.goodreads.com/books/1531879331i/40844017.jpg","local","upload\Christine Pope\Mysterious_Ways_-_Christine_Pope.epub","0","0","0.00","0","0","1"
"40848660","1","1","845191,14417592,4868644","Free","Dark Is The Night","
This time it's about money.
Well, some of it is about money. How is a Damned going to pay for her condo and keep up with the Joneses?
Still in New York, Katie is working on creating an additional base for herself and her team as Pandora contemplates how she can mess up Calvin's love life.
What will happen when Katie meets the woman who means the most to her?And what is Calvin going to do, since the gang in Mexico is not giving up?
Dark is the night when the heroes come out to play.
Scroll back to the top and click “Read for Free” or “Buy Now,” and kick back for a fun supernatural action-packed adventure that will have you yelling for the good guys and laughing at the arguments between Katie and…her."" ***** Be prepared to handle sleep deprivation."" - Torn Asunder - Book 01 - Protected by the Damned."" ***** A masterly told tale about a group of dedicated contemporary warriors standing between humans and demons. A can't put down read. Characters that grow in interesting ways and well balanced action. Well done and an exciting opening to a new series.""  - Torn Asunder - Book 01 - Protected by the Damned."" ***** Be warned... very addictive!""  - Torn Asunder - Book 01 - Protected by the Damned."" ***** A story with kick-ass heroes and characters written where you feel like you are part of their crew stuck in a story that you has you entertained from page 1. Katie and team are a lot of fun to read about. Definitely a different take on Demons."" Lisa M. Frett - Torn Asunder - Book 01 - Protected by the Damned.---
NOTE: This book contains cursing. Perhaps humorous cursing, but cursing nonetheless. If this offends you, I suggest you don’t read this book. 
 ","https://images-na.ssl-images-amazon.com/images/S/compressed.photo.goodreads.com/books/1531966281i/40848660.jpg","local","upload\Michael Todd\Dark_Is_The_Night_-_Michael_Todd.epub","0","0","0.00","0","0","1"
"40857887","1","41","7200339","Free","Fairy Rings and Dragon Kings"," Never step in a fairy ring.  Those sweet little mushroom rings that seem so harmless are actually patches of Fairy bleeding over into our world. Under Council Law, these rings are pieces of Fairy, and anything that happens within them are outside of Extinguisher jurisdiction. So, when humans start disappearing and a connection is made to fairy-rings, the Human Council's hands are tied. The Extinguishers can't protect humans who willingly enter Fairy... but Ambassador Seren Firethorn can. Seren is called in to investigate, and what begins as a case of missing persons progresses into something that may change her life forever.","https://images-na.ssl-images-amazon.com/images/S/compressed.photo.goodreads.com/books/1531858869i/40857887.jpg","local","upload\Amy Sumida\Fairy_Rings_and_Dragon_Kings_(B_-_Amy_Sumida.epub","0","0","0.00","0","0","1"
"40866758","1","58","5785692,296263","Free","Quintus","From New York Times and USA Today Bestselling Author Kym Grosso  Powerful vampire, Quintus Tullius, returns to New Orleans after a demon attacks. Elusive and lethal, he conceals his true powers from all others, wielding his strength over the centuries as he sees fit. When he’s healed by an attractive stranger, he quickly realizes her altruistic actions are driven by more than kindness, and she is not who she appears to be. Unsure if he can trust the dangerous beauty, he swears to protect her, captivated by the one creature he’d never expected to flame his desire.  Gabriella Savoie has been on the run since she was thirteen years old. Determined to survive, she practices a unique blend of magick to hide from the coven who seeks her death. Desperate, she leads a treacherous existence in underground clubs, selling her mystical blood to vampires to survive. Drawn to the one person who can save her, she spirals into an erotic journey, exploring her hidden fantasies within the arms of the seductive vampire.  From Louisiana to New York, their sensual and perilous adventure leads them to discover ancient secrets, searching for the artifact that will set her beast free. As Gabriella accepts her fate, will she sacrifice her magick to be with the vampire who is her true mate? Will Quintus trust her and reveal his powers, acknowledging the unexpected bond to a woman who isn’t human? And will he be able to save her, thwarting the impending evil that descends on Big Easy?","https://images-na.ssl-images-amazon.com/images/S/compressed.photo.goodreads.com/books/1531939106i/40866758.jpg","local","upload\Kym Grosso\Quintus_-_Kym_Grosso.epub","0","0","0.00","0","0","1"
"40867397","1","17","16430470","Free","Siren Falling","Our stories aren’t always ones we’re proud of, but they’re still our stories.  Selma de Avila, a gorgeous siren cursed with a quick temper is finally realizing a life-long dream. Despite her mama's beliefs that sirens are particularly susceptible to the vices of city life, Selma is determined to leave her sleepy Spanish island for New York City--the city she believes holds her destiny.  Once in The Big Apple, Selma quickly ingrains herself into high society, all the while trying to find love, conceive of a career, and live the life she's always dreamed of. But everything goes awry, including her tight control over her magic, when Selma runs into billionaire Andrew Van de Berg at the Faerie Fall Ball and sparks fly.  The problem? He's married.  Despite knowing Andrew is off limits, Selma can’t seem to avoid him. Every encounter with the playboy billionaire riles up her powerful magic and manipulates her body and mind. Within days of meeting Andrew, she’s siphoning magic all around New York, enchanting total strangers, and altering the courses of lives, to appear steady and in control of her own life.  Will Selma be able to put an end to Andrew's persistent attention and regain mastery of her magic? Will she ever discover what truly called her to New York? Or will her magic take over, toppling Selma into siren madness and pulling the men of NYC behind her? ","https://images-na.ssl-images-amazon.com/images/S/compressed.photo.goodreads.com/books/1531942421i/40867397.jpg","local","upload\Ashley McLeo\Siren_Falling__A_Starseed_Unive_-_Ashley_McLeo.epub","0","0","0.00","0","0","1"
"40888265","1","1","16994557","Free","A. I. Uprising"," It’s bad enough when there’s only one Artificial Intelligence determined to take over the galaxy!  A far-future space opera series from #1 Bestselling author James David Victor The Mercury Blade and its crew have had just about enough of advanced alien technology. When a new breed of A.I. enters the fray, they are forced to stop them before they join with the ancient alien Artificial Intelligence and enslave humanity…or worse. The only problem is that they must trust another A.I. Can they succeed or will they find out they have been manipulated the whole time? A. I. Uprising is the fourth book in the exciting Valyien series. If you like fast paced space adventure, the rogue crew of the Mercury Blade will keep you entertained for hours. Download A. I. Uprising and get started on your next space adventure today! Always FREE on Kindle Unlimited ","https://images-na.ssl-images-amazon.com/images/S/compressed.photo.goodreads.com/books/1532147143i/40888265.jpg","local","upload\James David Victor\A._I._Uprising_-_James_David_Victor.epub","0","0","0.00","0","0","1"
"40895511","1","17","6860531","Free","The Chain","Alex and his comrades might have escaped the Head's clutches, but where are they now?","https://images-na.ssl-images-amazon.com/images/S/compressed.photo.goodreads.com/books/1532218963i/40895511.jpg","local","upload\Bella Forrest\The_Chain_-_Bella_Forrest.epub","0","0","0.00","0","0","1"
"40909452","1","34","3617","Free","Drums of Autumn","In this breathtaking novel, rich in history and adventure, #1 New York Times bestselling author Diana Gabaldon continues the story of Claire Randall and Jamie Fraser that started with the now-classic novel Outlander and continued in Dragonfly in Amber and Voyager. Once again spanning continents and centuries, Gabaldon has created a work of sheer brilliance. What if you knew someone you loved was going to die? What if you thought you could save them? How much would you risk to try?Claire Randall has gone to find Jamie Fraser, the man she loved more than life, and has left half her heart behind with their daughter, Brianna. Claire gave up Jamie to save Brianna, and now Bree has sent her mother back to the Scottish warrior who was willing to give his life to save them both. But a chilling discovery in the pages of history suggests that Jamie and Claire's story doesn't have a happy ending.Brianna dares a terrifying leap into the unknown in search of her mother and the father she has never met, risking her own future to try to change history . . . and to save their lives. But as Brianna plunges into an uncharted wilderness, a heartbreaking encounter may strand her forever in the past . . . or root her in the place she should be, where her heart and soul belong.","https://images-na.ssl-images-amazon.com/images/S/compressed.photo.goodreads.com/books/1536699977i/40909452.jpg","local","upload\Diana Gabaldon\Drums_of_Autumn_-_Diana_Gabaldon.epub","0","0","0.00","0","0","1"
"40917042","1","2","3780,15102079","Free","The Chef","A New Orleans police detective by day and celebrity food truck chef by night, Caleb Rooney has a new title -- Louisiana's Most Wanted -- in this shocking thriller from the world's #1 bestselling author.In the Carnival days leading up Mardi Gras, Detective Caleb Rooney comes under investigation for a murder he is accused of committing in the line of duty -- as a Major Crimes detective for the New Orleans Police Department. Has his sideline at the Killer Chef food truck given him a taste for murder?While fighting the charges against him, Rooney makes a pair of unthinkable discoveries: His beloved city is under threat of attack . . . and these would-be terrorists may be local.As crowds of revelers gather, Rooney follows a fearsome trail of clues, racing from outlying districts into city center. He has no idea what -- or whom -- he'll face in defense of his beloved hometown, only that innocent lives are at stake.","https://images-na.ssl-images-amazon.com/images/S/compressed.photo.goodreads.com/books/1542104946i/40917042.jpg","local","upload\James Patterson\The_Chef_-_James_Patterson.epub","0","0","0.00","0","0","1"
"40930844","1","16","14925543","Free","Garrett","A sexy big beautiful woman romance by Katie Dowe of BWWM Club.  Afiya has come to love her full-figured body, and she is no longer ashamed of who she is!  Still, it comes as a total shock to her when she realizes billionaire CEO Garrett King is into her!  Garrett is also surprised by his attraction towards Afiya, who is not the usual woman he goes for.  But that doesn’t stop them from sleeping together during a night of fiery passion!  Yet as she spends more time with Garrett, her crippling self-doubt begins to rear its ugly head.  And Afiya begins to wonder if Garrett is ashamed to be seen with her…  Can she be with a man who won’t accept her as she is?  Or is she better off without him?  Find out in this emotional yet sexy romance by Katie Dowe of BWWM Club.  Suitable for over 18s only due to sex scenes so hot, you'll start dreaming about your own CEO billionaire hottie!","https://images-na.ssl-images-amazon.com/images/S/compressed.photo.goodreads.com/books/1532381689i/40930844.jpg","local","upload\Katie Dowe\Garrett__BWWM_Romance_(Members_-_Katie_Dowe.epub","0","0","0.00","0","0","1"
"40935068","1","17","13819383,7184104","Free","The Princess Must Die","FORBIDDEN TO LOVE. DESTINED TO BE TORN APART.In an Elven city beneath the streets of Chicago, the perfect storm rages, kept under control only by Marbella Mercy, the Storm Princess. Now she is of age, champions from each of the elven houses will play a game of wit and strength to fight for her hand – and for the chance to control the forces of nature.Baelen Rath, a warrior and leader of the feared House of Rath, is the only male Marbella has ever trusted. He'll risk everything to be her champion. But what he and the others don't know? The princess is fighting too.Because she's discovered that the winner is cursed to kill her, not marry her, and the only way to save herself is to win.But Marbella is fighting a power greater than herself, because someone believes that the perfect storm should be unleashed and for that to happen – the princess must die.","https://images-na.ssl-images-amazon.com/images/S/compressed.photo.goodreads.com/books/1532426790i/40935068.jpg","local","upload\Everly Frost\Storm_Princess_Saga__The_Comple_-_Everly_Frost.epub","0","0","0.00","0","0","1"
"40935069","1","5","2965060","Free","Unmasked","Childhood dreams can come true—so can nightmares…Lacey always dreamed of a trip to Pompeii but never thought it would happen, until her cousin calls out of the blue, asking if Lacey would like to replace their photographer on their archeological dig.Sebastian wasn’t expecting Lacey to be, well … Lacey. But he’s intrigued from the start, and then he sees what she can do— even before she does.As the images of the past rise in front of Lacey, taxing her artistic ability to document them, strange events start happening. Without reason, the atmosphere on the dig shifts to something supernatural that scares her, intrigues her, then consumes her.For Sebastian these events all bring back memories of the worst dig in his life, and he can see history repeating itself. He needs to stop it this time. He must protect his team and his friends, but especially Lacey … before everyone dies—just like they did last time.","https://images-na.ssl-images-amazon.com/images/S/compressed.photo.goodreads.com/books/1532426790i/40935069.jpg","local","upload\Dale Mayer\Unmasked_-_Dale_Mayer.epub","0","0","0.00","0","0","1"
"40938922","1","8","17995497","Free","All For You","HAMMER They call me Hammer. There’s a reason for that. I’m the enforcer for the Snakes Henchmen MC. We have enemies, a lot of them. We protect what’s ours. Problem is I was too late to protect her. It’s taken me years but I’ve learned to live with that. Then they took Willow. I was almost too late to save her. She almost died and I saw it happen. I can’t risk it happening again. I have to stay away. But I can’t. WILLOW I was born into this life. To the world, we’re criminals. To us, we’re family. Family can’t always protect you, I have the scars to prove it. Inside and out. He saved me. I love him, I always have, even when he belonged to my best friend. He still belongs to her, even though she’s gone. I was there for him through his pain. Now he’s mine. But is he here because of me, or her? There’s a war beginning and the line between the enemies and allies is becoming blurred. The enemy is coming. The time for reckoning is now.","https://images-na.ssl-images-amazon.com/images/S/compressed.photo.goodreads.com/books/1532464732i/40938922.jpg","local","upload\Alivia Grayson\All_For_You_(Snakes_Henchmen_MC_-_Alivia_Grayson.epub","0","0","0.00","0","0","1"
"40941104","1","16","188612","Free","The Lawman's Convenient Family","“Judy really has a way with Western romances and handsome cowboys!” —#1 New York Times bestselling author Linda Lael MillerHe’d always been a loner—until one case changed his life. . . Growing up in a broken home had made Detective Adam Santiago wary of getting attached—to anyone. Even his work as a mentor at the local youth center leaves him certain that he’s not meant to be a family man . . . Until he meets the new music therapist at Kidville. Julie Chapman knows Adam is the last person on earth she should be drawn to. She’s the marrying type, and he’s intent on avoiding commitment at all costs! When two orphans are at risk of being separated, Adam must set aside his insecurities to keep the young brother and sister together. Julie’s willing to do anything to help — even become Adam’s pretend bride — to get the children’s traditional social worker on their side. But as she falls head over heels for her the guarded cop, will this marriage of convenience become an affair of the heart?From Harlequin Special Believe in love. Overcome obstacles. Find happiness.Discover more true-to-life stories in the Rocking Chair Rodeo series. All books are stand-alone but were published in the following 1. Roping in the Cowgirl2. The Bronc Rider’s Baby3. A Cowboy Family Christmas4. The Soldier’s Twin Surprise5. The Lawman’s Convenient Family6. The Cowboy’s Secret Family","https://images-na.ssl-images-amazon.com/images/S/compressed.photo.goodreads.com/books/1532489336i/40941104.jpg","local","upload\Judy Duarte\The_Lawman's_Convenient_Family_-_Judy_Duarte.epub","0","0","0.00","0","0","1"
"40943206","1","17","7361547","Free","Monster","The sands of time always come due. All debts must be paid. The greatest mistake of all beings, small and large, weak and powerful… we all believe that we have more time. But we are not the gods of time, and when one of us fucks with their domain there is always a price to pay. Somehow our names have been called to settle the debt. Most of New York City has been covered with a mysterious sand that holds the terror of our hearts, it holds our memories, everyone’s memories, all of us are caught in the midst of its power; living the worst version of our hearts. Everyone has monsters that haunt them in the dark, but mine are bigger badder and have a shit load of bang. But perhaps time will be my blessing, let this war be done, this war I’ve raged since the day I swallowed Sheba’s soul. Win or lose let it be done.","https://images-na.ssl-images-amazon.com/images/S/compressed.photo.goodreads.com/books/1532517586i/40943206.jpg","local","upload\L.M. Adams\Monster_-_L._M._Adams.epub","0","0","0.00","0","0","1"
"40943637","1","17","17702504,36163","Free","First Lessons","Aliya is a medical school graduate gifted with both smarts and an athletic body. Her life seems perfect…until she finds herself in a fatal car accident. Instead of dying, however, she wakes up in a completely different body in the middle of a half-ruined castle during alternate medieval times. Confused and dismayed, Aliya realizes she was given a second chance in life — so she rolls up her sleeves and gets to work on restoring the castle and her new life. Aliya’s situation is confusing and challenging. Reborn as Countess Lilian Earton, she has to adjust to an unfamiliar world while trying to introduce everyday conveniences from the world she knows. Her first goal is taking care of the collapsing estate of Earton and its inhabitants — and learning to navigate a society unused to a woman in charge. Constant attacks of robbers and slave traders never seem to stop plaguing Aliya, and killers and spies sent by the narcissistic aristocracy are just waiting for her to show a bit of weakness so that they can strike, even if as she finds an alternative solution to her troubles, developing alliances with the Highlanders and Vikings called the Virmans. In the meantime, she is terrified with the prospect of finally meeting her perpetually absent husband whom, incidentally, Aliya has never seen ever since her rebirth as Lilian. Her plan is to make the best of her unusual circumstances — and to change this alternate world for the better. She is not a girl in trouble waiting for a knight in shining armor; all that Aliya has to do, she’ll do with her own hands. ***First Lessons is the opening book of the bestselling historical romance and time travel fantasy series A Medieval Tale by Lina J. Potter. The heroine finds herself in the alternate world at the very beginning of a thorny path to progress and happiness. On top of everything, she has to go up against the unprogressive and sexist society of the Middle Ages, armed only with her knowledge, experience, and willpower. Still, Aliya/Lilian has to act carefully in order not to draw too much attention to her innovations — she knows she could either get praised for her genius…or be accused of witchcraft. The bestselling time travel and historical romance A Medieval Tale series has been carefully translated into English and already gained a strong English-speaking fan base.","https://images-na.ssl-images-amazon.com/images/S/compressed.photo.goodreads.com/books/1532522290i/40943637.jpg","local","upload\Lina J. Potter\First_lessons_-_Lina_J._Potter.epub","0","0","0.00","0","0","1"
"40945664","1","1","15703550","Free","Seed: The Reaping Book One"," “Mr. Vampire, I need your help.”   Kazimir DeElysia has no love for the Council. He and his Matriarch have lived just out of Council reach for the past three thousand years—ever since they were deemed unfit to continue living as immortals. Elysia because of arbitrary laws. Kaz because he refused to stand by and allow her to be executed.  Theirs is a noble vampire heritage, one that affords Elysia the revered title of Elder, one of the few remaining in the living world.  The city they claimed is theirs, and theirs alone. Immortals are not permitted to visit without permission. So, when vampires begin to go missing, Kaz considers it immortal business, and none of his.  Until Ashley shows up, looking for her father and scaring off humans as she makes her entrance. Humans who were hunting Kaz’s Matriarch.  His response isn’t a matter of revenge. It’s a matter of family loyalty and pride.  And just a little bloodthirsty delight. ","https://images-na.ssl-images-amazon.com/images/S/compressed.photo.goodreads.com/books/1532541412i/40945664.jpg","local","upload\Aya DeAniege\Seed_(The_Reaping_#1)_-_Aya_DeAniege.epub","0","0","0.00","0","0","1"
"40956190","1","20","3213942","Free","The Price of Mason","I might’ve ruined any chance I ever had at a meaningful relationship when I decided to become a male prostitute at eighteen, but that was okay.I paid off my mom’s debt, the rent, my sister’s hospital bills. I put food on the table and kept eviction notices at bay.It was worth it.But was it worth the price of my soul?Two years later, this job has begun to kill me in every way but physically, until SHE comes along.Reese is the breath of fresh air I need. She makes me smile, she makes me laugh, she makes me want more. But how can we ever be together after all the choices I’ve made?Listing one mistake after another, these are my confessions and how we came through to the other side.***The Forbidden Men series concludes with THE PRICE OF MASON by looping back to the beginning and retelling PRICE OF A KISS through his eyes. Just when you thought you knew everything, here’s the rest of the story.WARNING: Not a safe book (because yeah, the dude's a prostitute) but also not the most taboo thing ever published. Some explicit content. -- Yes, it CAN be read as a standalone!","https://images-na.ssl-images-amazon.com/images/S/compressed.photo.goodreads.com/books/1536238553i/40956190.jpg","local","upload\Linda Kage\The_Price_of_Mason_(Forbidden_M_-_Linda_Kage.epub","0","0","0.00","0","0","1"
"40961985","1","17","812657","Free","Stopping Time","How can you save the future, when someone's slowly unraveling your past?  Rae Kerrigan and her friends finally have the lives they've always wanted. Jobs, children, security, no super villains trying to destroy the world—things are about as normal as they can get for a band of superspies. But when someone jumps back into the past and starts messing with their future—everything they've worked so hard to build goes up in smoke.  To save their future, the Kerrigan gang must travel back into the past. Using her father's tatu, Rae and the others embark upon a wild time-hopping goose chase as they try to track down this latest threat before things are broken beyond repair.  Will they stop the time traveler before things are too late? Can they manage not to lose themselves in the process? More importantly…  … How far down the rabbit hole are they willing to go?","https://images-na.ssl-images-amazon.com/images/S/compressed.photo.goodreads.com/books/1532720177i/40961985.jpg","local","upload\W.J. May\Stopping_Time_-_W._J._May.epub","0","0","0.00","0","0","1"
"40972765","1","1","332359","Free","Legal Passion"," guilty...of corrupting Ms Prim and Proper!Hotshot lawyer Stone Michaelsen never loses a case, but rival Hillary Bellows is determined to beat him in court. When they're alone together, the gloves - and clothes - come off. Uptight in court yet naughty in private, they can't keep their hands off each other, and their jobs are on the line. Real feelings emerge, raising the stakes and turning sexy sparks into a roaring fire! ","https://images-na.ssl-images-amazon.com/images/S/compressed.photo.goodreads.com/books/1532845550i/40972765.jpg","local","upload\Lisa Childs\Legal_Passion_-_Lisa_Childs.epub","0","0","0.00","0","0","1"
"40978399","1","17","17038163,17670453","Free","An Assassin's Death","As an assassin of the Lifeless League, there are two rules I live by:  1. Never kill another hunter.  2. Obey orders.  When I find that my newest set of targets are branded with the Mark of the Hunter, I don’t know who I can trust anymore. I can’t take their lives without knowing why these mysterious men turned their backs on the League.  A choice will have to be made eventually. Even if they refuse to make anything easy for me. The four brooding ex-assassins give me trials, training, and tests to study my unusual powers and prove myself as one of them. A deadly plan is now in place but they’ve all made one grave mistake: Underestimating me. Because I’m adding a third and final rule to my list:  3. Survive.  This is a Reverse Harem Series, recommended for readers 18 and over.","https://images-na.ssl-images-amazon.com/images/S/compressed.photo.goodreads.com/books/1532891610i/40978399.jpg","local","upload\A.K. Koonce\An_Assassin's_Death__A_Reverse_-_A.K._Koonce.epub","0","0","0.00","0","0","1"
"40995707","1","1","18253124","Free","The Incubus Detective: Hell of a Ride","Don't get it twisted...Maven Drake is an Incubus demon. As such, he enjoys entering the dreams of beautiful New York socialite women, as well as women of the ""cloth"". He is also a murder solving private detective, working out of his seedy tattoo parlor called Demon, Ink. Is he good? Is he evil? While Maven is struggling with his own inner demons, he's also dealing with some pretty interesting characters. You'll meet The Pour Man, a Scottish Devil, who has a permanent seat at Charlie's Blue Bawlers exotic dance club, and Maven's sexy sidekick succubus, Dionis, who attempts to lure Maven every chance she gets. You'll also meet Converse Billy, a young vampire in training, and Cassius Slay, Maven's arch nemesis, who is a demon hunter out for blood...Maven's blood. A host of other fun characters are introduced as well, and one thing is certain...You're in for one hell of a ride!","https://images-na.ssl-images-amazon.com/images/S/compressed.photo.goodreads.com/books/1532957975i/40995707.jpg","local","uploads/Breccan Storm/Hell_of_a_Ride_-_Breccan_Storm.epub","0","0","0.00","0","0","1"
"41001546","1","16","24559","Free","The Cowboy's Lesson in Love","
He had given up on love

Until she taught him a lesson
Ever since Clint Washburn’s wife abandoned him, the stoic rancher has built up defenses to keep everyone in Forever, Texas, out—including his young son. Now the boy’s teacher, Wynona Chee, is questioning his parenting! And Clint is experiencing feelings he thought long dead. Still, Wynona has her homework cut out for her if she’s going to teach this cowboy to love again.","https://images-na.ssl-images-amazon.com/images/S/compressed.photo.goodreads.com/books/1590960760i/41001546.jpg","local","upload\Marie Ferrarella\The_Cowboy's_Lesson_in_Love_-_Marie_Ferrarella.epub","0","0","0.00","0","0","1"
"41009421","1","5","17059","Free","The Trouble With Vampires","For close to three thousand years the imposing, impossibly handsome Santo Notte has fought in armies across the world and battled his own, more personal enemies. Of all the places he might expect to encounter his life mate, a quiet corner of upstate New York doesn’t seem likely. But as soon as he makes contact with history professor Petronella Stone, while hunting down a suspected rogue immortal, he knows that she will be the greatest adventure of his eternal life.He expects her to be surprised, confused, even overwhelmed. What he doesn’t expect is that Pet has a secret history of her own. There’s no mistaking the mind-blowing, mutual pleasure they share. But as Pet struggles to protect her nephew from a danger lurking too close to home, Santo realizes there’s another threat to her safety—him. And claiming their passionate future will be impossible until he leaves his past behind, forever…","https://images-na.ssl-images-amazon.com/images/S/compressed.photo.goodreads.com/books/1540365922i/41009421.jpg","local","upload\Lynsay Sands\The_Trouble_With_Vampires_-_Lynsay_Sands.epub","0","0","0.00","0","0","1"
"41010458","1","17","5273621","Free","A Court of Blood and Void"," They call me beautiful. They call me a monster. Soon, they'll call me death.As a direct descendant of the God of Death, Cassandra Saélihn is considered the most dangerous monster of all time. Her own mother locks her in a cage to protect the world from her lethal potential. Cass thought this imprisoned life would be her fate, but then four sexy, formidable warriors--a vampire lord, twin fae princes, and a demigod--find her.They claim she's not a monster, but a powerful weapon, one who can kill the Olympian gods, who have returned to Earth with a vengeance. But Cass has a mind of her own and can't be told what to do, no matter how drawn she is to her four warrior saviors. To their dismay, the four warriors can't tame the wild, cunning, and volatile Cass. But they have a bigger problem--their growing attraction toward her.To turn the woman they desire into the ultimate weapon and ensure Earth's survival, they'll have to conquer her body and heart, which seems even more impossible than winning the war against the atrocious gods. But nothing turns these alpha males on more than an impossible dare. And nothing turns Cass on more than being stalked.Warning: This is a full-length reverse harem fantasy/paranormal romance that features one hell of strong woman and her four powerful supernatural mates. It contains brutal battles, explicit love scenes, raw language, magic, swordfights, Greek gods, dark fae, vampires, shifters, and a lot of assholes.","https://images-na.ssl-images-amazon.com/images/S/compressed.photo.goodreads.com/books/1533003531i/41010458.jpg","local","upload\Meg Xuemei X\A_Court_of_Blood_and_Void__an_R_-_Meg_Xuemei_X.epub","0","0","0.00","0","0","1"
"41012772","1","1","4615377","Free","The Complete Freak House Series","THE COMPLETE 9-BOOK SET OF THE BESTSELLING HISTORICAL FANTASY SERIES BY C.J. ARCHER.A lush, sweeping romantic gothic delight.Enter the dark and dangerous world of Victorian England and Freak House, where nothing is as it seems and everyone has secrets.Full of unforgettable characters, quirky humor, fast action, and delicious romance, C.J. Archer's Freak House Series is now available as an exclusive boxed set. Get all 3 trilogies that make up the FREAK HOUSE series in a single volume.THE 1ST FREAK HOUSE TRILOGY (Contains THE WRONG GIRL, PLAYING WITH FIRE, HEART BURN):t's customary for Gothic romance novels to include a mysterious girl locked in the attic. Hannah Smith just wishes she wasn't that girl. As a narcoleptic and the companion to an earl's daughter with a strange affliction of her own, Hannah knows she's lucky to have a roof over her head and food in her belly when so many orphans starve on the streets. Yet freedom is something Hannah longs for. She did not, however, want her freedom to arrive in the form of kidnapping.Taken by handsome Jack Langley to a place known as Freak House, she finds herself under the same roof as a mad scientist, his niece, a mute servant and Jack, a fire starter with a mysterious past. They assure Hannah she is not a prisoner and that they want to help her. The problem is, they think she's the earl's daughter. What will they do when they discover they took the wrong girl?THE 2ND FREAK HOUSE TRILOGY (Contains THE MEMORY KEEPER, SEARED WITH SCARS, EDGE OF DARKNESS):Charity Evans wants nothing more than to leave her troubled past behind and start afresh. The teacher at a London school for orphans is encouraged to have her memories blocked by hypnotist Samuel Gladstone, but when they experience visions with an unknown third person, they realize the past can never be truly erased.Now her past is returning to haunt Charity all over again.Samuel is determined to help her, but how can a woman who trusts no man trust a hypnotist? And what dark secrets changed the charming gentleman into a desperate one who'll do anything to keep those secrets buried?THE 3RD FREAK HOUSE TRILOGY (Contains GHOST GIRL, BANISHED, MY SOUL TO TAKE):Cara Moreau is dying from a supernatural curse. Her only chance of survival lies with the warrior, an enigmatic man who comes from a realm ""in between."" Quin St. Clair lived hundreds of years ago, but now exists solely to protect the world he once called home. That's all he will tell Cara, the woman he must keep alive by remaining close to her. Very close.But Cara is determined to discover more answers as she grows to like her warrior. While they search for the book of spells and the cure contained within its pages, their feelings for one another can no longer be denied. But what will happen when Cara is cured and Quin's assignment is complete? And can she trust this mysterious man with the book if they find it?As friends and family from the previous Freak House novels help them, and old and new foes vie for power, Quin and Cara must not allow their feelings to get in the way of their task. Or Cara's life, and Quin's afterlife, may be cut short.","https://images-na.ssl-images-amazon.com/images/S/compressed.photo.goodreads.com/books/1533038946i/41012772.jpg","local","upload\C.J. Archer\The_Complete_1st_Freak_House_Tr_-_C.J._Archer.epub","0","0","0.00","0","0","1"
"41014470","1","25","6860531","Free","A Jungle of Rogues","Pressed for time and desperate for a solution to avoid a most literal end of the world, the Shadians must get smarter, fast. Their opponent is unlike any they have ever faced before, and will stop at nothing until the universe, and every creature inhabiting it, succumbs to his devastating regime. GASP needs help from wherever they can possibly find it—even if it means forging alliances with creatures who cannot fully be trusted...Return to the heart-racing adventure. 
Preorder now!

*Beware of spoilers in the reviews below that are without spoiler alerts*

","https://images-na.ssl-images-amazon.com/images/S/compressed.photo.goodreads.com/books/1533054492i/41014470.jpg","local","upload\Bella Forrest\A_Jungle_of_Rogues_-_Bella_Forrest.epub","0","0","0.00","0","0","1"
"41015249","1","17","656983,9533,9545","Free","Beren and Lúthien","The tale of Beren and Lúthien was, or became, an essential element in the evolution of The Silmarillion, the myths and legends of the First Age of the World conceived by J.R.R. Tolkien. Returning from France and the battle of the Somme at the end of 1916, he wrote the tale in the following year. Essential to the story, and never changed, is the fate that shadowed the love of Beren and Lúthien: for Beren was a mortal man, but Lúthien was an immortal elf. Her father, a great elvish lord, in deep opposition to Beren, imposed on him an impossible task that he must perform before he might wed Lúthien. This is the kernel of the legend; and it leads to the supremely heroic attempt of Beren and Lúthien together to rob the greatest of all evil beings, Melkor, called Morgoth, the Black Enemy, of a Silmaril. In this book Christopher Tolkien has attempted to extract the story of Beren and Lúthien from the comprehensive work in which it was embedded; but that story was itself changing as it developed new associations within the larger history. To show something of the process whereby this legend of Middle-earth evolved over the years, he has told the story in his father's own words by giving, first, its original form, and then passages in prose and verse from later texts that illustrate the narrative as it changed. Presented together for the first time, they reveal aspects of the story, both in event and in narrative immediacy, that were afterwards lost. Published on the tenth anniversary of the last Middle-earth book, the international bestseller The Children of Húrin, this new volume will similarly include drawings and color plates by Alan Lee, who also illustrated The Lord of the Rings and The Hobbit and went on to win Academy Awards for his work on The Lord of the Rings film trilogy. ","https://images-na.ssl-images-amazon.com/images/S/compressed.photo.goodreads.com/books/1533061452i/41015249.jpg","local","upload\J.R.R. Tolkien\Beren_and_Luthien_-_J._R._R._Tolkien.epub","0","0","0.00","0","0","1"
"41021196","1","17","25307","Free","Fool's Assassin","Tom Badgerlock has been living peaceably in the manor house at Withywoods with his beloved wife Molly these many years, the estate a reward to his family for loyal service to the crown.But behind the facade of respectable middle-age lies a turbulent and violent past. For Tom Badgerlock is actually FitzChivalry Farseer, bastard scion of the Farseer line, convicted user of Beast-magic, and assassin. A man who has risked much for his king and lost more…On a shelf in his den sits a triptych carved in memory stone of a man, a wolf and a fool. Once, these three were inseparable friends: Fitz, Nighteyes and the Fool. But one is long dead, and one long-missing.Then one Winterfest night a messenger arrives to seek out Fitz, but mysteriously disappears, leaving nothing but a blood-trail. What was the message? Who was the sender? And what has happened to the messenger?Suddenly Fitz's violent old life erupts into the peace of his new world, and nothing and no one is safe.","https://images-na.ssl-images-amazon.com/images/S/compressed.photo.goodreads.com/books/1533132942i/41021196.jpg","local","upload\Robin Hobb\Fool_s_Assassin_-_Robin_Hobb.epub","0","0","0.00","0","0","1"
"41032121","1","16","1935000","Free","The Risk","THE RISK takes you back to the world of hot hockey players, feisty heroines, bro banter, and steamy scenes... Everyone says I’m a bad girl. They’re only partly right—I don’t let fear rule me, and I certainly don’t care what people think. But I draw the line at sleeping with the enemy. As the daughter of Briar’s head hockey coach, I’d be vilified if I hooked up with a player from a rival team.And that’s who Jake Connelly is. Harvard’s star forward is arrogant, annoying, and too attractive for his own good. But fate is cruel—I require his help to secure a much-coveted internship, and the sexy jerk isn’t making it easy for me.I need Connelly to be my fake boyfriend.For every fake date…he wants a real one.Which means this bad girl is in big trouble. Nothing good can come from sneaking around with Jake Connelly. My father would kill me, my friends will revolt, and my post-college career is on the line. But while it’s getting harder and harder to resist Jake’s oozing sex appeal and cocky grin, I refuse to fall for him.That’s the one risk I’m not willing to take.","https://images-na.ssl-images-amazon.com/images/S/compressed.photo.goodreads.com/books/1553609225i/41032121.jpg","local","upload\Elle Kennedy\The_Risk__Briar_U_-_Elle_Kennedy.epub","0","0","0.00","0","0","1"
"41033230","1","1","8436095","Free","Losing Anora","A once idyllic village is shattered by tragedy. Now, a new threat looms. A human army marches across the plains, determined to exact revenge. The peace-loving Elves are unable to defend Anora against so many soldiers. Aliyah and her people flee into the forest, leaving their beloved village behind to search for an ancient fortress. When Aliyah makes a surprise acquaintance, could she change the course of her people's history forever? Will her newfound magic be a help or a hindrance in the quest to save the Elves from destruction?","https://images-na.ssl-images-amazon.com/images/S/compressed.photo.goodreads.com/books/1533271071i/41033230.jpg","local","uploads/Tessa Escalera/Losing_Anora_-_Tessa_Escalera.epub","0","0","0.00","0","0","1"
"41036563","1","5","845191,14417592,4868644","Free","Dim Glows The Horizon","It's all about a good time.Katie has the ability and desire to see Brock again, and show him and his guys a good time.Will that include any special time for the two of them? (Pandora hopes so).That stranger left a message about a sword and Armor... But is Pandora willing to help or does she even know what he was talking about?Someone is stalking Calvin's girlfriend. He has to ask a couple of humans he respects for a little help—even if they won't remember who he is.Even in the middle of a war, humans will always want some hope for the future.Scroll back to the top and click “Read for Free” or “Buy Now,” and kick back for a fun supernatural action-packed adventure that will have you yelling for the good guys and laughing at the arguments between Katie and…her."" ***** Be prepared to handle sleep deprivation."" - Torn Asunder - Book 01 - Protected by the Damned."" ***** A masterly told tale about a group of dedicated contemporary warriors standing between humans and demons. A can't put down read. Characters that grow in interesting ways and well balanced action. Well done and an exciting opening to a new series.""  - Torn Asunder - Book 01 - Protected by the Damned."" ***** Be warned... very addictive!""  - Torn Asunder - Book 01 - Protected by the Damned."" ***** A story with kick-ass heroes and characters written where you feel like you are part of their crew stuck in a story that you has you entertained from page 1. Katie and team are a lot of fun to read about. Definitely a different take on Demons."" Lisa M. Frett - Torn Asunder - Book 01 - Protected by the Damned.--- This book contains cursing. Perhaps humorous cursing, but cursing nonetheless. If this offends you, I suggest you don’t read this book. ","https://images-na.ssl-images-amazon.com/images/S/compressed.photo.goodreads.com/books/1533316469i/41036563.jpg","local","upload\Michael Todd\Dim_Glows_The_Horizon_-_Michael_Todd.epub","0","0","0.00","0","0","1"
"41036780","1","45","8390541","Free","The Eleventh Hour"," Another Day, Another Scar…   Conrad needs a rest, and so does Vicky, his partner in fighting magickal crimes. The universe has other ideas. Conrad had planned the perfect weekend in the English Lake District – tie up some loose ends before spending the night with his girlfriend. Simple. What could possibly go wrong? Everything is the answer. An innocent man is murdered to cover up magickal misdeeds, and before they can draw breath, Conrad and Vicky are on the trail of a Mage who hides behind dark magick to kill at a distance. In the third book of Mark Hayden’s highly praised King’s Watch sequence, Conrad and Vicky have to unlock doors and penetrate the ancient families of the Lakeland Particular to unmask a killer with an agenda of vengeance who doesn’t care who dies on the way. ","https://images-na.ssl-images-amazon.com/images/S/compressed.photo.goodreads.com/books/1533318748i/41036780.jpg","local","upload\Mark   Hayden\The_Eleventh_Hour_-_Mark_Hayden.epub","0","0","0.00","0","0","1"
"41043615","1","41","18069577","Free","Shadow on the Water","The Elders despise my mates.They send four new dragons who vow to claim me.Will the Elder’s chosen suitors tear me away from my boys?The Elders want to shape me into the perfect Shadow Queen. The perfect puppet princess.They've chosen the favored sons of draconic society, their Alpha Squad, as my would-be mates. To mold me. To shape me. To seduce their way into my trust and my bed.Arranged marriage is a big nope.  But, when one of my boys is kidnapped by the Chosen, I need the Alpha Squad’s help to save his life. The new dragons seize the moment, and see their way in. Time’s running out. The Chosen have forced my hand. I have no choice – not if I want to save Aric from torture and certain death. I’m forced to make a terrible choice. My first test on the path to becoming the Shadow Queen…Shadow on the Water is a very steamy romance with violence, naughty language, and potentially triggering situations. It is the second book in the Arysia Bellmont series.","https://images-na.ssl-images-amazon.com/images/S/compressed.photo.goodreads.com/books/1533400723i/41043615.jpg","local","upload\Katya Moore\Shadow_on_the_Water__A_Reverse_-_Katya_Moore.epub","0","0","0.00","0","0","1"
"41045873","1","45","6876556","Free","Horseman","Abandon all hope, the fifth horseman shall ride....Nate Temple is on the hunt to right a wrong. Mordred - King Arthur's son - has escaped from Hell. And it's all Nate's fault.Pro-tip: Don't let escapees rob the dreaded Nine Souls on their way out of Hell's Gates. It makes the escapee just an itsy bitsy bit stronger.But what are the Nine Souls? And what does St. Louis think about having a self-proclaimed king in the 21st century?Nate must brush up on his history, make uneasy alliances, and appease the King of Hell before everything falls to pieces. Because he's going to need to beg, borrow, and steal every scrap of power he can find to stand a snowball's chance in hell against Mordred and what the notorious traitor has in store for St. Louis.Because Mordred has been planning this moment his entire afterlife, from that dark empty cell in Hell, and will stop at nothing to get his father's old heirlooms back. A certain Round Table and a sword. Only then can his master plan truly begin....The world needs a Fifth Horseman. Whether they want it or not... Whether they can survive it or not...","https://images-na.ssl-images-amazon.com/images/S/compressed.photo.goodreads.com/books/1533423239i/41045873.jpg","local","upload\Shayne Silvers\Horseman_-_Shayne_Silvers.epub","0","0","0.00","0","0","1"
"41046375","1","17","2879706","Free","Blood Ring","Caina Amalas meets Nadia Moran in this epic crossover novel from USA Today bestselling author Jonathan Moeller! My name is Nadia, and I'm a shadow agent of the High Queen of the Elves. When the High Queen sends me to take down a corrupt Congressman, it should be an easy job. Except someone else is coming after the Congressman. And Caina Amalas might be a powerful ally or a deadly enemy...","https://images-na.ssl-images-amazon.com/images/S/compressed.photo.goodreads.com/books/1533429743i/41046375.jpg","local","upload\Jonathan Moeller\Blood_Ring_-_Jonathan_Moeller.epub","0","0","0.00","0","0","1"
"41046376","1","3","2879706","Free","Mage Fall","I was done with Lord Morvilind. But the war with the Archon Elves was finished with neither of us. Morvilind has one last job for me. One final heist to decide the fate of humans and Elves both. And if I screw this one up, the Void will devour both humanity and the Elves...","https://images-na.ssl-images-amazon.com/images/S/compressed.photo.goodreads.com/books/1533429745i/41046376.jpg","server_url","upload\Jonathan Moeller\Mage_Fall_-_Jonathan_Moeller.epub","1","0","0.00","0","1","1"
"41046811","1","45","14755716","Free","Legend Hunter","Izzy’s strange visions make her a target in an unimaginable witch hunt through Ireland’s past and present, leading her on a dangerous quest to discover the secret of the seers before she is silenced forever.     Isobel Ross has counted six years since her friend disappeared into the abyss of her own haunting visions. Determined to rescue Maeve before she is lost forever, Izzy relies on her own gift of second sight to travel back in time, where she finds herself trapped within the horror of Ireland’s Great Famine and struggling to control her daunting visions.     In a race to avoid the chilling dungeons of the past, Izzy is faced with a modern-day lynch mob in the present. The townsfolk don’t understand her gift and will do anything to remove her. When Izzy meets a local gifted family, she learns she is not alone, but as she gets closer to the alluring grandson, his unusual gifts complicate matters further.     Time is running out as Izzy seeks the balance between the past and present to stop the escalating witch hunt on both sides. But as she searches for her lost friend while desperately holding on to the new, emerging life of her future, she risks becoming lost without a trace.    Outlander meets Tomb Raider in this epic Irish adventure of seers and curses by USA Today Bestselling author, Jennifer Rose McMahon! If you like Diana Gabaldon, Emily R King, and Susanna Kearsley, you will love Legend Hunter and the Irish Mystic Legends series.     One click to begin the Irish Mystic Legends today! ","https://images-na.ssl-images-amazon.com/images/S/compressed.photo.goodreads.com/books/1533434399i/41046811.jpg","local","upload\Jennifer Rose McMahon\Legend_Hunter_-_Jennifer_Rose_McMahon.epub","0","0","0.00","0","0","1"
"41053421","1","9","7200339","Free","In the Nyx of Time","Time can be a killer.At the battle for Dvārakā, Nyx and her friends were defeated, and now, she wants revenge. She's convinced a god of time to help her, and they intend to change the past. As Nyx's nefarious plan unfolds, the Godhunter is tossed through time with only her instincts and a couple of sassy Consciousnesses to guide her. Will it be enough to get her back to her proper present, or will this time belong to Nyx?","https://images-na.ssl-images-amazon.com/images/S/compressed.photo.goodreads.com/books/1533510703i/41053421.jpg","server_url","upload\Amy Sumida\In_the_Nyx_of_Time_-_Amy_Sumida.epub","1","0","0.00","0","1","1"
"41053676","1","36","13540545","Free","Gareth","The final installment of The Nova Force trilogy is here! Living on the run for nine years has made Evangeline a skeptical woman. With a new face and a fabricated identity, she sails the stars as captain of her own mercenary ship. Online virtual reality games return a fraction of the life stolen from her by the Royal Navy’s betrayal. Gareth’s marriage didn’t survive the loss of his little girl. Since then, he’s thrown all his dedication into military life and training his psychic powers. Dating hasn’t entered the equation, unless one counts the redheaded spitfire he games with online. When Evie finally invites Gareth to meet her in person at the galaxy’s best entertainment hub, the offer seems too good to be true—because it is. Humanity’s biggest threat has their eye on the space station, and they’ll be in for the fight of their lives.","https://images-na.ssl-images-amazon.com/images/S/compressed.photo.goodreads.com/books/1533513903i/41053676.jpg","local","upload\Vivienne Savage\Gareth_-_Vivienne_Savage.epub","0","0","0.00","0","0","1"
"41058529","1","1","16643651,8189847","Free","DIVIDE: A Legends of Arestina Prequel Novella","The Divide will rise...Where once there was peace, now there was only bloodshed. Lines are drawn and friends turn to bitter enemies as a new age an age of division and hate. But as the Divide rises to forever separate the two fairy races, nothing can prepare the isle of Arestina for the darkness that will fall upon it, or the King that will rise from the shadows...DIVIDE is a five thousand word prequel short story to the Fairy Shifter Legends of Arestina series. It can be read as a stand alone book or as a precursor to Wings of Caligo, book one in the series.Wings of Caligo My life is a lie...Imagine being born into a secret so important that entire kingdoms could come crumbling down and evil would reign if you told the truth. I may be a lumina fairy, but no one can know my my true nature. I have to hide who I am every day of my life, even from the man I love. And worst of all, he’s supposed to be my enemy. Obscura faeries, lumina fairies; who am I supposed to be loyal to? My country or my heart? Danger is hiding at every corner and old adversaries threaten to tear everything I hold dear to pieces. It’s either truth or Dare, and my choice could devastate us all...Wings of Caligo, book one in the Legends of Arestina Trilogy, is an action packed adventure filled with twists and turns that will keep the reader on the edge of their seat. Between black magic curses, wolf shifters, sword fights, and a romance that will endure until the end of time, readers will be transported to the Bermuda Triangle for a fairy tale twist that they will never forget.Wings of Caligo touches on real life issues such as bullying, bigotry, racial boundaries, poaching, and human trafficking. Parental discretion is suggested for readers under the age of thirteen due to topics of sensitive nature.Ten percent of all proceeds from the book will be donated to Agape International Missions, a ministry dedicated to ending human trafficking.Also by science fiction and fantasy author Maggie Lynn War MachineSlave to WarStill DeathCursedAnd more...","https://images-na.ssl-images-amazon.com/images/S/compressed.photo.goodreads.com/books/1533573651i/41058529.jpg","local","uploads/Maggie Lynn Heron-Heidel/Divide_-_Maggie_Lynn_Heron-Heidel.epub","0","0","0.00","0","0","1"
"41064227","1","12","9291","Free","Redemption","Detective Amos Decker discovers that a mistake he made as a rookie detective may have led to deadly consequences in the latest Memory Man thriller in David Baldacci's #1 New York Times bestselling series.Amos Decker and his FBI partner Alex Jamison are visiting his hometown of Burlington, Ohio, when he's approached by an unfamiliar man. But he instantly recognizes the man's name: Meryl Hawkins. He's the first person Decker ever arrested for murder back when he was a young detective. Though a dozen years in prison have left Hawkins unrecognizably aged and terminally ill, one thing hasn't changed: He maintains he never committed the murders. Could it be possible that Decker made a mistake all those years ago? As he starts digging into the old case, Decker finds a startling connection to a new crime that he may be able to prevent, if only he can put the pieces together quickly enough...","https://images-na.ssl-images-amazon.com/images/S/compressed.photo.goodreads.com/books/1547315369i/41064227.jpg","local","upload\David Baldacci\Redemption_-_David_Baldacci_1.epub","0","0","0.00","0","0","1"
"41068897","1","17","17432248","Free","Love Spells Trouble","Love-sick spirits from the beyond. Dead romances resurrected. This spells trouble.As a psychic medium, bringing peace to restless spirits is Nora Ashcroft's specialty, and she thought she was getting the hang of it. But when two ghosts that were supposed to be resting in peace pay her a late-night visit, she realizes how much she has left to learn. Unfortunately, the more answers the dead provide, the more troubling their return becomes ...As unlikely romances start popping up across Eastwind, are the Winds of Change to blame or something more sinister? And could it have anything to do with the new genie in town?If Nora can't make sense of the tangled web of events soon, hearts (and noses) will be broken...","https://images-na.ssl-images-amazon.com/images/S/compressed.photo.goodreads.com/books/1533696662i/41068897.jpg","local","upload\Nova Nelson\Love_Spells_Trouble_-_Nova_Nelson.epub","0","0","0.00","0","0","1"
"41076183","1","25","6860531","Free","A Camp of Savages","
""Whatever it takes...""
Return to the race against time in A Camp of Savages,  Book 5 of Season 8!Order now.*Beware of spoilers in the reviews below that are without spoiler alerts*","https://images-na.ssl-images-amazon.com/images/S/compressed.photo.goodreads.com/books/1533787894i/41076183.jpg","local","upload\Bella Forrest\A_Camp_of_Savages_-_Bella_Forrest.epub","0","0","0.00","0","0","1"
"41079109","1","25","6860531","Free","A Jungle of Rogues","Pressed for time and desperate for a solution to avoid a most literal end of the world, the Shadians must get smarter, fast. Their opponent is unlike any they have ever faced before, and will stop at nothing until the universe, and every creature inhabiting it, succumbs to his devastating regime. GASP needs help from wherever they can possibly find it-even if it means forging alliances with creatures who cannot fully be trusted...Return to the heart-racing adventure.Buy now!*Beware of spoilers in the reviews below that are without spoiler alerts*","https://images-na.ssl-images-amazon.com/images/S/compressed.photo.goodreads.com/books/1533831319i/41079109.jpg","local","upload\Bella Forrest\A_Jungle_of_Rogues_-_Bella_Forrest.epub","0","0","0.00","0","0","1"
"41080630","1","1","18107775","Free","Alex's Quest","To get home, she must save a strange world with a ""gift"" she hates. 10 quests. If one fails, all fail. And one will never return. ... Now it's Alex's turn.  Alex Benton is an exile at Gray Cliffs Academy. Sent there for her senior year, where she knows absolutely nobody, all because of a little, uh, incident with her stupid “gift.” Some gift. Inherited from her mother, who died before she could give Alex a clue on how to deal with this water thing hanging over her like … yeah, go ahead, say it. Like a dark cloud.  Until the day ten students are called to the Gray Cliffs headmaster’s office and then, boom! she awakens in a scorched landscape and discovers she’s in a place called Togwotee.  That information is courtesy of her rescuers, a guy named Kel and a girl named Ria, who call themselves Nines. Very reluctant rescuer when it comes to Ria. In fact, Ria accuses her of being a spy for the enemy Tens. But Kel is not reluctant, not at all.  As Alex fights to survive (suspected of being an enemy spy, remember?) this odd world, she must learn her own magic to try to save the Nines, and especially Kel. But will she ever get home? Because the key to that is thorny Ria.  Finding Magic Series:  Book 1 Melissa's Quest Book 2 Reese's Quest Book 3 Jasper's Quest Book 4 Elijah's Quest Book 5 Dylan's Quest Book 6 Natashas's Quest Book 7 Piper's Quest Book 8 Rebecca's Quest Book 9 Alex's Quest Book 10 Annalise's Quest","https://images-na.ssl-images-amazon.com/images/S/compressed.photo.goodreads.com/books/1533846010i/41080630.jpg","local","upload\Blair Drake\Alex_s_Quest_-_Blair_Drake.epub","0","0","0.00","0","0","1"
"41085138","1","1","8247490,6446003","Free","A Twist of Fate","A Lion, a Witch, and a War  Tia Ayininruhu, hates everything she has become. She’s nothing more than a tool for Task Force Omega and their greedy plans to rule the galaxy. She’s ready to end it all but can’t when the shining soul of her lion-shifter true mate brings a new light and purpose into her life. But, he’s too late for her to escape her fate.  Fedelis is the Star Rangers deadliest weapon and he’s been sent to take out the only thing standing between good and evil. Except the Fates have played another cruel trick on him. The witch he must destroy to save Earth and the rest of the souls in the galaxy is his one true mate.  He knows the only choice is to destroy her soul and his own in the process if he wants to save everyone else’s.  Save the Geek Girl, or Save the Galaxy   Another bewitching tale from Magic, New Mexico. ","https://images-na.ssl-images-amazon.com/images/S/compressed.photo.goodreads.com/books/1533865534i/41085138.jpg","local","upload\Aidy Award\A_Twist_of_Fate_-_Aidy_Award.epub","0","0","0.00","0","0","1"
"41085328","1","32","240840","Free","Imprisoned","A Girl dressed as a Boy enters a Triple Max Prison full of savage predators to save her brother.A Kindred Warrior trying to protect what he thinks is an innocent boy. Cue the Confusion.Lady Arianna Blackthorn is a woman on a mission--she intends to rescue her brother, Jak, from the infamous BleakHall prison. BleakHall is a Triple Max Penitentiary where only the worst of the worst are sent--a males-only facility where not even female prison guards are allowed. So how can Ari infiltrate this fortress? With the use of a holo-projector that makes her look male (the important parts anyway.) She's determined to get in and she has a foolproof plan for getting both herself and Jak out...or so she thinks.Commander Lathe is a Blood Kindred who lost his younger brother to the horrors of BleakHall. He is on a mission to go undercover and collect evidence against the cruel and ruthless prison guards who run it and the Yonnite Mistresses who own it. He also has a plan to get out but it's going to take some time and while he's waiting, a strange new inmate comes to BleakHall--a boy called Ari.Ari is in over her head from the minute she steps through the prison gates. She is immediately singled out by Tapper, BleakHall's most ruthless sexual predator, as his next conquest. Only Lathe's timely intervention saves her from a fate worse than death...and death itself. Lathe moves Ari into his cell to keep her safe but he has no idea she is really a female and Ari doesn't dare to tell him. Can Ari keep her secret from the big Kindred? Can Lathe sort through his confusing feelings for the ""boy"" he has taken under his wing?You'll have to read this Gender Bender, Hot Alien Warrior Romance, Imprisoned, to find out...Author's Spice Note--OMG--I LOVE writing this trope! The heroine is a girl dressed as a boy and the hero falls for her, even though he thinks she's male and he's straight. Lathe keeps wondering why he can't stop thinking about Ari and wanting to touch him. (Spoiler--he totally touches Ari and things get really spicy.) I hope you enjoy reading this as much as I enjoyed writing it! The Brides of the Kindred series has 26 books with more on the way!ClaimedHuntedSoughtFoundRevealedPursuedExiledShadowedChainedDividedDevouredEnhancedCursedEnslavedTargetedForgottenSwitchedUnchartedUnboundSurrenderedVanishedImprisonedTwistedDeceivedStolen Committed ","https://images-na.ssl-images-amazon.com/images/S/compressed.photo.goodreads.com/books/1533866616i/41085328.jpg","local","upload\Evangeline Anderson\Imprisoned_-_Evangeline_Anderson.epub","0","0","0.00","0","0","1"
"41085950","1","5","1228627","Free","Viking's Valor","An ancient vendetta ignites a turbulent love triangle. Will she choose the Viking who loves her? Or will she choose the enemy? Cursed by her dragon ancestor, Sage is at the root of a burgeoning prophecy that threatens her sisters. The only way to protect them is to leave Winter Harbor, Maine, and travel back in time to tenth century Scandinavia. To travel back to Håkon and Leif, the men she left behind. Two warriors pitted against each other to win her over so they might strengthen their position in an ongoing war. Yet when she arrives, she's captured by someone else entirely. Set to annihilate his nemesis before he wreaks havoc and claims Sage as his own, Viking Håkon Sigdir pursues Leif. Until Sage is taken by Magnus of the Årud tribe. It then becomes a race to see who can save her first from the enemy's rogue ally. A race that turns into a battle of wills as their rivalry for Sage intensifies. Sparks fly as an age-old vendetta ignites a love triangle that threatens not just the fate of Håkon's people but his very heart. Will Sage ultimately choose him or Leif? Will she see past the dark enchantment affiliated with her ancestor's prophecy and realize who is destined for her? Better yet, will she see clearly the evil imposter? Because if she falls for Leif's mock heroism rather than Håkon's genuine valor, the war will be lost. HEAT LEVEL: Sizzling Hot. Recommended for a Mature Audience.","https://images-na.ssl-images-amazon.com/images/S/compressed.photo.goodreads.com/books/1533875559i/41085950.jpg","local","upload\Sky Purington\Viking's_Valor_-_Sky_Purington.epub","0","0","0.00","0","0","1"
"41116824","1","17","5174763","Free","Music and Misadventure","“Fun” for all the family... I haven't heard from my mother in six years — which is why I was surprised to receive a summons from her. The peremptory kind. With nothing but a set of map co-ordinates to guide me, what exactly was I to expect? The short answer? Trouble, for Mother Dearest is in rather a lot of it. And like daughter, like mother, for there’s a shiny artefact in the offing, and only a few gigantic lindworms in the way. Who isn’t up for a minor little challenge like that? It's off to Faerie with us, for the artefact in question was once the property of the legendary King Evelaern; and who doesn't love a nice bit of ancient royal treasure? Only as it turns out, the declining kingdom of the Yllanfalen may hold some unexpected truths about my past...","https://images-na.ssl-images-amazon.com/images/S/compressed.photo.goodreads.com/books/1534000613i/41116824.jpg","local","upload\Charlotte E. English\Music_and_Misadventure_-_Charlotte_E._English.epub","0","0","0.00","0","0","1"
"41123059","1","45","17384633","Free","The Devil to Pay","When it comes to talented new recruits at the Federal Underworld Agency, Nora Jacobs is only half the story… The Devil to Pay is the first book in Jackie May’s companion series to Nora Jacobs, set in the same urban fantasy Detroit, sharing several supporting characters (hello, Nick Gorgeous), but with a new main character, Shayne Davies. This series can be enjoyed on its own, but readers of the Nora Jacobs books will be more familiar with the world and its characters. As a fox shifter, Shayne Davies gets no respect in an underworld run by the fearsome and powerful—werewolves and vampires, sorcerers, demons, and mythical faerie creatures. Even at home, Shayne is still treated like the brat of the pack. Her mom constantly nags; her intended (but unwanted) mate ensures plenty of awkward silences, and Shayne is even expected to act submissive to the pack’s future alpha…a six year old. Yeah. Time for Plan B. All Shayne wants is to prove that she’s got what it takes to run with the big dogs, which is why she is constantly hounding Nick Gorgeous to make her an agent at the “Double D”, the Detroit Division of the FUA. That’s an easy “No” for Gorgeous, who keeps a strict “No Shayne Davies” policy. Well, never say never. When mysterious underworld criminals steal a load of bomb materials, the FUA picks up a messy case nobody wants to touch. It’s bad enough that a demon horde is involved, but now the annoying FBI has sent out an agent to babysit the investigation. To make matters worse, the notoriously uncooperative master vampire Henry Stadther has control over what may be the only key to breaking the a handsome human detective. The whole thing’s a hopeless disaster. So guess what, Shayne? You’re hired!","https://images-na.ssl-images-amazon.com/images/S/compressed.photo.goodreads.com/books/1535633352i/41123059.jpg","local","upload\Jackie May\The_Devil_to_Pay_-_Jackie_May.epub","0","0","0.00","0","0","1"
"41135377","1","5","5146788","Free","Zodiac Dragon Boxset: Books 1-9"," This box set includes book 1-9 of the Zodiac Dragon Guardian Series.   Dragons Wolves, Mages. Journey with the Zodiac Dragon family and as they find loss, heartache and love.  Almost 2,000 pages of heart-pounding, edge of your seat action filled with love, betrayal, murder and a fight for survival like you've never read before.  Thousands of copies sold. MILLIONS of pages read. Join the growing fan base for this series. Now, for a limited time, save over 50% compared to buying the individual books by grabbing this special bundle deal!   Included in this boxset is:  Taurus Aquarius Cancer A Roaring Fire Aries Alpha Virgo Sagittarius And Ace.  ★★★★★ - Couldn't read this fast enough I LOVE this series, it has just grabbed hold of me and I have read books 1 - 8 I a little over a week. Each book explains more of how and when it all started. Ghost and Ace story was also more of Alpha and X. There is war and these men and shifters are going to fight it to the end! Chris Simpson, Amazon Reviewer.  ★★★★★ - Another hit!!! Kim Faulks is a master! I was reading late at night and losing sleep to find out what happens. Michael and Doc Angel are captivating in their search for a missing dragon and find each other on the way. I cried and smiled and felt the anger they felt. I can't wait for the next book! I am a forever fan of Ms. Faulks now! A must-read series!!! Scifimom, Amazon Reviewer.  ★★★★★ - Kim Is a REMARKABLE author! These stories have captured me in a beautiful way. I cannot finish a book without immediately going to her Facebook page and asking when I'll get the next. Lol If you're searching reviews to decide if this story is for you, you're wasting time. Just buy the books and love each word as I do. I only hope that this series has no end. It's amazing!!! Jennifer Summitt, Amazon Reviewer.","https://images-na.ssl-images-amazon.com/images/S/compressed.photo.goodreads.com/books/1534174462i/41135377.jpg","local","upload\Kim Faulks\Zodiac_Dragon_Boxset__Books_1-9_-_Kim_Faulks.epub","0","0","0.00","0","0","1"
"41135555","1","1","6576718","Free","Resurrection"," Death can’t hold him down…   Erik Ashendale is back and ready to pick up where he left off. But things can get tough when you’re a ghost trying to reclaim your life back.  Brought back to Earth thanks to a forbidden spell, Erik is thrust into a world he barely recognizes anymore. In his absence, everyone he thought he once knew has changed, and not all for the better.  Meanwhile, his old nemesis, Alan Greede, is hatching a plot to resurrect the most dangerous demon to ever exist, and literally bring Hell on Earth…","https://images-na.ssl-images-amazon.com/images/S/compressed.photo.goodreads.com/books/1534175824i/41135555.jpg","local","upload\Ryan Attard\Resurrection_-_Ryan_Attard.epub","0","0","0.00","0","0","1"
"41137281","1","45","5181752","Free","Blackout","***USA TODAY BESTSELLER***The fate of millions rests on Keystone when they embark on their most important assignment of all…After what was supposed to be a simple job, Raven and Christian uncover a sinister plot against the higher authority, and the stakes are as high as the body count. The assassins are merciless, with anyone who stands in their way becoming collateral damage. Meanwhile, Raven is still struggling to make sense of her feelings for Christian following a memory wipe.During a blackout, the city erupts into chaos. With Breed on the brink of war, Keystone has only twenty-four hours to complete a secret mission. Raven seeks help from the most unlikely of places, but at what cost?It’s a race against time to save lives in this explosive installment of the Crossbreed series.","https://images-na.ssl-images-amazon.com/images/S/compressed.photo.goodreads.com/books/1534190900i/41137281.jpg","local","upload\Dannika Dark\Blackout_-_Dannika_Dark.epub","0","0","0.00","0","0","1"
"41138424","1","34","179578","Free","The Guest Book","A novel about past mistakes and betrayals that ripple throughout generations, The Guest Book examines not just a privileged American family, but a privileged America. It is a literary triumph.The Guest Book follows three generations of a powerful American family, a family that “used to run the world.”And when the novel begins in 1935, they still do. Kitty and Ogden Milton appear to have everything—perfect children, good looks, a love everyone envies. But after a tragedy befalls them, Ogden tries to bring Kitty back to life by purchasing an island in Maine. That island, and its house, come to define and burnish the Milton family, year after year after year. And it is there that Kitty issues a refusal that will haunt her till the day she dies.In 1959 a young Jewish man, Len Levy, will get a job in Ogden’s bank and earn the admiration of Ogden and one of his daughters, but the scorn of everyone else. Len’s best friend, Reg Pauling, has always been the only black man in the room—at Harvard, at work, and finally at the Miltons’ island in Maine.An island that, at the dawn of the twenty-first century, this last generation doesn’t have the money to keep. When Kitty’s granddaughter hears that she and her cousins might be forced to sell it, and when her husband brings back disturbing evidence about her grandfather’s past, she realizes she is on the verge of finally understanding the silences that seemed to hover just below the surface of her family all her life.An ambitious novel that weaves the American past with its present, The Guest Book looks at the racism and power that has been systemically embedded in the U.S. for generations.","https://images-na.ssl-images-amazon.com/images/S/compressed.photo.goodreads.com/books/1538159371i/41138424.jpg","local","upload\Sarah Blake\The_Guest_Book.epub","0","0","0.00","0","0","1"
"41138498","1","1","8326583","Free","Tangled Web","The crunch of leaves filled the air, but nobody moves near his or her windows to investigate. Cries for help erupted, murmurs and moans, a cackling laugh, knocks at doors, and yet no one answers. Screams sound in the night and still, the houses remained stoic...all except the Preston home.  Annabelle Preston only wanted to fall in love, marry, and continue her family's line of vampire hunters. When her heart is shattered, she never expects to be able to put those pieces back together.  Liam Cortland wanted a life with Annabelle, but he wanted that life with no expiration date. Unfortunately for him, he never let her know. So when he's not standing at the alter the day of their wedding, Annabelle moves on without him.  Emerick Bellator spends his eternity searching for the reborn soul of his brother, Massimo. When he stumbles across a hunter with the same emerald green eyes as his own, he knows he has found his mate.  When Liam comes back to town, Annabelle realizes she knows the story of why he'd abandoned her. The red in his eyes is the last thing she will ever see, just as the movement of Emerick's child in her womb is the last thing she will ever feel.  ","https://images-na.ssl-images-amazon.com/images/S/compressed.photo.goodreads.com/books/1534203284i/41138498.jpg","local","uploads/S. L. Perrine/Tangled_Web_-_S._L._Perrine.epub","0","0","0.00","0","0","1"
"41138884","1","17","5190768","Free","Blood Lust","
AN UNSTOPPABLE WARRIOR. A FATAL QUEST FOR REVENGE.
In an unknown tavern in the kingdom of Dorsea, a young noble girl named Sun meets an old man: Albern, of the family Telfer, once the dearest friend of Mag. Mag. The Uncut Lady. The Wanderer. Stories of her skill are known throughout all the nine kingdoms. But few know how her tale ended—and even fewer know how it began.  Albern begins his tale. Stripped of everything she loved—her town, her home, and her husband—Mag sets off into the Greatrock mountains seeking revenge. Albern accompanies her, his only hope to keep her alive as long as he can. But the Shades are not the only things lurking in the mountains. An ancient creature of unspeakable evil awaits them—and even the strength of The Wanderer may not be enough.","https://images-na.ssl-images-amazon.com/images/S/compressed.photo.goodreads.com/books/1534207143i/41138884.jpg","local","upload\Garrett Robinson\Blood_Lust_(Tales_of_the_Wander_-_Garrett_Robinson.epub","0","0","0.00","0","0","1"
"41139345","1","5","8571054","Free","A Ghostly Ride in Gulfport","Far scarier things than clowns roam this deserted Gulfport amusement part.A desperate property owner contacts Midas, the leader of Gulf Coast Paranormal, in hopes of getting to the bottom of recent paranormal activity. Phantom music, the apparition of a child, floating orbs and disembodied growls plague the grounds, and the team is eager to investigate.Cassidy puts her skills to work in an attempt to uncover the identity of a violent entity. Sierra faces her fears in the funhouse while Midas and Bruce explore the carousel--but they're not alone. Aaron and Jocelyn capture amazing evidence of the supernatural in an unexpected place, but the investigation won't end well for one team member.A Ghostly Ride in Gulfport is Book Ten in the Gulf Coast Paranormal series. Step into the ghostly world of M.L. Bullock.","https://images-na.ssl-images-amazon.com/images/S/compressed.photo.goodreads.com/books/1534213007i/41139345.jpg","local","upload\M.L. Bullock\A_Ghostly_Ride_in_Gulfport_-_M._L._Bullock.epub","0","0","0.00","0","0","1"
"41146472","1","16","3464665","Free","Cursed","Oskar Quigley knows exactly when and how he’ll die.  Living with a death curse isn’t easy, but after generations of research handed down to him he thinks he knows how to defeat the Thomas, his great uncle and a witch gone bad who caused the problem. There’s just one thing he never accounted for: another victim.  Mylla has been Thomas’s servant for as long as she can remember, but her memories can’t be trusted. The marks on her wall add up to decades, and her diary is a muddled collection of rambling. When Oskar arrives to tend the gardens she needs to warn him that bad things happen, difficult when she can only talk on Thomas’ command. But she doesn’t need to talk to steal a few moments for herself in Oskar’s bed as she tries to convince him that magic is real.  With time running out and Thomas’s suspicions growing, Oskar is forced to act. But if living with a death curse is hard, learning to live is even harder. ","https://images-na.ssl-images-amazon.com/images/S/compressed.photo.goodreads.com/books/1534298263i/41146472.jpg","local","upload\Shona Husk\Cursed_-_Shona_Husk.epub","0","0","0.00","0","0","1"
"41146668","1","17","16324115","Free","Queen of Ice","Ruethwyn hadn’t expected to risk death while attending the most renowned mage academy in the kingdom, but after surviving a dragon’s attack, she hadn’t been willing to back down. Though she’d nearly died due to her efforts, Ruethwyn managed to protect the lives of her friends and earn the grudging respect of some of her opponents.  With most danger out of the way, Ruethwyn finds herself free to focus on finishing out the school year, and for the task beyond that. Having learned of a faint possibility to remove the curse preventing her missing arm and eye from being regenerated, Ruethwyn looks to the frozen, deadly fey lands of the Frostglades to the north. There, she hopes to find not only the way to restore her body, but also to find allies who might aid her in recovering the other survivors of Mellesyn from Resvarygrath’s draconic grasp.  Fortunately for her, Ruethwyn never believed that her quest would be easy. Her only fear is that the enigmatic dark elf who saved her life will find Ruethwyn unworthy and choose to end her journey before it truly begins.","https://images-na.ssl-images-amazon.com/images/S/compressed.photo.goodreads.com/books/1534300901i/41146668.jpg","local","upload\Benjamin Medrano\Queen_of_Ice_-_Benjamin_Medrano.epub","0","0","0.00","0","0","1"
"41147263","1","17","8167514","Free","Dragon Crown","In order to embrace her true nature, a young Dragon Rider must accept who she is—and where she came from.  Lila knows her people’s way of life is dying, but trying to get Raiders to become Dragon Mercenaries is no easy task. Although the world around them is changing, many among the Raiders still cling to the old ways of piracy. When a desperate message arrives from the West Witches, Lila and her new friend, the eccentric, unseasoned magician Danu, must risk a mission to the island of Sebol to learn what they can of the new danger they face, a threat that menaces all the Western Isles.  To face it, Lila must leave her Raider past behind and become the leader Danu knows she was born to be. Knowing the crown of Roskilde holds the key to her destiny, and perhaps the key to defeating the deadly threat that is upon them, Lila must seize it. But to do so, Raiders and dragons will have to learn to trust each other—and Lila—as she leads the charge. Can Lila let go of fear and doubt and face the future, or will the only life she’s known be destroyed?","https://images-na.ssl-images-amazon.com/images/S/compressed.photo.goodreads.com/books/1534309582i/41147263.jpg","local","upload\Ava Richardson\Dragon_Crown_(Sea_Dragons_Trilo_-_Ava_Richardson.epub","0","0","0.00","0","0","1"
"41160896","1","50","4043","Free","On Leopard Rock","The first ever memoir from the Number One global bestselling adventure authorWilbur Smith has lived an incredible life of adventure, and now he shares the extraordinary true stories that have inspired his fiction. I've been writing novels for over fifty years. I was lucky enough to miss the big wars and not get shot, but lucky enough to grow up among the heroes who had served in them and learn from their example. I have lucked into things continuously. I have done things which have seemed appalling at the time,disastrous even, but out of them have come another story or a deeper knowledge of human character and the ability to express myself better on paper, write books which people enjoy reading. Along the way, I have lived a life that I could never have imagined. I have been privileged to meet people from all corners of the globe, I have been wherever my heart has desired and in the process my books have taken readers to many, many places. I always say I've started wars, I've burned down cities, and I've killed hundreds of thousands of people - but only in my imagination! From being attacked by lions to close encounters with deadly reef sharks, from getting lost in the African bush without water to crawling the precarious tunnels of gold mines, from marlin fishing with Lee Marvin to near death from crash-landing a Cessna airplane, from brutal schooldays to redemption through writing and falling in love, Wilbur Smith tells us the intimate stories of his life that have been the raw material for his fiction. Always candid, sometimes hilarious, and never less than thrillingly entertaining, On Leopard Rock is testament to a writer whose life is as rich and eventful as his novels are compellingly unputdownable.","https://images-na.ssl-images-amazon.com/images/S/compressed.photo.goodreads.com/books/1534660708i/41160896.jpg","local","upload\Wilbur Smith\Wilbur_Smith_-_On_Leopard_Rock__A_Life_of_Adventures-Zaffre_(2018).epub","0","0","0.00","0","0","1"
"41187016","1","17","38569,48227727","Free","Witcher Series 6 Books Set Collection","Alternate cover edition for ISBN 912359795X / 9789123597956For previous cover edition see hereWitcher Series Andrzej Sapkowski Collection 6 Books Bundle includes titles in this collection :- The Tower of the Swallow, Time of Contempt, Blood of Elves, Baptism of Fire, The Last Wish, Sword of Destiny. Description:- The Tower of the Swallow The world has fallen into war. Ciri, the child of prophecy, has vanished. Hunted by friends and foes alike, she has taken on the guise of a petty bandit and lives free for the first time in her life. Time of Contempt Geralt the Witcher has fought monsters and demons across the land, but even he may not be prepared for what is happening to his world. Blood of Elves For more than a hundred years, humans, dwarves, gnomes and elves lived together in relative peace. But times have changed, the uneasy peace is over and now the races once again fight each other - and themselves: dwarves are killing their kinsmen, and elves are murdering humans and elves, at least those elves who are friendly to humans ... Baptism of Fire The Wizards Guild has been shattered by a coup and, in the uproar, Geralt was seriously injured. The Witcher is supposed to be a guardian of the innocent, a protector of those in need, a defender against powerful and dangerous monsters that prey on men in dark times. The Last Wish This book is a sheer delight. It is beautifully written, full of vitality and endlessly inventive: its format, with half a dozen episodes and intervening rest periods for both the hero and the reader, allows for a huge range of characters, scenarios and action. Sword of Destiny Geralt is a witcher, a man whose magic powers, enhanced by long training and a mysterious elixir, have made him a brilliant fighter and a merciless assassin.","https://images-na.ssl-images-amazon.com/images/S/compressed.photo.goodreads.com/books/1534455086i/41187016.jpg","local","upload\Andrzej Sapkowski\The_Witcher_Saga_[06]_-_The_Swa_-_Andrzej_Sapkowski.epub","0","0","0.00","0","0","1"
"41191075","1","1","18107775","Free","Annalise's Quest","Wrong time, wrong place, now a future she'd never imagined... 10 quests. If one fails, all fail. And one will never return. ... Will it be Annalise?  Angry at being forced to attend Gray Cliff Academy, Annalise has struggled to fit in. She sneaks onto the roof to skip a class but gets caught up in a magical event she’s not entitled to attend. Tossed into the ‘between’ for those that have done wrong, she soon realizes she’s not alone…  Only the longer she’s stuck there, the harder it is to find a way out… but for every wrong deed there’s a right one… if she can figure it out in time…  Finding Magic Series:  Book 1 Melissa's Quest Book 2 Reese's Quest Book 3 Jasper's Quest Book 4 Elijah's Quest Book 5 Dylan's Quest Book 6 Natashas's Quest Book 7 Piper's Quest Book 8 Rebecca's Quest Book 9 Alex's Quest Book 10 Annalise's Quest","https://images-na.ssl-images-amazon.com/images/S/compressed.photo.goodreads.com/books/1534483660i/41191075.jpg","local","upload\Blair Drake\Annalise_s_Quest_-_Blair_Drake.epub","0","0","0.00","0","0","1"
"41210203","1","17","4863270","Free","A Reign of Thieves","Brace yourselves for book 7 in the beloved Kingmakers' War series!  In the north, Briand struggles to hold her ground as thief-queen against slavers and other threats in the wretched city of Gillspin. Meanwhile, her reputation grows as more and more misfits and orphans flock to join her alter ego, the Scarlet Blade.  Kael of Estria, Monarchist spy and now the captain of Prince Jehn's royal guard, must rescue the Monarchist refugees from Cahan's army.  Prince Jehn is locked in a battle of wits with the queen of Nyr, his wife in name only, whom he is secretly in love with. The queen, sometimes an ally and sometimes an enemy with her own agenda, has secrets that Jehn cannot decipher. As they battle for dominance in the Nyrian court, the consequences might prove deadly.  Loyalties will be tested. Love will be questioned. Secrets will be revealed. Hearts will be broken.","https://images-na.ssl-images-amazon.com/images/S/compressed.photo.goodreads.com/books/1534545761i/41210203.jpg","local","upload\Kate Avery Ellison\A_Reign_of_Thieves_-_Kate_Avery_Ellison.epub","0","0","0.00","0","0","1"
"41216455","1","37","9786375","Free","Wicked Haunts","Ivy Morgan is a woman on the edge … and it’s becoming more and more apparent that she is – in fact – a witch. With each new ability that sprouts up, Ivy is becoming more and more worried about what’s to come. Things only become more and more convoluted when Ivy and her fiancé Jack Harker trip (almost literally) over a missing person’s case while out hiking. When a mysterious purse shows up at a ramshackle home from an era past, they follow a young woman’s trail to her mother’s house … and find a dead body.Janice Green was a nice woman with a grown daughter who survived the embarrassment of her husband leaving her for her best friend years before. Janice’s death leaves more questions than answers, and the race is on to find her missing daughter.Ivy has her hands full when visions start popping into her head and she keeps catching sight of a woman who has no business hanging around Shadow Lake. Even though she’s afraid of what’s happening, Ivy is determined to get a handle on things … even if only because a young woman’s life hangs in the balance. Shadow Lake is a small town and some of the residents have big secrets. It’s a race against time to find a dead woman’s daughter and Ivy and Jack are going to have to work together if they plan to find the answers they so desperately need.Magic and might are about to mix, and the outcome is bound to be explosive.","https://images-na.ssl-images-amazon.com/images/S/compressed.photo.goodreads.com/books/1534617372i/41216455.jpg","local","upload\Lily Harper Hart\Wicked_Haunts_-_Lily_Harper_Hart.epub","0","0","0.00","0","0","1"
"41217405","1","9","49378","Free","The Italian Demands His Heirs","A night in the Italian’s bed…Now she’s pregnant with his babies!To counter a media scandal, billionaire Raffaele di Mancini must marry fiery Vivi Mardas. But when she rejects his convenient proposal, he’s stunned. How can she deny their searing chemistry? Determined to convince Vivi to be his temporary bride, Raffaele’s not above using one night of seduction! But when Vivi discovers she’s carrying his twins, Raffaele demands she meet him down the aisle—for real!Lose yourself in this passionate marriage of convenience!","https://images-na.ssl-images-amazon.com/images/S/compressed.photo.goodreads.com/books/1546372272i/41217405.jpg","local","upload\Lynne Graham\The_Italian_Demands_His_Heirs_-_Lynne_Graham.epub","0","0","0.00","0","0","1"
"41387405","1","5","812657","Free","A Passage of Time"," How can you save the future, when someone's slowly unraveling your past?   Rae Kerrigan and her friends have found themselves in trouble before, but never quite like this.  When a split second mistake jumps the gang back in time, they make it their sole mission to get home again. But manipulating the space-time continuum is easier said than done. And not everyone in seventeenth century London is quite so eager to let them escape.  Trapped in the 1600's with no way to get home, they find themselves teaming up with the most unlikely of allies. Old enemies prowl about in the shadows, but new heroes come forth to fight. Rae and the others are sworn to set things right, but a mysterious stranger might run them off course once and for all.  Can they make it back to their own time? Can they undo the damage they've already done? Most importantly…is it ever too late to turn back time?  ","https://images-na.ssl-images-amazon.com/images/S/compressed.photo.goodreads.com/books/1534853852i/41387405.jpg","local","upload\W.J. May\A_Passage_of_Time_-_W._J._May.epub","0","0","0.00","0","0","1"
"41398127","1","4","16439934","Free","Once More We Saw Stars: A Memoir","Two-year-old Greta Greene was sitting with her grandmother on a park bench on the Upper West Side of Manhattan when a brick crumbled from a windowsill overhead, striking her unconscious. She is immediately rushed to the hospital. Once More We Saw Stars begins with this event, leading the reader into the unimaginable.But although it begins with the anguish Jayson and his wife Stacy confront in the wake of their daughter’s trauma and the hours leading up to her death, it quickly becomes a narrative that is as much about hope and healing as it is about grief and loss. Jayson recognizes, even in the very midst of his ordeal, that there will be a life for him beyond it—that if only he can continue moving forward, from one moment to the next, he will survive what seems un-survivable.With raw honesty, deep emotion, and exquisite tenderness, he captures both the fragility of life and absoluteness of death, and most important of all, the unconquerable power of love. This is an unforgettable memoir of courage and transformation—and a book that will change the way you look at the world.","https://images-na.ssl-images-amazon.com/images/S/compressed.photo.goodreads.com/books/1552504398i/41398127.jpg","local","upload\Jayson Greene\Once_More_We_Saw_Stars.epub","0","0","0.00","0","0","1"
"41398739","1","17","7074943","Free","Blade Breaker","The fate of the world rests on a blade's edge.Fighting beside her band of unlikely companions, Corayne is learning to embrace her ancient lineage and wield her father's powerful sword.But while she successfully closed one of the Spindles, her journey is far from over.Queen Erida's army marches across Allward with her consort, Taristan, right beside them, opening more portals into nightmarish worlds, razing kingdoms to the ground.Corayne has no choice but to assemble an army of her own if she's to save the realm as she knows it. But perilous lands await her and the companions, and they face assassins, otherworldly beasts, and tempestuous seas all as they rally a divided Ward to fight behind them.But Taristan has unleashed an evil far more wicked than his corpse armies. Something deadly waits in the shadows; something that might consume the world before there's any hope for victory.","https://images-na.ssl-images-amazon.com/images/S/compressed.photo.goodreads.com/books/1638915098i/41398739.jpg","local","upload\Victoria Aveyard\Blade_Breaker_-_Victoria_Aveyard.epub","0","0","0.00","0","0","1"
"41433284","1","4","2850","Free","Bitcoin Billionaires: A True Story of Genius, Betrayal, and Redemption","The fascinating story of brothers Tyler and Cameron Winklevoss's big bet on crypto-currency and its dazzling pay-off.Planning to start careers as venture capitalists, the brothers quickly discover that no one will take their money after their fight with Zuckerberg. While nursing their wounds in Ibiza, they accidentally run into an eccentric character who tells them about a brand-new idea: cryptocurrency. Immersing themselves in what is then an obscure and sometimes sinister world, they begin to realize “crypto” is, in their own words, ""either the next big thing or total bulls--t."" There’s nothing left to do but make a bet.From the Silk Road to the halls of the Securities and Exchange Commission, Bitcoin Billionaires will take us on a wild and surprising ride while illuminating a tantalizing economic future. On November 26, 2017, the Winklevoss brothers became the first bitcoin billionaires. Here’s the story of how they got there—as only Ben Mezrich could tell it.","https://images-na.ssl-images-amazon.com/images/S/compressed.photo.goodreads.com/books/1552506265i/41433284.jpg","local","upload\Ben Mezrich\Bitcoin_Billionaires.epub","0","0","0.00","0","0","1"
"41440996","1","1","7123176","Free","Surrender","Book 4 in The Deadwood Hunter Series, set 2 years after the end of Holocaust. Cured and returning to her own life, Alice remains damaged. Two years later, and in her mind, she's still there—caught in a war she had no place in. When her worst fear turns into reality, instead of seeking help, Alice heads down the road to self-destruction, running from all she's known and loved.As soon as lion shifter Jared meets Alice, he’s compelled to help her. What he doesn't realize is that he's as lost as she is. Their chance meeting leads them to a path of danger, love, and self-discovery. Blood will be spilled, friendships reborn, and buried emotions will be unearthed. Read this next installment of the Deadwood Hunter series and find out if life really can go on after war.","https://images-na.ssl-images-amazon.com/images/S/compressed.photo.goodreads.com/books/1540431920i/41440996.jpg","local","upload\Rachel M. Raithby\Surrender_-_Rachel_M._Raithby.epub","0","0","0.00","0","0","1"
"41441556","1","19","6468588","Free","A Deal Made in Texas","FOURTEEN-CARAT FORTUNEIt’s like a page ripped from her diary when Christine Briscoe finds herself dancing with Gavin Fortunado at his sister’s wedding. It’s like a scene from her dreams when the flirtatious attorney asks her to be his—pretend—girlfriend. But there is nothing make-believe about the sparks between the quiet office manager and the sexy Fortune scion. Considering Gavin’s reputation, she might be heading for heartbreak. Or maybe, just maybe, straight down the aisle!","https://images-na.ssl-images-amazon.com/images/S/compressed.photo.goodreads.com/books/1545798357i/41441556.jpg","local","upload\Michelle Major\A_Deal_Made_in_Texas_-_Michelle_Major.epub","0","0","0.00","0","0","1"
"41443866","1","1","8394539","Free","The Oath Keeper","Augustus, Armin, and Germanicus are dead, and Tiberius rules Rome. Maroboodus is a prisoner in Ravenna. Germania is in turmoil, but unconquered, and Rome’s eyes are turned elsewhere. Hraban’s son is safe with Hands.  Hraban, however, must brave Rome once more with the help of Gernot, his brother.  He is hunting for the killer of his wife, and he descends into the bloody underbelly of Rome, into the gladiatorial world where he seeks to finish his quest for vengeance. After that, he will serve Tiberius, and, if Tiberius agrees, he will travel back to his ancient home, and start his life over with what little remains of his years.  And yet, god Woden is laughing, for while seeking a fight with Ulrich, the man who put an arrow in Cassia’s back, on the edge of victory, Hraban discovers clues to the perfidy and madness of once-fair Tiberius.  He and his few allies must decide if they will undertake a perilous quest to save Rome and the few remaining kin of Drusus from a man who hates the city and the empire and who has gone dangerously unstable. A path of murders and deceit await Hraban, and odd allies must be made to outwit his dangerously clever and mad lord Tiberius and his many allies. Enemies must become friends if they would have any hope of success. ","https://images-na.ssl-images-amazon.com/images/S/compressed.photo.goodreads.com/books/1631706698i/41443866.jpg","local","upload\Alaric Longward\The_Oath_Keeper_-_Alaric_Longward.epub","0","0","0.00","0","0","1"
"41446956","1","17","3226226","Free","The Witch of Shadowmarsh","When the fate of the elves rests on the shoulders of an antisocial swamp witch, will a common enemy be enough to bring two disparate races together? The Empire rules with an iron fist. The Valeroot elves have barely managed to survive, but at least they’re not Arthali witches like Elmerah. Her people were exiled long ago. Just a child at the time, her only choice was to flee her homeland, or remain among those who’d betrayed their own kind. She was resigned to living out her solitary life in a swamp until pirates kidnap her and throw her in with their other captives, young women destined to be sold into slavery.With the help of an elven priestess, Elmerah teaches the pirates what happens to men who cross Arthali witches, but she’s too late to avoid docking near the Capital. While her only goal is to run far from the political intrigue taking place within, she finds herself pulled mercilessly into a plot to overthrow the Empire, and to save the elven races from meeting a bloody end.Elmerah will learn of a dark magical threat, and will have to face the thing she fears the duplicitous older sister she left behind, far from their home in Shadowmarsh.The Witch of Shadowmarsh is the first installment in the Moonstone Chronicles, an Epic Fantasy series suitable for all ages.","https://images-na.ssl-images-amazon.com/images/S/compressed.photo.goodreads.com/books/1535108781i/41446956.jpg","local","upload\Sara C. Roethle\The_Witch_of_Shadowmarsh_-_Sara_C._Roethle.epub","0","0","0.00","0","0","1"
"41447929","1","17","3441","Free","The Scribbly Man","From the internationally bestselling author of the Sword of Truth series comes a new Richard and Kahlan novella. ""They are the monsters under the bed when you are little, the shape just caught out of the corner of your eye when you thought you were alone, the shadow of something in a dark corner that surprises you and then isn't there. They stop you dead with a knot of unexpected terror in the pit of your stomach. We have all seen fleeting glimpses of them. Never long enough to see them as I saw them, but it was them. I recognized it the instant I saw it. ""We've all seen flashes of them, the dark shadow just out of sight. They could briefly terrify us before but never hurt us because they came from so far distant. They were never able to fully materialize in our world so we saw only transient glimpses of them, the shape of them if the light was just right, if the shadows were deep enough . . . if you were afraid enough. ""I think that the star shift has brought us closer to their realm so that they now have the power to step into our world and hurt us."" — Kahlan Amnell. ","https://images-na.ssl-images-amazon.com/images/S/compressed.photo.goodreads.com/books/1547004635i/41447929.jpg","local","upload\Terry Goodkind\The_Scribbly_Man_-_Terry_Goodkind.epub","0","0","0.00","0","0","1"
"41448580","1","2","3441","Free","Hateful Things","The Children of D’Hara picks up immediately after the conclusion of the Sword of Truth series. This is the story of Richard and Kahlan and their children'The Sword of Truth series was my masterwork. Yet, life for these characters goes on after the conclusion of that series. For years readers have been asking about Richard and Kahlan's children. This is that story' TERRY GOODKINDIn 1994 Wizard's First Rule introduced Richard Cypher, a young woodsman seeking answers and vengeance in the aftermath of his father's murder, and Kahlan Amnell, a mysterious young woman pursued by a bloodthirsty tyrant's assassins.The Sword of Truth is one of the most ambitious fantasy series ever written. It was a decades-long masterwork that has been translated into 20 languages and sold 26 million copies. After 16 volumes and one novella, it concluded in 2016 with Warheart.The Children of D'Hara picks up immediately after the conclusion of the Sword of Truth series. The story will be told in instalments, as novella-length episodes published every three months. Hateful Things is the second novella.","https://images-na.ssl-images-amazon.com/images/S/compressed.photo.goodreads.com/books/1557005764i/41448580.jpg","server_url","upload\Terry Goodkind\Hateful_Things_-_Terry_Goodkind.epub","1","0","0.00","0","1","1"
"41458663","1","17","60177","Free","A Brightness Long Ago","In a chamber overlooking the nighttime waterways of a maritime city, a man looks back on his youth and the people who shaped his life. Danio Cerra's intelligence won him entry to a renowned school even though he was only the son of a tailor. He took service at the court of a ruling count--and soon learned why that man was known as the Beast. Danio's fate changed the moment he saw and recognized Adria Ripoli as she entered the count's chambers one autumn night--intending to kill. Born to power, Adria had chosen, instead of a life of comfort, one of danger--and freedom. Which is how she encounters Danio in a perilous time and place.Vivid figures share the unfolding story. Among them: a healer determined to defy her expected lot; a charming, frivolous son of immense wealth; a powerful religious leader more decadent than devout; and, affecting all these lives and many more,  two larger-than-life mercenary commanders, lifelong adversaries, whose rivalry puts a world in the balance.A Brightness Long Ago offers both compelling drama and deeply moving reflections on the nature of memory, the choices we make in life, and the role played by the turning of Fortune's wheel.","https://images-na.ssl-images-amazon.com/images/S/compressed.photo.goodreads.com/books/1535529056i/41458663.jpg","local","upload\Guy Gavriel Kay\A_Brightness_Long_Ago_-_Guy_Gavriel_Kay.epub","0","0","0.00","0","0","1"
"41459432","1","19","4107685","Free","Bound by the Sheik's Ring","Loving someone can be brutal. Sada had loved Zahir for years…but he was off limits! Every month, he came to her school to take her out for dinner. And every month, she fell a little bit more in love with him. Unfortunately, Zahir was best friends with Sada’s older brothers – very protective brothers! There was a brother code – and Zahir would never violate that code. Until the day that tragedy happened! Zahir needed a wife. FAST! And the only woman that came to mind was the beautiful Princess Sada. For too long, he’d maintained a distance. But no longer! Disaster might have brought them together, but Zahir vowed to make her happy!","https://images-na.ssl-images-amazon.com/images/S/compressed.photo.goodreads.com/books/1535237271i/41459432.jpg","local","upload\Elizabeth Lennox\Bound_by_the_Prince's_Ring_-_Fi_-_Elizabeth_Lennox.epub","0","0","0.00","0","0","1"
"41463004","1","16","4801196","Free","The Witches of White Willow","Even destiny can't get in the way of what is meant to be.  Hazel Knight is a Promised One—a witch born with unique magic abilities. As a result, her future is laid out for her. She is to join the Circle and spend the rest of her life meditating, chanting and devoting her healing magic to bolster her fellow witches. It’s a commitment Hazel is proud to make, and she’s just one internship away from fulfilling her destiny.  But just because Hazel’s committed to her destiny doesn’t mean she can't have some fun before she takes the final step. For the past year, she’s enjoyed many clandestine nights with a man who has given her a lifetime of memories to take with her. A mysterious lover whose name she’s never asked, whose face she’s never fully seen.  Yet when her internship begins, she has no trouble recognizing Healer Duke Hart, the exquisitely sexy witch whom her mother has handpicked to serve as her mentor.  Hazel only meant to have a little fun before she devoted herself to a life of servitude, but Duke is bound and determined to prove that nothing, not even destiny, is written in stone.","https://images-na.ssl-images-amazon.com/images/S/compressed.photo.goodreads.com/books/1535288981i/41463004.jpg","local","upload\Angela Addams\The_Witches_of_White_Willow_-_Angela_Addams.epub","0","0","0.00","0","0","1"
"41464463","1","17","6860531","Free","Harley Merlin and the Mystery Twins","
A dark past. A hidden power. A dangerous enemy.
Harley Merlin has a lot of unanswered questions in her life. What drove her father to kill her mother? How can she know the true extent of her magical abilities? Has Wade Crowley always been this annoying?After the violent gargoyle incident that left many dead, Harley fears what other evil tricks her psychotic aunt has up her sleeve. When she discovers that magical foster kids like herself are in danger, she knows she must do whatever it takes to protect them.And it turns out that Tatyana, the Coven’s resident ghost-whisperer, is also willing to make sacrifices and has secrets of her own…Continue the journey. Buy now!*Beware of spoilers in the reviews below that are without spoiler alerts*","https://images-na.ssl-images-amazon.com/images/S/compressed.photo.goodreads.com/books/1535302053i/41464463.jpg","local","upload\Bella Forrest\Harley_Merlin_and_the_Mystery_T_-_Bella_Forrest.epub","0","0","0.00","0","0","1"
"41483148","1","45","6563991","Free","Witch's Shadow","No rest for the wicked… or the dead.  I'm Jas Lyons, and as far as anyone knows, I'm nothing more than a novice necromancer who banishes the dead for a living. I might be the last surviving member of the notorious Hemlock Coven, but I've never been able to cast a spell in my life. Being a nobody is safer.  At least until a near-death experience causes me to find out that before the last Hemlock witch died, her spirit was bound to mine. If I want to survive the horde of enemies hunting me down, I need to learn to use her magic, but the spirit has no interest in sharing. Worse, binding two spirits together is forbidden by the supernatural council, on pain of (permanent) death.  To get my own life back, I'm forced to put my trust in a dangerous vampire with a grudge against the Hemlock witches for reasons he refuses to divulge. Someone in Edinburgh is meddling in dangerous magic, and if I don't get to the bottom of it, I'll have much worse to worry about than a few rogue spirits…","https://images-na.ssl-images-amazon.com/images/S/compressed.photo.goodreads.com/books/1535315157i/41483148.jpg","local","upload\Emma L. Adams\Witch's_Shadow_-_Emma_L._Adams.epub","0","0","0.00","0","0","1"
"41511689","1","45","6563991","Free","Witch's Soul","Being the sole survivor of a notorious witch coven who dealt in forbidden magic isn't as fun as it sounds.  I might have stopped an evil spirit from taking over my body, but now another rogue necromancer is on the loose, harnessing power by sacrificing innocent humans. Even with the help of the necromancer guild and my friends, it quickly becomes clear that the enemy is too elusive to find with the guild's usual methods.  When a spirit line turns off, the situation turns lethal. The killer has set his sights on both me and the dark spirit who shares my body, and the only way to catch him is to tap into my forbidden Hemlock magic again. But if the wrong person finds out the spirit exists, I'll face instant execution — assuming the killer doesn’t get there first...","https://images-na.ssl-images-amazon.com/images/S/compressed.photo.goodreads.com/books/1535335097i/41511689.jpg","local","upload\Emma L. Adams\Witch's_Soul_-_Emma_L._Adams.epub","0","0","0.00","0","0","1"
"41519287","1","16","4851199","Free","Crew","To survive where I live, you have two options.You can be a Normal--a cheerleader, jock, member of the debate team, or on the yearbook committee. You pretend everything is normal.Or you can be crew.You insult us? We hurt you.You hurt us? We really hurt you.And if you screw with us, we will end you.My name is Bren.I'm the only female in the Wolf Crew--the best, fiercest, and most dangerous crew there is--and we have a rule: There's no falling in love.Well... too late.*This book contains mature young adult situations.*Full-length novel. First book in a series.*Book ends at 95%. Two bonus chapters are at the end.","https://images-na.ssl-images-amazon.com/images/S/compressed.photo.goodreads.com/books/1535342284i/41519287.jpg","local","upload\Tijan\Crew_-_Tijan.epub","0","0","0.00","0","0","1"
"41540893","1","9","71685","Free","The Venetian One-Night Baby","It was a sizzling encounter…Then a baby binds them forever!A hotel booking mix-up in Venice means wedding-dress designer Sabrina Midhurst must share a room with her wealthy, brooding businessman Max Firbank. It’s infuriating—until an unexpected night of passion awakens a need Sabrina didn’t even know was possible! They’ve always battled their supercharged attraction, so when Sabrina confesses she’s pregnant, she’s stunned by Max’s that she wear his ring!Spend one unforgettable night in Venice with this passionate romance!","https://images-na.ssl-images-amazon.com/images/S/compressed.photo.goodreads.com/books/1546572388i/41540893.jpg","local","upload\Melanie Milburne\The_Venetian_One-Night_Baby_-_Melanie_Milburne.epub","0","0","0.00","0","0","1"
"41542531","1","20","7056140","Free","Dirty Sexy Player","This is a previously-published edition - ASIN: B0756MLN9SI wasn't supposed to want her.It was a stupid game we were playing. A way for her to get her inheritance and me to get out from under Donovan's thumb.I didn't even like her.I wasn't supposed to daydream about getting her off. Or fantasize about the way she'd look riding me. Or wonder if she kissed as cruelly as she fought.I wasn't supposed to fall for her.I was only supposed to marry her.Book one of two.","https://images-na.ssl-images-amazon.com/images/S/compressed.photo.goodreads.com/books/1658926316i/41542531.jpg","local","upload\Laurelin Paige\Dirty_Sexy_Player_-_Laurelin_Paige.epub","0","0","0.00","0","0","1"
"41549504","1","17","14073135","Free","Wizard Defender","Wizard scouts are the greatest fighting force the galaxy has ever seen, but after years of war between the Intergalactic Empire and the bat-like Crosoians, the wizard scout corps numbers have dropped to near extinction levels. One of the few remaining wizard scouts is Wizard Scout Richard Shepard.  In an all or nothing gambit, the bats have gathered the largest fleet of warships the galaxy has ever seen to destroy the weakened humans once and for all. The Empire’s only hope for survival may well lie on the shoulders of Richard and the crew of the recon ship Defiant.  Faced with the seemingly impossible task of ending the war before more are killed Richard must travel deep into the heart of the Crosoian Federation. Along with his elven bondmate Jeena and the rag-tag crew of the Defiant, Richard is forced to seek out the unlikeliest of allies; a Crosoian scout sworn to kill him and all he holds dear.  With a demon army poised to invade the three galaxies, the success of the Defiant’s mission depends on retrieving an artifact from the very pits of Hell itself. Can even a wizard scout prevail? ","https://images-na.ssl-images-amazon.com/images/S/compressed.photo.goodreads.com/books/1535421312i/41549504.jpg","local","upload\Rodney W. Hartman\Wizard_Defender_-_Rodney_W._Hartman.epub","0","0","0.00","0","0","1"
"41549843","1","5","5173683","Free","Homecoming","New Orleans is a city known for its paranormal history—and it’s the place Emma Rose Crane, AKA Mattie Hathaway, has come home to. She hopes she can start over in New Orleans, where her ability to see ghosts isn't so freaky. She’s even starting college, but the whole thing would be a lot easier if she weren’t faced with a family she barely knows, all while dealing with the loss of someone she loved. Can she really escape her past and be semi-normal? Even with her sister Mary and best friend Eric by her side, it's going to be a wild ride once she agrees to help Mary's new friends investigate a ""haunted"" house. The house’s new occupants are terrified, and the ghost seems to be attacking their little girl, leaving everyone desperate for answers. Emma isn’t sure what to think when she discovers Dr. Lawrence Olivet was also invited to investigate. Will her gifts be enough to save the family that is currently being stalked in their own home? And when some of her own family’s long-kept secrets come to light, will her fresh start be over before it even begins?","https://images-na.ssl-images-amazon.com/images/S/compressed.photo.goodreads.com/books/1535423137i/41549843.jpg","local","upload\Apryl Baker\Homecoming_-_Apryl_Baker.epub","0","0","0.00","0","0","1"
"41555932","1","17","31232","Free","The God is Not Willing","Many years have passed since three Teblor warriors brought carnage and chaos to the small lakeside settlement of Silver Lake. While the town has recovered, the legacy of that past horror remains, even if the Teblor tribes of the north no longer venture into the southlands. One of those three, Karsa Orlong, is now deemed to be a god, albeit an indifferent one. In truth, many new cults and religions have emerged across the Malazan world, including those who worship Coltaine, the Black-Winged God, and - popular among the Empire's soldiery - followers of the cult of Iskar Jarak, Guardian of the Dead.A legion of Malazan marines is on the march towards Silver Lake. responding to intelligence that indicates the tribes beyond the border are stirring. The marines aren't quite sure what they're going to be facing but, while the Malazan military has evolved and these are not the marines of old, one thing hasn't changed: they'll handle whatever comes at them. Or die tryingMeanwhile, in the high mountains, where dwell the tribes of the Teblor, a new warleader has risen. Scarred by the deeds of Karsa Orlong, he intends to confront his god, even if he has to cut a bloody path through the Malazan Empire to do it. Higher in the mountains, a new threat has emerged, and now the Teblor are running out of time.The long feared invasion is about to begin. And this time it won't be three simple warriors. This time thousands are poised to flood the lands of the south. And in their way, a single legion of Malazan marines . . .It seems the past is about to revisit Silver Lake, and that is never a good thing . . .","https://images-na.ssl-images-amazon.com/images/S/compressed.photo.goodreads.com/books/1622571633i/41555932.jpg","local","upload\Steven Erikson\The_God_Is_not_Willing_(Steven_Erikson)_(Z-Library).epub","0","0","0.00","0","0","1"
"41555952","1","17","108173","Free","The Red-Stained Wings","Hugo Award-winning author Elizabeth Bear returns the epic fantasy world of the Lotus Kingdoms with The Red-Stained Wings, the sequel to The Stone in the Skull, taking the Gage into desertlands under a deadly sky to answer the riddle of the Stone in the Skull.The Gage and the Dead Man brought a message from the greatest wizard of Messaline to the ruling queen of Sarathai, one of the Lotus Kingdoms. But the message was a riddle, and the Lotus Kingdoms are at war.Elizabeth Bear created her secondary world of the Eternal Sky in her highly praised novel The Range of Ghosts and its sequels. She continued it the first book of the Lotus Kingdoms, The Stone in the Skull.","https://images-na.ssl-images-amazon.com/images/S/compressed.photo.goodreads.com/books/1540316009i/41555952.jpg","local","upload\Elizabeth Bear\The_Red-Stained_Wings_-_Elizabeth_Bear.epub","0","0","0.00","0","0","1"
"41558316","1","16","6889892","Free","Prince of Secrets and Shadows","In a time of chaos and confusion, one girl has chosen her fate -- and disaster has sealed it.  PRAGUE, 1870  After joining the Order of the Crystal Daggers, led by her dauntless grandmother, Lady Penelope, Eleanora Svobodová set out to save her kingdom from oncoming devastation. And she failed. Following the attack on Prague Castle, Eleanora is determined to redeem herself. She sets out to win Karl’s trust while distancing herself from Ferdy, whose secrets and lies have done nothing to stop her from falling in love with him. As she struggles to let him go, questions about the mission and her mother’s past cause a rift between Amir and Lady Penelope and add to the growing discord between Eleanora and her brother. But when a cunning provocateur arrives in Prague, Eleanora discovers there is an even more deadly game afoot, one that reaches into Amir's past and threatens Lady Penelope's future. Now, the members of the Order must work together if they are to uncover the true enemy hiding in Bohemia. Can they work together despite their divisions? Or will their division lead to even more destruction?  With spies, secrets, and suspense, Prince of Secrets and Shadows is the second book in The Order of the Crystal Daggers, a historical fiction adventure series from C. S. Johnson.","https://images-na.ssl-images-amazon.com/images/S/compressed.photo.goodreads.com/books/1535495864i/41558316.jpg","local","upload\C.S.  Johnson\Prince_of_Secrets_and_Shadows_-_C._S._Johnson.epub","0","0","0.00","0","0","1"
"41563811","1","5","15514262,13540545","Free","Birds of a Feather","When Gabriel arranges a vacation in New Orleans with his half-faerie girlfriend, he expects creole cuisine and opportunities to watch her prance in a skimpy bikini. The local sentinel bureau that polices paranormal activity has another idea in mind--agency numbers are dwindling, vampire turnings are high, and they need his help on the case.It's not the kind of action he hoped to get over the summer, but the NOLA sentinel chief is family, and raven shifters flock together.This is a standalone story in the PNRU universe. But for the best reading experience, it's recommended to read The Hidden Court and The Scary Godmother first.","https://images-na.ssl-images-amazon.com/images/S/compressed.photo.goodreads.com/books/1535564371i/41563811.jpg","local","upload\Dominique Kristine\Birds_of_a_Feather_-_Vivienne_Savage.epub","0","0","0.00","0","0","1"
"41574308","1","1","16004152","Free","Stolen Wishes","After being gone for several decades, Gabriel Doyle feels drawn to his former hometown in Colorado. His memories are vague and blurry, but he can’t resist the urge to go, especially when the woman in his dreams begins to appear in real life. What he’s not so sure about is what he faces on his return—leading the Lilith Nest vampires.  Needing a fresh start, Alina Anand takes a nanny job for a mage family in Havenwood Falls. At first, life is great. She loves her charges and finds the town quaint and welcoming, but everything changes when her employers steal her amulet—and take control of her wish-granting powers. Bound to them by tradition, she has no choice but to serve them.  When their destinies collide, Gabriel and Alina discover a connection that goes beyond their undeniable passion. But to save Alina, Gabriel must decide whether to pick up the dark life of bloodshed and revenge he’d left behind, or to ask for help from those who demand sacrifice. Nothing in life is free. The star-crossed lovers must fight for what they desire most—to be who they are, love who they want, and escape the bonds of their pasts in a town that forgives little and forgets nothing.  
Welcome to the darker, sexier side of Havenwood Falls that many residents never speak of publicly, but most likely enjoy in secret. Venture into the SIN MC, the VIP rooms of Silk nightclub, and behind other closed doors, where you’ll discover passion, unusual penchants, and just how far some will go for love. Hold on to your panties, because it’s time to ride.
  This is a stand-alone steamy paranormal romance in the Havenwood Falls shared world. A collaborative effort by multiple authors across multiple series all in the paranormal fantasy genre, Havenwood Falls allows readers to discover new authors and stories to fall in love with. Each author brings a stand-alone plotline, so they can be read in any order.","https://images-na.ssl-images-amazon.com/images/S/compressed.photo.goodreads.com/books/1535688478i/41574308.jpg","local","upload\Victoria Flynn\Stolen_Wishes_-_Victoria_Flynn_-_Havenwood_Falls.epub","0","0","0.00","0","0","1"
"41578434","1","9","5440983","Free","A Nurse to Heal His Heart","She makes him feel alive again But can he heal her heart too? Single dad GP Joe Thompson’s priorities are his daughter and his patients. It might’ve earned him a brooding reputation, but since losing his wife romance has been off-limits…until he meets locum nurse Rose McIntyre! Her warm smile and live-for-the-moment attitude soothe a pain Joe believed would never fade. But can Joe stop Rose running from her own secrets…and find comfort in his arms? Harlequin Medical Life and love in the world of modern medicine. “I liked the hero immediately…. However, it was from the moment the hero and heroine come face-to-face for the first time that had me reading quickly, determined to discover more….” Harlequin Junkie on Reunited by Their Secret Son “This was a beautiful, emotional story filled with exciting medical drama… plenty of light-hearted moments to give relief to the more emotional aspects of the story, it was perfectly balanced and a joy to read.” Goodreads on The Nurse’s Special Delivery","https://images-na.ssl-images-amazon.com/images/S/compressed.photo.goodreads.com/books/1571583526i/41578434.jpg","local","upload\Louisa George\A_Nurse_To_Heal_His_Heart_-_Unknown.epub","0","0","0.00","0","0","1"
"41587951","1","42","3000192","Free","Late Fees","It’s Thanksgiving, 1992 and Noah Valentine is late picking his mother up from the airport. When he arrives he discovers that she’s made a friend on the flight whose also waiting for her son. When women’s son doesn’t show up, they eventually take the woman home for breakfast with neighbor’s Marc and Louis. Soon after, they learn that the woman’s son has overdosed—or has he? Noah and his motley crew investigate over the holiday weekend; which includes a fabulous dinner, a chat with a male stripper, a tiny little burglary and some help from Detective Tall, Dark, and Delicious.","https://images-na.ssl-images-amazon.com/images/S/compressed.photo.goodreads.com/books/1535822613i/41587951.jpg","local","upload\Marshall Thornton\Late_Fees_-_Marshall_Thornton.epub","0","0","0.00","0","0","1"
"41632517","1","17","5190768","Free","Stone Heart","
AN EXILED NOBLE. A DEADLY HOMECOMING.
Mag has crossed the Greatrocks into Dorsea, and already tales of her exploits have begun to spread. Servants of the Necromancer flee at even the rumor of her approach, and those who dare to stand before her meet a swift end at the tip of her spear. But her quest for vengeance will take her, as well as Albern, to the farthest reaches of the outland kingdom of Calentin. There, ways and customs are strange—and creatures of immense size and power dwell within a day’s march of humanity’s cities. Upon the highest peaks, Mag’s quest will pit her against the rock trolls who threaten Underrealm’s northern borders. But what good will her skill at arms do her, when no blade can pierce the skin of a troll?","https://images-na.ssl-images-amazon.com/images/S/compressed.photo.goodreads.com/books/1535936691i/41632517.jpg","local","upload\Garrett Robinson\Stone_Heart_(Tales_of_the_Wande_-_Garrett_Robinson.epub","0","0","0.00","0","0","1"
"41641777","1","17","5273621","Free","A Court of Fire and Metal"," The four mighty, smoking-hot warriors had wanted to use Cass Saélihn as the weapon to kill the Olympian gods, but they fell for her instead.    Now all they want is to protect her. So they hide Cass in the magically glamoured Academy, the only safe place for earthlings.But Cass won't cower or run from danger. She sets her own rules and stands her ground, no matter how her blood heats for her alpha mates. She's determined to take the fight to the gods, not as a weapon but a leader.Yet an all-powerful, beautiful, cruel god is already among them, much closer than she and her four mates can imagine. He covets Cass and her power more than anything, and when the god strikes, he leaves nothing to chance.   Warning: This is a full-length reverse harem fantasy/paranormal romance that features one hell of strong woman and her four powerful supernatural mates. It contains brutal battles, explicit love scenes, raw language, magic, swordfights, Greek gods, dark fae, vampires, shifters, and a lot of assholes.","https://images-na.ssl-images-amazon.com/images/S/compressed.photo.goodreads.com/books/1535969258i/41641777.jpg","local","upload\Meg Xuemei X\A_Court_of_Fire_and_Metal_-_Meg_Xuemei_X.epub","0","0","0.00","0","0","1"
"41642516","1","1","2879706","Free","Shield Knight: Duel","Long before he became the Shield Knight, Ridmark Arban was a young Swordbearer in the court of the lord of the Northerland. And when savage orcs descend upon the people of the Northerland, Ridmark must fight in their defense, or fall upon the field of battle...","https://images-na.ssl-images-amazon.com/images/S/compressed.photo.goodreads.com/books/1535976145i/41642516.jpg","server_url","upload\Jonathan Moeller\Duel_-_Jonathan_Moeller.epub","1","0","0.00","0","1","1"
"41644326","1","4","5662","Free","Save Me the Plums: My Gourmet Memoir","Trailblazing food writer and beloved restaurant critic Ruth Reichl took the job (and the risk) of a lifetime when she entered the glamorous, high-stakes world of magazine publishing. Now, for the first time, she chronicles her groundbreaking tenure as editor in chief of Gourmet, during which she spearheaded a revolution in the way we think about food.When Condé Nast offered Ruth Reichl the top position at America's oldest epicurean magazine, she declined. She was a writer, not a manager, and had no inclination to be anyone's boss. And yet . . . Reichl had been reading Gourmet since she was eight; it had inspired her career. How could she say no?This is the story of a former Berkeley hippie entering the corporate world and worrying about losing her soul. It is the story of the moment restaurants became an important part of popular culture, a time when the rise of the farm-to-table movement changed, forever, the way we eat. Readers will meet legendary chefs like David Chang and Eric Ripert, idiosyncratic writers like David Foster Wallace, and a colorful group of editors and art directors who, under Reichl's leadership, transformed stately Gourmet into a cutting-edge publication. This was the golden age of print media—the last spendthrift gasp before the Internet turned the magazine world upside down.Complete with recipes, Save Me the Plums is a personal journey of a woman coming to terms with being in charge and making a mark, following a passion and holding on to her dreams—even when she ends up in a place she never expected to be.","https://images-na.ssl-images-amazon.com/images/S/compressed.photo.goodreads.com/books/1544114364i/41644326.jpg","local","upload\Ruth Reichl\Save_Me_the_Plums.epub","0","0","0.00","0","0","1"
"41681087","1","37","6587327","Free","On Deadline & Under Fire","There’s nothing Avery Shaw loves more than a challenge... at least when it comes to tracking down a story. The challenge she’s facing this time is the one thing she might not be able to overcome, though. Vacation. That’s right, not only is Southeastern Michigan’s busiest reporter off work for a week... but she’s also on the receiving end of a visit from her boyfriend’s mother. Eliot Kane is tough as nails but he’s obviously nervous about the two most important women in his life crossing paths. The fact that he’s nervous makes Avery agitated... and she worries about very little other than who she can upset and how quickly she can make her enemies cry. As luck would have it, Avery stumbles on a story when she should be enjoying her time off. A high-rise apartment fire leaves one dead... and ties to organized crime are abundant. The only thing Avery knows about the mob is what television and movies have taught her. That doesn’t mean she’s not keen to learn. Avery is in a pickle. She has to uncover the motives behind a murder, get her boyfriend’s mother to like her without losing herself, and keep her family out of trouble even though they’re sniffing around and causing mischief. Oh, and she has to pull it all off without melting down or letting Eliot know what she’s up to. Things are about to get wacky and dangerous in Avery’s world. She wouldn’t have it any other way... even if it ultimately kills her.","https://images-na.ssl-images-amazon.com/images/S/compressed.photo.goodreads.com/books/1536013364i/41681087.jpg","local","upload\Amanda M. Lee\On_Deadline_&_Under_Fire_-_Amanda_M._Lee.epub","0","0","0.00","0","0","1"
"41703873","1","9","570576","Free","Secret Millionaire for the Surrogate","They met at a wedding…Will they say “I do”?It’s wedding photographer Harper’s job to capture other people’s happily-ever-afters, but she doesn’t believe in one for herself. Until she meets ruggedly gorgeous best man Drew. Having offered to be a surrogate for her best friend, Harper tries to fight their instant chemistry, until Drew sneaks past her defenses. But she’s about to learn this extraordinary man has an extraordinary secret!","https://images-na.ssl-images-amazon.com/images/S/compressed.photo.goodreads.com/books/1546385411i/41703873.jpg","local","upload\Donna Alward\Secret_Millionaire_for_the_Surr_-_Donna_Alward.epub","0","0","0.00","0","0","1"
"41703877","1","1","265280","Free","Hired by the Mysterious Millionaire","New boss…Same heart-stopping crush!Every day IT expert Evie rides the commuter train and fantasizes about the handsome guy sitting opposite. But her daydreams clash with reality when she gets a new job—and finds he’s her boss! Guarded Frenchman Armand Debussey couldn’t be more different to openhearted Evie. His daredevil past has left him in anguish, and even if it puts her own heart in jeopardy, Evie’s determined to help him change that…","https://images-na.ssl-images-amazon.com/images/S/compressed.photo.goodreads.com/books/1542870544i/41703877.jpg","local","upload\Ally Blake\Hired_by_the_Mysterious_Million_-_Ally_Blake.epub","0","0","0.00","0","0","1"
"41703903","1","16","171159","Free","The Baby They Longed For","One night in the surgeon’s arms…One miraculous surprise!Obstetrician Addie and surgeon Noah’s relationship has always been… complicated since he broke the news that her fiancé had jilted her! Years later, finding themselves working and living together, they both agree to keep things professional. Until one intense day leads to one magical night, resulting in the miracle neither ever believed possible! Now they must put the past behind them if they want to build a future… together .“What an emotionally-charged, fast-paced, extremely engaging read Ms. Lennox has delivered in the second book of this Bondi Bay Heroes series where I loved everything about the main characters….”—Harlequin Junkie on Finding His Wife, Finding a Son“ Reunited with Her Surgeon Prince is a beautifully written romance with amazing characters who are about to have their lives changed forever.... The plot is fast-paced with surprises throughout the story.”—RT Book Reviews","https://images-na.ssl-images-amazon.com/images/S/compressed.photo.goodreads.com/books/1549051442i/41703903.jpg","local","upload\Marion Lennox\The_Baby_They_Longed_For_-_Marion_Lennox.epub","0","0","0.00","0","0","1"
"41707548","1","41","7791394","Free","Fate's Fools","How do you find your soul mate if you’re born without a soul?  Deva Rainsong was born with dragon fire in her veins, an ursa’s generous heart, a turul’s skill with song, and the carnal appetites of a nymph. What she wasn’t born with was a soul. It’s all she ever wanted, but the one thing she can never have.  When Fate was handing out those precious things, it must have overlooked her, and a soul is required to unlock the dormant elemental powers within her. Not to mention the only thing that will ever give her a chance of finding the thing she truly desires: a soul mate.  Not only has Fate forgotten her, it seems dead set on destroying the only part of her life that gives her purpose. An ancient bloodline of mixed-breed humans linked to Deva is being hunted by a pack of rogue fate hounds, and her link to the bloodline means she’s the only one who can save them.  She doesn’t count on her quest taking her straight into the arms of a dragon, and she definitely isn’t prepared for the futile desire he incites within her, or the frustrating passion his ursa friend draws out of her. She shouldn’t want the pair so much, but when they both fall victim to the hounds, it may take nothing less than her love to save them.  Warning: This series is a spinoff of Ophelia Bell's epically sexy ""Immortal Dragons"" series. It is a fast-burn HOT and steamy RH odyssey, with some M/M content, not meant for the faint of heart (or libido)... #whychoose!","https://images-na.ssl-images-amazon.com/images/S/compressed.photo.goodreads.com/books/1536042271i/41707548.jpg","local","upload\Ophelia Bell\Fate's_Fools_-_Ophelia_Bell.epub","0","0","0.00","0","0","1"
"41723552","1","47","5763380","Free","Dark Water","Beneath the water the body sank rapidly. She would lie still and undisturbed for many years but above her on dry land, the nightmare was just beginning. When Detective Erika Foster receives a tip-off that key evidence for a major narcotics case was stashed in a disused quarry on the outskirts of London, she orders for it to be searched. From the thick sludge the drugs are recovered, but so is the skeleton of a young child. The remains are quickly identified as seven-year-old Jessica Collins. The missing girl who made headline news twenty-six years ago. As Erika tries to piece together new evidence with the old, she must dig deeper and find out more about the fractured Collins family and the original detective, Amanda Baker. A woman plagued by her failure to find Jessica. Erika soon realises this is going to be one of the most complex and demanding cases she has ever taken on. Is the suspect someone close to home? Someone is keeping secrets. Someone who doesn’t want this case solved. And they’ll do anything to stop Erika from finding the truth. From the million-copy bestselling author of The Girl in the Ice and The Night Stalker, comes the third heart-stopping book in the Detective Erika Foster series.","https://images-na.ssl-images-amazon.com/images/S/compressed.photo.goodreads.com/books/1536212049i/41723552.jpg","local","upload\Robert Bryndza\Dark_Water__A_gripping_serial_k_-_Robert_Bryndza.epub","0","0","0.00","0","0","1"
"41724299","1","17","7795664","Free","Dragon Heartstring","Demetrius Cade has long since let go of his prejudice against Morgonkind, the dragon hybrid race his father taught him to hate. But what he never saw coming was the Morgon woman who would finally teach him to love.  Shakara Icewing has watched Demetrius Cade from afar for years. Known as the most eligible bachelor and emotionally unavailable in all of Gladium Province, she sees him as the aloof, arrogant brother of her dear friend. But when they finally meet, she isn’t sure she can handle how deep and how fast they both fall.  An old enemy resurfaces and once more threatens those Demetrius loves. When Shakara plans to speak before Parliament against business tycoon Aron Grayson, she puts her own life in the line of fire. Demetrius will stop at nothing to protect the woman he can no longer live without.","https://images-na.ssl-images-amazon.com/images/S/compressed.photo.goodreads.com/books/1536224231i/41724299.jpg","local","upload\Juliette Cross\A_Bar,_A_Brother,_And_A_Ghost_H_-_C._C._Dragon.epub","0","0","0.00","0","0","1"
"41725441","1","5","86756","Free","Indecent","This 26,000 word novella was previously published in A Regency Duo by Carole Mortimer & Angelique Armae. There have been no changes or additions from the original novella. INDECENT (Regency Lovers 1) is the 1st book in USA Today Bestselling Author, Carole Mortimer’s, NEW Regency series. Impoverished Miss Emma Harris can hardly believe her good fortune when Adam Stirling, the handsome and imposing Duke of Hawkwood, asks her father for her hand in marriage. However, she feels thoroughly humiliated when she attends a masked ball that very same evening and sees Hawkwood in a compromising position with a married woman. A very compromising position, in fact it is positively INDECENT. Angry and upset, Emma confronts Hawkwood with what she saw, accusing him of only wanting to marry her as a shield to his affairs with other women. Accusations the duke denies. Half in love with the arrogant Hawkwood, Emma is devastated when she learns the real reason he asked her to marry him. But if Emma thinks Adam is the type of gentleman to meekly accept her rejection, she is about to learn exactly how INDECENT he can be when he wants something as deeply as he now wants Emma. More books by Carole NEW Regency Lovers INDECENT (Regency Lovers 1) OBSESSION (Regency Lovers 2) CRAVING (Regency Lovers 3) More books to come in this series Steele Protectors - NEW Contemporary Romantic Suspense Series COMING SOON LOGAN (Steele Protectors 1) More books to come in this series Regency Sinners Wicked Torment (Regency Sinners 1) Wicked Surrender (Regency Sinners 2) Wicked Scandal (Regency Sinners 3) Wicked Deception (Regency Sinners 4) Wicked Captive (Regency Sinners 5) Wicked Temptation (Regency Sinners 6) Wicked Sinner (Regency Sinners 7) Wicked Christmas (Regency Sinners 8) Bk 8 Completes this Series Dragon Hearts NATHANIEL (Dragon Hearts 1) DERYK (Dragon Hearts 2) BRYN (Dragon Hearts 3) DYLAN (Dragon Hearts 4) GRIGOR (Dragon Hearts 5) GARRETT (Dragon Hearts 6) AERAN & RHYS (Dragon Hearts 7) Regency Unlaced 9 book Regency romance series Contemporary Knight Security Series – spin-off to Alpha 7 book Romantic Suspense series Contemporary Alpha 8 book Romantic Suspense series Carole Mortimer has written 240 books in Regency, Contemporary, and Paranormal romance. In 2015 she became the Recipient of the prestigious Romance Writers of America’s Lifetime Achievement Award. She was awarded a Romantic Times Career Achievement Award in 2017. She is an Entertainment Weekly Top 10 Romance Author—ever. A 2014 Romantic Times Pioneer of Romance author. She was also recognized by Queen Elizabeth II in 2012, for her “outstanding service to literature”.","https://images-na.ssl-images-amazon.com/images/S/compressed.photo.goodreads.com/books/1727457340i/41725441.jpg","server_url","upload\Carole Mortimer\Indecent_(Regency_Lovers_1)_-_Carole_Mortimer.epub","1","0","0.00","0","1","1"
"41730155","1","1","4683804","Free","A Man Beyond the Law","When former FBI Agent Lauren Pauling receives a mysterious file from Jack Reacher, she quickly begins to investigate. However, the case takes an unexpected turn when the sender of the file suddenly disappears. Pauling realizes this case is far from cold, and soon, the action heats up in this no-holds-barred thriller.","https://images-na.ssl-images-amazon.com/images/S/compressed.photo.goodreads.com/books/1536290893i/41730155.jpg","local","upload\Dan Ames\A_Man_Beyond_The_Law_-_Dan_Ames.epub","0","0","0.00","0","0","1"
"41732107","1","5","10112820","Free","The Complete Tempted Series","This is the complete boxed set of all three books in the Tempted series, a spinoff of the Night Series which features a carnival of the damned, a grim reaper known as Dean, and Pandora, one of the seven deadly sins also known as Lust. There is a lot of crossover between both series, but you do not need to read one to understand the other. Book 1: Forbidden Welcome to Whispering Bluff, Tennessee. Where the guys are hot. The girls are sweet. And nothing is what it seems... Flint DeLuca is sick and tired of moving. She and her dad have moved three times in the past year. But that's the life of a carnie. Even an ex-carnie like her. Her father swears this is the last move. All Flint wants now is to graduate from High School and put the carnival life behind her. Unfortunately, one of the two ain't gonna happen. So now not only is she back in the life she can never seem to get away from, she's also met this guy who pushes all her ""I totally hate you"" buttons. Cain. No last name. Wears shades in school. Dresses entirely in black. And only speaks to her when he's insulting her. She hates him. Hates him. And yet... there's something about the Goth boy that draws her like a moth to flame. God, she can't wait to graduate and get away from Whispering Bluff, only problem is she's pretty sure her high school is infested by vampires. Cain might be one of them. And for some reason, she seems to be on their menu. Sometimes High School really sucks... Book 2: Reckless The day Flint DeLuca moved to Whispering Bluff, TN she thought her life was over...until she met the dark, brooding, and seriously hot Cain. And then things were epic. Until they weren't. Prom night, her school is bombed by a pack of monsters known as hive, Flint's nearly killed in the explosion and her best friend Abel is kidnapped—all of it orchestrated by Cain's crazy mother, Layla aka The Hive Queen. The race is on to find Abel before Layla can turn him into one of her twisted creatures. But when a sword keeps appearing and disappearing in Flint's room, one that bears strange markings on it and hints at a secret buried deep in her past, Flint's already chaotic life is turned upside down. Now not only must she find a way to save Abel, but everything she thought she knew of her world and her life is about to change forever... Book 3: Possessed Flint DeLuca had hoped that recapturing Abel from Layla's vicious clutches would have been the end of a very long nightmare, but she couldn't have been more wrong. She's taken her friend--now twisted into a thing of rage-filled darkness--deep below the earth to heal and recover from the atrocities his mother committed upon him, only to discover they've been tricked by the dark fae court and have been thrust into a game of high stakes. Where the winners walk away, but the losers die. As if that wasn't bad enough, back on Earth, Cain's grappling with biblical end time prophecy, an Aunt who may or may not be the reincarnation of the Scarlet Woman doomed to tear open the Gates of Hell, and the loss of his mate and his brother. Great sacrifices will be required of them both, losses will accrue on every side, will Cain and Flint find their way back to each other? Only time will tell...time neither of them have much of...","https://images-na.ssl-images-amazon.com/images/S/compressed.photo.goodreads.com/books/1536323335i/41732107.jpg","local","upload\Selene Charles\The_Complete_Tempted_Series_-_Selene_Charles.epub","0","0","0.00","0","0","1"
"41733208","1","17","2995873","Free","Soul of the Sword","One thousand years ago, a wish was made to the Harbinger of Change and a sword of rage and lightning was forged. Kamigoroshi. The Godslayer. It had one task: to seal away the powerful demon Hakaimono.Now he has broken free.Kitsune shapeshifter Yumeko has one task: to take her piece of the ancient and powerful scroll to the Steel Feather temple in order to prevent the summoning of the Harbinger of Change, the great Kami Dragon who will grant one wish to whomever holds the Scroll of a Thousand Prayers. But she has a new enemy now. The demon Hakaimono, who for centuries was trapped in a cursed sword, has escaped and possessed the boy she thought would protect her, Kage Tatsumi of the Shadow Clan.Hakaimono has done the unthinkable and joined forces with the Master of Demons in order to break the curse of the sword and set himself free. To overthrow the empire and cover the land in darkness, they need one thing: the Scroll of a Thousand Prayers. As the paths of Yumeko and the possessed Tatsumi cross once again, the entire empire will be thrown into chaos.","https://images-na.ssl-images-amazon.com/images/S/compressed.photo.goodreads.com/books/1539966253i/41733208.jpg","local","upload\Julie Kagawa\Soul_of_the_Sword_-_Julie_Kagawa.epub","0","0","0.00","0","0","1"
"41740823","1","5","101078","Free","A Shadow of Crows","As autumn approaches and Ember approaches the Cruharach, a revelation rocks Herne’s world that threatens their relationship. In the middle of the chaos, the Wild Hunt is approached by Raven, one of the Ante-Fae. A bone-witch, Raven hires them to find her missing fiancé. The spirits have warned her that he’s in danger.  As the Wild Hunt follows a trail of blood and bones, it leads them into a labyrinth of grisly deaths extending far beyond Raven’s lost love. A serial killer is murdering humans and Fae alike, hoping to win favor with one of the gods. But as Ember and Herne draw close to solving the case, yet another bombshell drops. And this time, the fallout could lead to outright war between the Fae Courts and an ancient enemy.  Series Reading Order: 1. The Silver Stag 2. Oak & Thorns 3. Iron Bones 4. A Shadow of Crows ","https://images-na.ssl-images-amazon.com/images/S/compressed.photo.goodreads.com/books/1536427474i/41740823.jpg","local","upload\Yasmine Galenorn\A_Shadow_of_Crows_-_Yasmine_Galenorn.epub","0","0","0.00","0","0","1"
"41741286","1","45","8546572","Free","Dark Arts and a Daiquiri","When I found myself facing down the scariest black-magic felon in the city, practically daring him to abduct me, I had to wonder exactly how I ended up here.It all started when I accidentally landed a job as a bartender--but not at a bar. At a guild, populated by mages, sorcerers, alchemists, witches, and psychics. Good thing this lame-o human is adaptable, right?Then my favorite guild members--three sexy, powerful, and intermittently charming mages--asked for my help. Did they want access to my encyclopedic knowledge of cocktails? Oh no. They wanted to wrap me up in a pretty ribbon and plunk me in the crosshairs of a murderous rogue to lure him out of hiding.So that's what we did. And that's why I'm here. About to be kidnapped. Oh, and our grand plan for safely capturing said murderous rogue? Yeah, that completely fell apart about two minutes ago.Why did I agree to this again?--Note: The three mages are definitely sexy, but this series isn't a reverse harem. It's 100% fun, sassy, fast-paced urban fantasy.--THE GUILD CODEX: SPELLBOUNDThree Mages and a Margarita (#1)Dark Arts and a Daiquiri (#2)Two Witches and a Whiskey (#3)","https://images-na.ssl-images-amazon.com/images/S/compressed.photo.goodreads.com/books/1536431626i/41741286.jpg","local","upload\Annette Marie\Dark_Arts_and_a_Daiquiri_-_Annette_Marie.epub","0","0","0.00","0","0","1"
"41755060","1","5","7200339","Free","A Deadly Duet","The harmony Elaria has found with her consorts is threatened when a black orb pulls her through the Veil to a hidden planet. Once there, she releases a dark god who was imprisoned by the Shining Ones. This god has a claim on Elaria that she can't deny, and his song is too powerful for her to resist. As she struggles to get home to her lovers, the Spellsinger is caught up in a deadly duet that could mean the end to everything she treasures most; including herself.","https://images-na.ssl-images-amazon.com/images/S/compressed.photo.goodreads.com/books/1536558665i/41755060.jpg","local","upload\Amy Sumida\A_Deadly_Duet_-_Amy_Sumida.epub","0","0","0.00","0","0","1"
"41755351","1","9","181373","Free","A Wedding at the Italian's Demand","“Come back to Italy with me……as my fiancée.”Ivo Greco is determined to claim his orphaned nephew—the infant who will inherit the Greco fortune. To do so, he needs to convince the baby’s legal guardian, fiery Flora Henderson, to wear his ring. But whisking Flora to Tuscany as his fake fiancée comes with a complication…their undeniable chemistry! A permanent marriage was never in the cards for coolheaded Ivo—until now!Escape to Italy with this engagement of convenience!","https://images-na.ssl-images-amazon.com/images/S/compressed.photo.goodreads.com/books/1542466644i/41755351.jpg","local","upload\Kim Lawrence\A_Wedding_at_the_Italian's_Dema_-_Kim_Lawrence.epub","0","0","0.00","0","0","1"
"41769547","1","16","625","Free","Blood Brothers","
#1 New York Times bestselling author Nora Roberts presents the first novel in a compelling trilogy about three brothers bound by fate, blood, and a timeless enemy.

In the town of Hawkins Hollow, it's called The Seven. Every seven years, on the seventh day of the seventh month, strange things happen. It began when three young boys--Caleb, Fox, and Gage--went on a camping trip to The Pagan Stone...It is only February, but Caleb Hawkins--descendant of the town founders--has already seen and felt the stirrings of evil. Though he can never forget the beginning of the terror in the woods twenty-one years ago, the signs have never been this strong before. Cal will need the help of his best friends Fox and Gage, but surprisingly he must rely on a stranger as well.Reporter Quinn Black came to Hawkins Hollow hoping to make its eerie happenings the subject of her new book. She too can see the evil the locals cannot, somehow connecting her to the town--and to Cal. As winter turns to spring, they will shed their inhibitions, surrendering to a desire that will grow and form the cornerstone of a group of men and women bound by the fight against what is to come from out of the darkness...","https://images-na.ssl-images-amazon.com/images/S/compressed.photo.goodreads.com/books/1536869617i/41769547.jpg","local","upload\Nora Roberts\Blood_Brothers_-_Nora_Roberts.epub","0","0","0.00","0","0","1"
"41772402","1","12","5070259","Free","Jack of Spades","FBI Special Agent Kim Otto finds the perfect bait to lure Jack Reacher in this gripping new suspense thriller.In Lee Child's twenty-third Jack Reacher novel, Past Tense, Reacher found his roots and a heap of trouble in Laconia, New Hampshire. A young Canadian couple took the spoils at the end of the war. Now, the real owner will stop at nothing to get back what belongs to him.Reacher wasn’t there to protect his only brother, Joe, who was killed in the line of duty years ago. Will he show up to protect his brother’s son?Agent Otto bets on Reacher and puts her life on the line. But she’s been wrong about Reacher before.","https://images-na.ssl-images-amazon.com/images/S/compressed.photo.goodreads.com/books/1563891585i/41772402.jpg","local","upload\Diane Capri\Jack_of_Spades_-_Diane_Capri.epub","0","0","0.00","0","0","1"
"41773417","1","17","9629","Free","The Elfstones of Shannara","ISBNs moved from  this editionAncient Evil threatens the Elves: The ancient tree created by long-lost Elven magic, is dying. When Wil Ohmsford is summoned to guard the Amberle on a perilous quest to gather a new seed for a new tree, he is faced with the Reaper, the most fearsome of all Demons. And Wil is without power to control them....","https://images-na.ssl-images-amazon.com/images/S/compressed.photo.goodreads.com/books/1536586404i/41773417.jpg","local","upload\Terry Brooks\The_Elfstones_of_Shannara_-_Terry_Brooks.epub","0","0","0.00","0","0","1"
"41796228","1","25","6860531","Free","A Plague of Deceit","
""That’s what Shadians did. When a door closed, we found a window.

And if a window was shut, we made a hole in the wall...""

Continue the journey. Buy now!

 *Beware of spoilers in the reviews below that are without spoiler alerts*","https://images-na.ssl-images-amazon.com/images/S/compressed.photo.goodreads.com/books/1536628770i/41796228.jpg","local","upload\Bella Forrest\A_Plague_of_Deceit_-_Bella_Forrest.epub","0","0","0.00","0","0","1"
"41798683","1","9","71685","Free","Claimed for the Billionaire's Convenience","To redeem his notorious reputation…She’ll agree to wear his ring!When headlines mistakenly announce florist Holly Frost’s engagement to ruthless celebrity divorce lawyer Zack Knight, she’s stunned. His lethal charisma may have ignited a fire in her blood, but she’s finished with fairy tales. Yet Zack seems determined to turn this scandal, and their red-hot attraction, to their mutual advantage… Swept away to Paris, Holly must remember this alliance is only temporary—even while wearing his diamond!","https://images-na.ssl-images-amazon.com/images/S/compressed.photo.goodreads.com/books/1545641900i/41798683.jpg","local","upload\Melanie Milburne\Claimed_for_the_Billionaire_s_C_-_Melanie_Milburne.epub","0","0","0.00","0","0","1"
"41800381","1","5","86756","Free","Craving","CRAVING (Regency Lovers 3) is the 3rd book in Amazon #1 & USA Today Bestselling Author, Carole Mortimer’s, Regency Lovers Series. Author’s The books in the Regency Lovers series are steaming hot. You have been warned! At the age of seven and twenty, Miss Sophia Marchment, unlike many of her contemporaries, has lived a life of satisfying independence without the restraint of either a husband or male relative. As headmistress of her own school for young ladies in Portsmouth, Sophia is not afraid to share her independent views with ‘her girls’. During a stay in London in which she meets with Magnus Spencer, the Duke Weston and the widowed father of a potential student, Sophia receives several unsigned and threatening letters. Ones in which she is advised to return to her home in Portsmouth or face the consequences. Quite what those consequences might be Sophia has no idea, but nor will she be told what to do by someone who is not even brave enough to sign their own letters. Aged eight and thirty, and single for many years, Magnus Spencer, the Duke of Weston, knows he has grown both cynical and arrogant. Nevertheless he finds himself surprisingly drawn to the beauty and independence of Miss Sophia Marchment. An attraction he has every reason to believe she reciprocates, and yet refuses to act upon. The more Magnus sees Sophia the more his attraction to her deepens, until she is all he can think about. A CRAVING beyond his control. But not everyone feels that same admiration for Sophia and her fiercely independent ways, and when her very life is put in danger it falls to Magnus to protect her. From herself if necessary. Regency Lovers INDECENT (Regency Lovers 1) OBSESSION (Regency Lovers 2) CRAVING (Regency Lovers 3) FORBIDDEN (Regency Lovers 4) More books to come in this HOT new Regency Series. COMING Steele Protectors – A HOT New Contemporary Romantic Suspense Series LOGAN (Steele Protectors 1) Carole Mortimer has written over 240 books in Regency, Contemporary, and Paranormal romance. In 2015 she became the Recipient of the prestigious Romance Writers of America’s Lifetime Achievement Award. She was awarded a Romantic Times Career Achievement Award in 2017. She is an Entertainment Weekly Top 10 Romance Author—ever. A 2014 Romantic Times Pioneer of Romance author. She was also recognized by Queen Elizabeth II in 2012, for her “outstanding service to literature”.","https://images-na.ssl-images-amazon.com/images/S/compressed.photo.goodreads.com/books/1536647032i/41800381.jpg","server_url","upload\Carole Mortimer\Craving_(Regency_Lovers_3)_-_Carole_Mortimer.epub","1","0","0.00","0","1","1"
"41805988","1","45","13616729","Free","Stone and Claw","WILD MAGIC Things are looking up for Alastair Stone. He's just moved into his new house, Jason's opening his investigation agency, and best of all, the University has finally hired a new professor for the Occult Studies department.Carefree days never last long for Stone, though. The smart, sexy new professor turns out to have secrets—dangerous secrets. When he agrees to help her track down a powerful magical artifact, Stone is drawn into a deadly conspiracy involving a mysterious and reclusive clan, alchemical mayhem, and crimes even more horrific than either of them suspected.And as if all that weren’t enough...his cat has started talking to him.","https://images-na.ssl-images-amazon.com/images/S/compressed.photo.goodreads.com/books/1536667655i/41805988.jpg","local","upload\R.L. King\Stone_and_Claw_-_R._L._King.epub","0","0","0.00","0","0","1"
"41808940","1","17","6150530","Free","Jack Addison vs. Man-Ravishing Spider","
“Please write down my name. Jack Addison.”
Jack Addison. Son of a famous monster hunter. Grandson of a celebrated inventor. He has a lot to live up to, but his ego is as big as the expectations of his family. At just nineteen, he’s fresh out of a prestigious academy, set to make a name for himself in a world where people need protection from strange and dangerous creatures.During the annual hunt for the Loch Ness monster, Jack finds a rival in Roux Chat-Bonnes, a cat-like being who recently joined the same profession and is set to steal the bounty—and fame—from under Jack’s nose.Jack won’t let that happen. He sets out on the hunt alone, but the creature that he finds in the cave near Loch Ness doesn’t have tentacles. Instead, it’s got hairy legs, eight black eyes and a taste for human flesh.POSSIBLE SPOILERS:Themes: living up to expectations, pride, dreams, self-discovery, tolerance, fame, monster hunting, inter-species relationsGenre: M/M romantic erotica, horror-comedyErotic content: Scorching hot, explicit scenesLength: ~7,500 words (Episode 1 in the serial)WARNING: This story contains morally ambiguous characters and scenes of sex that might be considered taboo.","https://images-na.ssl-images-amazon.com/images/S/compressed.photo.goodreads.com/books/1536697648i/41808940.jpg","local","upload\K.A. Merikan\Jack_Addison_vs._a_Whole_World_-_K.A._Merikan.epub","0","0","0.00","0","0","1"
"41816684","1","32","240840","Free","Bonded by Accident","A hybrid warrior, born of both worlds, belonging to none Seeking to end his sexual torment without breaking a vow A girl from Earth with an itch to scratch Looking for no-strings-attached sex But when you make love with a Kindred, things get complicated What are Brandi and Slade going to do now that they are... Bonded by Accident?   Slade is an ex-slave, an ex-con, and a widower who has made a vow never to love another woman since his mate died tragically. But after his escape from BleakHall Prison, he finds he has a desperate need for female companionship. How to scratch his itch without breaking his vow? Easy--visit the Pairing Puppets aboard the Mother Ship--female-looking androids without emotions that help unmated Kindred males relieve their urges until they can find mates.  Brandi Dixon is a single mom with a difficult life. She and her daughter live in a double-wide trailer in small-town rural Florida. Brandi longs for a man but she's picky and doesn't want to bring home a string of ""temporary daddies"" for her daughter like her mom did to her when she was growing up. Then her cousin wins tickets to tour the Kindred Mother Ship and tells Brandi there's a place where she can have hot, no-strings-attached sex with a Kindred warrior. Brandi wouldn't normally do such a thing but she's desperate--it's been a three year dry spell and she needs a man--even if it's only for a single night.  Posing as a Pairing Puppet, she gets picked by Slade for a night of passion. But imagine her surprise when, after the best sex of her life, she hears the big Kindred's growling voice inside her head!  Now Brandi is freaking out and Slade is pissed off that he broke his vow. Yet neither of them can deny the animal attraction that keeps drawing them together. When Brandi's daughter, Emmie, gets herself into terrible danger, Slade is the only one who can help. Will Brandi let the huge Kindred warrior into her life? You'll have to read Bonded by Accident to find out! ","https://images-na.ssl-images-amazon.com/images/S/compressed.photo.goodreads.com/books/1536782835i/41816684.jpg","local","upload\Evangeline Anderson\Bonded_by_Accident_-_Evangeline_Anderson.epub","0","0","0.00","0","0","1"
"41822569","1","17","15287815","Free","Weight of the Crown","The epic conclusion to the Benjamin Ashwood series!  Ben and his friends have defeated a deadly threat to mankind, and gained powerful allies along the way, but sometimes the biggest danger is ourselves. In the final book in the Benjamin Ashwood series, Ben will have to take the mantle of leadership to prevent a war that will devastate Alcott.  Packed full of action and adventure, Benjamin Ashwood is perfect for fans of Robert Jordan’s Wheel of Time, Brandon Sanderson’s Mistborn, or Jeff Wheeler’s Muirwood.","https://images-na.ssl-images-amazon.com/images/S/compressed.photo.goodreads.com/books/1536857442i/41822569.jpg","local","uploads/A. C. Cobble/Weight_of_the_Crown_-_A._C._Cobble.epub","0","0","0.00","0","0","1"
"41826849","1","19","73977","Free","Dirty Rich Obsession: All Mine","CONTINUING CARRIE AND REID'S STORY (begin their story in Dirty Rich Obsession) In this lifetime there is one person who will own you, who will know you, who will understand you like no one else could possibly understand you. That person for me is Carrie. I didn't want to love her. I didn't want to need her. But now that she's my world, no one is going to take her from me. Yet the minute I propose, that's exactly what the universe tries to do. It tries to take her from me. My father and the many enemies my life as my father's son has created wants to take her from me.They'll be sorry they tired.She's mine.All Mine.And everyone, including Carrie, is going to know.","https://images-na.ssl-images-amazon.com/images/S/compressed.photo.goodreads.com/books/1536907689i/41826849.jpg","local","upload\Lisa Renee Jones\All_Mine_-_Lisa_Renee_Jones.epub","0","0","0.00","0","0","1"
"41829678","1","1","845191,14417592,4868644","Free","Subversive Giants","
No time like the present to figure out one's future.
That's a nice platitude, but what if you are a demon? And the former Queen of Hell?
Pandora saved an angel, Katie, when she could have stayed in hell and all but assured Earth would fall to Moloch.
But now she has a conundrum.
Further complicating things, Katie is acting very out of character, and Pandora needs to help her friend find her bearings once more.
Scroll back to the top and click “Read for Free” or “Buy Now,” and kick back for a fun supernatural action-packed adventure that will have you yelling for the good guys and laughing at the arguments between Katie and…her."" ***** Be prepared to handle sleep deprivation."" - Torn Asunder - Book 01 - Protected by the Damned."" ***** A masterfully-told tale about a group of dedicated contemporary warriors standing between humans and demons. A can't-put-down read. Characters who grow in interesting ways, and well-balanced action. Well done, and an exciting opening to a new series.""  - Torn Asunder - Book 01 - Protected by the Damned."" ***** Be warned...very addictive!""  - Torn Asunder - Book 01 - Protected by the Damned."" ***** A story with kick-ass heroes and characters written where you feel like you are part of their crew stuck in a story that you has you entertained from page 1. Katie and team are a lot of fun to read about. Definitely a different take on Demons."" Lisa M. Frett -  Torn Asunder - Book 01 - Protected by the Damned.---
NOTE: This book contains cursing. Perhaps humorous cursing, but cursing nonetheless. If this offends you, I suggest you don’t read this book. 
 ","https://images-na.ssl-images-amazon.com/images/S/compressed.photo.goodreads.com/books/1540042148i/41829678.jpg","local","upload\Michael Todd\Subversive_Giants_-_Michael_Todd.epub","0","0","0.00","0","0","1"
"41830377","1","16","15854913","Free","Tinsel","Sofia Kendrick has always cherished her tiara. As the youngest daughter of a wealthy New York family, she’s lived the life of an American princess. But after two scandalous divorces and a breakup smear her name across the society rags, the shine from her crown has dulled. People call her superficial, even gaudy.She’s nothing more than tinsel.Desperate for escape and starving for peace, Sofia heads to Montana for a holiday weekend with her brother. But she doesn’t get the relaxing vacation she planned. Instead, she’s put to work in a bar alongside Dakota Magee—a man who does not want her help. A man who is set on teaching her a few lessons about real life and hard work. But Sofia has a couple of life lessons of her own to teach. Like how to fall in love.Words: 98,430","https://images-na.ssl-images-amazon.com/images/S/compressed.photo.goodreads.com/books/1539352231i/41830377.jpg","local","upload\Devney Perry\Tinsel_(Lark_Cove_Book_4)_-_Devney_Perry.epub","0","0","0.00","0","0","1"
"41830784","1","5","6177334","Free","A Curse Awakened"," eBook original prequel novella about four sisters coming to grips with their unique supernatural powers. Celia Wird shouldn’t possess the ability to transform into a tigress. Her three sisters should never be able to burst into flames, heal wounds, or transform common objects into deadly weapons. And yet they do. Before they were born, the Wird Sisters were cursed by a spell that was intended to destroy them, not endow them with extraordinary powers. The sisters’ magic is untamed and explosive at best, and time is running out for them to take command. Vampires have targeted Celia’s sweet, tragically human ex-boyfriend Danny. The sisters rush to his aid, but in order to take down the vamps, first they must face their dark past and break a spell that’s screwing up their powers. Except this curse wasn’t meant to be broken . . . and the witch who cast it isn’t done toying with them yet.","https://images-na.ssl-images-amazon.com/images/S/compressed.photo.goodreads.com/books/1541598154i/41830784.jpg","local","upload\Cecy Robson\A_Curse_Awakened_-_Cecy_Robson.epub","0","0","0.00","0","0","1"
"41834793","1","17","8306309","Free","Vortex Visions","A desperate princess, a magical traveler, and a watch that binds them together with the fate of a dying world.Vi Solaris is the heir to an Empire she’s barely seen. Her parents sacrificed a life with her to quell a rebellion and secure peace with a political alliance. Now, three years past when her wardship should’ve ended, Vi will do anything to be reunited with her family.The Empire is faltering beneath the burden of political infighting and a deadly plague. Yet, Vi can’t help but wonder if her inability to control her magic is the true reason her parents haven’t brought her home. Suspicion becomes reality when she unleashes powers she’s not supposed to have. Powers that might well cost her the throne.As Vi fights to get her magic under control, a mysterious stranger appears from across the world. He holds the keys to unlocking her full potential, but the knowledge has an unspeakable price — some truths, once seen, cannot be ignored.All eyes are on her and Vi must make the hardest choice of her life: Play by the rules and claim her throne. Or, break them and save the world.","https://images-na.ssl-images-amazon.com/images/S/compressed.photo.goodreads.com/books/1541730132i/41834793.jpg","local","upload\Elise Kova\Vortex_Visions_-_Elise_Kova.epub","0","0","0.00","0","0","1"
"41836759","1","17","150038","Free","The Infernal Devices Series Collection","The Infernal Devices Series Collection (Vol 1 to 3) By Cassandra Clare 3 Books Bundle Gift Wrapped Slipcase Specially For You. Books including in this are: Clockwork Angel, Clockwork Prince, Clockwork Princess. Description: Clockwork Angel: Magic is dangerous - but love is more dangerous still... Whensixteen-year-old Tessa Gray arrives in England during the reign ofQueen Victoria, something terrifying is waiting for her in London'sDownworld, where vampires, warlocks and other supernatural folk stalkthe gaslit streets. Clockwork Prince: Love and lies can corrupt even the purest heart... In the magical underworld of Victorian London, Tessa Gray finds her heart drawn more and more to Jem, while her longing for Will, despite his dark moods, continues to unsettle her. But something is changing in Will - the wall he has built around himself is crumbling. Clockwork Princess: If the only way to save the world was to destroy what you loved most, would you do it? The clock is ticking. Everyone must choose. Passion. Power. Secrets. Enchantment. Danger closes in around the Shadowhunters in the third and final instalment of the bestselling Infernal Devices trilogy. Please note these are normal standard books supplied by publishers which are then gift wraped in a generic slipcase specially for you to create your very own special gift box set ideal for Christmas, Birthday and any other special occasion.","https://images-na.ssl-images-amazon.com/images/S/compressed.photo.goodreads.com/books/1537027443i/41836759.jpg","local","upload\Cassandra Clare\TheInfernalDevicesSeries.epub","0","0","0.00","0","0","1"
"41838124","1","58","8604","Free","Kisses and Curses","From the Highlands of Scotland to the valleys of Wisconsin...​Scottish Warlock Euann MacGregor may be the tech savvy one in his family, but when it comes to love, savvy doesn’t enter into the equation. So when he crosses paths, in the most unusual way, with a woman who holds an essential piece to a puzzle that has haunted the MacGregor family for decades, he’s torn between wanting answers and wanting her. Forces beyond his control have brought them together, but those same dangers might also be what tears them apart forever.
Warning: Contains yummy, hot, mischievous MacGregors who are almost certainly up to no good on their quest to find true love.  And Uncle Raibeart.
","https://images-na.ssl-images-amazon.com/images/S/compressed.photo.goodreads.com/books/1537042068i/41838124.jpg","local","upload\Michelle M. Pillow\Kisses_and_Curses_-_Michelle_M._Pillow.epub","0","0","0.00","0","0","1"
"41838698","1","17","4615377","Free","The Echo of Broken Dreams","When a palace maid is attacked, Josie and the captain of the guards investigate together. Since one of the suspects is a foreign diplomat and magic expert, they use the opportunity to learn more about sorcery. But it soon becomes clear that he is using them to get to the truth about the palace and the servants' origins.  With unrest in the village, and servants growing impatient for answers, an undercurrent of danger pervades the air. But the most dangerous man of all may prove to be the king himself, because every clue points to him knowing more than he lets on.  As tensions both in and out of the glittering Glancian court rise, the heat between the captain and Josie is a distraction. But is it a welcome one?","https://images-na.ssl-images-amazon.com/images/S/compressed.photo.goodreads.com/books/1537047698i/41838698.jpg","local","upload\C.J. Archer\The_Echo_of_Broken_Dreams_-_C.J._Archer.epub","0","0","0.00","0","0","1"
"41892110","1","16","12692","Free","Unleashed","She vowed to never trust another man…until she met him. A passionate new Long, Tall Texans romance from New York Times bestselling author Diana Palmer Clancey Lang knows how to run. She’s been doing it since the day she fled her abusive home to save her and her younger brother’s lives. That was the same day she decided to never let herself depend on anyone else. Especially men. Though she’s tempted—mighty tempted—to put her faith in her boss, ruggedly handsome Texas Ranger Colter Banks. If only he would look her way…For far too long, Colter has been distracting himself with women he knows will never fully satisfy him. But there’s something about his pretty assistant, Clancey, that he simply can’t resist. Something slowly but surely drawing every ounce of his attention. But is he falling for a woman who’ll never let herself be caught?","https://images-na.ssl-images-amazon.com/images/S/compressed.photo.goodreads.com/books/1547664108i/41892110.jpg","local","upload\Diana Palmer\Unleashed_-_Diana_Palmer.epub","0","0","0.00","0","0","1"
"41893469","1","24","9835889","Free","T-Bone","Tucker Duke is a cattle rancher, but they don’t call him T-Bone because of his steaks. And Colton Ridge? Prime cut.They’re looking for a woman toshare, to get between them and give her a double helping of big beef.Ava Wilde might be the new owner of the Raines Seedand Feed, but that doesn’t mean she’s tough as nails. She’s definitely tough and has nails that are freshly manicured.When two hot cowboys set their sights on her, she realizes she doesn’t stand a chance. Why should she? With a Vanessa Vale book, one cowboy is never enough. In this smokin’ hot series, each heroine gets an extra helping (or two) of Grade-A Beefcake.","https://images-na.ssl-images-amazon.com/images/S/compressed.photo.goodreads.com/books/1537282444i/41893469.jpg","local","upload\Vanessa Vale\T-Bone__Grade-A_Beefcakes_Serie_-_Vanessa_Vale.epub","0","0","0.00","0","0","1"
"41912183","1","5","14548436","Free","As You Witch","If you could wish for anything, what would you wish for? When Max gets a magic amulet that makes nearly every desire come true, she'll learn the truth of be careful what you wish for. However, magical hijinks aren't all that Max has to worry about. With her hard-working parents strained to pay her tuition, Max's only chance to stay in Winchester Academy is to win the scholarship at the big school fair. Of course, to win, she has to beat her bully of a rival, wow the entire school, and juggle four guys vying for her attention.Nothing a few wishes, a little magic, and a lot of luck can't handle ... she hopes!","https://images-na.ssl-images-amazon.com/images/S/compressed.photo.goodreads.com/books/1537294262i/41912183.jpg","local","upload\Erin  Bedford\As_You_Witch_-_Erin_Bedford.epub","0","0","0.00","0","0","1"
"41936238","1","1","4801196","Free","Feral Heart","A feral heart might bite but it’s the heart that needs love the most.  Bas Frank is a tough guy — a witch apart from others, and that’s the way he likes it. He learned young that human witches couldn’t be trusted with magic, after his mother paid the ultimate price. His hatred for human witches has molded into armor over the years, which puts his academic ambitions to the test when White Willow opens its doors for human-born witches.  When an incident with a human-born witch lands Bas in trouble, he finds himself working in the dungeon, which isn’t as bad as it could be, considering his supervisor, Familiar Keeper Mina Knox, is hot-as-hell and takes no crap. He’s so enamored he falls in instant-lust… before the hammer drops and he learns about her human lineage.  But even with a lifetime of prejudice screaming at him that she can’t be trusted, Bas finds it impossible to keep his distance. He doesn’t want or expect to fall in love, but Mina’s compassion chinks his armor, and once a shield is weakened, it’s only a matter of time before it all comes crashing down.","https://images-na.ssl-images-amazon.com/images/S/compressed.photo.goodreads.com/books/1537305788i/41936238.jpg","local","upload\Angela Addams\Feral_Heart_-_Angela_Addams.epub","0","0","0.00","0","0","1"
"41947254","1","17","7712730","Free","The Shadow Collector","Brooklyn thought nothing would ever surprise her again after learning her father is an extraplanar being―until the police ask her for help.For most of her life, the cops have been a thorn in her side, always in the way of a good time. By seventeen, she’d spent more time in police cars than some rookies. With age comes (a little) restraint, and she’s managed to avoid getting in trouble for six whole years. Working for the Philadelphia Fire Department offers a sense of belonging and purpose she never had growing up, even if the whole ‘adulting’ thing sucks.After responding to a fire call eerily similar to the one that claimed her childhood home, a local detective seeks her out. He’s hunting a serial killer who preys on the city’s homeless, taking the lives of those no one cares to see. Every victim’s body has so far been stolen from the morgue, frustrating the investigation to the point he’s willing to rely on a psychic―even a former delinquent.Brooklyn senses a connection between the recent fire, the murders, and a mysteriously guilty little girl, but her respect for the law only goes so far.","https://images-na.ssl-images-amazon.com/images/S/compressed.photo.goodreads.com/books/1537389952i/41947254.jpg","local","upload\Matthew S. Cox\The_Shadow_Collector_-_Matthew_S._Cox.epub","0","0","0.00","0","0","1"
"41948722","1","17","9629","Free","The Stiehl Assassin","After The Black Elfstone and The Skaar Invasion comes the next chapter in the Fall of Shannara, a saga more than four decades in the making.The Skaar have arrived in the Four Lands, determined to stop at nothing less than all-out conquest. They badly need a new home, but peaceful coexistence is not a concept they have ever understood. An advance force under the command of the lovely princess Ajin has already established a foothold, but now the full Skaar army is on the march--and woe betide any who stands in its way.But perhaps the Skaar victory is not quite as much of a foregone conclusion as they all assume. The Druid Drisker Arc has freed both himself and Paranor from their involuntary exile. Drisker's student, Tarsha Kaynin, has been reunited with Dar, chief defender of what is left of the Druid order, and is learning to control her powerful Wishsong magic. If they can only survive Tarsha's brother and the Druid who betrayed Drisker Arc, they might stand a chance of defeating the Skaar. But that is a very big if...as Tarsha's brother now carries the Stiehl--one of the most powerful weapons in all the Four Lands, and is determined to take his revenge on everyone he feels has wronged him.","https://images-na.ssl-images-amazon.com/images/S/compressed.photo.goodreads.com/books/1547371047i/41948722.jpg","local","upload\Terry Brooks\The_Stiehl_Assassin_-_Terry_Brooks.epub","0","0","0.00","0","0","1"
"41948792","1","1","12051908","Free","A Warehouse, a Witch Doctor, and a Wedding","Book 9 in the Deanna Oscar Paranormal Cozy Mystery Series  You’re Invited to the wedding of the year! Dress is formal—Holy Water, recommended…  Deanna Oscar and friends are back, while De is trying to get caught up—Ivy is planning her dream wedding. The venue seems abandoned and full of ghosts, demons, and more…  Getting married in a haunted warehouse is a bad idea! But Ivy has her heart set on the huge venue rip for decoration. She’s sure she can get it cheap. Ivy seems drawn to these extremely haunted locations and De has to put a stop to it before innocent people are hurt.  The owner isn’t worried about anything, even though he calls himself a witch doctor. De knows the homeless squatting there are in danger but she can’t do much without trespassing on private property. Not that that will stop her.  Come along for the ride as murders, kidnappings, and a hot bridesmaids dress land in the lap of New Orleans favorite paranormal problem solver.  ","https://images-na.ssl-images-amazon.com/images/S/compressed.photo.goodreads.com/books/1537409204i/41948792.jpg","local","upload\C.C. Dragon\A_Warehouse,_a_Witch_Doctor,_an_-_C._C._Dragon.epub","0","0","0.00","0","0","1"
"41951502","1","41","14248273","Free","Upheaval","VICTORY IS AT HAND! ALL THEY NEED IS A MIRACLE…The evil Emperor is in our heroine’s sights—all she needs now is a military and cultural miracle.  It’s the dead of winter, and the Terrans hold the line as the Conglomeration is holed-up in a makeshift camp, prickly with nervous excitement, preparing for a massive offensive into wealthy Merriton—the gaudy Conglomerate city in which Sal was enslaved as a child. But the next battle will have to wait. Sometimes, things even more personal than war get in the way—like hormones.   Unimaginably powerful Salryc Luxx, Kaisae of all Iliri and de facto Queen of the Conglomerate forces, is finally brought to her knees—by ovulation. So is Shade, her partbred iliri warrior-sister. To avoid hormonal confusion, and, well, the entire Black Blades from instinctively tearing each other and all other male allies apart with protective rage and sexual prowess, all parties are separated—iliri from humans, men from women, Sal from her pack—stuck in a holding pattern while the battle lines move closer. And nobody is more annoyed by being cooped up with nothing to do than Sal.  When the women finally free themselves from self-imposed quarantine (and reforge their sexual bonds with their mates), it’s back to work. The allies continue to collaborate, this time enacting a meticulously-laid plan to quietly infiltrate Terric’s diamond of a city as spies. Part of the fun in this volume is the detailed unfolding of the riveting military plot, which has all the thrills of a Russian spy novel.  Like all of the Rise of the Iliri novels, this epic fantasy story focuses on loving relationships, platonic and romantic, with a steamy reverse harem theme. Sal’s erotic love scenes with her three male mates are explicit and almost unbearably titillating, although not for all readers—especially those under eighteen.","https://images-na.ssl-images-amazon.com/images/S/compressed.photo.goodreads.com/books/1537452314i/41951502.jpg","local","upload\Auryn Hadley\Upheaval_-_Auryn_Hadley.epub","0","0","0.00","0","0","1"
"41953513","1","41","15450354","Free","Ascend","Love can destroy you...The instructions were simple enough.1. Walk across a bridge made of air, fire, and water.2. Rally the gods themselves to cross it with you.3. Blow a magical horn.Too bad things are never as simple as they seem. Gwen and her group are united at last, but after a betrayal and almost losing her stepbrother, they're having more trouble than ever when it comes to bonding. At least the world of the gods is welcoming, if not quite what they'd expected. The gods aren't exactly clamoring to cross the bridge with them, and when Gwen finds out her mother needs her, she's torn between completing the mission and returning to Midgard.As Gwen faces her biggest challenges yet, her new family and their god must come together to save Midgard before the giants claim it for their own.","https://images-na.ssl-images-amazon.com/images/S/compressed.photo.goodreads.com/books/1537473266i/41953513.jpg","local","upload\Lena Mae Hill\Ascend_-_Lena_Mae_Hill.epub","0","0","0.00","0","0","1"
"41967688","1","16","8109231","Free","The Hunter Brothers Box Set","Four brothers. Four stories. Four happy-ever-afters?  JAX: I've always done what's expected of me, run Hunter Enterprises the way Grandfather wanted, but when I stepped into Club Privé, I saw something I wanted for myself. I wouldn't let anything keep me from bringing that world of decadence and sex to my home city, Boston.  CAI: My entire life has always been focused on accomplishments, working myself ragged in the hopes of getting out from underneath my big brother's shadow. Now, Grandfather's gone, and my relationship with my brothers is at a breaking point, leaving me to decide what's truly important.  SLADE: I was known as ""The Peacemaker"", the laid-back brother who never felt emotions as deeply as everyone else. Except I did. I'd just always hide them. Not anymore. After she walked into my life, all I want now is to become the man she needs me to be. If only she'll trust me enough to tell me who that is.  BLAKE: I've been angry for as long as I can remember. Angry about life, about what I've lost. It's my only defense, my only protection. No one has ever been able to break through. Then I meet her. The strong and beautiful Brea who won't let me retreat into anger. If I just can open up my walls for her, I know she can change my life.  You can now read M. S. Parker's, The Hunter Brothers series in one continuous collection. On sale for a limited time.","https://images-na.ssl-images-amazon.com/images/S/compressed.photo.goodreads.com/books/1537636854i/41967688.jpg","local","upload\M.S. Parker\The_Hunter_Brothers_Complete_Co_-_M._S._Parker.epub","0","0","0.00","0","0","1"
"41974797","1","36","4512224","Free","Fractured Stars","McCall Richter finds criminals, con men, and deadbeats better than anyone else in the empire. She’s proud of her success and that she owns her own spaceship, especially since she struggles to understand human motivations, can’t tell when people are lying to her, and is horrible at recognizing faces. Being autistic in the empire is frowned upon—and there’s a handy normalization surgery to correct it—but she’s managed to prove her worth and avoid irking the tyrannical regime. Except for one thing. Two years ago, she liberated the android, Scipio, from an imperial research facility where he was treated worse than a slave. He’s become her business partner and best friend, but if the empire finds out she has him, a “normalization” surgery will be the least of her worries. When her ship is confiscated by a cyborg law enforcer needing to transport prisoners, McCall knows she and Scipio are in trouble. Worse, the enforcer’s pilot is a former bounty hunter and business competitor she beat to the prize many times in the past. Soon, he’s snooping all over her ship and questioning her about her past. And there's something strange about him. He knows far more about what she’s thinking than any human should. It’ll only be a matter of time before he discovers her secret. And then what?","https://images-na.ssl-images-amazon.com/images/S/compressed.photo.goodreads.com/books/1537719773i/41974797.jpg","local","upload\Lindsay Buroker\Fractured_Stars_-_Lindsay_Buroker.epub","0","0","0.00","0","0","1"
"41977749","1","17","6860531","Free","Harley Merlin and the Stolen Magicals","How does one become an all-powerful Child of Chaos? That’s what Harley desperately needs to find out before her unhinged aunt raises the death toll. All she knows for sure is that magical kids are missing, and they somehow fit into Katherine Shipton’s grand scheme. Now that Harley is an official member of the San Diego Coven, she feels more responsible than ever for its protection—and that of the magical world. But she’s got a whole lot more on her plate than that. There’s a traitor lurking within the Coven. She still yearns to know the secrets contained within her parents’ Grimoire. And there’s also the fact that she might actually have feelings for a certain stubborn, green-eyed dude… All the while, Santana faces her own demons, with a magical Purge building within her and a crush on a boy with a dark side, one that might just lead them to real answers.","https://images-na.ssl-images-amazon.com/images/S/compressed.photo.goodreads.com/books/1537748327i/41977749.jpg","local","upload\Bella Forrest\Harley_Merlin_and_the_Stolen_Ma_-_Bella_Forrest.epub","0","0","0.00","0","0","1"
"42023698","1","1","3087007","Free","Mr. November","
FROM # BESTSELLING AUTHOR BAILEY BRADFORD

Book eleven in the Calendar Men series

Andy’s planning a feast but it has nothing to do with a holiday and everything to do with the sexy shifter whose heart he’s determined to win.
 Andy Cunningham wasn’t thrilled with his month in the charity calendar event—he kind of thought November was a bit undignified. But when he meets Kerry, a sexy buck shifter at the calendar release party, he forgets all about posing during Turkey month and starts planning ways to catch Kerry’s attention—and his heart.","https://images-na.ssl-images-amazon.com/images/S/compressed.photo.goodreads.com/books/1537788933i/42023698.jpg","local","upload\Bailey Bradford\Mr._November_-_Bailey_Bradford.epub","0","0","0.00","0","0","1"
"42041712","1","41","5829989","Free","Marked for Them","Hiding out in a mental institution isn’t glamorous. But I call it surviving.I’m blissfully unaware of the world outside thanks to the hospital’s walls—and spell—that hide me. Until a ghost shows up, talking about his friends being marked by a demon. But not just any demon. The same one who marked me and wants me dead. My father. Fearful that Daddy Dearest could be my next uninvited guess, I choose to follow the ghost to his four very alive friends. To my relief, they want Salrus dead just as much as I do. What I’m not prepared for is finding out that Zane—the alpha wolf shifter—is my mate, and the demon mark links the six of us—ghost included—together on a deeper level than I ever imagined. Teaming up and preparing to face the demon stirs up passion and dark secrets none of us are really ready to face. Marked for Them is the first in a hot new reverse harem, paranormal romance series, Witches of Rose Lake.Series reading orderMarked for ThemFighting for ThemHunted by Them","https://images-na.ssl-images-amazon.com/images/S/compressed.photo.goodreads.com/books/1537853967i/42041712.jpg","local","upload\Lia Davis\Marked_for_Them_-_Lia_Davis.epub","0","0","0.00","0","0","1"
"42075825","1","17","13843055","Free","The Raven's Ballad","Once upon a time…  A curse can only be broken by luck or an impossible feat, and Aisling has tried numerous impossible feats. Every morning she changes into a swan. Every dusk she has a few moments with the man she loves, only to watch him forced into the form of a raven by the same curse.  When it becomes clear the curse is directly connected with an ancient, awakening evil, she sets off into the depths of Underhill to find answers. Unfortunately, this is a journey that must be made alone.  Bran refuses to believe there isn't another way. Split off from his queen, he joins forces with the Seelie Fae and the Druids. Darkness spreads throughout the Raven Kingdom. Both king and queen fight to protect their people, their home, and the love they have for each other.","https://images-na.ssl-images-amazon.com/images/S/compressed.photo.goodreads.com/books/1537976894i/42075825.jpg","local","upload\Emma Hamm\The_Raven_s_Ballad__A_Retelling_-_Emma_Hamm.epub","0","0","0.00","0","0","1"
"42077114","1","45","14718375","Free","Roll the Bones: An Urban Fantasy Fae Romance","Darcey is lost and alone. Without her powers she is unsure of her place in the world and in the lives of those she cares about. A new foe arises, taking advantage of Darcey’s loss and using it to seek power. Darcey must save the lives of those closest to her. But how can she succeed when her new adversary is determined to destroy her loved ones? She might not be able to save everyone but she’s willing to die trying. Whoever said the life of a harbinger runs smoothly has obviously never fought a pit-load of demons that want to eat their face.","https://images-na.ssl-images-amazon.com/images/S/compressed.photo.goodreads.com/books/1537991092i/42077114.jpg","local","upload\Bilinda Sheehan\Roll_the_Bones_(Bones_and_Bount_-_Bilinda_Sheehan.epub","0","0","0.00","0","0","1"
"42080142","1","47","9013543","Free","The Turn of the Key","When she stumbles across the ad, she’s looking for something else completely. But it seems like too good an opportunity to miss—a live-in nannying post, with a staggeringly generous salary. And when Rowan Caine arrives at Heatherbrae House, she is smitten—by the luxurious “smart” home fitted out with all modern conveniences, by the beautiful Scottish Highlands, and by this picture-perfect family. What she doesn’t know is that she’s stepping into a nightmare—one that will end with a child dead and herself in prison awaiting trial for murder. Writing to her lawyer from prison, she struggles to explain the unravelling events that led to her incarceration. It wasn’t just the constant surveillance from the cameras installed around the house, or the malfunctioning technology that woke the household with booming music, or turned the lights off at the worst possible time. It wasn’t just the girls, who turned out to be a far cry from the immaculately behaved model children she met at her interview. It wasn’t even the way she was left alone for weeks at a time, with no adults around apart from the enigmatic handyman, Jack Grant. It was everything. She knows she’s made mistakes. She admits that she lied to obtain the post, and that her behavior toward the children wasn’t always ideal. She’s not innocent, by any means. But, she maintains, she’s not guilty—at least not of murder. Which means someone else is. Full of spellbinding menace and told in Ruth Ware’s signature suspenseful style, The Turn of the Key is an unputdownable thriller from the Agatha Christie of our time.","https://images-na.ssl-images-amazon.com/images/S/compressed.photo.goodreads.com/books/1548204800i/42080142.jpg","local","upload\Ruth Ware\The_Turn_of_the_Key.epub","0","0","0.00","0","0","1"
"42083967","1","26","7074943","Free","Broken Throne","Return once more to the deadly and dazzling world of Red Queen in Broken Throne, a beautifully designed, must-have companion to the chart-topping series from #1 New York Times bestselling author Victoria Aveyard.The perfect addition to the #1 New York Times bestselling Red Queen series, this gorgeously designed package features three brand-new novellas, two previously published novellas, Steel Scars and Queen Song, and never-before-seen maps, flags, bonus scenes, journal entries, and much more exclusive content.Fans will be delighted to catch up with beloved characters after the drama of War Storm and be excited to hear from brand-new voices as well. This stunning collection is not to be missed!","https://images-na.ssl-images-amazon.com/images/S/compressed.photo.goodreads.com/books/1547753770i/42083967.jpg","local","upload\Victoria Aveyard\Broken_Throne_-_Victoria_Aveyard.epub","0","0","0.00","0","0","1"
"42103586","1","3","2879706","Free","Lost Gate","Most of the world knows Caina Amalas as the director of private security contractor Ghost Securities. In truth, she's a shadow agent of the High Queen of the Elves.  But while the Elves rule the Earth, there are still many wealthy and powerful humans...and Andromache Kardamnos is one of the richest and most cunning. When she needs a favor, it's hard to say no.  But Andromache's favor involves stopping a nightmare creature from the Shadowlands.  And to stop the creature, Caina will need the help of one of the most dangerous and unpredictable wizards she's ever met - her fellow shadow agent Nadia Moran...","https://images-na.ssl-images-amazon.com/images/S/compressed.photo.goodreads.com/books/1538322677i/42103586.jpg","server_url","upload\Jonathan Moeller\Lost_Gate_-_Jonathan_Moeller.epub","1","0","0.00","0","1","1"
"42109975","1","17","17235359","Free","The Gladiator's Downfall","Mave knows where she stands in life.   She’s an Andinna. A member of the winged, horned, and tailed warrior race that the Elvasi Empire defeated in the Hundred Year War and then enslaved. She’s a slave, and has been one for a thousand years, the personal property of the Empress of the Elvasi Empire, since the end of the War. She’s a gladiator, thrown onto the sands of the Colosseum to die, though it backfired on those who wanted her dead. She’s the Champion of the Colosseum, and has been for roughly nine hundred years.  All of these things have marked her as an outcast among her own people. Hated, distrusted, and despised, she knows the name of her people, but not much else.  But she knows where she stands. Keeping her head down and her blades sharp has carried her this far, and she refuses to acknowledge the deepest wishes she holds in her heart. Those will only get her killed.  Alone, she’s stood against everything they have ever thrown at her, refusing to give them what they want.  What Mave doesn’t know is that it’s all about to change.    The Gladiator’s Downfall is a 129,000+, full-length novel. Age of the Andinna is a reverse harem epic fantasy series. The female lead will collect her lovers as the series progresses. There is triggering content in this series including but not limited to: abuse, violence, mature language, and sexual content. It’s recommended for mature audiences.","https://images-na.ssl-images-amazon.com/images/S/compressed.photo.goodreads.com/books/1538403380i/42109975.jpg","local","upload\Kristen Banet\The_Gladiator_s_Downfall_-_Kristen_Banet.epub","0","0","0.00","0","0","1"
"42111453","1","1","16994557","Free","Insurrection"," The only way to fight an all-powerful alien intelligence is by recruiting new allies  A far-future space opera series from #1 Bestselling author James David Victor Alpha is continuing its quest to revive Valyien control of the galaxy. Eliard, Irie, and Val must find new allies if they hope to stop the all-powerful artificial intelligence. Can Val convince his people to join the fight against Alpha or will this trip home be the last for him and the Mercury Blade? Insurrection is the fifth book in the exciting Valyien series. If you like fast paced space adventure, the rogue crew of the Mercury Blade will keep you entertained for hours. Download Insurrection and get started on your next space adventure today! Always FREE on Kindle Unlimited ","https://images-na.ssl-images-amazon.com/images/S/compressed.photo.goodreads.com/books/1538418537i/42111453.jpg","local","upload\James David Victor\Insurrection_-_James_David_Victor.epub","0","0","0.00","0","0","1"
"42114075","1","12","3780","Free","13-Minute Murder: Dead Man Running / 113 Minutes / 13 Minute Murder","What do a psychiatrist, a mother, and an expert hitman have in common? Their time is running out in these three fast-paced thrillers from the World's #1 Bestselling Writer, James Patterson.DEAD MAN RUNNING: Psychiatrist Randall Beck specializes in PTSD cases--and his time is limited. Especially when he uncovers a plot to kill a presidential candidate.113 MINUTES: Molly Rourke's son has been murdered--and she knows who's responsible. Now she's taking the law into her own hands. Never underestimate a mother's love.13-MINUTE MURDER: He can kill anybody in just minutes--from the first approach to the clean escape. His skills have served him well, and he has a grand plan: to get out alive and spend his earnings with his beloved wife, Maria.An anonymous client offers Ryan a rich payout to assassinate a target in Harvard Yard. It's exactly the last big job he needs to complete his plan. The precision strike starts perfectly, then somehow explodes into a horrifying spectacle. Ryan has to run and Maria goes missing. Now the world's fastest hit man sets out for one last score: Revenge. And every minute counts.","https://images-na.ssl-images-amazon.com/images/S/compressed.photo.goodreads.com/books/1538448148i/42114075.jpg","local","upload\James Patterson\The_13-Minute_Murder_-_James_Patterson.epub","0","0","0.00","0","0","1"
"42117989","1","16","14255","Free","Lost and Found","
Lost and Found
 is an unforgettable new novel from Danielle Steel, whose countless #1

 New York Times 

bestsellers have made her one of America's favorite storytellers.
","https://images-na.ssl-images-amazon.com/images/S/compressed.photo.goodreads.com/books/1555030970i/42117989.jpg","local","upload\Danielle Steel\Lost_and_Found_-_Danielle_Steel.epub","0","0","0.00","0","0","1"
"42118856","1","2","12455","Free","Cari Mora","From the creator of Hannibal Lecter and The Silence of the Lambs comes a story of evil, greed, and the consequences of dark obsession.Twenty-five million dollars in cartel gold lies hidden beneath a mansion on the Miami Beach waterfront. Ruthless men have tracked it for years. Leading the pack is Hans-Peter Schneider. Driven by unspeakable appetites, he makes a living fleshing out the violent fantasies of other, richer men. Cari Mora, caretaker of the house, has escaped from the violence in her native country. She stays in Miami on a wobbly Temporary Protected Status, subject to the iron whim of ICE. She works at many jobs to survive. Beautiful, marked by war, Cari catches the eye of Hans-Peter as he closes in on the treasure. But Cari Mora has surprising skills, and her will to survive has been tested before.Monsters lurk in the crevices between male desire and female survival. No other writer in the last century has conjured those monsters with more terrifying brilliance than Thomas Harris. Cari Mora, his sixth novel, is the long-awaited return of an American master.","https://images-na.ssl-images-amazon.com/images/S/compressed.photo.goodreads.com/books/1547216289i/42118856.jpg","local","upload\Thomas  Harris\Cari_Mora.epub","0","0","0.00","0","0","1"
"42121525","1","2","2869149","Free","Migrations","Franny Stone has always been the kind of woman who is able to love but unable to stay. Leaving behind everything but her research gear, she arrives in Greenland with a singular purpose: to follow the last Arctic terns in the world on what might be their final migration to Antarctica. Franny talks her way onto a fishing boat, and she and the crew set sail, traveling ever further from shore and safety. But as Franny’s history begins to unspool—a passionate love affair, an absent family, a devastating crime—it becomes clear that she is chasing more than just the birds. When Franny's dark secrets catch up with her, how much is she willing to risk for one more chance at redemption?Epic and intimate, heartbreaking and galvanizing, Charlotte McConaghy's Migrations is an ode to a disappearing world and a breathtaking page-turner about the possibility of hope against all odds.","https://images-na.ssl-images-amazon.com/images/S/compressed.photo.goodreads.com/books/1612818084i/42121525.jpg","local","upload\Charlotte McConaghy\Migrations.epub","0","0","0.00","0","0","1"
"42121938","1","17","6539577","Free","Highland Queen"," The king is dead.Long live the queen.With Duncan defeated, Gruoch becomes Queen of Scotland. Now she must rule at Macbeth's side, a difficult prospect as the new King of Scots grows increasingly unstable. To keep her son, her love, and her country safe, Gruoch must call upon the raven.Dive into the final installment of Gruoch's epic tale in 
Highland Queen
, a Scottish Historical Fantasy, Book 4 in 
The Celtic Blood Series
 by 
New York Times
 bestselling author Melanie Karsak.","https://images-na.ssl-images-amazon.com/images/S/compressed.photo.goodreads.com/books/1538541131i/42121938.jpg","local","upload\Melanie Karsak\Highland_Queen_-_Melanie_Karsak.epub","0","0","0.00","0","0","1"
"42170635","1","16","9819031","Free","Their Unexpected Babies","From irresistible attraction... to ready-made family!After her best friend agrees to be her surrogate, Dr Leah Hudson's dream of being a mum is finally coming true! But throwing caution to the wind for one night with sexy Dr Ben Willoughby has shocking consequences... Leah's pregnant! Now with two babies depending on her, Leah must push her feelings for committed bachelor Ben aside, unless he proves that Leah and the babies can depend on him.","https://images-na.ssl-images-amazon.com/images/S/compressed.photo.goodreads.com/books/1541385472i/42853179.jpg","local","upload\Louisa Heaton\Their_Unexpected_Babies_-_Louisa_Heaton.epub","0","0","0.00","0","0","1"
"42182844","1","1","18493193","Free","Billion Dollar Wolves: The Complete Series","Five brothers struggle to keep a sexy secret in a world that expects them to be playboys...  Book 1: Cut the Apron Strings Jason King is the youngest of five brothers. Twenty-five is too old to be the baby. Skye Kincaid is a hungry journalist looking for the next big story. When the patriarch of the King family dies in a sudden and suspicious hunting accident, Skye is sure she’s found her story. But it will take more than digging to pull the skeletons out of the King family closet. The closer Skye gets to the truth, the more she realizes what is at stake. This isn’t just a story. It might be the love of her life.  Book 2: Mother Tongue Edward King has always considered himself willing to help the family business along. After all, family first. But when family first means going out with women that are mother approved, Edward digs in his heels. He’s already got his sights set on Diana. Their romance may have fizzled out, but Edward knows just how to heat it up. Then Diana comes to Edward with a job opportunity that seems almost too good to be true. Edward and Diana will have to fight for a chance to love who they want. After all, there’s no room for Edward’s travel plans in the matriarch’s playbook and the mother of all mothers is not above playing dirty to get what she wants.  Book 3: Eyes in the Back of Her Head Zane King loves everything there is to being a shifter. Unfortunately for Zane, his mother doesn’t approve. When Zane rebels, his mother cuts him off. Thankfully for Zane, he has an old school friend who is willing to take him in. Landry is the hardest working woman Zane has ever met. Zane quickly realizes that he’s going to have to step up and grow up if he’s going to be worthy of a woman like Landry. Lucky for him Landry is a girl who knows that Zane King is one of a kind.  Book 4: Mum’s the Word Devon King has a secret. He’s in love with a woman who is just all wrong for him in more ways than he can count. Devon is almost sure he’s all wrong for her too. Kami is different. She's the janitor who cleans the building where the King family has their business. With all of the upheaval and drama, Devon and Kami’s relationship has remained in the shadows. But the time for that has passed. Devon has to step up and show Kami just how he feels or he runs the risk of losing her for good.  Book 5: The Mother of All Orion King has turned himself inside out to be the son his mother has always wanted. Unfortunately for all of the Kings, their mother isn’t exactly the maternal type. Eleni Ariosa has a similar problem and a similar mother. In fact, Eleni and Orion have mothers who are best frenemies with all the drama that comes with it. Soon enough Orion and Eleni realize that there’s more going on with their badly behaving mothers than either of them realized. As the tangled web of greed and lies begins to unravel, Eleni and Orion start spending a lot of time investigating past events and even more time investigating the strange attraction brewing between them. Sometimes common ground is the only thing you can cling to.","https://images-na.ssl-images-amazon.com/images/S/compressed.photo.goodreads.com/books/1538700812i/42182844.jpg","local","upload\Dee Bridgnorth\Billion_Dollar_Wolves_A_Boxset_by_DeeBridgnorth.epub","0","0","0.00","0","0","1"
"42184242","1","12","17206010","Free","Shiver Me Witches","It’s Halloween in Riddler’s Edge, and everyone is having a wonderful time. So wonderful that they don’t seem to care when two women are murdered on Pirates’ Pier. There’s a strange new magic affecting everyone. Everyone, that is, except Aisling Smith. But without the help of her friends, will she be able to find the killer in time? Dealing with murder, magically-altered friends, and a fair few ghosts and pirates is going to make for a busy Halloween. But even if Aisling gets through all of that, there will be one more mystery left to solve. A mystery that means more to her than anything. Will she finally discover what happened to her parents?","https://images-na.ssl-images-amazon.com/images/S/compressed.photo.goodreads.com/books/1538716424i/42184242.jpg","local","uploads/A. A. Albright/Shiver_Me_Witches_-_A._A._Albright.epub","0","0","0.00","0","0","1"
"42184299","1","25","6860531","Free","An Edge of Malice","
""We’d accomplished so much. 

We’d fought a good fight.

But now, things were getting dirty...""

Reunite with the Shadians in the pulse-pounding Book 7 of Season 8. 

Pre-order now!

*Beware of spoilers in the reviews below that are without spoiler alerts*
","https://images-na.ssl-images-amazon.com/images/S/compressed.photo.goodreads.com/books/1538716826i/42184299.jpg","local","upload\Bella Forrest\An_Edge_of_Malice_-_Bella_Forrest.epub","0","0","0.00","0","0","1"
"42184554","1","2","6587327","Free","Witches Just Want to Have Fun","Moonstone Bay is a place of magic, mystery … and a whole lot of mayhem. Hadley Hunter is about to find out the island’s biggest secrets … if she can stay alive long enough to dig deep and absorb a bevy of different answers. Come along for the ride with Hadley, hunky sheriff Galen, mysterious Booker, and congenial Lilac – along with a multitude of other colorful characters – as they engage in one adventure after another. This three-book omnibus includes Witchin’ USA, Witch Out of Water and Freaky Deaky Tiki.","https://images-na.ssl-images-amazon.com/images/S/compressed.photo.goodreads.com/books/1538717527i/42184554.jpg","local","upload\Amanda M. Lee\Witches_Just_Want_to_Have_Fun_-_Amanda_M._Lee.epub","0","0","0.00","0","0","1"
"42186515","1","17","14166772","Free","A Little Siren","Silvia Undine is used to shouldering the blame for everything happening around her; people tend to be suspicious of what they don't understand and they definitely don't understand her kind. The one place she might find acceptance is her home, the ocean from which she's been banished. Never had she imagined that her return might start a war and what she most certainly hadn't expected was to find Kings willing to fight for, against, and over her.","https://images-na.ssl-images-amazon.com/images/S/compressed.photo.goodreads.com/books/1538743354i/42186515.jpg","local","upload\May Sage\A_little_Siren_-_May_Sage.epub","0","0","0.00","0","0","1"
"42188630","1","4","3098","Free","The Last Stone","On March 29, 1975, sisters Katherine and Sheila Lyons, ages ten and twelve, vanished from a shopping mall in suburban Washington, D.C. As shock spread, then grief, a massive police effort found nothing. The investigation was shelved, and the mystery endured.   Then, in 2013, a cold case squad detective found something he and a generation of detectives had missed. It pointed them toward a man named Lloyd Welch, then serving time for child molestation in Delaware.   The acclaimed author of Black Hawk Down and Hue 1968 had been a cub reporter for a Baltimore newspaper at the time of the original disappearance, and covered the frantic first weeks of the story. In The Last Stone, he returns to write its ending. Over months of intense questioning and extensive investigation of Welch’s sprawling, sinister Appalachian clan, five skilled detectives learned to sift truth from determined lies. How do you get a compulsive liar with every reason in the world to lie to tell the truth? The Last Stone recounts a masterpiece of criminal interrogation, and delivers a chilling and unprecedented look inside a disturbing criminal mind.  ","https://images-na.ssl-images-amazon.com/images/S/compressed.photo.goodreads.com/books/1552941407i/42188630.jpg","local","upload\Mark Bowden\The_Last_Stone.epub","0","0","0.00","0","0","1"
"42190189","1","1","845191,14417592,4868644","Free","Juntto","Katie has a problem, and you spell it J.U.N.T.T.O.The team has to come to grips with a killer being allowed to live.** AMAZON Top 100 Bestselling Author **The alien has to deal with the threat of Paperwork.Will this effort to allow Juntto to redeem himself work?Or will Katie need to figure out how to kill him for good, when even the angels from above could only place him on ice before?Juntto is used to getting his way, but has he met his match with Angie? He wants to be Emperor of his own country. How can she convince him being an Emperor isn’t all it is cracked up to be??Pandora doesn’t play by the rules, nor will Katie. When Moloch attacks, the General asks Katie and Pandora to kick the gates of Hell in. Can they do it and live?Scroll back to the top and click “Read for Free” or “Buy Now,” and kick back for a fun supernatural action-packed adventure that will have you yelling for the good guys and laughing at the arguments between Katie and…her."" ***** Be prepared to handle sleep deprivation."" - Torn Asunder - Book 01 - Protected by the Damned."" ***** A masterfully-told tale about a group of dedicated contemporary warriors standing between humans and demons. A can't-put-down read. Characters who grow in interesting ways, and well-balanced action. Well done, and an exciting opening to a new series.""  - Torn Asunder - Book 01 - Protected by the Damned."" ***** Be warned...very addictive!""  - Torn Asunder - Book 01 - Protected by the Damned."" ***** A story with kick-ass heroes and characters written where you feel like you are part of their crew stuck in a story that you has you entertained from page 1. Katie and team are a lot of fun to read about. Definitely a different take on Demons."" Lisa M. Frett -  Torn Asunder - Book 01 - Protected by the Damned.--- This book contains cursing. Perhaps humorous cursing, but cursing nonetheless. If this offends you, I suggest you don’t read this book. ","https://images-na.ssl-images-amazon.com/images/S/compressed.photo.goodreads.com/books/1538778002i/42190189.jpg","local","upload\Michael Todd\Juntto_-_Michael_Todd.epub","0","0","0.00","0","0","1"
"42193451","1","36","4181354","Free","A Canyon Road Christmas","

No holiday is complete without a little magic…


Rafe and Miranda Castillo already had everything they wanted for Christmas...each other. But with the clan pushing for a “proper” wedding ceremony, what was supposed to be a quiet, romantic Christmas has quickly morphed into a whirlwind of frantic activity.In between squeezing in a pre-holiday booking at the Cathedral in Santa Fe, searching for a wedding dress, and dealing with inter-clan etiquette, Rafe and Miranda manage to sneak in a few intimate moments.But when Rafe’s cousin Sophia calls, he finds himself with an unexpected loose end to tie up. If it’s not properly sealed and locked away, it could come back to throw a shadow on the clan’s future….","https://images-na.ssl-images-amazon.com/images/S/compressed.photo.goodreads.com/books/1538825489i/42193451.jpg","local","upload\Christine Pope\A_Canyon_Road_Christmas_-_Christine_Pope.epub","0","0","0.00","0","0","1"
"42195836","1","16","240840","Free","Releasing the Dragon","A girl with a painful past A warrior with a Dark Half—the Drake locked inside him. When they come together and the Drake freed, Will it draw them closer together… Or kill them both?  Back in high school, Annie Michaels was an outcast. Too short and plump with frizzy red hair, glasses, and braces, she was the poster child for unpopular. But now, ten years later, things have changed. Annie is still plus-sized but she’s ditched the glasses and braces and pays to have her hair straightened. She just wants to go to her high school reunion in peace and try to hook up with her old crush—the elusive Christian Wentworth. Too bad a tall, dark Kindred warrior has other ideas for her.  Drugair of the Drake Kindred is annoyed when he starts Dream-Sharing with the luscious little redhead. He doesn’t have time to call a bride and besides, as a member of the Kindred Elite Espionage Corps, his job is too difficult and dangerous to complicate matters with a helpless Earth female. It also doesn’t help that he has a Darker Side—the Drake who lives inside him wants to claim Annie as theirs but Dru does everything he can to suppress it’s fiery desires. He tries to ignore the dreams and finds he can’t…he has to go to Annie.  But just because she’s been dreaming of Dru doesn’t mean Annie’s willing to drop everything and be his bride. It’s only after he rescues her from the reunion gone wrong that she begins to feel for him—enough that she stows away on his ship and gets caught up in his latest mission, tracking a terrorist to the Shadow Palace in the Maw Cluster millions of light years away.  While in the Shadow Palace, Annie has to pose as Dru’s x’aan-chow or “sex pet.” This new twist in their relationship brings them closer together but when Annie is threatened, Dru’s Darker Half takes over. When the Drake comes out, will it bring them closer together? Or will they both die as a result? You’ll have to read Releasing the Dragon to find out… ","https://images-na.ssl-images-amazon.com/images/S/compressed.photo.goodreads.com/books/1538846059i/42195836.jpg","local","upload\Evangeline Anderson\Releasing_the_Dragon_-_Evangeline_Anderson.epub","0","0","0.00","0","0","1"
"42196479","1","17","7010202","Free","Sin & Chocolate","Some people are ordained for greatness…  Those people usually have a lot of drama in their life. Drama I happily do without. I live in a forgotten corner of nowhere for a reason: there is safety in anonymity. I have enough problems just trying to get by.  But when Kieran, a sinfully sexy demigod at the pinnacle of power, crashes into my life, suddenly my whole world is turned upside down.  He’s harboring a deadly secret, one that could destroy all he holds dear. He thinks I’m the key to his salvation, and he wants me to help him claim vengeance.  He also wants me with a passion that burns my body from the inside out.  To ignore him is impossible, but to give in to my desires, even for a night, would thrust me into danger I might not survive.  Can I resist the temptation?","https://images-na.ssl-images-amazon.com/images/S/compressed.photo.goodreads.com/books/1745955041i/42196479.jpg","local","upload\K.F. Breene\Sin_&_Chocolate_-_K._F._Breene.epub","0","0","0.00","0","0","1"
"42202069","1","2","8313818","Free","Riots I Have Known","“Dark, daring, and laugh-out-loud hilarious, Riots I Have Known is one of the smartest—and best—novels of the year.”—NPR“Chapman establishes himself as a master of wit, satire, and heart.”—Apple Books“[A] gritty, bracing debut.”— Esquire“Dazzling...Supremely mischievous and sublimely written.”— Publishers Weekly (starred review)An unnamed Sri Lankan inmate has barricaded himself inside a prison computer lab in Dutchess County, New York. A riot rages outside, incited by a poem published in The Holding Pen, the house literary journal. This, our narrator’s final Editor’s Letter, is his confession. An official accounting of events, as they happened .As he awaits imminent and violent interruption, he takes us on a roller coaster ride of plot and language, determined to share his life story, and maybe answer a few questions. How did he end up here? Should he have remained a quiet Park Avenue doorman? Or continued his rise in the black markets of postwar Sri Lanka? What will become of The Holding Pen , a “masterpiece of post-penal literature” favored by Brooklynites everywhere? And why does everyone think the riots are his fault? Can’t they see he’s really a good guy, doing it for the right reasons?Smart, wry, and laugh-out-loud funny, Ryan Chapman’s Riots I Have Known is an utter gem—an approachable send-up that packs a punch. Alexandra Kleeman, author of You Too Can Have a Body Like Mine , says, “Ryan Chapman has written a rocket-powered ode to literary creation and mass incarceration. Weaving satire and seriousness into a singularly rambunctious monologue, Riots I Have Known is a breath of fresh air.”","https://images-na.ssl-images-amazon.com/images/S/compressed.photo.goodreads.com/books/1556447804i/42202069.jpg","local","upload\Ryan Chapman\Ryan_Chapman.epub","0","0","0.00","0","0","1"
"42206615","1","37","9786375","Free","Ghostly Holiday","Christmas is here, and Harper Harlow and Jared Monroe have big plans for the holidays. Harper is ready to move into their new house – and find him the perfect gift. And Jared? Well, he’s gearing up to propose and he’s making Zander ring shop with him. All those plans go out the window when a little girl named Zoe Mathers goes missing and her traumatized mother is zero help in tracking down the culprit. Suspects are few and far between, although Zoe’s deadbeat father is of immediate interest. Between his most recent ex-girlfriend and potential sex offenders in the area, Jared and his partner have their hands full. Harper doesn’t make things easier when she stumbles upon the ghost of one of their suspects, and a whole new world of possibilities opens up. Between Jared’s mother visiting, Harper’s ex-boyfriend asking for a visit in jail, and Jared waiting for the perfect moment to pop the question, Whisper Cove’s favorite ghost hunters have their hands full. Jared, Harper, and Zander are determined to get a little girl home in time for Christmas, and celebrate their first big holiday together. They just have to survive first. It’s going to be a wacky Christmas, and if everything goes right, dreams are about to come true. Come along for the ride.","https://images-na.ssl-images-amazon.com/images/S/compressed.photo.goodreads.com/books/1538950390i/42206615.jpg","local","upload\Lily Harper Hart\Ghostly_Holiday_-_Lily_Harper_Hart.epub","0","0","0.00","0","0","1"
"42221487","1","45","6876556,18044519","Free","Moscow Mule","Quinn MacKenna is on the warpath to save her bartender. Bear-tender...whatever. And it might just break Russia.In every person’s life, there comes a point where well-meaning people mutter empty Hallmark card platitudes like “it’s all downhill from here” or “the only way to go now is up”.For Quinn, black magic arms dealer and potential Fae royalty, that time is now.Fresh after the death of her sole caretaker at the hands of a once-trusted ally, Quinn must forge new alliances and rekindle old friendships if she’s going to recover and find her place in the world.She just didn’t know step one would take her straight to Moscow...and into the ever-pleasant, rolling hills of Siberia. But there's one thing an Irish gal simply cannot do - leave her bartender behind. Even if it means squaring off against ex-special forces shifter bears.The newest antihero in the worldwide best-selling Phantom Queen series by Shayne Silvers. Join Cameron O’Connell and Shayne at the literary bar to sip a dirty cocktail of feisty Irish brogue - with an unhealthy splash of monsters - today!","https://images-na.ssl-images-amazon.com/images/S/compressed.photo.goodreads.com/books/1538984870i/42221487.jpg","local","upload\Shayne Silvers\Moscow_Mule_-_Shayne_Silvers.epub","0","0","0.00","0","0","1"
"42250243","1","2","90802","Free","A Job You Mostly Won't Know How to Do","A big-hearted novel “about the grace of friends and family, the true depth and patience of love, and the impossible privilege of what it means to be a father” (Caroline Leavitt,  New York Times  bestselling author of Pictures of You ). For young couple Taz and Marnie, their fixer-upper is the symbol of their new life a work in progress, the beginning of something grand, all the more so when they learn a baby is on her way. But the blueprint for the perfect life eludes Taz when Marnie dies in childbirth, plummeting the taciturn carpenter headfirst into the new, strange world of fatherhood alone, a landscape of contradictions, of great joy and sorrow. With a supporting cast as rich and compelling as the wild Montana landscape, the novel follows Taz's first two years as a father―a job no one can be fully prepared for. The five-time winner of the Pacific Northwest Bookseller Award with more than eleven books in over twenty years, Pete Fromm has become one of the West’s best literary legends.  A Job You Mostly Won’t Know How To Do beautifully captures people who end up building a life that is both unexpected and brave.","https://images-na.ssl-images-amazon.com/images/S/compressed.photo.goodreads.com/books/1548917615i/42250243.jpg","local","upload\Pete Fromm\A_Job_You_Mostly_Won_39_t_Know_How.epub","0","0","0.00","0","0","1"
"42262143","1","17","13540545","Free","Belle and the Pirate","Tinker Bell may long for companionship, but unpaired male fae are a rarity in Cairn Ocland. When her dearest friends become parents, Tink embarks on a journey to the fairy birthlands to meet the sprite born from the baby’s first laugh. Unfortunately, her adventure doesn’t go according to plan when poachers interrupt her mission.  Captain James Hook deserted the Eisland Navy twelve years ago to battle slavery on the high seas. As a pirate, he raids the ships of his former kingdom and their corrupt allies to the east while liberating them of ill-gotten goods. Rescuing a little fairy bound for the pet trade is an unexpected bonus.  Tink is everything James has ever desired in a woman—courageous, feisty, and loyal, but her diminutive size isn’t their largest obstacle. The Eisland Navy has a new weapon at its command, a mystery capable of demolishing a ship in a single blow. And the Jolly Roger is their next target.  Undertake a magical journey in Vivienne Savage's new romantic fantasy series loosely based on the lore of multiple fairy tales. Meet strong heroines supported by a cast of sexy heroes, intriguing friends, and devious villains. ","https://images-na.ssl-images-amazon.com/images/S/compressed.photo.goodreads.com/books/1539069313i/42262143.jpg","local","upload\Vivienne Savage\Belle_and_the_Pirate_-_Vivienne_Savage.epub","0","0","0.00","0","0","1"
"42265183","1","17","4600197","Free","The Beautiful","In 1872, New Orleans is a city ruled by the dead. But to seventeen-year-old Celine Rousseau, New Orleans provides her a refuge after she's forced to flee her life as a dressmaker in Paris. Taken in by the sisters of the Ursuline convent along with six other girls, Celine quickly becomes enamored with the vibrant city from the music to the food to the soirées and—especially—to the danger. She soon becomes embroiled in the city's glitzy underworld, known as La Cour des Lions, after catching the eye of the group's leader, the enigmatic Sébastien Saint Germain. When the body of one of the girls from the convent is found in the lair of La Cour des Lions, Celine battles her attraction to him and suspicions about Sébastien's guilt along with the shame of her own horrible secret.When more bodies are discovered, each crime more gruesome than the last, Celine and New Orleans become gripped by the terror of a serial killer on the loose—one Celine is sure has set her in his sights... and who may even be the young man who has stolen her heart. As the murders continue to go unsolved, Celine takes matters into her own hands and soon uncovers something even more shocking: an age-old feud from the darkest creatures of the underworld reveals a truth about Celine she always suspected simmered just beneath the surface.At once a sultry romance and a thrilling murder mystery, master storyteller Renée Ahdieh embarks on her most potent fantasy series yet: The Beautiful.","https://images-na.ssl-images-amazon.com/images/S/compressed.photo.goodreads.com/books/1547578763i/42265183.jpg","local","upload\Renée Ahdieh\The_Beautiful_-_Renee_Ahdieh.epub","0","0","0.00","0","0","1"
"42266099","1","54","3427472","Free","Memoirs of a Lagos Wedding Planner","Memoirs of a Lagos Wedding Planner is a collection of ten flash fiction stories written by Africa's Flash Fiction Queen, Tolulope Popoola.Flash Fiction is the term used to describe really short stories and this collection written by Tolulope Popoola is an excellent compilation of flash fiction stories with a Nigerian flavour. Memoirs of a Lagos Wedding Planner is a collection of flash fiction that takes you behind the scenes of the weddings you attend or hear about in Lagos. Meet the wedding party through the eyes of their planner - from the reluctant groom, to the crazy in-laws, to the unfaithful bride and much more. It's bound to make you gasp, laugh and cringe!","https://images-na.ssl-images-amazon.com/images/S/compressed.photo.goodreads.com/books/1539120605i/42266099.jpg","local","upload\Tolulope Popoola\Tolulope_Popoola_-_-_Memoirs_of_a_Lagos_Wedding_Planner.epub","0","0","0.00","0","0","1"
"42273886","1","1","1451404","Free","Overworld Apocalypse","OVERWORLD IN ASHES  Baal rules Seraphina. Atlantis is in his cross-hairs.  Thanks to Conrad Edison, Justin and gang can finally get back to Eden and raise an army to fight Baal. More importantly, Shelton can get a much-needed taco.  But the Overworld lies in ruins after Victus's civil war tore it apart. Even worse, an anti-supernatural nom organization is systematically hunting down supers and taking over Obsidian Arch waystations.  Justin and gang are running out of time to fight off the noms and restore order. Because another doomsday clock is ticking—one in which either Baal rules the realms, or the rogue Apocryphan, Xanomiel, recombines the realms into one Earth and kills billions.","https://images-na.ssl-images-amazon.com/images/S/compressed.photo.goodreads.com/books/1539207946i/42273886.jpg","local","upload\John Corwin\Overworld_Apocalypse_-_John_Corwin.epub","0","0","0.00","0","0","1"
"42276353","1","5","14703924","Free","Pack's Promise","Karis Begay is the only surviving heir to the Begay wolves of the Alaskan Pack. Someday she will take her place as Pack Mother which is a lifelong burden she has always carried with pride. It kept her isolated from others and hesitant to let anyone close to her. As she enters her freshman year at Archibald Reynolds College, no one knows who she is or who she is destined to become. It’s a chance at a fresh start, and just maybe... the beginning of something new.  Damon Rossi has been on his own, torn between two packs, most of his life. His true family was found in his brothers of Delta Omega Gamma. Sadness and depression loom over him as he faces his senior year not ready to move on to the next chapter in his life. That is, until he catches the scent of his one true mate. That scent drives his wolf wild as Damon struggles to dominate the previously docile creature as it surges with newfound powers he doesn’t understand.  Damon will do anything to be with Karis, but how will he respond when she tells him her secret—mating her seals his fate as Alpha.  When Karis’s life is threatened, Damon’s powers peak. Can he control them? Or will his wolf be too powerful? Will he find peace with his spirit animal in time to save Karis or face the regret of lost love?","https://images-na.ssl-images-amazon.com/images/S/compressed.photo.goodreads.com/books/1539242088i/42276353.jpg","local","upload\Julie Trettel\Pack_s_Promise_-_Julie_Trettel.epub","0","0","0.00","0","0","1"
"42283006","1","41","6914951","Free","Recovering the Siren","Two questions have been on everyone’s mind since Division Chief Seraphine Thomas went missing on her way home from NYC: Who abducted her? How do we get her back? The answer to the first is layered, the repercussions of it no one can fully foresee. The second answer is probably a given considering how kickass Sera is. Though she can’t do it alone and the one who comes to help wasn’t who most would think. Especially because it’s not a simple rescue. At. All. Months have passed when she returns home, and only her training with the FBI and going undercover saves her from too much crashing down on her at once. Oh yeah, and she’s still dying. They don’t know how she’s still alive when her own body was eating itself to survive. The road to recovery will be difficult, but she has help, and she does the best she can, especially when betrayal hits her hard from a place she hoped it wouldn’t. Thankfully all that work she put into building a solid foundation for herself pays off because the paranormals of Chicago will need to pull together or everything they built could be lost.  Seraphine Thomas is a crime series filled with Chicago attitude and a strong heroine that pushes what most would think a female lead capable of, along with the heat being involved with several men brings while trying to figure out what she wants. ","https://images-na.ssl-images-amazon.com/images/S/compressed.photo.goodreads.com/books/1539314412i/42283006.jpg","local","upload\Erin R. Flynn\Recovering_the_Siren_-_Erin_R._Flynn.epub","0","0","0.00","0","0","1"
"42285661","1","17","1221698","Free","The Quite Nice and Fairly Accurate Good Omens Script Book","THE QUITE NICE AND FAIRLY ACCURATE GOOD OMENS SCRIPT BOOK contains much that is new and revelatory and even several scenes that are not actually in the final television series.Neil Gaiman's glorious reinvention of the iconic bestseller GOOD OMENS is adapted from the internationally beloved novel by Terry Pratchett and Neil Gaiman and is soon to be a massive new TV launch on Amazon Prime Video and the BBC. The series is written and show-run by Neil himself and stars David Tennant, Michael Sheen, Jon Hamm and Miranda Richardson, to name but a few.**Includes an introduction by Neil Gaiman about bringing GOOD OMENS to the screen**In 1990, dream literary collaborators Terry Pratchett and Neil Gaiman published 'the funniest book they could write' about the end of the world. Now, Neil Gaiman reinvents their groundbreaking classic for 2019 with his original shooting scripts from the show, and gives readers a unique insight into his adaptation and vision for translating this iconic novel to the screen in an introductory essay.This all-new take on a tale about representatives of good and evil who join forces to prevent the coming apocalypse (which is scheduled to happen on a Saturday, just after tea) will be a joy for fans and new readers alike.","https://images-na.ssl-images-amazon.com/images/S/compressed.photo.goodreads.com/books/1561262959i/42285661.jpg","local","upload\Neil Gaiman\The_Quite_Nice_and_Fairly_Accur_-_Neil_Gaiman.epub","0","0","0.00","0","0","1"
"42286254","1","2","3780","Free","Target: Alex Cross","TARGET: HEAD OF STATEA leader has fallen, and the procession route from Capitol Hill to the White House is lined with hundreds of thousands of mourners. None feel the loss of a President more keenly than Alex Cross, who has devoted his life to the public good. TARGET: UNITED STATES CABINETA sniper’s bullet strikes a target in the heart of DC. Alex Cross’s wife, Bree Stone, newly elevated chief of DC detectives, faces an ultimatum: solve the case, or lose the position for which she’s worked her entire career. The Secret Service and the FBI deploy as well in the race to find the shooter. Alex is tasked by the new President to take a personal role with the FBI, leading an investigation unprecedented in scale and scope. TARGET: ALEX CROSS Alex has a horrible premonition: is the sniper’s strike only the beginning of a larger attack on the nation? It isn’t long before his fears explode into life, and the nation plunges into a full-blown Constitutional crisis. His ingenuity, his training, and his capacity for battle are tested beyond limits in the most far-reaching and urgently consequential case of his life. As the rule of law is shattered by chaos, and Alex fights to isolate a suspect, Alex’s loyalty may be the biggest danger of all.","https://images-na.ssl-images-amazon.com/images/S/compressed.photo.goodreads.com/books/1539354312i/42286254.jpg","local","upload\James Patterson\Target__Alex_Cross__(Alex_Cross_-_James_Patterson.epub","0","0","0.00","0","0","1"
"42288132","1","41","18069577","Free","Shadow and Flame","
The Elders demand a queen who can put dragonkind first. They want me trained and fit to rule. No distractions. But when one of my mates loses someone he holds dear, abiding by their demands is the last thing on my mind.
 Dragonkind's worst enemy has taken Chase's sister. The innocent girl faces torments worse than death. And it's tearing Chase apart. My only wish is to take away his pain, but he pushes me away every time I reach for him. One of my boys is hurting and my protective instincts spark. I don't just want to comfort Chase. I want to tear my way through the Chosen with claw and fang to rescue his sister. The Elders want me to stay out of it. They insist they have the situation under control. They claim I must focus on training to become the ruler dragonkind needs and ignore my lover's agony. 
Fat. Effing. Chance. Time is running out. My boys and I are riding in to the rescue. No matter the cost.
 Shadow and Flame is a very steamy romance with intense scenes and possibly triggering content. It is the third book in the Arysia Bellmont series.","https://images-na.ssl-images-amazon.com/images/S/compressed.photo.goodreads.com/books/1539370072i/42288132.jpg","local","upload\Katya Moore\Shadow_and_Flame__A_Reverse_Har_-_Katya_Moore.epub","0","0","0.00","0","0","1"
"42289976","1","2","625","Free","Under Currents","For both Zane and Darby, their small town roots hold a terrible secret. Now, decades later, they've come together to build a new life. But will the past set them free or pull them under?Zane Bigelow grew up in a beautiful, perfectly kept house in North Carolina’s Blue Ridge Mountains. Strangers and even Zane’s own aunt across the lake see his parents as a successful surgeon and his stylish wife, making appearances at their children’s ballet recitals and baseball games. Only Zane and his sister know the truth, until one brutal night finally reveals cracks in the facade, and Zane escapes for college without a thought of looking back...Years later, Zane returns to his hometown determined to reconnect with the place and people that mean so much to him, despite the painful memories. As he resumes life in the colorful town, he meets a gifted landscape artist named Darby, who is on the run from ghosts of her own.Together they will have to teach each other what it means to face the past, and stand up for the ones they love.","https://images-na.ssl-images-amazon.com/images/S/compressed.photo.goodreads.com/books/1539784152i/42289976.jpg","local","upload\Nora Roberts\Under_Currents_-_Nora_Roberts.epub","0","0","0.00","0","0","1"
"42290497","1","47","3780,4490971","Free","Unsolved","The perfect murder always looks like an accident.FBI agent Emmy Dockery is absolutely relentless. She's young and driven, and her unique skill at seeing connections others miss has brought her an impressive string of arrests. But a shocking new case-unfolding across the country-has left her utterly baffled. The victims all appear to have died by accident, and have seemingly nothing in common. But this many deaths can't be coincidence. And the killer is somehow one step ahead of every move Dockery makes. How?> To FBI Internal Affairs special agent, Harrison ""Books"" Bookman, everyone in the FBI is a suspect-particularly Emmy Dockery (the fact that she's his ex-wife doesn't make it easier).  But someone else is watching Dockery. Studying, learning, waiting. Until it's the perfect time to strike.","https://images-na.ssl-images-amazon.com/images/S/compressed.photo.goodreads.com/books/1560929574i/42290497.jpg","local","upload\James Patterson\Unsolved_-_James_Patterson.epub","0","0","0.00","0","0","1"
"42292096","1","9","6572063","Free","Untouched Until Her Ultra-Rich Husband","USA Today–Bestselling A mysterious woman captivates a wealthy man’s heart.The only woman to challenge him . . . is the only woman he’ll marry!Multibillionaire Gabriel Dean is so outrageously wealthy that when computer genius Luli Cruz uses her skills to hold his inheritance to ransom, her audacity simply amuses him. Innocent Luli needs Gabriel’s help to avoid destitution. Gabriel’s solution? He’ll secure both their futures by marrying her.But sweeping wide-eyed Luli into his luxurious world, Gabriel discovers the chemistry with his untouched wife is priceless . . . Welcome to the exclusive world of the ultra-rich.","https://images-na.ssl-images-amazon.com/images/S/compressed.photo.goodreads.com/books/1587956522i/42292096.jpg","local","upload\Dani Collins\Untouched_Until_Her_Ultra-Rich_-_Dani_Collins.epub","0","0","0.00","0","0","1"
"42302902","1","17","16646611","Free","Legacy Awakened","They fell in love long before they met.Now the harshness of reality will be their love's ultimate test.Wolves are endangered, thanks to human culling after a spate of attacks 18 years ago. Their low numbers mean they have no immunity when a virulent strain of rabies begins to rapidly spread. While some are seeking to hasten their extinction, others are racing against time to save them.AvaThe child of a prophecy.Ava knows we are all connected. She believes there's an answer to the conflict that seems inevitable…she just hasn't found it yet.HunterA protector at no matter the cost.Hunter is willing to do whatever it takes to save the wolves, including risky genetic experimentation, including losing his heart…including sacrificing his life.Battling a deadly disease, their responsibilities, and their own undeniable but confusing feelings, Ava and Hunter struggle to find the balance between what is right, what is wrong, and who to trust. Ultimately, they are going to have to face the only possible solution - that their love may be the key to it all.From winner of the 2018 RONE Award for Best Young Adult Novel, discover the power of a love that defies boundaries! Grab your copy now. ","https://images-na.ssl-images-amazon.com/images/S/compressed.photo.goodreads.com/books/1539541213i/42302902.jpg","local","upload\Tamar Sloan\Legacy_Awakened_-_Tamar_Sloan_1.epub","0","0","0.00","0","0","1"
"42316400","1","45","6563991","Free","Witch's Spirit","For a necromancer, finding a dead body is all in a day's work.  When the body belongs to a mage council member who's been killed by a shifter, though? It's definitely not good news for the council of supernaturals who've gathered in Edinburgh for the purpose of maintaining the peace.  Especially when I uncover that dark magic similar to my coven's may have caused the murder.  Now it's up to me to catch the culprit and prevent a supernatural war. Oh, and I have to do that without anyone finding out I have a dark spirit sharing my body, I accidentally bound my soul to the vampire I'm dating, and my dead mentor was sitting on some major secrets.  And the spirit of Evelyn Hemlock gets more vocal by the day.  No pressure at all…","https://images-na.ssl-images-amazon.com/images/S/compressed.photo.goodreads.com/books/1539577526i/42316400.jpg","local","upload\Emma L. Adams\Witch's_Spirit_-_Emma_L._Adams.epub","0","0","0.00","0","0","1"
"42347189","1","1","6860531","Free","A Dome of Blood","
""We can’t lose this...""


Ready for the thrilling PENULTIMATE book of Season 8? 
Reunite with the Shadians in the conquest of the millennium.
Pre-order now!
*Beware of spoilers in the reviews below that are without spoiler alerts*","https://images-na.ssl-images-amazon.com/images/S/compressed.photo.goodreads.com/books/1539621873i/42347189.jpg","local","upload\Bella Forrest\A_Dome_of_Blood_-_Bella_Forrest.epub","0","0","0.00","0","0","1"
"42360843","1","34","15400949","Free","Correspondents","The world is Rita Khoury's oyster. The bright and driven daughter of a Boston-area Irish-Arab family that has risen over the generations from poor immigrants to part of the coastal elite, Rita grows up in a 1980s cultural mishmash. Corned beef and cabbage sit on the dinner table alongside stuffed grape leaves and tabooleh, all cooked by Rita's mother, an Irish nurse who met her Lebanese surgeon husband while working at a hospital together. The unconventional yet close-knit family bonds over summers at the beach, wedding line-dances, and a shared obsession with the Red Sox. Rita charts herself an ambitious path through Harvard to one of the best newspapers in the country. She is posted in cosmopolitan Beirut and dates a handsome Palestinian would-be activist. But when she is assigned to cover the America-led invasion of Baghdad in 2003, she finds herself unprepared for the warzone. Her lifeline is her interpreter and fixer Nabil al-Jumaili, an equally restless young man whose dreams have been restricted by life in a deteriorating dictatorship, not to mention his own seemingly impossible desires. As the war tears Iraq apart, personal betrayal and the horrors of conflict force Rita and Nabil out of the country and into twisting, uncertain fates. What lies in wait will upend their lives forever, shattering their own notions of what they're entitled to in a grossly unjust world.Epic in scope, by turns satirical and heartbreaking, and speaking sharply to America's current moment, Correspondents is a whirlwind story about displacement from one's own roots, the violence America promotes both abroad and at home, and the resilience that allows families to remake themselves and endure even the most shocking upheavals.","https://images-na.ssl-images-amazon.com/images/S/compressed.photo.goodreads.com/books/1557529679i/42360843.jpg","local","upload\Tim  Murphy\Correspondents.epub","0","0","0.00","0","0","1"
"42365677","1","5","40881","Free","Darkness Returns","More powerful than ever, the Guardians of Eternity are facing their greatest challenge a war within their ranks. Their future is in the hands of one rebel vampire, who must choose between loyalty and love . . .   Blessed with an even more compelling allure than most vampires, Chiron has made a fortune in the human world, creating an empire of resorts and casinos. Since the betrayal and imprisonment of his master, he has existed outside the order of the Guardians, trusting no one. But now, the new vampire king has given him a peace a scroll that could free his master. Following the relic’s magic leads him to a demon hotel deep in the Everglades, a lush paradise owned by a mysterious and  mesmerizing woman . . .   As far as Lilah knows, she’s lived her entire life within the confines of her enchanted estate. Memories of her own past are elusive and cloaked in shadows. Even Chiron can’t figure out exactly what she is, and if her intoxicating beauty is his destiny or an illusion drawing him ever closer to his demise—or perhaps to an even more tormenting choice, between his master and his mate . . .","https://images-na.ssl-images-amazon.com/images/S/compressed.photo.goodreads.com/books/1550928165i/42365677.jpg","local","upload\Alexandra Ivy\Darkness_Returns_-_Alexandra_Ivy.epub","0","0","0.00","0","0","1"
"42367122","1","9","49378","Free","The Sheikh Crowns His Virgin","
From innocent in distress…
To convenient princessTo escape her overprotective family, sweet-natured Zoe Mardas heads to the desert kingdom of Maraban for an adventure. But she’s kidnapped on arrival! Zoe is saved by mysterious and devastatingly handsome Raj—the nation’s exiled prince. The attraction between them is instant—and fiery like the desert sun! Yet her rescue comes with a price: to save them both from a political scandal, Zoe must become Raj’s virgin bride…Turn the page and step into the sheikh’s desert kingdom…","https://images-na.ssl-images-amazon.com/images/S/compressed.photo.goodreads.com/books/1594736428i/42367122.jpg","local","upload\Lynne Graham\The_Sheikh_Crowns_His_Virgin_-_Lynne_Graham.epub","0","0","0.00","0","0","1"
"42378123","1","45","845191,14417592,4868644","Free","Crucifix","After a long time with mercenaries, his church has called their demon-possessed priest home. A London flat nestled in a small cul-de-sac, a beautiful courtyard with bright shining sun, and as many books as he could read. It was going to be quiet, calm, and… Oh wait, it’s actually the demon apocalypse. With incursions, hauntings, and poltergeists to take care of, Damian is one of the only priests his church can call on.At least for now.They did send a welcoming gift in the shape of a young trainee, Max, who may or may not know his head from his… Well, you get the point. Will Damian, with the help of some friends along the way, be able to kick the slaying and start to save the souls of his attackers? Or will his red-eyed granny of a neighbor poison him with a pie first? If his demon has anything to do with it, exorcisms will only be done in the most fashionable style. Secrets and action await you as you follow Damian up his path from hell. ​Scroll back to the top and click “Read for Free” or “Buy Now,” and kick back for a fun supernatural action-packed adventure that will have you yelling for the good guys and laughing at the arguments between Damian and his protégé.--- This book contains cursing. Perhaps humorous cursing, but cursing nonetheless. If this offends you, I suggest you don’t read this book. ","https://images-na.ssl-images-amazon.com/images/S/compressed.photo.goodreads.com/books/1539786971i/42378123.jpg","local","upload\Michael Todd\Crucifix_-_Michael_Todd.epub","0","0","0.00","0","0","1"
"42380563","1","5","13396038,13396039","Free","Dragon Knight of Khoth","Lorne is a dragon knight to his core. He joined the Khoth Maahes as a young dragon and quickly rose to second Lieutenant. His days are spent fighting the Unseelie and guarding the royal family. When the Cuelebre King assigns Lorne to play bodyguard to Cambree, the realm’s hottest commodity, he is insulted. His skills are better suited for battle, not following a dragon-breeder around town. His arrogance results in Cambree being attacked, and the female adds insult to injury by firing him. Determined to earn her trust and respect, Lorne sets out to ensure her ongoing safety, but finds himself undeniably drawn to the female. Their passion burns hotter than his dragon fire, but Lorne isnt the only male vying for her attention. He's prepared to go down in flames to win her heart, but if he isn't careful, that's exactly what will happen.  Cambree enjoys her quiet life. Too shy for her own good, she prefers to melt in the shadows where she's lived her entire life. When the king returns to Khoth, and resumes the ancient ceremony identifying fertile females, Cambree is shocked when she is chosen. She's never been on a single date and is suddenly the focus of every male on Khoth. The irrisistible, sexy knight assigned to protect Cambree stirs a desire she's never felt before, but when she needs Lorne the most, he's nowhere to be found. Then Cambree draws the attention of the most dangerous creature in the realm, and becomes the target of a sinister plan that could rob the Cuelebre dragons of their ability to procreate.  Will Lorne and Cambree find their happily ever after, or will the entire dragon species burn away like embers of a fire?","https://images-na.ssl-images-amazon.com/images/S/compressed.photo.goodreads.com/books/1539812962i/42380563.jpg","local","upload\Brenda Trim\Dragon_Knight_of_Khoth_-_Brenda_Trim.epub","0","0","0.00","0","0","1"
"42381935","1","1","16222618","Free","Broken Sorcery","Introducing Book 4 in the SHADOWS OF MAGIC series, full of snarky druids, kickass heroines, punch-in-the-face worthy villains, and just a dash of romance!  New to the series? Start with Book 1, BOUND SORCERY!  What have I been up to lately? Oh, just convincing the druids that a formerly-genocidal sorceress with death magic is a good candidate for a druid, defeating a millenia-old plot for control of the world, learning to stop time…  You know, same old, same old.  And it had all worked out, too. I was going to be allowed to train as a druid, and maybe take a few decades off from the absolute craziness of everyone’s plans to take over the world.  …Until we found out that Philip’s plans didn’t all die with him.  A group of humans has broken into one of the Monarchist hideouts and taken the sorcerers captive. Why, we don’t know. What we do know is their name: Onyx. And we know that those who have crossed paths with them are warning us to stay away.  But I’ve never exactly been great at following orders or backing down. And I’m getting these sorcerers back.  Scroll up to grab your copy of BOUND SORCERY now!","https://images-na.ssl-images-amazon.com/images/S/compressed.photo.goodreads.com/books/1539827636i/42381935.jpg","local","upload\Natalie Grey\Broken_Sorcery_-_Natalie_Grey.epub","0","0","0.00","0","0","1"
"42383688","1","5","2965060","Free","Jackson","A bullet takes out his rig, but a mechanic captures his heart…When Jackson is forced to pull his rig to the side of the road as the radiator overheats, he’s not impressed, but when a bouncy mechanic in camo drives back to help him, he’s even less enthralled – with himself. She’s smart, capable, single and knows a whole lot more about mechanical things than he does.But when he hears that it’s a bullet that’s brought his rig to a stop, he knows exactly what to do – save the woman at his side and find the men who did this.Deli was sent to assist Jackson and his sidelined rig. Only to find they are caught up in a double cross that has bullets flying and bodies dropping… some of them very close to her.If only it was that simple… as the bodies start to fall, and their passion starts to heat up… who will be the final casualties in take the last shot in the final act?","https://images-na.ssl-images-amazon.com/images/S/compressed.photo.goodreads.com/books/1547517532i/42383688.jpg","server_url","upload\Dale Mayer\Jackson_-_Dale_Mayer.epub","1","0","0.00","0","1","1"
"42392027","1","16","3087007","Free","Mr. December","Santa isn’t the only one coming to town.Chris wasn’t a part of the calendar shoot—his brother Greg was. When Chris attends the release party for the charity calendar, he isn’t expecting anything but a night of boredom.Which is what he gets.It isn’t until the following week when he has a client who turns out to be Mr. December that Chris’ world gets turned upside down.General Release Date: 4th December 2018","https://images-na.ssl-images-amazon.com/images/S/compressed.photo.goodreads.com/books/1539951380i/42392027.jpg","local","upload\Bailey Bradford\Mr._December_-_Bailey_Bradford.epub","0","0","0.00","0","0","1"
"42399990","1","13","17374103","Free","Highlander's Secret Nun","A postulant monk. A mysterious nun. A secret that can unite them or tear them apart forever.Handsome and dark Gregor Carmichael, son of a laird, has decided to become a monk after being dispirited by his unstable love life. While he is travelling through the Highlands toward his monastic shelter with Father Columba, an itinerant priest, memories of his past love life and new temptations keep making him question his decision.When they visit a monastery, fate tests him by throwing an enigmatic nun at his path. She clearly doesn't belong there. She is young, stunning and lively. She looks like she is running away from something, just like he is.A well-kept secret is unveiled, that will shake the very foundations of the life they knew. Friends and foes will try to pull them back to the reality they thought they escaped from or, even worse, pull them apart.""Highlander's Secret"" is a Scottish romance novel of more than 80,000 words.It is the 8th historical romance of the medieval best-selling author Alisa Adams.If you like fast-paced historical novels full of emotions, sexy Highlanders and enchanting sceneries then you will love this standalone romance story.","https://images-na.ssl-images-amazon.com/images/S/compressed.photo.goodreads.com/books/1540048543i/42399990.jpg","local","upload\Alisa Adams\Highlander's_Secret_-_Alisa_Adams.epub","0","0","0.00","0","0","1"
"42403099","1","17","13540545","Free","Sea Witch and the Magician","As the newly promoted Admiral of Eisland's fleet, Prince Joren knows war with the slave-trading Ridaeron Dynasty is inevitable. When an ambush from the enemy ends with Joren washed ashore on Neverland, his ship at the bottom of the sea, and most of his crew drowned or captive, the prince vows to avenge them--after he recovers from his near-death injuries.Once the demigoddess princess of Atlantis, now a cursed sea hag, Caecilia has pledged her life to guarding Neverland as atonement for past crimes. Saving a drowning prince is an act of charity she doesn't dare to claim, even if he's the most gorgeous creature she's seen in centuries. One prince, one exiled princess, each from different worlds. Joren's compassionate heart makes him Caecilia's best chance at ending her curse, but time is running out. If he can't see the beauty beyond her disfigured body, she'll become nothing more than a pile of sea foam. And Neverland will lose its protector. Forever. Undertake a magical journey in Vivienne Savage's romantic fantasy series loosely based on the lore of multiple fairy tales. Meet strong heroines supported by a cast of sexy heroes, intriguing friends, and devious villains. Each story can stand alone, but for optimal reading experience, begin with Beauty and the Beast.","https://images-na.ssl-images-amazon.com/images/S/compressed.photo.goodreads.com/books/1540076584i/42403099.jpg","local","upload\Vivienne Savage\Sea_Witch_and_the_Magician_-_Vivienne_Savage.epub","0","0","0.00","0","0","1"
"42412836","1","45","7581,2104168","Free","Cruel Fate","Three years after discovering that her biological parents are convicted serial killers, Olivia finally has her life back, and it’s better than ever. She loves her new job, as investigator for notorious defense attorney Gabriel Walsh. She has Gabriel, too, as they settle in together, dividing their time between Chicago and Cainsville. Olivia’s also settled into her role as the legendary Mallt-y-Nos to Cainsville’s fae population.The only dream unfulfilled is seeing her father freed from jail, where he’s been wrongly imprisoned for over twenty years. Now that wish is finally coming true. Todd Larsen is a free man. Someone, however, doesn’t want him to stay that way. Todd may have been in prison for crimes he didn’t commit, but there’s one he did—the murder of a serial killer, whose death launched the chain of events that led to Todd’s incarceration.Before Todd can settle in with Olivia and Gabriel, the body of his one and only victim surfaces, along with planted clues directing the police to their doorstep. Does someone have a personal grudge against Todd? Or is it a fae targeting Olivia with the one threat she can’t ignore? Olivia needs to find out who’s behind this, before her father is ripped from her again…for good this time.","https://images-na.ssl-images-amazon.com/images/S/compressed.photo.goodreads.com/books/1540191420i/42412836.jpg","local","upload\Kelley Armstrong\Cruel_Fate_-_Kelley_Armstrong.epub","0","0","0.00","0","0","1"
"42419797","1","5","386699","Free","Fae on a Roll","Prudhoe Rison is a specially trained fae enforcer and had been sent to the human realm to search for a missing prince. After completing that task, he should have returned home, but feeling a pull to stay, he’s remained for several weeks. Wandering the town to discover the source of the sensation has proven fruitless…until he drives past the library. The pull he’s been feeling intensifies, and he follows it into the building. There he meets Korvyn Peruke—his paramour—the other half of his soul. Prudhoe is drawn to Korvyn’s friendly disposition and outgoing personality. Even though the human is wheelchair-bound, it doesn’t stop Korvyn from enjoying life.  At first, Korvyn doesn’t understand why the serious and handsome Prudhoe is taking an interest in him—until he puts two and two together. A visit from a fae enforcer alerts Prudhoe that people in his own realm are talking about him. It also tells Korvyn—who already knows about paranormals—that Prudhoe is something other. Can Prudhoe keep Korvyn safe when trouble from the fae realm comes calling, or will he have to make the ultimate sacrifice to keep Korvyn safe?","https://images-na.ssl-images-amazon.com/images/S/compressed.photo.goodreads.com/books/1540270797i/42419797.jpg","server_url","upload\Charlie Richards\Fae_On_A_Roll_-_Charlie_Richards.epub","1","0","0.00","0","1","1"
"42425124","1","8","7536802","Free","Alpha Born","Nick Stanton is an alpha wolf shifter. He's also a rogue, and had lost his pack almost forty years ago due to treachery. He lives a quiet life, and has to uproot and move every few years. He avoids the cities and anywhere fae might be found, and lives his life by his morals and honor his father taught. His world is about to become rather complicated, as a gang of rogue shifters won't let him be.Kalia Moore is a black tiger shifter, and then some, though her family doesn't know about her other gift yet. Unchosen by the male cat shifters of her generation, she's doomed to live a life without a mate, and children. The sexy cat shifters don't have it easy, when the males of their kind pass them over. She loves her pride, and the cat shifter sisters in her life, but when she hears her Nephilim brother found love with an angel, and there was some inter-species breeding going on in his new home and refuge for rogues, she decided to take a chance. What did she have to lose?Mature Content Warning! This book is a fantasy romance, and contains some mature scenes between a man and a woman. Less than usual for those that read my books.Author's Note: The Moore World novels are complete stand-alone erotic fantasy romances set in the same world as the Shawn Moore and Andrew Moore Novels, there are four planned. It's better to read the Moore World Novels in order, even though the books will be stand-alone, there are common characters and places in them that will lead to spoilers of previous volumes.","https://images-na.ssl-images-amazon.com/images/S/compressed.photo.goodreads.com/books/1540327785i/42425124.jpg","local","upload\D.R. Rosier\Alpha_Born_-_D._R._Rosier.epub","0","0","0.00","0","0","1"
"42426467","1","36","2772365","Free","The Voyage of the Iron Dragon","Ninth century Iceland. Three explorers from the far future have a daunting mission: to save humanity, they must build a craft capable of reaching the stars.The Voyage of the Iron Dragon is the third installment in the 5-part Saga of the Iron Dragon.","https://images-na.ssl-images-amazon.com/images/S/compressed.photo.goodreads.com/books/1540343025i/42426467.jpg","local","upload\Robert Kroese\The_Voyage_of_the_Iron_Dragon_-_Robert_Kroese.epub","0","0","0.00","0","0","1"
"42427157","1","9","1160213","Free","Shock Heir for the King","Cinderella had his baby…Now she’ll wear his crownVibrant artist Frankie is shocked when Matt, the enigmatic stranger she gave her innocence to, reappears in her life. His touch was intensely sensual, his kiss pure magic…yet their affair had consequences, and Frankie had no way to contact him. Now she’s in for the biggest shock of all—Matt is actually King Matthias! And to claim his heir, he demands Frankie become his queen!","https://images-na.ssl-images-amazon.com/images/S/compressed.photo.goodreads.com/books/1619604017i/42427157.jpg","local","upload\Clare Connelly\Shock_Heir_For_The_King_(Mills_-_Clare_Connelly.epub","0","0","0.00","0","0","1"
"42429771","1","1","845191,14417592,4868644","Free","Renegade","The church is so very needy. Sitting at a Roman café waiting for a friend, Damian is starting to think that taking a van full of unconscious priests might not have been the best option. Nonetheless, Damian has survived his first couple of weeks as a “Demon ” or whatever the church wants to call him. Can his protégé settle into the life of a warrior priest? Max still fights his own personal demons but hopes for a better future with Damian as his guide. Neither of the priests’ demons are terribly happy with their hosts. Can Astaroth modify Max's entertainment habits or Ravi change Damian's sense of fashion?Good luck with that. Danger will hit Damian hard in the face, and he will have to decide between friendship and duty. Damian never was very good at following orders or dealing with limitations placed on him…​Scroll back to the top and click “Read for Free” or “Buy Now,” and kick back for a fun supernatural action-packed adventure that will have you yelling for the good guys and laughing at the arguments between Damian and his protégé.","https://images-na.ssl-images-amazon.com/images/S/compressed.photo.goodreads.com/books/1540390018i/42429771.jpg","local","upload\Michael Todd\Renegade_-_Michael_Todd.epub","0","0","0.00","0","0","1"
"42429913","1","41","16067572","Free","Brimstone Nightmares","As with everything else in my life, the descent into Hell was not so simple.   When I jumped into the portal I expected to find the Sins on the other side. I expected to find my people—demons—waiting and ready.   What I found were flames and fire and ash.  The apocalypse hadn’t waited for me. It had already begun.  Hell’s barriers were collapsing in on themselves—making my task of finding the Sins infinitely harder. As the Horsemen and I set out on our journey to find them, we discover that not all is what it seems.  A white-haired assassin once told me to beware of the evil that hides in plain sight.  I should have listened to her.  The fight for Hell has begun, and the duty of saving it lies solely on my shoulders, but to win—to survive—I must unravel the secrets of the past if any of us are to see the future.  I will take what is mine, even if I have to bleed for it.","https://images-na.ssl-images-amazon.com/images/S/compressed.photo.goodreads.com/books/1540391124i/42429913.jpg","local","upload\Kel Carpenter\Brimstone_Nightmares__Queen_of_-_Kel_Carpenter.epub","0","0","0.00","0","0","1"
"42434463","1","9","6572063","Free","Claiming His Christmas Wife","It's a convenient Christmas arrangement... Until he wants her – forever! After their secret marriage ended in heartbreak, billionaire Travis Sanders never wanted to see Imogen Gantry again. Yet when Imogen faints in the cold New York snow, Travis is called to her very public rescue! To avoid a media scandal, they must agree to a temporary reconciliation – at least until Christmas. But with their intense heat still burning, Travis is tempted to reclaim his wife – for good!","https://images-na.ssl-images-amazon.com/images/S/compressed.photo.goodreads.com/books/1540450420i/42434463.jpg","local","upload\Dani Collins\Claiming_His_Christmas_Wife_-_Dani_Collins.epub","0","0","0.00","0","0","1"
"42434827","1","5","17432248","Free","Storm a-Brewin'","As the veil thins, so does her patience for needy ghosts.Fifth Wind witch Nora Ashcroft is up to her neck in spirits. When an attack on Medium Rare reeks of possession, the sheriff calls on Nora's psychic charms to get to the bottom of it. But the more she investigates, the more she suspects that powerful forces might be behind the deadly event ...With Halloween just around the corner, a second attack rattles the town. As tensions between witches and werewolves boil over the cauldron, Nora worries Medium Rare might have to close its doors for good.Can she connect the clues in time to save the diner or will all hellhound break loose?Storm a-Brewin' is the eighth book in the addictive Eastwind Witches series (best enjoyed in order). If you like snarky female sleuths, humorous hijinks, and delicious loves interests, you will love Nova Nelson's magical cozy mysteries.BuyStorm a-Brewin' to throw Grim a bone today!","https://images-na.ssl-images-amazon.com/images/S/compressed.photo.goodreads.com/books/1540456013i/42434827.jpg","local","upload\Nova Nelson\Storm_a-Brewin__-_Nova_Nelson.epub","0","0","0.00","0","0","1"
"42440103","1","17","6860531","Free","Harley Merlin and the First Ritual","Five rituals to control Chaos. That’s all it takes.Now that Harley knows her enemy’s grand plan—to become a godlike Child of Chaos and punish those deemed “unworthy”—she’s got to figure out what the heck to do about it. Many of the missing magicals are still out there, and Katherine has vowed to kill everyone Harley cares about and make her watch.So that’s fun.Just when it seems like things can’t get much worse, one of the most precious monsters of the Bestiary escapes, and Harley is sure that Katherine has her dirty hands involved. But that crazy witch had better be ready because Harley has finally figured out a way to unleash her powers—although the cost might not be worth it.Astrid, a human living amongst magicals, is just as determined to thwart Katherine’s schemes. At the same time, her budding romance with the Coven’s trademark bad boy has earned her father’s disapproval, and it seems like betrayal is lurking around the corner…Continue the journey. Buy now!","https://images-na.ssl-images-amazon.com/images/S/compressed.photo.goodreads.com/books/1540522580i/42440103.jpg","local","upload\Bella Forrest\Harley_Merlin_and_the_First_Rit_-_Bella_Forrest.epub","0","0","0.00","0","0","1"
"42448079","1","1","3519233","Free","Savage Salvation","I never understood the draw of the biker scene. In fact, knowing what I did, I hated it. But Pops swore if anyone could keep me protected, it was the Swords of the Infernal Night in New Orleans. A band of supernatural criminals who think women are possessions, if you ask me. And they haven’t kept us safe. Pops is dead, but his murderers are after me, all because my inner kelpie became the first in generations to grow a horn. My name is Reyna Moreno, and yep, I’m a damn unicorn. Which makes me more valuable than the Hope Diamond.  To keep me protected, my brother hauls me off to some gods-forsaken town in Colorado where another SIN chapter “takes us in.” Takes me prisoner is more like it. It wouldn’t be so bad if my sexy as hell warden wasn’t such an ass. And wasn’t only a biker, but one of the MC’s leaders.  He looks at me like he wants to own me. I’m not one to be owned. He’s not one to be denied.  They call him Savage for a reason. He’s a hellhound and a savage beast. And he would be my undoing . . . but maybe I could be his salvation.  
Welcome to the darker, sexier side of Havenwood Falls that many residents never speak of publicly, but most likely enjoy in secret. Venture into the SIN MC, the VIP rooms of Silk nightclub, and behind other closed doors, where you’ll discover passion, unusual penchants, and just how far some will go for love. Hold on to your panties, because it’s time to ride. 
  This is a stand-alone steamy paranormal romance in the Havenwood Falls shared world. A collaborative effort by multiple authors across multiple series all in the paranormal fantasy genre, Havenwood Falls allows readers to discover new authors and stories to fall in love with.","https://images-na.ssl-images-amazon.com/images/S/compressed.photo.goodreads.com/books/1540613156i/42448079.jpg","local","upload\Kristie Cook\Savage_Salvation_-_Kristie_Cook_-_Havenwood_Falls.epub","0","0","0.00","0","0","1"
"42510583","1","45","7712730","Free","The Gate to Oblivion","Brooklyn Amari doesn’t ask for much, only the ability to make it through life without destroying the universe.  Working as a firefighter is her true calling, satisfying her deep, primal draw to the flames. Immunity to burning courtesy of her half-extraplanar ancestry makes her the city’s best weapon against disaster of the incendiary kind—not that anyone knows about it. She’s trying to keep her nature a secret, since magical creatures aren’t allowed inside major population centers… and most people probably wouldn’t react well to a demon.  Even a half-demon.  Since her psychic abilities are out of the bag, the Arson Investigation Unit calls on her for all the ‘weird ones’ no one else wants to touch. When they can’t explain an apparent case of spontaneous human combustion, they bring her in to track a deadly arcane arsonist.  She’s happy to help, but unfortunately, some not-quite-angels abduct someone she cares for. They need Brooklyn to destroy the mortal world as it’s in the way of their interdimensional war—but even if she does what they want, everyone she loves will die.","https://images-na.ssl-images-amazon.com/images/S/compressed.photo.goodreads.com/books/1540736751i/42510583.jpg","local","upload\Matthew S. Cox\The_Gate_to_Oblivion_-_Matthew_S._Cox.epub","0","0","0.00","0","0","1"
"42514033","1","17","8167514","Free","The Dragon Sickness","Their power is in the strength of their bond. But deceit threatens to break it.  It’s official. Kaelan Younger has finally been accepted as a dragon tamer at the Akademy. Yet even as she begins to learn the extent of her powers, a mysterious illness stalks the dragons and threatens Prince Lasaro.  More than her bond with the prince is endangered when Kaelan seeks help from a most unlikely source. As a result, the lies to cover her deception mount. But with the enemy’s armies gathering at Alveria’s borders, Kaelan will do whatever it takes to save those she has sworn to protect—even if it means sacrificing herself.  Now Kaelan and Lasaro must find a way to heal the dragons and harness the depth of their connection in order to stop the treachery from within.  If not, a once great nation will fall.  This novel contains some sexual content and violence.","https://images-na.ssl-images-amazon.com/images/S/compressed.photo.goodreads.com/books/1540750784i/42514033.jpg","local","upload\Ava Richardson\The_Dragon_Sickness_(Alveria_Dr_-_Ava_Richardson.epub","0","0","0.00","0","0","1"
"42515465","1","17","13540545,13540545","Free","All That Glitters","Debut SOLO book from one-half of the Vivienne Savage team!  Not all that glitters is gold.  When Rosalia is hired to steal a mysterious artifact from the city’s sexiest clockwork mechanic, she barely escapes with her life. What kind of inventor keeps a fire-breathing dragon in his basement, and why does it have eerily familiar green eyes?  Xavier Bane is the last weredragon of the west. He spends his days creating clockwork masterpieces in his shop and his nights slumbering beneath it in his secret hoard. Then comes a girl with the power to provide everything he needs, with a soul brighter than gold.  Saving Rosalia is key to the survival of his race... if he can reach her before the forces seeking the artifact. ","https://images-na.ssl-images-amazon.com/images/S/compressed.photo.goodreads.com/books/1540763187i/42515465.jpg","local","upload\Vivienne Savage\All_That_Glitters__a_Fantasy_Ro_-_Vivienne_Savage.epub","0","0","0.00","0","0","1"
"42550979","1","17","165168","Free","Bedlam","The 12th explosive novel in the internationally bestselling Skulduggery Pleasant series, BEDLAM will blow your mind – and change everything…On a desperate journey to recover her sister's lost soul, Valkyrie Cain goes up against the High Sanctuary itself, and there's nothing Skulduggery Pleasant can do to stop her. With Abyssinia's grand plan about to kick off in a night of magic, terror, and bloodshed, it falls to Omen Darkly to save the lives of thousands of innocent people. And as the madness unfolds around him, as hidden enemies step into the light, and as Valkyrie is sucked into a desperate, lawless quest of her own, he has no choice but to become the hero he never really wanted to be — or die in the attempt.","https://images-na.ssl-images-amazon.com/images/S/compressed.photo.goodreads.com/books/1560016148i/42550979.jpg","local","upload\Derek Landy\Bedlam_-_Derek_Landy.epub","0","0","0.00","0","0","1"
"42565846","1","5","1228627","Free","Viking's Intent","
Sparks fly when a tenth century Viking kidnaps a spirited modern-day woman.
 Part of a burgeoning ancient prophecy, Shea's sole focus is to protect her sisters. Not become mated to a Viking of her dragon ancestor's choosing. If that happens, she might lose not just her independence but a matchmaking gift that brings people together. A gift at risk when she's kidnapped by a stubborn, frustratingly handsome barbarian who takes her on a whirlwind adventure through tenth century Scandinavia. Though at odds with the twenty-first century beauty from the moment he meets her, Viking Davyn Sigdir steals Shea away to keep her safe from multiple enemies set on making her theirs. Unfortunately, he underestimates how alluring she can be when it suits her. How feisty and headstrong she is as she tries to outwit him at every turn.Yet the fiery strife between them only draws them closer, and soon their unwanted attraction becomes hard to resist. Determined to control their own fate, they devise a bold plan to trick their adversaries. One that could keep Shea's matchmaking gift intact plus end the prophecy and ongoing war. All they have to do is agree to be separated forever. Are they willing to pay such a steep price for the greater good? Or will it be too hard to say goodbye in the end? Find out as a passionate high-stakes war of hearts ensues in Viking's Intent.","https://images-na.ssl-images-amazon.com/images/S/compressed.photo.goodreads.com/books/1540863341i/42565846.jpg","local","upload\Sky Purington\Viking's_Intent_-_Sky_Purington.epub","0","0","0.00","0","0","1"
"42586523","1","16","6889892","Free","The Breadth of Creation","Life in the United Revolutionary States has never been easy for Aerie St. Cloud. Recovering from recent injuries and unable to recall the last few weeks of her life, she feels haunted by a growing absence in her memory. Stepping out in search of the truth, she is determined to get the answers she seeks-even if they only bring her more pain. After losing Aerie, Exton Shepherd once more faces the temptation to take his revenge against the URS, and General St. Cloud in particular. With the help of his family, community, and Aerie's long-lost mother, Merra, he leads them into battle to reclaim the Ecclesia's outpost of Chaya in hopes of finding inner peace. Surrounded by secrets and deception, and plagued by their own shortcomings, can Aerie and Exton find their way back to each other without sending the world into further chaos?","https://images-na.ssl-images-amazon.com/images/S/compressed.photo.goodreads.com/books/1541359431i/42586523.jpg","local","upload\C.S.  Johnson\The_Breadth_of_Creation_-_C._S._Johnson.epub","0","0","0.00","0","0","1"
"42597228","1","17","7361547","Free","Cursed and Finding Honor: Twisted Eventide-8.5","Two novellas all bundled into one. ◘ Finding Honor, told from Frank's point of view. Join Frank and Dani as they track down the past of the would-be assassin. But can Frank hold on to his convictions as Dani awakens passions he thought to never feel again? ◘ Cursed, told from Jack's point of view. Join Jack and Lucien and they try to battle their way in and through the darkness and pain of being cursed men. But what secrets and hurts will be revealed when Jack must face his own past to inspire Lucien to want to live as a cursed man?","https://images-na.ssl-images-amazon.com/images/S/compressed.photo.goodreads.com/books/1540982033i/42597228.jpg","local","upload\L.M. Adams\Cursed_and_Finding_Honor_-_L._M._Adams.epub","0","0","0.00","0","0","1"
"42598429","1","37","13450624","Free","Southern Magic Christmas","It’s Christmas in Magnolia Cove and Pepper Dunn is ready. She’s making her list and checking it twice.Giant snowmen? Check.Magical snow? Check.Murder? Check.Wait—what?Axel’s parents are visiting for the holiday and Pepper wants things to go smoothly. But when his mom insults the town Scrooge things turn rocky fast.Worse, when the town Scrooge is murdered, fingers quickly point to Axel’s mom.Now it’s up to Axel and Pepper to find the real murderer before his mom winds up paying the price for a crime she didn’t commit.Can Pepper and Axel save the day or will the magical season of Christmas turn into the deadliest ever known to Magnolia Cove?","https://images-na.ssl-images-amazon.com/images/S/compressed.photo.goodreads.com/books/1540997267i/42598429.jpg","local","upload\Amy Boyles\Southern_Magic_Christmas_-_Amy_Boyles.epub","0","0","0.00","0","0","1"
"42599600","1","17","5441556","Free","Lost Shadow","Not all shadows are monsters. And some were never meant to die.  Wendy is on a quest for vengeance after Hook kidnapped the lost boys and destroyed their school. Stuck as a shadow, Peter’s body is weakening because each time he dies and regenerates, may be his last. Meanwhile, Wendy is running out of time to track down Hook, save the boys, and rescue Peter before he’s lost as shadow forever.  But a surprising clue leads to the mysterious island where it all began. Neverland. Right when they believe the nightmare is over, they find the game is just beginning.","https://images-na.ssl-images-amazon.com/images/S/compressed.photo.goodreads.com/books/1541009679i/42599600.jpg","local","upload\Chanda Hahn\Lost_Shadow_-_Chanda_Hahn.epub","0","0","0.00","0","0","1"
"42599859","1","17","71688","Free","Archangel's War","Wings of silver. Wings of blue. Mortal heart. Broken dreams. Shatter. Shatter. Shatter. A sundering. A grave. I see the end. I see. . .The world is in chaos as the power surge of the Cascade rises to a devastating crescendo. In furiously resisting its attempts to turn Elena into a vessel for Raphael’s power, Elena and her archangel are irrevocably changed. . .far beyond the prophecy of a cursed Ancient.At the same time, violent and eerie events around the world threaten to wipe out entire populations. And in the Archangel Lijuan’s former territory, an unnatural fog weaves through the land, leaving only a bone-chilling silence in its wake. Soon it becomes clear that even the archangels are not immune to this deadly evil. This time, even the combined power of the Cadre may not be enough. . .This war could end them all.","https://images-na.ssl-images-amazon.com/images/S/compressed.photo.goodreads.com/books/1554820060i/42599859.jpg","local","upload\Nalini Singh\Archangel's_War_(A_Guild_Hunter_-_Nalini_Singh.epub","0","0","0.00","0","0","1"
"42602238","1","17","9852801","Free","The Ruthless","THE REBEL.For years, Vasin Sapphire has been waiting for the perfect opportunity to strike. Now, as other Deathless families come under constant assault from the monsters that roam the Wild, that time has come.THE RUTHLESS.In the floating castle of Rochant Sapphire, loyal subjects await the ceremony to return their rule to his rightful place. But the child raised to give up his body to Lord Rochant is no ordinary servant. Strange ad savage, he will stop at nothing to escape his gilded prison.AND THE RETURNED...Far below, another child yearns to see the human world. Raised by a creature of the Wild, he knows its secrets better than any other. As he enters into the struggle between the Deathless houses, he may be the key to protecting their power or destroying it completely. THE WILD HAS BEGUN TO RISE.","https://images-na.ssl-images-amazon.com/images/S/compressed.photo.goodreads.com/books/1557227156i/42602238.jpg","local","upload\Peter  Newman\The_Ruthless_-_Peter_Newman.epub","0","0","0.00","0","0","1"
"42602432","1","18","65740","Free","Seducing His Convenient Innocent","
The Greek’s terms?
She must wear his diamond!Lysandros Drakakis always gets what he wants, and he’s never stopped wanting beautiful pianist Rio Armstrong! A fake engagement to please his family is the perfect opportunity to uncover why she walked away from their powerful connection…and indulge their still-sizzling desire under the Mediterranean sun. But Rio’s heartbreaking revelation changes the stakes—he’s given her his ring, yet now Lysandros finds himself wanting to give Rio everything…
Enjoy this dramatic fake engagement romance!
","https://images-na.ssl-images-amazon.com/images/S/compressed.photo.goodreads.com/books/1541043988i/42602432.jpg","local","upload\Rachael Thomas\Seducing_His_Convenient_Innocen_-_Rachael_Thomas.epub","0","0","0.00","0","0","1"
"42615070","1","36","4181354","Free","Demon Born","

Chaos is his element…until a mortal woman’s touch snares his heart.


Catalina Castillo should be happy in her renovated vineyard house, weaving intricate tapestries. But her nights echo with emptiness — until she hears her name whispered on the wind, and a man steps out from among the vines.He’s tall, black-haired, a stranger — and then he shifts. He’s the Lord of Chaos, the demon who helped the Castillo clan defeat their arch-enemy. When she offers him shelter, she’s not sure if it’s family honor or her body talking.After months of being stranded on Earth, Loc has finally found a warlock with the power to send him back to his own world. But the dark New Orleans spellcaster wants something in return. Cat is the key to capturing the prize, but as desire weaves its spell between them, Loc finds himself struggling with something he’s rarely bothered with…a conscience.With the demon realm calling him home, their attraction can never be more than that. But when the warlock kidnaps Cat, Loc realizes what he stands to lose. If he doesn’t act fast, she won’t need her innate ability to talk to ghosts. Because she’ll be one of them herself…. Demon Born is the fifth novel in the Witches of Canyon Road series, a spin-off from Christine Pope’s bestselling Witches of Cleopatra Hill books. Although characters from previous books in the series appear, this is a standalone paranormal romance.","https://images-na.ssl-images-amazon.com/images/S/compressed.photo.goodreads.com/books/1541195962i/42615070.jpg","local","upload\Christine Pope\Demon_Born_-_Christine_Pope.epub","0","0","0.00","0","0","1"
"42617163","1","1","8416485","Free","A Killer Retreat","Crystal Spruce is a real class act. She’s everything that’s wrong with the New Age scene. She rakes in the cash, publishing book after book of hippy-dippy nonsense. Rowen Greensmith can’t stand her. More than that, she can’t understand why her aunts love her. They’re accomplished witches! They should really know better. When Crystal Spruce starts up a magical retreat in Lainswich, Rowen gets roped into going. She owes her aunts a lot, so she can’t deny them what’s supposed to be a week of magical fun. As is often the case, their week in the woods doesn’t quite go as expected. A murder derails everything. At least, the murder should derail everything. Rowen and two of her cousins were the ones who found the body. Unfortunately, they’ve lost track of it. How are they supposed to solve a murder when they can’t even convince people it happened in the first place? Twentieth Volume of the Lainswich Witches Mystery Series. Approx. 50,000 words in length. It is a standalone (reading prior or future volumes not required to enjoy the book, no cliffhanger).","https://images-na.ssl-images-amazon.com/images/S/compressed.photo.goodreads.com/books/1541222678i/42617163.jpg","local","upload\Raven Snow\A_Killer_Retreat_-_Raven_Snow.epub","0","0","0.00","0","0","1"
"42619410","1","17","7231848","Free","The Darkest Revenge","Some are born to power. Others must find it within themselves.  Decades ago, a powerful enemy called the Forgers attacked their homeland, nearly destroying everything. Few remember the time before the attack, but the Forgers have not forgotten. They have spent decades preparing, gaining power, and now their plan has nearly reached fruition.  On the outskirts of the city, living within the stronghold of ancient power, Haern longs for a life beyond what he knows—and away from the long shadow cast by his father. When an attack on the city renews a decades old battle, Haern volunteers to leave the city and find the one person that can lead their people to victory. His inexperience might kill him, but his instincts might be the reason they succeed.  For Daniel, a member of the ruling family, life in the palace is easy and his path is clear. Eventually, he will rise up to sit on the council and lead the people of the city. An injury to someone he cares for changes everything for him, and he must go to the one person he despises most for help. If he fails, he’ll learn what it means to lose everything he cares about.  When their fates intertwine, they must put aside past differences. Stopping the Forgers will require strength and power that both must find within them—or more than their people will suffer.","https://images-na.ssl-images-amazon.com/images/S/compressed.photo.goodreads.com/books/1541255442i/42619410.jpg","local","upload\D.K. Holmberg\The_Darkest_Revenge_-_D._K._Holmberg.epub","0","0","0.00","0","0","1"
"42619475","1","5","86756","Free","Logan","LOGAN (Steele Protectors 1) is the 1st book in USA Today and Amazon #1 Bestselling Author, Carole Mortimer’s, BRAND NEW Contemporary Romantic Suspense series.  Author’s Note: Beware of the very sexy & very alpha Steele brothers. These books are HOT!  LOGAN Steele is having a bad day. Well…after being shot, and almost dying, he’s having a bad month. Being forced to recuperate by manning the offices at Steele Protectors, the family security company, is not improving his already short temper.  Which might be one explanation as to why Logan, after having a particularly difficult weekend, is so rude to the beautiful August Harvey when she is shown into his office one wet Monday afternoon.  The other reason could be that Logan is just naturally rude and impatient.  Nor is his mood improved by what August Harvey has to tell him.  August had thought she was doing the right thing by coming to see one of the Steele brothers when her friend Jenna disappears. But after only two minutes in the company of Logan Steele, August is seriously rethinking that decision. Logan might be one of the most dangerous and handsome men she has ever seen, and hotter than hell, but he’s also arrogant, rude, and just all-round impossible.  But there’s no denying that Jenna is missing, and the Steele brothers are the ones that need to find her.  Being treated as if she might have had something to do with Jenna’s disappearances is the last thing August expected.  Until it’s revealed that she does…","https://images-na.ssl-images-amazon.com/images/S/compressed.photo.goodreads.com/books/1541256050i/42619475.jpg","server_url","upload\Carole Mortimer\Logan_(Steele_Protectors_1)_-_Carole_Mortimer.epub","1","0","0.00","0","1","1"
"42621130","1","32","240840","Free","Sharing a Mate","Dr. Kayla Smith is a strong, independent woman with several prestigious degrees in Xenobiology and Chemistry. She lives and works on the Mother Ship and shares a lab with her two best friends, Dr. Bron--a huge Beast Kindred who is also a decorated microbiologist and Dr. Sorin, a Blood Kindred and award-winning virologist. The three of them work and play together but Kayla is afraid to act on her feelings for either Kindred because she knows that picking one means losing the other.Then comes the Great Needing.When Xi-46, a virulent aphrodisiac, is introduced into the Kindred Mother Ship through the air vents, Kayla is one of the women affected. Her desperate need can only be slaked with the help of a male and she gets help from both of her friends. Afterwards, they expect her to choose between them...but Kayla can't--she loves them both.Now they must go on a desperate mission to find the source of Xi-46 and try to create an antidote. But the further they go, the more Kayla realizes she needs both men in her life...and they need each other as well, though neither one wants to admit it.Can Bron and Sorin learn to share a mate?Can Kayla convince them that the three of them belong together?Or will the horrors they suffer at the house of Mother Pain tear them apart?Read Sharing a Mate to find out...***Author's Note and There is a tiny bit of M/M action in this novel, which isn't usual for my Kindred menage books. My intentions in writing M/M in this the book wasn't to add gratuitous sex but rather to show a true three-way relationship in which all the characters love and respect each other equally. I hope you will enjoy it--there is plenty of M/F/M action too, which I think will make you happy if you like menage romance.Also, if you'd like to see the images which inspired this book, by the insanely talented artist, aenaluck, check my Inspiration for Sharing a Mate Pinterest Board.Hugs and Happy Reading! Evangeline","https://images-na.ssl-images-amazon.com/images/S/compressed.photo.goodreads.com/books/1541584289i/42621130.jpg","local","upload\Evangeline Anderson\Sharing_a_Mate_-_Evangeline_Anderson.epub","0","0","0.00","0","0","1"
"42624597","1","16","3464665","Free","Yours to Command","He would do anything to protect her, if only she'd let him. Corporal Sienna Jade wasn't given a choice about joining the mission to Unity. Seen as a troublemaker after reporting an assault by a senior officer, the army wanted her gone. Sienna resents the army for assigning her to Earth Ship Siren, and suspects the fleet's Unity mission will fail. But others would do anything to escape Earth ...Alex Tariel knew his only chance to get a place on ES Siren was as a prisoner, so he stole water rations. As a former construction foreman, his skills make him a valuable prisoner on board, but still a prisoner unable to control his own life. Instead of keeping his head down, he gets involved in the fights set up for gambling privilege tokens, the only currency aboard ship among the prisoners. Getting patched up by Corporal Jade might be the best thing that's happened to Alex on the trip so far, but becoming her ship husband puts him between her and the lieutenant who tried to kill her for kicks on Earth. While Sienna tries to keep control of her feelings for Alex, Alex would do anything to protect her, if only she'd let him. As ES Siren faces its first crisis, a little trust and love goes a long way","https://images-na.ssl-images-amazon.com/images/S/compressed.photo.goodreads.com/books/1541315550i/42624597.jpg","local","upload\Shona Husk\Yours_to_Command_-_Shona_Husk.epub","0","0","0.00","0","0","1"
"42625815","1","1","9758","Free","Wedding Gems","Succumb to temptation and follow the call to Hillvale- population 325 - a cozy little mountain town filled with love, mystery, and ghosts... Award-winning author Patricia Rice presents book #4 in her celebrated Crystal Magic series, abundant with magic and mishap on the way to happy-ever-after. The path to the altar can be a happy time, fraught with tension, but in eccentric Hillvale, a wedding can be more challenging than most. A Wedding Gift puts a dubious feng shui master and a mysterious doll that won’t stay in place in the way of Samantha Moon and Chen Ling Walker’s happiness. For Theodosia Devine-Baker and Kurt Kennedy, the Wedding Question means grappling with Halloween stirring Hillvale’s ghosts—not to mention a ceramic dragon that breathes smoke signals. But when it comes to holiday excitement raising Hillvale’s spirits—both literal and figurative—the Wedding Surprise isn’t just unexpected, it’s a question as to whether or not Keegan Ives and Mariah’s love can survive an unanticipated bundle of joy. Crystal Magic  Book Sapphire Nights Book Topaz Dreams Book Crystal Vision Book Wedding Gems Book Azure Secrets Book Amber Affairs","https://images-na.ssl-images-amazon.com/images/S/compressed.photo.goodreads.com/books/1541331713i/42625815.jpg","local","upload\Patricia Rice\Wedding_Gems_-_Patricia_Rice.epub","0","0","0.00","0","0","1"
"42629206","1","5","5895073,13080665","Free","Alpha's Bane","She ruined my life, got me thrown out of the pack. The only revenge I crave is her.  Trey I never thought I’d have a girl like Sheridan. A pack princess — beautiful, smart, one of the elite. She picked me. She gave me her heart, her innocence. Hurting her was my biggest regret. But then she betrayed us all. Now she’s back — sent to spy on our pack. She wants revenge. But my wolf... he just wants her.  Sheridan  He crushed my heart and broke my trust. I ruined his life. Now we have to work together, and it’s killing me. I want to hate him. But more than that... I want his mark.  Alpha's Bane is a stand-alone second-chance shifter romance. No cheating or cliff-hangers.","https://images-na.ssl-images-amazon.com/images/S/compressed.photo.goodreads.com/books/1541360959i/42629206.jpg","local","upload\Renee Rose\Alpha's_Bane__A_Shifter_MMA_Rom_-_Renee_Rose.epub","0","0","0.00","0","0","1"
"42631609","1","3","797534","Free","Dragon Astray","Trained, stalked, and marked for death was not her plan for the day. Time for a road trip to clear her head.   Trin has trained to be stealthy, trained to defend herself, but when a bounty on her head threatens the safety of her friends, she has to get out of town. Visiting a friend and mixing business with her escape, she learns that dragons mixing their bloodlines may be more common than anyone thought. She spends enough time in Breaker City ordering tea and ceramics to figure out what she wants to do next, and what she wants to do is find out who and where she came from. Learning the details of her family tree leaves her shaken, but nothing can hold her back when it comes to following her instincts. Not even the very folk she came to meet.","https://images-na.ssl-images-amazon.com/images/S/compressed.photo.goodreads.com/books/1541386453i/42631609.jpg","server_url","upload\Viola Grace\Dragon_Astray_-_Viola_Grace.epub","1","0","0.00","0","1","1"
"42638747","1","16","4894221","Free","High Country Cowgirl","Coming soon! High Country Cowgirl by Joanna Sims will be available Aug 01, 2018.","https://images-na.ssl-images-amazon.com/images/S/compressed.photo.goodreads.com/books/1519958759i/38900458.jpg","local","upload\Joanna Sims\High_Country_Cowgirl_-_Joanna_Sims.epub","0","0","0.00","0","0","1"
"42639483","1","9","6572063","Free","A Virgin to Redeem the Billionaire","From USA TODAY bestselling author Dani Collins comes this scandalously seductive romance, full of intense emotion and intoxicating desire!He’ll make her pay…Until he learns of her innocence!Self-made billionaire Kaine Michaels has just given Gisella Drummond, daughter of one of New York’s most influential dynasties, a shocking demand. He needs her to agree to a fake relationship to use her spotless reputation to save his own! After all, her family cheated him out of a business deal. It’s only fair.Innocent Gisella agrees to the pact to protect the Drummond family name. But soon she can’t deny that she wants Kaine in a way she’s wanted no man before. Giving Kaine her virginity might be all Gisella can think about, but will he ever want her for more than revenge…?From Harlequin Presents: Escape to exotic locations where passion knows no bounds.","https://dryofg8nmyqjw.cloudfront.net/images/no-cover.png","local","upload\Dani Collins\A_Virgin_to_Redeem_the_Billiona_-_Dani_Collins.epub","0","0","0.00","0","0","1"
"42646316","1","19","14166772","Free","A Nerdy Holiday","Leila can’t believe her luck when the sexiest man she’s ever seen watches her in the subway. Turns out, it might have something to do with the fact that her button is undone, and her boobs are hanging out. Potentially the most disastrous way to meet the CEO of Wolf Entertainments, her boss...  A Nerdy Holiday is a novella. ","https://images-na.ssl-images-amazon.com/images/S/compressed.photo.goodreads.com/books/1541512070i/42646316.jpg","local","upload\May Sage\A_Nerdy_Holiday__Some_Girls_Do_-_May_Sage.epub","0","0","0.00","0","0","1"
"42647012","1","36","7712730","Free","Prophet of the Badlands","For most twelve-year-olds, being kidnapped is terrifying. For Althea, it’s only Tuesday.Her powers of healing make her a precious commodity in the Badlands, a place where the strong write the law in blood. For as long as she can remember, she has lived either as a possession or a goddess. Althea contents herself with captivity as long as she can help others, even those who killed to own her.After three whole months in the same village, the friendship of a young warrior makes her feel almost like a member of the tribe rather than a prisoner. Alas, raiders seize her yet again. For the first time in six years, being stolen hurts.Following a reluctant escape, she questions if she should dare risk using her powers to defend herself, and those she has come to love. Her attempt to return to the tribe leaves her lost and alone and, for the first time in her life, trying to stay free.Alas, two threats far beyond her experience to understand also hunt her. One wishes to use her for his grand scheme—and one wants to destroy her.","https://images-na.ssl-images-amazon.com/images/S/compressed.photo.goodreads.com/books/1541521353i/42647012.jpg","local","upload\Matthew S. Cox\Prophet_of_the_Badlands_-_Matthew_S._Cox.epub","0","0","0.00","0","0","1"
"42647358","1","17","4897363","Free","Gemstones, Elves, and Other Insidious Magic","I’d been compromised, then turned against those I loved. But no one controlled me. No one took anything I didn’t willingly offer. Not for long, anyway. If the elves wanted a war, I’d bring it. The instruments of assassination would come out to play. The dragon slayer would wreak bloody, sticky vengeance. And then I was getting freaking married — no elves invited. Even a baker of cupcakes and a maker of trinkets occasionally had to set aside the chocolate, the spice, and everything nice to save her friends. And her city.Gemstones, Elves, and Other Insidious Magic is the ninth book in the Dowser Series, which is set in the same universe as the Oracle, Reconstructionist, Amplifier, Archivist, and Misfits of the Adept Universe series. While it is not necessary to read all the series, in order to avoid spoilers the ideal reading order of the Adept Universe begins with Cupcakes, Trinkets, and Other Deadly Magic (Dowser 1).","https://images-na.ssl-images-amazon.com/images/S/compressed.photo.goodreads.com/books/1541524376i/42647358.jpg","local","upload\Meghan Ciana Doidge\Gemstones,_Elves,_and_Other_Ins_-_Meghan_Ciana_Doidge.epub","0","0","0.00","0","0","1"
"42647928","1","2","13730","Free","Goosebumps: Most Wanted: Dr Maniac Will","The infamous, Most Wanted Goosebumps characters are out on the loose and they're coming after you! Catch them all, undead or alive!The Most Wanted list continues with Dr. Maniac, the strangest doctor of them all. When a group of comic book characters appear in the real world, twelve-year-old Richard Dreezer, must track down Dr. Maniac to save the day. Straight from the comic book of your worst nightmares, this evil genius will make sure you leave sicker than when you arrived.","https://images-na.ssl-images-amazon.com/images/S/compressed.photo.goodreads.com/books/1541529303i/42647928.jpg","server_url","upload\R.L. Stine\Goosebumps__Most_Wanted__Dr._Ma_-_R._L._Stine.epub","1","0","0.00","0","1","1"
"42648641","1","16","9758","Free","Texas Lily","Gently raised and badly treated, Lily Porter married Jim Brown without love to have a father for her child. She tried to be a good wife to the rancher as he carved out a cattle kingdom. But now her husband was gone. She was a woman alone, with a child to raise and a ranch to run, in a land aflame with violence and ripe for rebellion, where women were expected to be seen and not heard. Lily needed a man to stand up for her and her land.The man she chose was just called Cade, part Apache, part Mexican, proud and reckless. He had a past and a secret he would not reveal, but he possessed a power and passion that commanded all in his path. Lily willingly joined with him in a struggle against treachery and terror—and in a love she would risk anything not to lose.","https://images-na.ssl-images-amazon.com/images/S/compressed.photo.goodreads.com/books/1541534842i/42648641.jpg","local","upload\Patricia Rice\Texas_Lily_-_Patricia_Rice.epub","0","0","0.00","0","0","1"
"42650429","1","12","2965060","Free","Arsenic in the Azaleas","Riches to rags. … Controlling to chaos. … But murder … seriously?  After her ex-husband leaves her high and dry, former socialite Doreen Montgomery's chance at a new life comes in the form of her grandmother, Nan's, dilapidated old house in picturesque Kelowna … and the added job of caring for the animals Nan couldn’t take into assisted living with her: Thaddeus, the loquacious African gray parrot with a ripe vocabulary, and his buddy, Goliath, a monster-size cat with an equally monstrous attitude.  It’s the new start Doreen and her beloved basset hound, Mugs, desperately need. But, just as things start to look up for Doreen, Goliath the cat and Mugs the dog find a human finger in Nan’s overrun garden.  And not just a finger. Once the police start digging, the rest of the body turns up and turns out to be connected to an old unsolved crime.  With her grandmother as the prime suspect, Doreen soon finds herself stumbling over clues and getting on Corporal Mack Moreau’s last nerve, as she does her best to prove her beloved Nan innocent of murder.","https://images-na.ssl-images-amazon.com/images/S/compressed.photo.goodreads.com/books/1541551563i/42650429.jpg","local","upload\Dale Mayer\Arsenic_in_the_Azaleas_-_Dale_Mayer.epub","0","0","0.00","0","0","1"
"42651709","1","41","17023834","Free","Secrets Among the Tides","The sea kingdom of Thalassar has a deadly secret: the one true heir has gone missing.  To save the kingdom, a lookalike is quickly thrown in her place.  Maisie is a waitress, not a royal. The glittering crowns, silk gowns, and three charming mermen can't distract her from the real danger hidden in plain sight.  There was a reason the princess disappeared: she knew too much...and someone wanted her dead. A Mermaid Reverse Harem Romance.","https://images-na.ssl-images-amazon.com/images/S/compressed.photo.goodreads.com/books/1541569349i/42651709.jpg","local","upload\Aleera Anaya Ceres\Secrets_Among_the_Tides_-_Aleera_Anaya_Ceres.epub","0","0","0.00","0","0","1"
"42675179","1","17","16324115","Free","The Obsidian Palace","Ruethwyn’s life may have been destroyed, but now she’s ready.With the blessing of the fey and others who she barely dares dream of, Ruethwyn’s body is whole once more. Turning to the future, she sets her sight on her beloved who was stolen away by a dragon. Yet even with all her magic at her command, Ruethwyn stands little chance against such a powerful foe, so she must tread lightly.Other foes threaten to halt Ruethwyn’s efforts even now, though, foes that would kill her or imprison her. With her friends at her side, Ruethwyn will face any threats that stand in her way, especially since her friends have become dearer than she’d imagined. Still, any romance will have to wait, for at long last Ruethwyn can act.The only question is if she’s ready for an unexpected figure from her past. A figure she thought gone forever.","https://images-na.ssl-images-amazon.com/images/S/compressed.photo.goodreads.com/books/1541644193i/42675179.jpg","local","upload\Benjamin Medrano\The_Obsidian_Palace_-_Benjamin_Medrano.epub","0","0","0.00","0","0","1"
"42683719","1","1","16070614","Free","Patrolling the Neighborhood","Vance, a confident young police officer, naturally commands respect.  He is comfortable being in control of all aspects of his life.  But Vance's love life has suffered from repeated crash endings.  He now challenges himself to explore new impulses, including his sometimes intense attractions to other virile men.  Colton, an enigmatic new neighbor, unexpectedly enters his life.  Colton offers Vance an opportunity to experiment, physically and emotionally, with his evolving sexuality.  However, reaching his full potential for ecstatic pleasure may require the unthinkable for Vance -- a three way where he shares and releases power with other men.  ""Patrolling the Neighborhood"" is erotic fiction (a novelette) intended only for mature audiences.  It is the second book in the Men of Rugged Heights series.  It can be read as a stand-alone story or as part of the series.","https://images-na.ssl-images-amazon.com/images/S/compressed.photo.goodreads.com/books/1541653596i/42683719.jpg","local","uploads/Jaylen Florian/Patrolling_the_Neighborhood_(Me_-_Jaylen_Florian.epub","0","0","0.00","0","0","1"
"42730904","1","24","2965060","Free","Reyes's Raina","He once picked the wrong woman… he won’t make that mistake again. Reyes Drere came from a long line of gardeners. He’d known since he was little which way his life was going to go and it had nothing to do with planting seasons. When he joined Legendary Securities after eight years as a Navy SEAL he’d been avoiding going home and joining the family business. The family business included an ex-fiancé he had no wish to see again. Her sister was a good friend but there was nothing more dead than a dead love – unless it was a dead ex-fiancé… Raina is reeling from the shock of seeing the only man she’s ever loved showing up at work one day, his new boss in tow. Ice is all about plants on a grand scale, whereas Reyes appears to be all about denial. Only the shocks continue as her twin and Reyes ex-fiancé show up dead… and he’s the one with a motive…","https://images-na.ssl-images-amazon.com/images/S/compressed.photo.goodreads.com/books/1541702465i/42730904.jpg","server_url","upload\Dale Mayer\Reyes's_Raina_-_Dale_Mayer.epub","1","0","0.00","0","1","1"
"42735833","1","5","5829989","Free","A Tiger's Claim","As the Alpha’s only daughter Shayna Andrews has always been treated like a rare gem, protected like royalty, and she’s suffocating. Her longing to be independent has driven her to sneak out one evening after dinner. After relishing in being able to run free without an escort, she finds herself face-to-face with the enemy, miles from home, and nearly loses her life until a lone wolf comes to her aid.  Travis Hunter’s main objective is to destroy the Onyx Pack — a group of drug using, murdering rogue shifters. His seek-and-destroy plans are put on hold when he rescues a female from a brutal attack. The beautifully exotic tiger shifter, Shayna, stirs a passion he thought died with his long-lost mate.  When Shay’s first heat cycle slams into her, Travis has no choice but to submit to her needs — and his own. But there is always a price to sleeping with the Pack princess. Not only will they have to face her Pack, Shay and Travis will have to deal with a mating that is beyond a single night and could have consequences more than either of them had thought. And when Travis finds out Shay wears the enemy’s brand, things will go from bad to worse.","https://images-na.ssl-images-amazon.com/images/S/compressed.photo.goodreads.com/books/1541747628i/42735833.jpg","local","upload\Lia Davis\A_Tiger's_Claim_-_Lia_Davis.epub","0","0","0.00","0","0","1"
"42736226","1","17","18600629,17436970","Free","A Shifter's Curse","""Karma takes too long. I'd rather beat the shit out of you right now."" With a dagger in her boot and blades in her bra, Briar, a powerful shifter, arrives in Rouen with one goal: find and kill Dominic, the man responsible for the destruction of her entire family and wolf pack. When she discovers he is an Alpha surrounded by muscle-ripped shifters and equally as strong witches, she knows the only way she will get close enough to kill him is if she joins his dangerous and shady pack. But infiltrating them proves more challenging than she expects, especially when her new roommates turn out to be supernaturals with their own powers and secrets. She can't tell if the centuries-old, nosey vampire and fashion-sensitive witch are working with her or against her. Whether they are friends or enemies doesn't change things. Briar has a job to do. And she is willing to do whatever it takes to quench her thirst for revenge, even if it means destroying her own soul. In this new urban fantasy series, Steele and Mason introduce readers to a dark and exciting world full of shifters, vampires, and witches. If you like Charlaine Harris, Patricia Briggs, Shayne Silvers or K.F. Breene, you will LOVE this new series! Scroll up and grab this gritty urban fantasy TODAY! ** Intended for adult readers due to violence and language, but it is funny as hell. Oh, and this is not an RH **","https://images-na.ssl-images-amazon.com/images/S/compressed.photo.goodreads.com/books/1541754375i/42736226.jpg","local","upload\Raven Steele\A_Shifter's_Curse_-_Raven_Steele.epub","0","0","0.00","0","0","1"
"42736533","1","17","1160213","Free","Her Surprise Baby Christmas","One sinful night with consequences, at Christmas time...   “You’re beautiful,” he’d said, and she’d wondered if he was a little drunk. She’d wondered if he was very drunk. Only he wasn’t – he didn’t seem under the influence. He kissed her as he lay her down on the bed and pushed out of his shirt. Her fingers traced his naked chest, finding the ridges of his muscular abdomen, reveling in the unfamiliarity of this. She’d been a good girl all her life. No more. No longer. Not tonight. “I want you to make love to me,” she whispered, saying the words aloud for her own confidence, for her own conviction. Afraid, perhaps, that she might change her mind and chicken out at the last minute. “Love has nothing to do with it,” he said, but pushed up to smile, a smile that didn’t quite reach his eyes. And his words were reassuring, because he was right. Sex and love were two distinct prospects. “Sex. I want to have sex with you.”    It's a one night stand, nothing more. But when innocent Bella falls pregnant to the dashing Greek billionaire Vitalo Katrakis, there's only one solution: marriage!  He promises her the world for their baby, a life lived side-by-side, raising their child as a family - the one thing she's always coveted. Only a dark secret from their past has the power to tear this couple apart.  There's too much at stake for the truth to come out, but nothing stays secret forever...  Book four in the bestselling The Evermore Series is a Christmas romance filled with heat and heart, and hurts of the past.   A steamy, full-length contemporary romance that will set your soul on fire.","https://images-na.ssl-images-amazon.com/images/S/compressed.photo.goodreads.com/books/1541759342i/42736533.jpg","server_url","upload\Clare   Connelly\Her_Surprise_Baby_Christmas_-_Clare_Connelly.epub","1","0","0.00","0","1","1"
"42739210","1","5","2965060","Free","Dezi's Diamond","When opposites attract... anything can happen... Dezi was a plain-and-simple type of guy. He loved working for Levi's company and had enjoyed the jobs he'd been given so far. When a businesswoman contacted Ice over, well, ice, ... things got interesting.Diamond was an exclusive jewelry designer, born and raised in the industry, working within her father's diamond company. When a custom-designed item was checked before shipment, she realized the piece wasn't her workmanship. Somehow someone had forged her work and had slipped it in the shipment as a replacement.However, the theft and forgery quickly escalate to kidnapping and armed robbery. Dezi and Diamond need to figure this out fast, before something else gets added to the list: murder.","https://images-na.ssl-images-amazon.com/images/S/compressed.photo.goodreads.com/books/1541789743i/42739210.jpg","server_url","upload\Dale Mayer\Dezi's_Diamond_-_Dale_Mayer.epub","1","0","0.00","0","1","1"
"42740674","1","5","2965060","Free","Nelson","Nothing is what it seems … ever …Nelson’s early morning meeting at the docks with Elizabeth Etchings offers only bad news. Her brother—and Nelson’s old friend—has gone missing on his days off while his ship was docked in Ensenada. A trip to where he’d last been seen shows the local color … and reveals Nelson’s friend has gotten into bigger trouble than anyone could imagine.Elizabeth might have had a hand in now sending two men to Baja to look for her brother, but she will not stay behind. Her brother is in danger … and he’s the only family she has left.It doesn’t take long for Nelson to realize that Elizabeth has caught the eye of someone who rules that corner of the world. She’s now in jeopardy too—possibly more than her brother. Keeping her safe moves up Nelson’s priority list.Until both issues merge, and everything goes south …","https://images-na.ssl-images-amazon.com/images/S/compressed.photo.goodreads.com/books/1541805187i/42740674.jpg","server_url","upload\Dale Mayer\Nelson_-_Dale_Mayer.epub","1","0","0.00","0","1","1"
"42742409","1","5","6925725","Free","Acacia: Hidden Realms of Silver Lake","PUBLISHER'S This book originally was titled ACACIA.A goddess in need of some solitude. A bear shifter in search of a connection. All seems perfect until a secret threatens to destroy it all.Acacia Faiten has been discontent for, oh, at least one hundred years. Being an immortal goddess of destiny isn’t what it’s all cracked up to be. It might sound rewarding, but it only makes her realize what she’s missing—someone to love. Then she meets the hunky werebear Will King, who has good looks to spare. Score!Will might own his own company, but nothing seems to interest him anymore. The solution? He needs to find his mate. As luck would have it, while on a camping trip, what does he find? Her! In the site next to his no less is Acacia, a woman who is incredibly beautiful. Be still his beating heart. So what if she has no idea how to light a stove? She’s the one! Life can’t get any better until she proves she’s not really human, and his hopes are shattered.Is there anything Acacia can do to convince him they belong together? Forever.","https://images-na.ssl-images-amazon.com/images/S/compressed.photo.goodreads.com/books/1541828970i/42742409.jpg","local","upload\Vella Day\Acacia_-_Vella_Day.epub","0","0","0.00","0","0","1"
"42746209","1","1","14925543","Free","Lee","A clean Christian romance by Katie Dowe of BWWM Club.  Eva is a small town woman who works as an accountant for her father’s church.  She is accustomed to her slow-paced life, and never imagined things would be any different…  That was until hunky billionaire Lee stumbles into her life!  Things start to heat up between the two right off the bat!  And as they become closer, Eva starts to discover what’s really going on in her so-called pious community.  Those she trusts the most aren’t who they seem to be...  Through tragedy, family drama, and a brush with death, will Lee and Eva get a happily ever after before it’s too late?  Find out in this clean Christian romance by Katie Dowe of BWWM Club.","https://images-na.ssl-images-amazon.com/images/S/compressed.photo.goodreads.com/books/1541871816i/42746209.jpg","local","upload\Katie Dowe\Lee__Clean_Christian_Romance_(M_-_Katie_Dowe.epub","0","0","0.00","0","0","1"
"42749385","1","1","14925543","Free","Kevin","A sexy accidental marriage romance by Katie Dowe of BWWM Club. Now 1/3 longer!  After a night of drinking and partying Imani Duncan wakes up to the unthinkable:  She’s now married to someone she’s only met the night before!  To make things worse, the man is no other than billionaire Kevin Thorpe of Thorpe Financials!  And they are forced to stay together to avoid a scandal!  As time goes on, Kevin realizes that he is starting to feel something for the beautiful and vivacious Imani.  But Imani doesn’t want to settle down and is drifting further and further away from his grasp!  Can he convince Imani to stay with him?  Or will love find a way to convince her instead?  Find out in this emotional yet sexy romance by Katie Dowe of BWWM Club.  Suitable for over 18s only due to sex scenes so hot, you'll start wishing for your own billionaire husband!","https://images-na.ssl-images-amazon.com/images/S/compressed.photo.goodreads.com/books/1541910241i/42749385.jpg","local","upload\Katie Dowe\Kevin__An_Accidental_Marriage_R_-_Katie_Dowe.epub","0","0","0.00","0","0","1"
"42753136","1","5","18600629,17436970","Free","A Shifter's Rage"," ""I never go to bed angry. I stay awake and plot my revenge."" Imprisoned for killing Silas, Briar's only chance of surviving is to rely on her roommates and Luke, the sexy shifter she loves to hate. But getting free won't solve her problems. She still has to kill Dominic, the pack Alpha who murdered her entire family. To do that, she has to make Dominic believe she's still team bad guys so she can get close to him and find out whom he's working with. Especially when she learns just about everyone and their evil dog is looking for the one thing she has sworn to protect--the Abydos, powerful and ancient blood that could either end the world or save it. But playing the other side has some severe consequences, especially when she gets too close to the darkness and savors it's poisonous flavor one too many times. If Briar can't let go of her demons, she'll lose everyone she loves. ** Intended for adult readers due to violence and language. **","https://images-na.ssl-images-amazon.com/images/S/compressed.photo.goodreads.com/books/1541955523i/42753136.jpg","local","upload\Raven Steele\A_Shifter's_Rage_-_Raven_Steele.epub","0","0","0.00","0","0","1"
"42759245","1","45","8546572","Free","Two Witches and a Whiskey","Three months ago, I landed a job as a bartender. But not at a bar—at a guild. Yeah, the magic kind.  I'm not a badass mage like my three smokin' hot best friends. I'm not a sorcerer or an alchemist, or even a wussy witch. I'm just a human, slinging drinks like a pro and keeping my non-magical nose out of mythic business. Seriously, I know my limits.  So why am I currently standing in a black-magic ritual circle across from a fae lord?  Somewhere behind me, my three mage friends are battling for their lives. Somewhere near my feet is the rogue witch I just knocked out with a stolen spell. And I have about five seconds to convince this very angry sea god not to shmoosh me like a bug.  I'm pretty sure this wasn't part of the job description.","https://images-na.ssl-images-amazon.com/images/S/compressed.photo.goodreads.com/books/1542020826i/42759245.jpg","local","upload\Annette Marie\Two_Witches_and_a_Whiskey_-_Annette_Marie.epub","0","0","0.00","0","0","1"
"42763426","1","41","2796762","Free","Guns and Graveyards","I have blood on my hands. Blood that isn't mine. I had thought I had escaped my past. I had thought I had finally freed myself. But can you really escape your monsters? With a gang war looming on the horizon, bodies piling up, and a strange new student claiming ties to the Shadow Man, I find myself looking into my past. Will I be able to uncover the mysteries surrounding my upbringing and the Shadow Man? And what if the monster that needs to be stopped is me? This is a reverse harem slow-burn horror novel. It is the second in a series. This book WILL END IN A CLIFFHANGER. If that bothers you, please wait until all books are released. With this style of series, not all questions will be answered every book, and more might pop up along the way. At the end of the series, there will be a HEA for Cami and her guys. WARNING: This book contains language, violence, horror themes, and sexual situations that may not be appropriate for people of all ages.","https://images-na.ssl-images-amazon.com/images/S/compressed.photo.goodreads.com/books/1556032037i/42763426.jpg","local","upload\Katie May\Guns_and_Graveyards_(Beyond_the_-_Katie_May.epub","0","0","0.00","0","0","1"
"42766236","1","5","14703924","Free","Run Free","Gage Matthews is a self-proclaimed lone wolf, traveling the country and living life on his own terms. He carries the burden of a dark past and many secrets, trying hard to never look back. He prides himself on being free, until he’s not. Running through the dessert in his fur brings his life to a crashing halt when he finds himself picked up by a group of humans. Broken, beaten, starving, he prays for a quick and easy passing, rejoicing when the angel of death descends upon him. But she’s no angel...  Clara Collier travels the world rescuing animals and the occasional shifter. Feeling restless and stagnant in her life, she heads into a new assignment that changes her world forever when she comes face to face with a caged red wolf. He’s not just any wolf, he’s her one true mate, and he’s dying. Clara must work tirelessly to save him only to learn he has no intentions of taking a mate.  Rejection, secrets, PTSD, and stubborn pride are only a few obstacles Clara and Gage must fight to overcome. But what happens when the past catches up to him? Will Gage stay and face his own personal demons? Or will he run? ","https://images-na.ssl-images-amazon.com/images/S/compressed.photo.goodreads.com/books/1542084406i/42766236.jpg","local","upload\Julie Trettel\Run_Free_(Collier_Pack_Book_2)_-_Julie_Trettel.epub","0","0","0.00","0","0","1"
"42769202","1","36","38550","Free","Starsight","All her life, Spensa has dreamed of becoming a pilot. Of proving she's a hero like her father. She made it to the sky, but the truths she learned about her father were crushing.Spensa is sure there's more to the story. And she's sure that whatever happened to her father in his starship could happen to her. When she made it outside the protective shell of her planet, she heard the stars--and it was terrifying. Everything Spensa has been taught about her world is a lie. But Spensa also discovered a few other things about herself--and she'll travel to the end of the galaxy to save humankind if she needs to.","https://images-na.ssl-images-amazon.com/images/S/compressed.photo.goodreads.com/books/1569876576i/42769202.jpg","local","upload\Brandon Sanderson\Starsight_-_Brandon_Sanderson.epub","0","0","0.00","0","0","1"
"42771754","1","17","4684322","Free","Supernova","All's fair in love and anarchy...The epic conclusion to Marissa Meyer's thrilling Renegades Trilogy finds Nova and Adrian fighting to keep their identities secret. While the battle rages on between their alter egos and their allies, there is a darker threat shrouding Gatlon City.The Renegades' worst enemy is back among them, threatening to reclaim Gatlon City. Nova and Adrian must brave lies and betrayal to protect those they love. Their greatest fears are about to come to life, and unless they can bridge the divide between heroes and villains, they stand to lose everything. Including each other.Intrigue and action will leave readers on edge until the final, shocking secrets are revealed.","https://images-na.ssl-images-amazon.com/images/S/compressed.photo.goodreads.com/books/1557159835i/42771754.jpg","local","upload\Marissa Meyer\Supernova_-_Marissa_Meyer.epub","0","0","0.00","0","0","1"
"42773766","1","25","6860531","Free","A Purge of Nature","
One thousand and one fae. An ancient full-moon ritual. A final battle that will shape the fate of the universe...
Prepare for the unputdownable GRAND FINALE of Season 8. 
Buy now!

*Beware of spoilers in the reviews below that are without spoiler alerts*
","https://images-na.ssl-images-amazon.com/images/S/compressed.photo.goodreads.com/books/1542161474i/42773766.jpg","local","upload\Bella Forrest\A_Purge_of_Nature_-_Bella_Forrest.epub","0","0","0.00","0","0","1"
"42779648","1","1","845191,14417592,4868644","Free","Apostle","
A little gunpowder goes a long way. 
Damian has to deal with secrets. Too many secrets...and one of them is about a Demon he knows personally.
What's a little blood between friends and enemies?
 
The demons are bitching and life must go on, right?Good luck with that. 
Those in charge have provided orders for Damian. 

Except, Damian has never been good at following orders or dealing with limitations placed on him…
Scroll back to the top and click “Read for Free” or “Buy Now,” and kick back for a fun supernatural action-packed adventure that will have you yelling for the good guys and laughing at the arguments between Damian and his protégé.---
NOTE: This book contains cursing. Perhaps humorous cursing, but cursing nonetheless. If this offends you, I suggest you don’t read this book. 
 ","https://images-na.ssl-images-amazon.com/images/S/compressed.photo.goodreads.com/books/1542213101i/42779648.jpg","local","upload\Michael Todd\Apostle_-_Michael_Todd.epub","0","0","0.00","0","0","1"
"42785822","1","12","32498","Free","Smokescreen","In this pulse-pounding thriller from #1 New York Timesbestselling author Iris Johansen, forensic sculptor Eve Duncan journeys to Africa to help families torn apart by a violent attack deep in the jungle -- but she may be putting herself in more danger than she knows.A journalist shows up on Eve Duncan's doorstep with a plea for help. Jill Cassidy has just come from a small African village with a heart wrenching half the villagers -- many of them children -- have been killed in a horrific attack by guerilla soldiers, the bodies burned beyond recognition. Now, the families desperately need Eve's help to get closure and begin to heal.But when Eve arrives in the remote jungle, she begins to suspect that Jill's plea may have been a cover story for a deeper, more sinister plot. Isolated and unsure who she can trust, Eve finds herself stranded in an unstable country where violence threatens to break out again at any moment and with only her own instincts to rely on if she hopes to get home to her family alive . . .#1 New York Times bestselling author Iris Johansen is back with one of her most exhilarating and dangerous adventures yet in this ""riveting"" high-stakes thriller (Publishers Weekly).","https://images-na.ssl-images-amazon.com/images/S/compressed.photo.goodreads.com/books/1559891324i/42785822.jpg","local","upload\Iris Johansen\Smokescreen_(A_thriller_Book_26_-_Iris_Johansen.epub","0","0","0.00","0","0","1"
"42801355","1","11","7044900","Free","Beyond the Point","DI Nick Dixon is on the hunt for a vicious serial killer, following a trail of fingerprints and DNA across west Somerset.When the body of a young woman is found on the building site of a nuclear power station, work grinds to a halt. The body bears all the hallmarks of yet another random murder at the hands of the escaped killer. Then Dixon finds a motive.Fighting for his place on the Major Investigation Team, he soon uncovers a family’s desperate search for the truth, exposing a web of corruption and death that will shake the billion pound construction project to its very foundations. But who can be trusted when so much money is at stake?Can Dixon find the killer under intense pressure from the top of government? And, can he do it before anyone else has to die?","https://images-na.ssl-images-amazon.com/images/S/compressed.photo.goodreads.com/books/1553716439i/42801355.jpg","local","upload\Damien Boyd\Beyond_the_Point_-_Damien_Boyd.epub","0","0","0.00","0","0","1"
"42815725","1","17","16712129","Free","Striking Out","Starting over is hard. Sometimes it's the only option.Since she was a young girl, Moneva has worked for the most powerful crime lord in the Empire. A chance encounter offers her a way out. Can she take it?This prequel story is set five years before the events of Toric's Dagger, Book One of The Weapon Takers Saga.","https://images-na.ssl-images-amazon.com/images/S/compressed.photo.goodreads.com/books/1542282508i/42815725.jpg","local","upload\Jamie Edmundson\Striking_Out_-_Jamie_Edmundson.epub","0","0","0.00","0","0","1"
"42837856","1","1","7972225","Free","Determination: A Magi Saga Series","Nero and Nyx are a threat to the Night Lords rule. They want them dead. Can they survive and find the answers they need?  Nyx has found her mother. Cryptus’ big secret has been revealed. And the Night Lords want them dead. The elation of finding Nyx's mother was swiftly followed by shock. Cryptus played a role in bringing about the apocalypse, and Nero is furious. The seeds of distrust have been sewn within the Road Knights, but Nyx’s focus is elsewhere. With her mom back, Nyx is keen to know more about her past. When a clue is revealed, the Road Knights must once again travel the wastes to find the answers they seek. But their actions have drawn the attention of the Night Lords. Survival just became even harder for Nero and Nyx. Questions and answers await as the road Knights ride again in another high octane adventure. Grab this rip roaring V8 adventure now. It's Mad Fury Road with Magic and monsters.","https://images-na.ssl-images-amazon.com/images/S/compressed.photo.goodreads.com/books/1542329245i/42837856.jpg","local","upload\Andrew Dobell\Determination_-_Andrew_Dobell.epub","0","0","0.00","0","0","1"
"42842709","1","16","3087007","Free","The 13th Month","Marco’s ex destroyed him, but one man won’t let him give up on life.Marco was the original photographer from the Calendar series. He’s almost died more than once thanks to his ex wife, Evan. It’s been a struggle to survive, but Ezra, his best friend has been by his side and isn’t disgusted by his scars.And maybe it’s time Marco stopped fighting the feelings he’s had for his friend all along.General Release Date: 8th January 2019","https://images-na.ssl-images-amazon.com/images/S/compressed.photo.goodreads.com/books/1542368241i/42842709.jpg","local","upload\Bailey Bradford\The_13th_Month_-_Bailey_Bradford.epub","0","0","0.00","0","0","1"
"42842888","1","5","2965060","Free","Deep Beneath","You might think you know what lurks below, … but do you really?A kayaking incident off Seattle’s shores sends Whimsy into a coma, where her nightmares are a revolving repeat of her drowning. She wakes to life on an isolated island, involving her strange savior, two dogs with unique identities, and voices, sounds, emotions that aren’t hers alone.To a mystery that makes no sense …Samson heard the cry to save the woman washed onto his shores, and the dogs were already on the job before he arrived. But he had no idea how much impact this woman would make in his life … and his brother’s.However, the mystery is so much bigger than him and her …Plus another element is involved. A research group has been illegally conducting tests on the tectonic plates, … with unexpected consequences … deep beneath.","https://images-na.ssl-images-amazon.com/images/S/compressed.photo.goodreads.com/books/1554783079i/42842888.jpg","server_url","upload\Dale Mayer\Deep_Beneath_-_Dale_Mayer.epub","1","0","0.00","0","1","1"
"42848389","1","1","3251673","Free","A Layer of Ash","Betrayed and alone, Alaji flees from a force beyond time. If the Citadel finds her, they will take her past, her memories, and her very self.After escaping death at the hands of giants in the era of floating islands, she goes in search of a place to rest and regroup. And in a small village in a quiet era, she believes she's found it. The town of Hilleleah reminds her of the home she can't return to. Its people are kind, if simple, and they offer aid freely.But the longer she remains, the more she'll uncover about the secrets they hide. And she'll soon question whether there is any time in history that's truly safe.","https://images-na.ssl-images-amazon.com/images/S/compressed.photo.goodreads.com/books/1542428743i/42848389.jpg","local","upload\Erin L. Snyder\A_Layer_of_Ash_-_Erin_L._Snyder.epub","0","0","0.00","0","0","1"
"42852044","1","13","17374103","Free","Highlander’s Dark Enemy","A mysterious figure with an evil plot threatens Davina's entire life as she knows it. Can a childhood friend save her from certain doom?  Davina Anderson, a blond and spirited young girl from the Scottish Highlands, never expected to be wed. She has always seen herself as a plain and plump young woman with little to offer a man. That is until one fateful day she crosses paths with the handsome, tall, and muscular Athol Murray, heir to the estate of Blairmore. Their friendship soon blossoms, but neither of them is looking for love—not yet.  A devastating tragedy rocks the entire town of Craiglochan when Davina’s father, Laird Ruaridh, is brutally assassinated. Chaos reigns in their household as they struggle to identify the person responsible. Just when the situation couldn't get any worse, a devastating rumour is exposed that crushes Davina completely. Davina doesn't expect to find a hero in Athol who proves a powerful ally in their fight for justice.  It leads them both down a dangerous path which spells death and mayhem for the two young friends. Will Davina and Athol find love amongst the bloodshed or will it all come crashing down?   “Highlander’s Dark Enemy” is a Scottish romance novel of more than 80,000 words.","https://images-na.ssl-images-amazon.com/images/S/compressed.photo.goodreads.com/books/1542477380i/42852044.jpg","local","upload\Alisa Adams\Highlander's_Dark_Enemy__A_Medi_-_Alisa_Adams.epub","0","0","0.00","0","0","1"
"42855076","1","17","7111678","Free","Echoes of a Fallen Kingdom","Strong-willed and full of hope, Leo strives to learn more of the magic he has read so much about. He’s heard of invisible links in his world, and hidden rifts to other realms filled with creatures and stones of power. But Leo’s family is stuck in an impoverished city. He performs backbreaking farm work beside his older brother, a rebellious and cunning thief, but nonetheless a brother whom Leo would trust with his life. Their father takes care of them as best he can, but a dangerous secret has weighed heavily on him for years. He won’t be able to keep it hidden much longer.Leo believes everything will change for the better when he begins work as a bookbinder and finally leaves the dreadful farm. He can apply for apprenticeship to the Bookbinding Guild upon his soon-approaching birthday. Everything will change, but in ways their family would never expect. It all begins when Leo’s brother steals something that he should’ve left alone.","https://images-na.ssl-images-amazon.com/images/S/compressed.photo.goodreads.com/books/1542508339i/42855076.jpg","local","upload\B.T. Narro\Echoes_of_a_Fallen_Kingdom_-_B._T._Narro.epub","0","0","0.00","0","0","1"
"42855228","1","1","7265107","Free","Divided Paths","Zacharias serves Archangel Michael as his lead warrior. His job is to help protect the humans from demon invasion and possession until he is appointed to an unusual mission—protecting a girl. To protect Ava, he moves to her family's farm in France and blends in with their life in the middle ages.  The longer Zacharias stays with Ava, the more he realizes that she isn't an ordinary human. Slowly, over the course of years, her unique gifts shine through. The biggest shock manifests after her twenty-first birthday.  He raises Ava as a daughter, leaving only occasionally to help Archangel Michael fight demons and protect other humans.  Archangel Michael calls for his help when Zacharias is trying to help protect Ava and the humans that she loves. He is so distracted by the pull to protect several loved ones in different places at one time that he is lured into a trap by a greater demon and his loyal servant.  Will he manage to save them all, or will someone be lost? ~~~~~Divided Paths can be read as book 4 in the Afterlife series, or can also be read as a stand alone book, or before book 1: Fledgling.~~~~~“When Zacharias is assigned to protect a young human child, he never dreams how his life will change as a result. Readers will be delighted by this inspiring story of courage, loyalty, and determination as two people seek their places in the eternal struggle between good and evil.” Irene S., Proofreader, Red Adept Editing","https://images-na.ssl-images-amazon.com/images/S/compressed.photo.goodreads.com/books/1542510485i/42855228.jpg","local","upload\Katrina Cope\Divided_Paths_-_Katrina_Cope.epub","0","0","0.00","0","0","1"
"42859529","1","5","5276341","Free","Fracture","When you fall for the devil, you're bound to get burned.Pandora Scott's world has blown up once again, but this time she's learned her lesson--saving the world isn't a job she can do solo. She needs friends. But when her strongest ally also happens to be the boy who shattered her heart, it's not as easy as it sounds. Especially since the person she has to destroy might just be the love of her life. With her fate hanging in the balance, Pandora's got to make a choice. Forgive? Forget? Fight? Or falter? But everything changes when she realizes that the people she thought were heroes might be villains, and the good guys aren't always as trustworthy as they seem...Fracture is the third book in the thrilling Midnight Ice series--the brand new spinoff to Midnight Fire, a bestselling paranormal romance!","https://images-na.ssl-images-amazon.com/images/S/compressed.photo.goodreads.com/books/1542565312i/42859529.jpg","local","upload\Kaitlyn Davis\Fracture_(Midnight_Ice_Book_Thr_-_Kaitlyn_Davis.epub","0","0","0.00","0","0","1"
"42861277","1","37","9786375","Free","Ghostly Worries","Whisper Cove is stuck in a heat wave, although it’s nothing compared to the fire stoking between Harper Harlow and Jared Monroe. They’re happy and enjoying themselves … until a face from the past resurfaces.Jason Thurman and Harper had a brief fling in high school, and when he returns to town to open a restaurant he’s hoping they can revisit their relationship as adults. Harper has no interest other than friendship in the amiable man, but he seems determined despite her protests.When a body drops at his restaurant, Harper finds herself in a unique situation. The deceased woman died horribly, but she’s completely unlikeable and helping her is harder than Harper ever envisioned – mostly because she’s keeping secrets from the only people who can solve her murder.Between Jason’s unwanted attention, a brewing fight with Zander, and an enemy no one can pin down, Harper has her hands full. Jared is by her side, but jealousy is getting the better of him even as he fights to do right by his blonde.When the end comes, will Jared be too distracted to realize who the enemy really is? Will Harper’s insistence on believing Jason is innocent be her ultimate downfall?Only time will tell … and the clock is ticking.","https://images-na.ssl-images-amazon.com/images/S/compressed.photo.goodreads.com/books/1542581637i/42861277.jpg","local","upload\Lily Harper Hart\Ghostly_Hopes_Books_4-6_-_Lily_Harper_Hart.epub","0","0","0.00","0","0","1"
"42864119","1","16","1198309","Free","Fixing Forever","In the years Andrew McIver has been an engineer at River’s End Ranch, he’s watched his friends and colleagues find love time and again…but despite his many first dates, no one special has kindled that spark for him. And he’s reached the point in his career where he’s tired. He needs a change, although he won’t admit it to his sister. She’s the only family member he still speaks to; he might be a member of the sprawling Quinn family, but he hasn’t spoken to any of them in years. Especially not his Uncle Bob…  Rachel Chakrabarti is the Assistant General Manager for the Quinn Hotel and Spa, and her boss, Bob Quinn, has put her in charge of finding a new chief engineer. But that stress is nothing compared to the way her heart pounds when she meets her date for the first time; Andrew is gorgeous and capable and a brilliant kisser! But once she figures out who he is, she decides it’s up to her to force a reconciliation between Andrew and his uncle.  And that’s when everything goes wrong.  With Thanksgiving only days away, can Rachel patch things up with the man she’s coming to love? Can she help Andrew see that family is the most important thing to be thankful for? It’s going to take one determined lady and one brilliant engineer to fix this forever!","https://images-na.ssl-images-amazon.com/images/S/compressed.photo.goodreads.com/books/1543882187i/42864119.jpg","local","upload\Caroline Lee\Fixing_Forever_(Quinn_Valley_Ra_-_Caroline_Lee.epub","0","0","0.00","0","0","1"
"42868725","1","45","6876556","Free","Legend","Nate Temple has holes in his soul, both imagined and real....And the only way to patch his soul back together is to go back to where it all began. To where he began. To where a Manling was born....To a dangerous boy named Wylde. Because to have any hope at standing against Mordred - to save Camelot and St. Louis alike - he must learn what it means to be a Catalyst. A little boy must know his legend - his origin. And he must learn the painful truth that his entire life has been meticulously planned and laid out like the steps to a choreographed dance. And that Mordred is just another dance card in a long line of future suitors at the Temple Ball. If Nate can survive the dance, that is....Let’s discover what dangers a little boy can get into when his imagination is more real than reality itself....When the powers of life and death can be heard in the absent humming of a little boy playing in the woods with his cat....Because behind every Song is a Mask waiting to be born. Or destroyed....","https://images-na.ssl-images-amazon.com/images/S/compressed.photo.goodreads.com/books/1542674693i/42868725.jpg","local","upload\Shayne Silvers\Legend_-_Shayne_Silvers.epub","0","0","0.00","0","0","1"
"42932732","1","1","15703550","Free","Crop: The Reaping Book Two","Ashley has peeked behind the curtain which separates the realm of humans from that of the supernatural, and she knows she can never go back to her previous self. After the revelations of her night with Kazimir DeElysia,  She finds herself confused and frustrated. She wants to know what has happened, but she’s had no contact with Kaz in a week.  When he finally reaches out, Ashley is unsure whether she should, or even can, answer the call.  Her life and all she knew has been turned upside down. The things which have come to light mean she is a wanted woman, hunted by any who learn her secret except Kaz.  Who is determined to protect her, even if it costs him his immortal life.  In a bid to save them all, the pair agree to investigate the medical company Gencor, and the monsters the company are creating and setting loose in the city.  Throughout the night Kaz and Ashley realize only one person can save them: Gaia.  The heir of the Great Maker has been missing for some fifteen thousand years, thought to be killed or buried by Death. She is powerful, volatile, and if she’s found, Kaz is certain he will be put to death for executing her child to save himself and Elysia. But it’s a risk Kaz is willing to take.  Anything to protect his growing family.","https://images-na.ssl-images-amazon.com/images/S/compressed.photo.goodreads.com/books/1542927052i/42932732.jpg","local","upload\Aya DeAniege\Crop_(The_Reaping_#2)_-_Aya_DeAniege.epub","0","0","0.00","0","0","1"
"42932863","1","1","86327","Free","By Sun","A witch with a mission. A man running from himself. She must use her magic to battle a force that threatens the lives of innocents.  Lucy still reels from the aftermath of a magical attack. She's not ready for another battle, but her magic forces her toward a decision so huge it threatens to burn up the sky. When an old flame steps back into her life, the last thing she expects is to rekindle their attraction. As Jack’s hacker friends pressure him to take on a risky project, he can no longer hide from himself, his feelings, or the world…   With the help of her coven, Lucy must fight a force whose reach extends across borders, putting lives in danger. To stop this evil, Lucy will have to let go of control and let a Goddess take over her magic. And Jack? He has to learn to stand for something, or take a fall…  By Sun is the sixth spellbinding book in The Witches of Portland series of paranormal urban fantasy novels. If you like fast-paced plots, real-world issues, and a dash of romance, then you'll love T. Thorn Coyle's magical series.  Discover By Sun and break the spell of corruption today!","https://images-na.ssl-images-amazon.com/images/S/compressed.photo.goodreads.com/books/1542928441i/42932863.jpg","local","upload\T. Thorn Coyle\By_Sun_-_T._Thorn_Coyle.epub","0","0","0.00","0","0","1"
"42934325","1","42","2152471","Free","Hot Mess 7","Salvador - I'd become quite experienced at keeping my hot little mess out of trouble over the years, but when danger comes from an unknown source, keeping Lany safe might take more than a miracle. It'll take my entire SWAT team and every friend we have. Someone is out to get my love, and not even he knows who it is this time. Lany - I wanted to roll my eyes. Sal freaked every time I stubbed a toe, let alone got shot at. You'd think the sexy SWAT commander would've grown used to it over the years. It wasn't like I planned this stuff. It just sort of happened. I just wished it happened a little less. This was getting embarrassing. [Siren The Stormy Glenn ManLove Alternative Contemporary Romantic Suspense Romance, MM, HEA]","https://images-na.ssl-images-amazon.com/images/S/compressed.photo.goodreads.com/books/1542948120i/42934325.jpg","local","upload\Stormy Glenn\Hot_Mess_7_-_Stormy_Glenn.epub","0","0","0.00","0","0","1"
"42934754","1","17","4610078","Free","The Orb of Kandra","In THE ORB OF KANDRA: OLIVER BLUE AND THE SCHOOL FOR SEERS (BOOK TWO), 11 year old Oliver Blue is back in the present day, racing to save Armando before his destined moment to die.But when Oliver learns that the sacred Orb of Kandra has been stolen, he knows it is up to him--and him alone--to save the school. And the only way is to travel back in time, to the England of 1690s, and to save one very important person: Sir Isaac Newton.The Obsidian School, meanwhile, has powerful seers of its own, and all are bent on Oliver's destruction. And when they enlist and transform Oliver's bully brother, Chris, it may just mean a fight to the death.An uplifting fantasy, THE ORB OF KANDRA is book #2 in a riveting new series filled with magic, love, humor, heartbreak, tragedy, destiny, and a series of shocking twists. It will make you fall in love with Oliver Blue, and keep you turning pages late into the night.","https://images-na.ssl-images-amazon.com/images/S/compressed.photo.goodreads.com/books/1542956249i/42934754.jpg","local","upload\Morgan Rice\The_Orb_of_Kandra_-_Morgan_Rice.epub","0","0","0.00","0","0","1"
"42937834","1","17","845191,14417592,4868644","Free","A Sacred Pact","
The War of the Angels has begun, and Hell hath no idea of the fury they have unleashed.
Katie has decided that too many people are trying to play with power instead of doing what is right. Does she bite off more than she can chew when she makes a statement that upsets the World Council?Even the general is at a loss. However, with Pandora on her side, who is going to win if they argue with them?Whether it is possible or not, plenty try.
How much of what Katie does is due to her recent heartache?

In the end, the enemy steps up their efforts to bring down these sisters in heart and deed. Do they finally have the answer? 

Others need legal documents, these two women have a Sacred Pact. The World is in Good Hands...



Ok, one set of good hands, one set of mischievous hands.
","https://images-na.ssl-images-amazon.com/images/S/compressed.photo.goodreads.com/books/1543000036i/42937834.jpg","local","upload\Michael Todd\A_Sacred_Pact_-_Michael_Todd.epub","0","0","0.00","0","0","1"
"42945859","1","41","5273621","Free","A Court of Ice and Wind"," Cass Saélihn isn't some defenseless damsel, sitting on her ass and waiting for her hot, alpha males to rescue her.She won't accept the fate of being in another cage.Even though the torque on her neck binds her, rendering her powerless.She won't allow Ares and Apollo to sever her mating bond to her beloved mates, no matter how they seduce, threaten, or torture her. She doesn't bend, and she'll never break.They may have a terrible plan for her, but she's reserved worse for them. Now she awaits the one chance to strike back and return to her mates, who she knows are coming for her.Warning: This is a full-length reverse harem fantasy/paranormal romance that features one hell of strong woman and her four powerful supernatural mates. It contains brutal battles, explicit love scenes, raw language, magic, swordfights, Greek gods, dark fae, vampires, shifters, and a lot of assholes. ","https://images-na.ssl-images-amazon.com/images/S/compressed.photo.goodreads.com/books/1543098500i/42945859.jpg","local","upload\Meg Xuemei X\A_Court_of_Ice_and_Wind_-_Meg_Xuemei.epub","0","0","0.00","0","0","1"
"42947844","1","17","7010202","Free","Sin & Magic","I've agreed to work for a Demigod. My job? Find the spirit of his mother and release her before his vengeful father finds out and kills us all. Have I lost my mind? Thankfully, I don't have to do it alone. Kieran has brought in help: a Necromancer who loves to flirt with danger. Bria can help me find the clues to free Kieran's mom. She can also help me learn my potent and extremely terrifying magic. But as we work deeper into magical San Francisco, we uncover a minefield waiting to explode. I'm learning that there are far worse things than death.","https://images-na.ssl-images-amazon.com/images/S/compressed.photo.goodreads.com/books/1543122419i/42947844.jpg","local","upload\K.F. Breene\Sin_&_Magic_-_K._F._Breene.epub","0","0","0.00","0","0","1"
"42948220","1","1","15703550","Free","Harvest: The Reaping Book Three","What counts as a bad day for a vampire of Kaz’s age?One would think the arrival of two Council vampires—one capable of ending eternal life and, the other, the secretary of the Great Maker—would rank quite high on the list. But toss in creatures made by the hand of man, a corporate founder with deadly secrets, and a Matriarch determined not to be chained by the Council, and it goes from bad to worse.Everyone around Kaz has their own plans, their ideas on how the night should end. All but Ashley, who just wants to hide at home but is stripped of the right to do just that by the command of the Great Maker. The creator of all vampires wishes to know more about the young woman who started it all.When dawn’s light trickles over the horizon, the city may be little more than a crater.No amount of time, or experience, could prepare Kaz for the night he is about to face, or what might happen to his family in the process.","https://images-na.ssl-images-amazon.com/images/S/compressed.photo.goodreads.com/books/1543125531i/42948220.jpg","local","upload\Aya DeAniege\Harvest_(The_Reaping_#3)_-_Aya_DeAniege.epub","0","0","0.00","0","0","1"
"42952728","1","17","4629194","Free","A Heart So Fierce and Broken","
Find the heir, win the crown.
The curse is finally broken, but Prince Rhen of Emberfall faces darker troubles still. Rumors circulate that he is not the true heir and that forbidden magic has been unleashed in Emberfall. Although Rhen has Harper by his side, his guardsman Grey is missing, leaving more questions than answers.
Win the crown, save the kingdom. 
Rumored to be the heir, Grey has been on the run since he destroyed Lilith. He has no desire to challenge Rhen--until Karis Luran once again threatens to take Emberfall by force. Her own daughter Lia Mara sees the flaws in her mother’s violent plan, but can she convince Grey to stand against Rhen, even for the good of Emberfall?The heart-pounding, compulsively readable saga continues as loyalties are tested and new love blooms in a kingdom on the brink of war.In the sequel to New York Times bestselling A Curse So Dark and Lonely, Brigid Kemmerer returns to the world of Emberfall in a lush fantasy where friends become foes and love blooms in the darkest of places.","https://images-na.ssl-images-amazon.com/images/S/compressed.photo.goodreads.com/books/1559126810i/42952728.jpg","local","upload\Brigid Kemmerer\A_Heart_So_Fierce_and_Broken_-_Brigid_Kemmerer.epub","0","0","0.00","0","0","1"
"42957631","1","1","7536802","Free","A Fae's Honor","Kyle Moore, the son of Shawn Moore and Krystal, has been living at home for almost his whole life. He had no choice, until he could use glamour properly to avoid being seen as fae by the humans around him, he couldn't risk exposure. He's gotten a hold of his magic, and has plans to visit his nephew and niece in Paradise. But… he keeps putting it off. The idea of meeting the only other fae on the planet with a conscience is a bit overwhelming, after all, what if they hate each other?Lavender is an outcast among outcasts, and still wonders why Portia spared her life in the first place and brought her to her new home. She could count the number of friends she had with the fingers of one hand, and wasn't at all sure she deserved to have them. Why had Portia spared her, when she had done so many horrible things before she'd been forced to give herself a conscience, and the ability to judge good and evil.She believes herself to be a monster, and she struggles to make up for a past that is unforgivable. A sea of change is coming, not just in Lavender's personal life, but in something that very well might rock the fae world to its foundations.Mature Content Warning! This book is a fantasy romance, and contains some mature scenes between a man and a woman. Less than usual for those that read my books.Author's Note: The Moore World novels are complete stand-alone erotic fantasy romances set in the same world as the Shawn Moore and Andrew Moore Novels, there are five planned. It's better to read the Moore World Novels in order, even though the books will be stand-alone, there are common characters and places in them that will lead to spoilers of previous volumes.","https://images-na.ssl-images-amazon.com/images/S/compressed.photo.goodreads.com/books/1543232489i/42957631.jpg","local","upload\D.R. Rosier\A_Fae's_Honor_-_D._R._Rosier.epub","0","0","0.00","0","0","1"
"42958817","1","41","2796762","Free","Greed","For hundreds of years, Nightmares have ruled the world.  Descended from the Seven Deadly Sins, these supernatural creatures have enslaved and tortured the human race.  I have lived my entire life fighting back against the monsters that have plagued this world. A deadly assassin and a member of the resistance, I only have one motto: kill or be killed.  When The Damning commences - a fight to the death against the world's most brutal serial killers, assassins, and torturers - a twist of fate finds me as one of the competitors. Despite my initial reluctance, I find myself eagerly participating.  But what I didn't count on, however, were the seven princes:  Lupe, a Shifter descended from Wrath.  Devlin, a Genie descended from Greed.  Jax, a Vampire descended from Gluttony.  Killian, an Incubus descended from Lust.  Ryland, a Shadow descended from Pride.  Sebastian, a Mage descended from Sloth.  And,  Dair, a Mermaid descended from Envy.  Our love could never be. I'm an assassin, and they are my targets.  But who ever said I needed to follow the rules? If only I can survive The Damning...   This is a medium-burn reverse harem romance. Expect a kick-ass, snarky MC, seven swoon-worthy heroes, and a lot of bloodshed. This is book 1 in a series. ","https://images-na.ssl-images-amazon.com/images/S/compressed.photo.goodreads.com/books/1543246634i/42958817.jpg","local","upload\Katie May\Greed_(The_Damning_Book_1)_-_Katie_May.epub","0","0","0.00","0","0","1"
"42962849","1","17","6860531","Free","Harley Merlin and the Broken Spell","Magic always comes at a price.Harley is a ticking time bomb, ready to detonate with uncontrollable magic. The only solution? Find the Voodoo Queen of New Orleans, make some risky deals, and balance the Light and Darkness within her—before she’s torn apart, atom by atom.If only she didn’t have a million other problems standing in her way.The new Director of the San Diego Coven isn’t exactly friendly, and Katherine has already gained untold power. More than ever, Harley needs answers about the rituals Katherine plans to perform to become like Eris, goddess of discord and destruction.Wade knows that Harley is strong enough to win this battle—not to mention stubborn, overconfident, and wildly reckless. True to his proud family lineage, he’s always played by the rules. But for one girl, he’s willing to bend those rules, to lie, to give his life. Because love can make a person do crazy things…Continue the journey. Buy now!*Beware of spoilers in the reviews below that are without spoiler alerts.*","https://images-na.ssl-images-amazon.com/images/S/compressed.photo.goodreads.com/books/1543288785i/42962849.jpg","local","upload\Bella Forrest\Harley_Merlin_and_the_Broken_Sp_-_Bella_Forrest.epub","0","0","0.00","0","0","1"
"42964433","1","1","6975382,5265741","Free","Dark Seduction","He is tormented by the past. She is traumatized by her present.  Tied since birth to a darkness that longs to break free, spiritual psychic Harper Sinclair fights a never-ending battle with demonic spirits. Her only relief comes from the fallen angel whom she’s long ignored deeper feelings for. Physically scarred and emotionally wounded from a year of fights and revelations, Harper is losing herself to the one thing she’s always been afraid of: herself. And in the process, she’s changing her relationship with the one friend she trusts the most.  Elias Jamison is a fallen angel. He lost his place in Heaven when he chose his friends over his creator. He fell, but he is not lost. For centuries, Elias maintained his innate goodness, fought against evil, and protected those in need—except for one. Grief-stricken, Elias pushed his loss aside for over one hundred years as he watched over the Freeman bloodline from afar, but the deeper his feelings grow for Harper Sinclair, the deeper old guilt digs in. Regret is a powerful tool when wielded against us, and vanquishing Harper’s demons means confronting his own.  There’s a little darkness in all of us. Are you ready to embrace it?  
Welcome to the darker, sexier side of Havenwood Falls that many residents never speak of publicly, but most likely enjoy in secret. Venture into the SIN MC, the VIP rooms of Silk nightclub, and behind other closed doors, where you’ll discover passion, unusual penchants, and just how far some will go for love. Hold on to your panties, because it’s time to ride.
  This is a stand-alone steamy paranormal romance in the Havenwood Falls shared world, a collaborative effort by multiple authors across multiple series, allowing readers to discover new authors and stories to fall in love with. Each author brings a stand-alone plotline, so they can be read in any order, but there are many crossovers among the stories.","https://images-na.ssl-images-amazon.com/images/S/compressed.photo.goodreads.com/books/1543313227i/42964433.jpg","local","upload\Michele G. Miller\Dark_Seduction_-_Victoria_Flynn_-_Havenwood_Falls.epub","0","0","0.00","0","0","1"
"42969601","1","2","3441","Free","Crazy Wanda: An Angela Constantine Novella","Trouble always finds Angela Constantine. And Angela's impulsive, hot-tempered colleague Wanda is about to cause more trouble than anyone could know. Except Angela. She's not like the rest of us. She sees things we don't-she can recognize a killer just by looking in their eyes. And Angela knows that sooner or later, one way or another, everyone pays for their sins. She'll make certain of it. Follow Angela Constantine in this thrilling novella of revenge and justice, as she goes down the rabbit hole after a serial killer in the making.","https://images-na.ssl-images-amazon.com/images/S/compressed.photo.goodreads.com/books/1543366624i/42969601.jpg","server_url","upload\Terry Goodkind\Crazy_Wanda_-_Terry_Goodkind.epub","1","0","0.00","0","1","1"
"42978657","1","5","14167264","Free","Rekindled Magic","
A misunderstanding. A man wronged. A heart broken. Can they ever find their way back to each other when their enemies are determined to keep them apart? 


Until now, Holly Thorne has resisted all romantic overtures from her self-appointed bodyguard, Quentin Buchanan. Believing he's betrayed her, she feigns animosity to protect her vulnerable heart. Unfortunately, now it's her turn to retrieve the final piece of the puzzle to revive her mother, and she needs Quentin's help to do it. From the first moment he set eyes on Holly, Quentin was lovestruck, and she's held his heart ever since. With a hurtful misunderstanding lying between them, he sets out to convince her that he's the only man for her. Determined to help in Holly's quest, he leaves to retrieve an ancient scroll with the magic spell to bring Holly's mother back from the brink of death.While in Greece, Holly and Quentin find history repeating itself. Holly must put aside her old hurts forever or risk losing the one man who would cross the boundaries of time to save her.  ","https://images-na.ssl-images-amazon.com/images/S/compressed.photo.goodreads.com/books/1543472156i/42978657.jpg","local","upload\T.M. Cromer\Rekindled_Magic_-_T._M._Cromer.epub","0","0","0.00","0","0","1"
"42984299","1","5","40881","Free","Beware the Darkness","
The enemy may have changed, but the battle between good and evil burns hotter than ever in this scintillating new installment in Alexandra Ivy’s Guardians of Eternity series.
   There is only one thing more precious to vampire Tarak than his newfound freedom after five centuries of captivity, and that’s the promise of revenge. At last, he can destroy Riven, the merman who has drained his power in order to make himself king. But at the very moment when justice is a fang’s breadth away, Tarak’s quest is complicated by the beautiful mermaid princess who kept him sane and fed during his ordeal.   Waverly hoped that once Tarak escaped, he’d return to his own kind and enjoy the rest of his immortal life. She also hoped she might one day stop dreaming about the darkly handsome vampire. Instead, Tarak’s return draws Waverly into an unlikely alliance—and a passion that eclipses all her fantasies.   Hatred for Riven has sustained Tarak this long. But only Waverly’s love can give him the strength to claim eternity with her . . .","https://images-na.ssl-images-amazon.com/images/S/compressed.photo.goodreads.com/books/1556650883i/42984299.jpg","local","upload\Alexandra Ivy\Beware_the_Darkness_-_Alexandra_Ivy.epub","0","0","0.00","0","0","1"
"43073419","1","9","181373","Free","A Passionate Night with the Greek","Coming soon! A Passionate Night with the Greek by Kim Lawrence will be available Aug 01, 2019.","https://images-na.ssl-images-amazon.com/images/S/compressed.photo.goodreads.com/books/1543702920i/43073419.jpg","local","upload\Kim Lawrence\A_Passionate_Night_with_the_Gre_-_Kim_Lawrence.epub","0","0","0.00","0","0","1"
"43080494","1","26","812657","Free","Secrets in Time","USA Today Bestselling author, W.J. May brings you a continuation of the international bestselling series, The Chronicles of Kerrigan! Come back and enjoy the famous characters, or step into the series right here. You won't be disappointed! When Rae Kerrigan and her friends finally got back to their own time, they thought their troubles would be over. But the past has a way of catching up with you… A shocking revelation shakes the group to its core, but trouble is on the horizon. The dark secret that sent James on a mission to the past is more dangerous than ever and time is running out. A mysterious shadow organization begins to infiltrate all of London, plaguing the gang's every step, as the Privy Council itself becomes threatened by a series of dark coincidences that seem impossible to explain. How can you fight an enemy you can't see? How can you know who to trust? Is there a way to save the future…or is it already too late? Kerrigan Chronicles Stopping Time Passage of Time Ticking Clock Secrets in Time Time in the City Ultimate Future READ THE WHOLE Prequel Christmas Before the Magic Question the Darkness Into the Darkness Fight the Darkness Alone in the Darkness Lost in Darkness The Chronicles of Kerrigan Series Rae of Hope Dark Nebula House of Cards Royal Tea Under Fire End in Sight Hidden Darkness Twisted Together Mark of Fate Strength & Power Last One Standing Rae of Light The Chronicles of Kerrigan Sequel A Matter of Time Time Piece Second Chance Glitch in Time Our Time Precious Time The Chronicles of Gabriel Living in the Past Present for Today Staring at the Future","https://images-na.ssl-images-amazon.com/images/S/compressed.photo.goodreads.com/books/1543766995i/43080494.jpg","local","upload\W.J. May\Secrets_in_Time_-_W._J._May.epub","0","0","0.00","0","0","1"
"43093553","1","5","14703924","Free","Confusing Hearts","A forbidden love. Unlikely mates. A secret romance.  Jenna Lockhardt has always been the perfect daughter. Being a princess means making sacrifices. Her responsibilities are clear. Keep the Royal lineage pure. Her future is set. She must take a compatible black panther as a mate. But a moment of rebellion has her transferring across the country to attend Archibald Reynolds College.  Chase Westin always knew he’d find his one true mate…someday. He never expected that someday to be now. When he returns to college, it’s the last thing on his mind but the arrival of an exotic beauty stuns him. She captivates him. She drives him insane. Chase knows these feelings are impossible. Dogs don’t fall for cats. Now he just needs to convince his heart of that too.  For Jenna, mating outside the panthers is forbidden. Sealing a bond with Chase will bring grave consequences. Jenna must decide—duty, or her heart. Can she accept the sacrifices that come with her final decision? How will she choose?","https://images-na.ssl-images-amazon.com/images/S/compressed.photo.goodreads.com/books/1543885952i/43093553.jpg","local","upload\Julie Trettel\Confusing_Hearts_(Westin_Pack_B_-_Julie_Trettel.epub","0","0","0.00","0","0","1"
"43119464","1","17","14689889,318719,14417592","Free","Her Father’s Daughter","Drow Princess for Hire.  Skills include wielding dual magics, stabbing bad guys with the pointy end, and protecting the good people of Seattle from dark wizards.  Also wraps a mean sashimi roll.  The name Brownstone evokes a certain reaction no matter who hears it. And for Alison Brownstone that’s both a blessing and a curse.  But it’s time for her to step out of her dad’s shadow and make a new name for herself.  She just has to decide what she wants that name to mean.  At twenty-five years old, it’s time Alison chose who she wants to be now that she’s grown up. She has many role models who’ve shaped her and trained her into the woman she is now.  But she is her father’s daughter…  Old face, new attitude.  Join Alison as she faces off against technomagic, cults, criminal organizations, and the growing discrimination against all things magical.  NOTE: While the series continues in the same world with some returning characters, it takes place years later and does stand alone. No prior experience necessary. ","https://images-na.ssl-images-amazon.com/images/S/compressed.photo.goodreads.com/books/1543932808i/43119464.jpg","local","upload\Judith Berens\Her_Father's_Daughter_-_Judith_Berens.epub","0","0","0.00","0","0","1"
"43124137","1","34","3455639","Free","The Beekeeper of Aleppo","The unforgettable love story of a mother blinded by loss and her husband who insists on their survival as they undertake the Syrian refugee trail to Europe.Nuri is a beekeeper; his wife, Afra, an artist. They live a simple life, rich in family and friends, in the beautiful Syrian city of Aleppo--until the unthinkable happens. When all they care for is destroyed by war, they are forced to escape. But what Afra has seen is so terrible she has gone blind, and so they must embark on a perilous journey through Turkey and Greece towards an uncertain future in Britain. On the way, Nuri is sustained by the knowledge that waiting for them is Mustafa, his cousin and business partner, who has started an apiary and is teaching fellow refugees in Yorkshire to keep bees.As Nuri and Afra travel through a broken world, they must confront not only the pain of their own unspeakable loss, but dangers that would overwhelm the bravest of souls. Above all, they must journey to find each other again.Moving, powerful, compassionate, and beautifully written, The Beekeeper of Aleppo is a testament to the triumph of the human spirit. It is the kind of book that reminds us of the power of storytelling.","https://images-na.ssl-images-amazon.com/images/S/compressed.photo.goodreads.com/books/1551818686i/43124137.jpg","local","upload\Christy Lefteri\The_Beekeeper_of_Aleppo.epub","0","0","0.00","0","0","1"
"43125983","1","12","16062024","Free","Atmosphere","There’s no such thing as magic. Everything has a logical explanation, even when you can’t immediately see it. Nothing is impossible when looked at from the right angle.  Blake Harte has always lived by this mantra. It’s an attitude that has fared him well in Harmschapel after being faced with numerous bizarre murders and situations. But Blake’s beliefs are soon to be tested to breaking point when touring magician, Sebastian Klein, arrives in the village with his daughter, and glamorous assistant, Amelia, to perform their touring magic show.  Although reluctant to even watch the show, Blake and the rest of Harmschapel Police are soon called into action when Sebastian Klein performs the most baffling trick of his career. Just how many ways are there for a woman to completely vanish in front of an audience, especially when even the great Sebastian Klein has no explanation for what happened?  What initially looks like a big theatrical stunt soon leads Blake and the team to one of the darkest and most sinister cases they have ever come across. The disappearance of Amelia Klein threatens to explode in the ugliest way possible, and there is no way of telling just how many secrets she could expose if found...","https://images-na.ssl-images-amazon.com/images/S/compressed.photo.goodreads.com/books/1543949841i/43125983.jpg","local","upload\Robert   Innes\Atmosphere_-_Robert_Innes.epub","0","0","0.00","0","0","1"
"43130378","1","5","3065284,4576986","Free","Magic Bite","Evie Black and her demon imp partner, Cass, are two of the most fearsome supernatural bounty hunters on the West Coast. But when Evie’s beloved grandmother dies, her world shatters.  After finding the bottom of a bottle of tequila, Evie breaks the one rule she knows better than to ignore: Never hook up with a werewolf.  Especially when he’s the local alpha who, oh by the way, happens to be her gran’s sworn enemy.  Yeah, complicated doesn’t even begin to cover what happens next.  On top of it all, she’ll have to navigate the consequences of her actions while hunting a dangerous siren who’s on the most wanted mark list, the one whose secrets are as dangerous as her own.  ***This is a full length Adult Urban Fantasy novel. Please be advised there is adult sexual content and language. You know how alpha werewolves get. =)","https://images-na.ssl-images-amazon.com/images/S/compressed.photo.goodreads.com/books/1543977414i/43130378.jpg","local","upload\Leia Stone\Magic_Bite_-_Leia_Stone.epub","0","0","0.00","0","0","1"
"43138728","1","25","6860531","Free","A Birth of Fire","Welcome to Book 1 of Season 9, the beginning of a brand new story...It's been a year since GASP brought Ta'Zan's reign of terror to an abrupt end. A year in which all The Shade's residents have enjoyed a much-deserved break. Relationships have blossomed. Babies have been born. And peace has settled throughout the realms.What lies in store next for our Shadian crew?It begins with a fire and a mystery... and will lead to a journey unlike any they've experienced before.Your Shade family awaits you.Buy now!*Beware of spoilers in the reviews below that are without spoiler alerts*","https://images-na.ssl-images-amazon.com/images/S/compressed.photo.goodreads.com/books/1544008541i/43138728.jpg","local","upload\Bella Forrest\A_Birth_of_Fire_-_Bella_Forrest.epub","0","0","0.00","0","0","1"
"43156583","1","5","6177334","Free","A Cursed Moon","Meet the furry big brother that the Wird sisters never had…  Bren is a cocky, brash hound of a werewolf who loathes the idea of belonging to Aric’s pack—much less finding a mate. But Bren’s hotheaded behavior lands him in the doghouse when he defies Aric’s authority in front of his pack, bringing up a sore subject that’s bound to make the Alpha wolf’s blood boil…  Luckily for him, no one can stay mad at Bren and his wild charm for long. And when some frightening ghosts launch a hostile paranormal takeover, Bren will team up with Celia to take down the evil ghouls before they hurt someone they both love… ","https://images-na.ssl-images-amazon.com/images/S/compressed.photo.goodreads.com/books/1547046358i/43156583.jpg","local","upload\Cecy Robson\A_Cursed_Moon_-_Cecy_Robson.epub","0","0","0.00","0","0","1"
"43160862","1","41","16809300","Free","No Claim","Strength no longer hides in the weak, instead it is shown by the new alpha. Elodie Masters. Will Elodie be able to make the Alpha brothers kneel and submit? Or will they go to war? Elodie Master struggles to learn about her new role, as well as the secrets of her past as she decides how to rule her new pack. No one wants war, but Elodie cannot forgive the alpha’s who stole her heart. With war, brings loss and destruction that no one wants. The Alpha brothers aren’t the only wolves Elodie should be running from… A secret is coming, one that only brings death.18+ with dark themes.","https://images-na.ssl-images-amazon.com/images/S/compressed.photo.goodreads.com/books/1544105504i/43160862.jpg","local","upload\G. Bailey\No_Claim__A_Dark_Reverse_Harem_-_G._Bailey.epub","0","0","0.00","0","0","1"
"43169518","1","37","9786375","Free","Wicked Delight","Ivy Morgan and Jack Harker don’t have many complaints. Things are good, life is quiet, and the only big thing on their to-do lists is picking a date for their wedding, which is exactly what they’re doing when a local celebutante approaches with an offer for Jack to be on a dating show. He turns her down flat and goes on his way, but the next morning, she’s found dead and the list of suspects is endless thanks to the production landing smackdab in the middle of Shadow Lake. Ivy doesn’t like having Hollywood on her doorstep. Jack is even worse, especially when he realizes the producers want Ivy to step in and take the dead heiress’s spot in the limelight. The idea of cameras following Ivy when magical things keep happening around her is enough to paralyze the couple … and then force them to run to avoid the harsh glare of the viewing public. Jack and Ivy have a lot on their plates. They have to solve a murder, figure out what the witch in the woods is trying to tell them when it comes to the nature of the human soul, and pick a wedding date. It’s all in a day’s work for Shadow Lake’s favorite couple. If they live to survive the dark force descending on their town, that is. They’ll have to work together to overcome imminent evil … but they’re used to that, of course.","https://images-na.ssl-images-amazon.com/images/S/compressed.photo.goodreads.com/books/1544210549i/43169518.jpg","local","upload\Lily Harper Hart\Wicked_Delight_-_Lily_Harper_Hart.epub","0","0","0.00","0","0","1"
"43176016","1","5","6587327","Free","Freaky Deaky Tiki","Hadley Hunter is learning about life, love … and being a witch. She has a hot and hunky boyfriend, new friends, and family she didn’t know existed until recently. Her plate is full. Life gets even busier when a Detroit grim reaper named Aisling Grimlock hits Moonstone Bay for her honeymoon. Aisling is loud, brash … and pregnant. Unfortunately, she’s not one of those women who gets happy and develops a glow at the notion of a new baby. When a body turns up on the docks, Hadley decides to help her boyfriend Galen investigate. All she knows for certain is that the murder looks ritual thanks to the tiki mask left behind … and the gaping wound in his chest. Since she’s bored and limited, Aisling latches on to Hadley and volunteers to help. That means zipping around the island and investigating the local cult that lives in the forest. Aisling has specific ideas about what should be done. Hadley has her own ideas. And Galen wants them both to steer clear of his investigation. Things are bound to collide … and they do in spectacular fashion. What happens when Detroit’s mouthiest reaper and Moonstone Bay’s newest witch collide? You’re about to find out. The stakes are high, death is in the air … and a few more secrets are about to be unveiled. Strap in, because things are about to get freaky.","https://images-na.ssl-images-amazon.com/images/S/compressed.photo.goodreads.com/books/1544292403i/43176016.jpg","local","upload\Amanda M. Lee\Freaky_Deaky_Tiki_-_Amanda_M._Lee.epub","0","0","0.00","0","0","1"
"43176037","1","17","6889892","Free","The Princess and the Peacock","
 The first time I fell in love with Princess Mele was when I saw her smile, and I fell in love with her the second time the moment I heard her sing.
Two memories burn within Kaipo's heart -- the death of his mother, which left him alone to die, and the arrival of Princess Mele, which gave him a new reason to live. Together with his adopted brother, Kaipo seeks out Jaya, the Fae Queen who lives on the Forbidden Mountain, in order to gain the beauty he requires to win Mele's heart. But Jaya has other plans for the scarred outcast who climbs up her mountain ...The Princess and the Peacock is the first in Birds of Fae, a fantasy fairy tale novella series from C. S. Johnson. ","https://images-na.ssl-images-amazon.com/images/S/compressed.photo.goodreads.com/books/1544538570i/43176037.jpg","local","upload\C.S.  Johnson\The_Princess_and_the_Peacock_-_C._S._Johnson.epub","0","0","0.00","0","0","1"
"43176863","1","17","5173683","Free","Dirty Blood","Deep in the swamps of the Louisiana bayou, a horrifying secret lies waiting to be discovered. A legend haunts the bayou, a chilling tale of a beast that is born from a curse…the Rougarou. When Emma Rose Crane lets hunter Cass Willow convince her to help him on a ghost hunt, she never imagined she’d be trudging through the swamps, let alone stumbling upon a mess of mangled bodies—or running into the creature responsible for the rotting remains. With no backup available to them, she’s forced to show Cass her demonic side to help them escape, but that’s not the only problem. When the creature attacked them, it infected them with the same curse that drove it mad. There’s only one hope—kill the beast to cure the infection. Time is not on their side as they race to save themselves and discover the truth behind the legend. But first they have to survive the effects of the curse long enough to find the creature and put it down… Before they succumb to the hunger eating them alive.","https://images-na.ssl-images-amazon.com/images/S/compressed.photo.goodreads.com/books/1544300557i/43176863.jpg","local","upload\Apryl Baker\Dirty_Blood_-_Apryl_Baker.epub","0","0","0.00","0","0","1"
"43179301","1","5","18600629,17436970","Free","A Shifter's Revenge"," ""Never kick me when I'm down, because when I get back up ... you're screwed."" Briar should be living the easy life. She finally checked off the last name on her kill list. The new pack Alpha isn't an a-hole, and her smoking hot shifter boyfriend is finally ready to spelunk her bat-cave. But she should've remembered that life hates her. An unknown evil force is kidnapping people to create an army of drug-induced, soldier-like supernaturals. If that wasn't bad enough, the Abydos, the ancient blood Briar has vowed to protect, has been discovered. Briar must risk moving it before the growing evil in Rouen gets their hands on it. Just when she thinks she's safe, Briar learns of a deep betrayal by someone close to her that threatens not only her pack, but the entire city. She can't fight against it as she is. She must become more, become greater. If she can't accept her destiny and fully embrace the shifter she was meant to be, then history will repeat itself, and she'll lose her pack and everyone she cares about.","https://images-na.ssl-images-amazon.com/images/S/compressed.photo.goodreads.com/books/1544326645i/43179301.jpg","local","upload\Raven Steele\A_Shifter's_Revenge_-_Raven_Steele.epub","0","0","0.00","0","0","1"
"43183925","1","20","5759178","Free","An Old-Fashioned Man","Ava didn’t realize there were still old-fashioned men who looked after their women, cared for them and disciplined them when they thought they needed them. But she found such men when she went to spend the Christmas holidays with her friend, Frankie. Frankie’s oldest brother, Heath, is the head of the family and takes his role seriously. He’s an old-fashioned man who believes in ensuring the health and safety of those in his care. And that includes spanking them when they disobey. Ava has always looked after herself and her son and it’s hard for her to get used to the way Heath cares for his family. And it’s hard to get used to the way he disciplines them. Especially when he tells her he’ll be disciplining her when she breaks the rules with a long, hard spanking. Warning: This book contains sassy woman and men who care for them, love them and spank them. Adults only.","https://images-na.ssl-images-amazon.com/images/S/compressed.photo.goodreads.com/books/1544384893i/43183925.jpg","local","upload\Laylah Roberts\An_Old-Fashioned_Man_-_Laylah_Roberts.epub","0","0","0.00","0","0","1"
"43185790","1","16","15963027","Free","The Banker","I have a problem—I’m falling for the man I’m supposed to betray.My father has chosen a life of crime in the underworld, but I’ve made a different choice for myself. His past has caught up to him, and now I’m the only one who can save him. They make their demand in exchange for my father’s life—Cato Marino. One of the richest and most powerful man in Italy.Ruthless and powerful, I have no chance of capturing him. The only way to get close to a man like Cato… is to seduce him. Get in his bed and make him beg to keep me there. I do the unthinkable… and sleep with him.But now I’m the one begging to stay. Cato has become everything I’ve ever wanted in a man. Masculine but affectionate. Reserved but assertive. He wants me at his side always, in his bed every night, and he’s erased the memory of every man that came before him. I burn in his fire and dance in the ashes. I’m the one that’s supposed to seduce him… but he’s made me head-over-heels.Now I’m faced with the horrible betrayal I’m supposed to commit.The men demand the exchange—Cato Marino for my father. Now I’m forced to choose between love and family. And if I don’t decide my answer soon, something worse could happen.Cato could discover my treason—and he’s the not the kind of man you cross.","https://images-na.ssl-images-amazon.com/images/S/compressed.photo.goodreads.com/books/1544401916i/43185790.jpg","local","upload\Penelope Sky\The_Banker__Banker_#1_-_Penelope_Sky.epub","0","0","0.00","0","0","1"
"43185922","1","16","15963027","Free","The Dictator","The only reason I'm still alive is because of the baby growing inside me.  My baby saved my life.  Now I'm a prisoner inside Cato's fortress. He's pissed at me, livid every time he looks at me. He refuses to sleep with me because now I'm the enemy.  But I miss him...and he misses me.  I only slept with Cato to save my father, but now he means something to me. I care about him, and I know he cares about me.  Can I earn his forgiveness? Can I earn his trust?  But even if I do, will he shoot me anyway?","https://images-na.ssl-images-amazon.com/images/S/compressed.photo.goodreads.com/books/1544403482i/43185922.jpg","local","upload\Penelope Sky\The_Dictator__Banker_#2_-_Penelope_Sky.epub","0","0","0.00","0","0","1"
"43186185","1","5","3016762","Free","Apocalyptic","Light and dark. Good and evil. Life and death. Power joins the twin flames. A power that will destroy them. Alexa alone stands a shred of a chance at repairing the shattered fragments of a bond as old as time. Provided she and Arys don’t kill each other first. This has been a long time coming…","https://images-na.ssl-images-amazon.com/images/S/compressed.photo.goodreads.com/books/1563203312i/43186185.jpg","local","upload\Trina M. Lee\Apocalyptic_-_Trina_M._Lee.epub","0","0","0.00","0","0","1"
"43188104","1","2","46118","Free","Sweet Sorrow","One life-changing summerCharlie meets Fran...In 1997, Charlie Lewis is the kind of boy you don't remember in the school photograph. His exams have not gone well. At home he is looking after his father, when surely it should be the other way round, and if he thinks about the future at all, it is with a kind of dread.Then Fran Fisher bursts into his life and despite himself, Charlie begins to hope.But if Charlie wants to be with Fran, he must take on a challenge that could lose him the respect of his friends and require him to become a different person. He must join the Company. And if the Company sounds like a cult, the truth is even more appalling.The price of hope, it seems, is Shakespeare.Poignant, funny, enchanting, devastating, Sweet Sorrow is a tragicomedy about the rocky path to adulthood and the confusion of family life, a celebration of the reviving power of friendship and that brief, searing explosion of first love that can only be looked at directly after it has burned out.","https://images-na.ssl-images-amazon.com/images/S/compressed.photo.goodreads.com/books/1561578109i/43188104.jpg","local","upload\David Nicholls\Sweet_Sorrow.epub","0","0","0.00","0","0","1"
"43189685","1","5","386699","Free","Beguiling His Timid Waiter","Kinsey has watched for centuries as his father’s bigoted views tore his family apart. Seeing the rift between his parents grow wider than ever, he does the only thing he can think of to fix it, even knowing it could very well cost him his enforcer position. Sneaking into Falias clutch territory, Kinsey searches for his estranged brother, Conchlin. He finds him at a bowling alley. Once he gets in there, the scent of another quickly distracts him—the human Jimmy. For the first time in Kinsey’s life, he puts his own desires first. With some help from Conchlin, he meets Jimmy and slowly begins to woo him from the shadows. Just when Kinsey prepares to reveal the existence of paranormals and that he’s a gargoyle, his worst fears manifest—his father discovers where he’s been going and beats Kinsey to sharing the truth with Jimmy—terrifying him in the process. To top it off, his father offers Kinsey an ultimatum—stay out of Falias clutch territory forever or be labeled rogue. Can Kinsey find a way to fix the damage done by his father, or will he lose not only his family, but Jimmy as well?","https://images-na.ssl-images-amazon.com/images/S/compressed.photo.goodreads.com/books/1544456040i/43189685.jpg","local","upload\Charlie Richards\Beguiling_his_Timid_Waiter_(A_P_-_Charlie_Richards.epub","0","0","0.00","0","0","1"
"43191135","1","42","2152471","Free","A Very Hot Mess Christmas","Lany - It was the Christmas season and I wanted to make it special. We'd been through a lot lately and we needed something to remind us of how wonderful our life was. It really sucked that there were forces working against my happy little holiday. When someone starts stalking me, planning for Christmas pales in comparison to keeping my family safe. But the Christmas season was a time for family and I'd be damned if I let someone mess with mine. Salvador - Lany was the hot mess in our relationship, so it was surprising when I ended up being the one injured in a stupid accident. Having to rely on Lany and the kids to save me wasn't something I was accustomed to. When forces beyond our control interrupt our holiday plans, being injured hampers my ability to protect my family. But the Christmas season was a time for family and I'd be damned if I let someone mess with mine. [Siren The Stormy Glenn ManLove Alternative Contemporary Romantic Suspense Romance, MM, HEA]","https://images-na.ssl-images-amazon.com/images/S/compressed.photo.goodreads.com/books/1544471137i/43191135.jpg","local","upload\Stormy Glenn\A_Very_Hot_Mess_Christmas_-_Stormy_Glenn.epub","0","0","0.00","0","0","1"
"43191483","1","1","14925543","Free","Stephan","A sexy plus size wedding romance by Katie Dowe of BWWM Club.  Businesswoman Sasha Fullerton is smart and confident to all those who know and work with her.  And she seems to be the perfect fit to present a campaign to billionaire Stephan Coleman’s successful makeup company!  But deep down Sasha struggles with self esteem issues brought on by her plus sized body…  Yet when the magnetic and very handsome Stephan first meets her, he’s not only attracted by her beautiful figure, but also to her spirit!  And as they start a passionate and heated relationship, he will do what it takes to convince her she’s perfect just the way she is.  But will Sasha believe him?  Find out in this emotional yet sexy BBW romance by Katie Dowe of BWWM Club.  Suitable for over 18s only due to sex scenes so hot, you'll want your own billionaire!","https://images-na.ssl-images-amazon.com/images/S/compressed.photo.goodreads.com/books/1544474969i/43191483.jpg","local","upload\Katie Dowe\Stephan__BWWM_Plus_Size_Marriag_-_Katie_Dowe.epub","0","0","0.00","0","0","1"
"43192775","1","17","8167514","Free","The Dragon Throne","Whispers of war become a battle cry in this epic series finale.  Invasion is imminent. Skirmishes have erupted all across Alveria’s borders, but the lingering effects of the sickness have left the dragon guard weakened. Unprepared for a strike at the heart of the kingdom, difficult alliances must now be made to protect them all.  Circumstances at the Akademy are no better. Kaelan Younger’s attempts to learn more about her renegade father and the Terra dragon fighting for the enemy are complicated by tapestries that refuse to reveal their secrets. And when the queen’s efforts to stop the war involve Prince Lasaro, Kaelan is forced to confront the growing feelings she has for her dragon.  Their only hope to stem the tide of war is to find the long-forgotten Standing Stones and harness its ancient power. It is there that Kaelan and Lasaro’s love will face the greatest test.  And one will make the ultimate sacrifice. ","https://images-na.ssl-images-amazon.com/images/S/compressed.photo.goodreads.com/books/1544487427i/43192775.jpg","local","upload\Ava Richardson\The_Dragon_Throne_-_Ava_Richardson.epub","0","0","0.00","0","0","1"
"43193138","1","5","6268","Free","Dark Illusion","A mage and a warrior must see beyond their facades and embrace the bond that links their souls in this powerful Carpathian novel from #1 New York Times bestselling author Christine Feehan.At any other time, Julija Brennan would find solace in the quiet of the Sierra Mountains, but now the mage is in the race of her life. Having broken free from her controlling family, Julija's attempts to warn the Carpathians of the coming threat has failed and put a target on her back—and those who hunt her are close behind... After centuries locked away in a monastery in the Carpathian Mountains, Isai Florea can't believe he's finally found his lifemate—the missing half of his soul. The second he sees Julija his world blazes with color. But despite their explosive connection Julija rebels against what she sees as Isai's intent to control her and rejects the bond that would prevent him from becoming a monster. As their unfulfilled bond continues to call to them both, Julija and Isai aim to complete the task that brought them together. They are used to facing danger alone, but now the mage and the ancient warrior must learn how to rely on each other in order to stop a plot that threatens all Carpathians...","https://images-na.ssl-images-amazon.com/images/S/compressed.photo.goodreads.com/books/1547729034i/43193138.jpg","local","upload\Christine Feehan\Dark_Illusion_-_Christine_Feehan.epub","0","0","0.00","0","0","1"
"43193548","1","9","7200339","Free","Macabre Melody","The macabre has its own melody. To help her best friend, Cerberus, Elaria ventures into Sasquatch territory. But instead of saving the gentle beneathers from hunters, Elaria and Cerberus become victims themselves. Taken to an underground zone run by a cruel, gargoyle lord, they're forced to fight in a supernatural arena. Will Elaria be able to free herself of this macabre melody, or will she be forced to sing it forever? Scroll up to continue spellsinging today! And be sure to check out all of the Spellsinger playlists for free on Spotify; listed under book titles and author name.","https://images-na.ssl-images-amazon.com/images/S/compressed.photo.goodreads.com/books/1544497205i/43193548.jpg","server_url","upload\Amy Sumida\Macabre_Melody_-_Amy_Sumida.epub","1","0","0.00","0","1","1"
"43196776","1","17","17702504","Free","Half-Demon's Revenge","An alternative cover edition for ASIN B07KJG9H5L can be found here. If you love the cruelty and realism of A Game of Thrones by George R. R. Martin then this is the book you need! A dark fantasy series full of demons and necromancy by Lina J. Potter, author of the bestselling A Medieval Tale. Also available in Kindle Unlimited! A betrayed princess sacrifices herself to get vengeance for her ruined mind and life. A newborn prince will become the ultimate weapon for her bloody revenge. He is a half-demon necromancer who was born for an express purpose: become strong, destroy their enemies and regain the throne.Prince Alexander Leonard Radenor is starting his journey, along the way, he will have to master his skills and try to avoid losing himself in the process. After all, there is a reason why necromancy is considered the forbidden art: there is a thin line between using them and letting them use you.Still armed with his magical prowess, martial skills and the abilities granted to him by his demonic heritage, Alex presents a serious threat, the one that the royal family and the court would do well to fear. Half-Demon's Revenge is the first book in The Legends of Radenor series by Lina J. Potter, the author of the bestselling A Medieval Tale series. A brand new but totally different story set in a new world, on the wide lands of a fairy kingdom.The land of Radenor is in need of salvation: the royal family and court are corrupt to their very core and full of vipers and backstabbers, the church is malevolent, people are starving, death has become a frequent guest of the mendicant people.","https://images-na.ssl-images-amazon.com/images/S/compressed.photo.goodreads.com/books/1544539769i/43196776.jpg","local","upload\Lina J. Potter\Half-Demon's_Fortune_(Legends_o_-_Lina_J._Potter.epub","0","0","0.00","0","0","1"
"43198851","1","4","60609","Free","The Apology","This program includes a bonus interview with Tony Award-winning author Eve Ensler and Audible Editor Rachel Smalter Hall, as they talk about the inspiration behind this story.Like millions of women, Eve Ensler has been waiting much of her lifetime for an apology. Sexually and physically abused by her father, Eve has struggled her whole life from this betrayal, longing for an honest reckoning from a man who is long dead. After years of work as an anti-violence activist, she decided she would wait no longer; an apology could be imagined, by her, for her, to her. The Apology, written by Eve from her father's point of view in the words she longed to hear, attempts to transform the abuse she suffered with unflinching truthfulness and compassion and an expansive vision for the future. Remarkable and original, The Apology is an acutely transformational look at how, from the wounds of sexual abuse, we can begin to re-emerge and heal. It is revolutionary, asking everything of each of us: courage, honesty, and forgiveness.","https://images-na.ssl-images-amazon.com/images/S/compressed.photo.goodreads.com/books/1547758022i/43198851.jpg","local","upload\V (formerly Eve Ensler)\The_Apology.epub","0","0","0.00","0","0","1"
"43200555","1","17","4457900","Free","Prince of Persuasion","

A dying king...A dynasty in danger...A prince with one duty: secure the succession!

Created when they intermingled with demons, the dark elves of Sinaryos have come to rely on humans to keep their race alive. The royal family is no exception, with a king on the verge of death, a court riddled with spies, and a broken line of succession. Despite everything working against him, Prince Fallon Blackwood has met all the demands of the crown for nearly a hundred years… except for one!After avoiding this obligation for too long, the time has come for him to take a harem and prove that he’s capable of continuing his family’s bloodline and ensuring their control of the throne. But underneath his cool and calm exterior, Fallon secretly yearns for a much different life than the one he was born into...Novi Navarro is a working-class barmaid who’s used to running her tavern and running her mouth. When she gets assigned to Prince Fallon's harem by mistake, she thinks it’s a complete joke. She makes a deal with Fallon for them to both get what they want from this administrative oversight. But when members of the Blackwood Court discover her true identity, she quickly learns that she must beat them at their game... or die...","https://images-na.ssl-images-amazon.com/images/S/compressed.photo.goodreads.com/books/1544577588i/43200555.jpg","local","upload\Emigh Cannaday\Prince_of_Persuasion_-_Emigh_Cannaday.epub","0","0","0.00","0","0","1"
"43202931","1","16","332359","Free","Guarding His Witness","Protecting a murder witness…
A brand-new Bachelor Bodyguards novel
Former vice cop Clint Quarters is haunted by the memory of an informant he couldn’t save. And the victim’s devastated sister, Rosie Mendez, hasn’t forgiven him, either. But when the bodyguard must protect murder witness Rosie, the danger they face is only rivaled by the red-hot electricity between them. Can Clint keep Rosie safe, or will her testimony lead to certain death—for them both?","https://images-na.ssl-images-amazon.com/images/S/compressed.photo.goodreads.com/books/1544600413i/43202931.jpg","local","upload\Lisa Childs\Guarding_His_Witness_-_Lisa_Childs.epub","0","0","0.00","0","0","1"
"43207890","1","17","4615377","Free","The Cheater's Game","The arrival of Buffalo Bill's Wild West show in London brings trouble. When the sharpshooter who beats Willie at poker is murdered, Matt and India investigate. Willie is convinced the victim cheated, but no one knows how until India discovers his secret - he was a paper magician.  When their list of suspects grows to include a member of the mysterious magic Collector's Club, they uncover a spy. But who is he working for? And what does his employer want?  As danger circles, secrets are revealed, and India struggles to keep her own secret hidden from Matt. But when her grandfather introduces her to a man who can change her life, India must decide if she wants her life to change at all.","https://images-na.ssl-images-amazon.com/images/S/compressed.photo.goodreads.com/books/1544650798i/43207890.jpg","local","upload\C.J. Archer\The_Cheater's_Game_-_C.J._Archer.epub","0","0","0.00","0","0","1"
"43209615","1","16","14255","Free","The Dark Side","Zoe Morgan’s childhood was marked by her younger sister’s tragic illness, watching as her parents dedicated themselves completely to her final days and then divorced. As a young woman driven by these painful memories, Zoe sets the bar high for herself, studying hard and pursuing a career in the nonprofit world, where her deep compassion for disadvantaged children finds a focus. When Zoe falls in love and has her own child, she is determined to be a perfect mother as well. But before long, old scars long dormant begin to pull Zoe to the edge of an abyss too terrifying to contemplate. As Zoe is haunted by the ghosts of the past, her story will become a race against time and a tale of psychological suspense that no reader will soon forget.","https://images-na.ssl-images-amazon.com/images/S/compressed.photo.goodreads.com/books/1566859811i/43209615.jpg","local","upload\Danielle Steel\The_Dark_Side_-_Danielle_Steel.epub","0","0","0.00","0","0","1"
"43226962","1","25","6860531","Free","A Breed of Elements","Welcome to Book 2 of Season 9...Exploding fire fae. Rogue Hermessi. A smattering of murderous cults.Where will this story lead?Buy now to find out...*Beware of spoilers in the reviews below that are without spoiler alerts*","https://images-na.ssl-images-amazon.com/images/S/compressed.photo.goodreads.com/books/1544737819i/43226962.jpg","local","upload\Bella Forrest\A_Breed_of_Elements_-_Bella_Forrest.epub","0","0","0.00","0","0","1"
"43229774","1","17","19472","Free","The Storm","THE THRILLING RE-TELLING OF ARTHURIAN LEGEND FROM MASTER OF SCIENCE FICTION AND FANTASY DAVID DRAKE CONTINUES! A young Champion must rescue a friend and battle an enemy at the heart of a chaotic world.  The universe has shattered into chaos and monsters. Jon, the Leader, is dedicating his life to reuniting the scattered hamlets into a Commonwealth where all humans can live protected against the darkness and the things that live in that darkness.  But no man can reshape the universe by himself. Jon has Makers to build weapons and clerks to handle the business of government--but he also needs Champions to face the powers of chaos which will not listen to any argument but force.  Lord Pal of Beune is one of those Champions. He has fought monsters and evil on behalf of Mankind, and he will fight them again. But now Guntram, the man who transformed Pal from an ignorant rube into a bulwark of the Commonwealth, has disappeared. Pal must locate his friend and mentor--and then he must battle an entity which may be at the core of the splintered universe!  Pal of Beune: A humane man in a universe full of inhumanity.  Pal of Beune: A strong man in a universe where some recognize only strength.  Pal of Beune: A hero who will keep going until something stops him--and who hasn't been stopped yet!  At the publisher's request, this title is sold without DRM (Digital Rights Management).  Praise for The Storm:  “I finished The Storm last night. I loved it. It was such a sweet read. Pal is one of [Drake’s] best people, humane and strong and generous, and his voice carries the whole book.”—Cecelia Holland  “Counterbalancing the setting’s strangeness, Pal himself is thoroughly levelheaded and decent, the kind of hero readers will enjoy rooting for. This is an enjoyable exploration of a pleasantly peculiar world.”—Publishers Weekly  ""...a wonderful cast of characters in a fabulous world of courtiers, peasants, Beasts, and mysterious Envoys. Drake has imbued Arthurian legend with a convincing sf spin.""—Booklist  About prequel The Spark:  "". . . entertaining tale combining the feel of Arthurian legend with nifty far-future super science . . .""—Publishers Weekly  “Drake retells Arthurian legend to perfect effect… efficient world building and likable characters.”—Booklist  About David Drake:  “Drake deftly weaves a web of political machinations and intrigue that vividly depicts the costs of war. Fans of Patrick O'Brian's Maturin and Aubrey novels will enjoy this intricate, rousing space opera.” —Publishers Weekly  “[R]ousing old-fashioned space opera.”—Publishers Weekly  “The fun is in the telling, and Mr. Drake has a strong voice. I want more!”—Philadelphia Weekly Press  “[S]pace opera is alive and well. This series is getting better as the author goes along…character development combined with first-rate action and memorable world designs.”—SFReader.com  “[P]rose as cold and hard as the metal alloy of a tank…rivals Crane and Remarque…”—Chicago Sun-Times  “Drake couldn’t write a bad action scene at gunpoint.”—Booklist  David Drake was attending Duke University Law School when he was drafted. He served the next two years in the Army, spending 1970 as an enlisted interrogator with the 11th Armored Cavalry in Vietnam and Cambodia.","https://images-na.ssl-images-amazon.com/images/S/compressed.photo.goodreads.com/books/1544769089i/43229774.jpg","local","upload\David Drake\The_Storm_-_David_Drake.epub","0","0","0.00","0","0","1"
"43233639","1","45","2860219","Free","The Unkindest Tide","Hundreds of years ago, the Selkies made a deal with the sea witch: they would have the sea for as long as she allowed it, and when the time came, she would call in all their debts at once. Many people assumed that day would never come. Those people were wrong.When the Luidaeg—October ""Toby"" Daye's oldest and most dangerous ally—tells her the time has come for the Selkies to fulfill their side of the bargain, and that Toby must be a part of the process, Toby can't refuse. Literally. The Selkies aren't the only ones in debt to the Luidaeg, and Toby has to pay what she owes like anyone else. They will travel to the fabled Duchy of Ships and call a convocation of the Selkies, telling them to come and meet the Luidaeg's price...or face the consequences.Of course, nothing is that simple. When Dianda Lorden's brother appears to arrest Dianda for treason against the Undersea, when a Selkie woman is stripped of her skin and then murdered, when everything is falling apart, that's when Toby will have to answer the real question of the hour.Is she going to sink? Or is she going to swim?","https://images-na.ssl-images-amazon.com/images/S/compressed.photo.goodreads.com/books/1557373742i/43233639.jpg","local","upload\Seanan McGuire\The_Unkindest_Tide_(October_Day_-_Seanan_McGuire.epub","0","0","0.00","0","0","1"
"43233888","1","37","6587327","Free","Above the Fold & Below the Belt","Avery Shaw has taken on her fair share of jerks. Often, she’s considered the jerk when she takes them down … a role she gladly relishes. Now, though, she’s taking on a whole faction of jerks. It seems a battle of the sexes is brewing in Macomb County. A local shock jock, a man who believes women should be home tending children and keeping the house clean while men bring home the bacon, is on trial for sexually harassing his underlings. His followers believe he’s innocent. Every female empowerment group in the state – and ultimately the nation – believes he’s guilty. That means it’s a media circus, and there’s nothing Avery likes more than a circus. She has her hands full with this one, though. She very clearly agrees with one side but there seems to be something wrong with the underlying story. When one of the radio personality’s followers is shot in the middle of a rally, ensuring he’s a martyr for the cause, Avery realizes there’s a path to follow … and it’s long and winding. Avery knows who she wants to win. She also knows someone isn’t telling the truth. It’s her job to find out which side is lying. It’s all hands on deck for another zany adventure, and everyone is along for the ride. Who’s left standing at the end is anyone’s guess, but Avery smells blood in the water … and she’s going to find the truth no matter who goes down in the process.","https://images-na.ssl-images-amazon.com/images/S/compressed.photo.goodreads.com/books/1544811053i/43233888.jpg","local","upload\Amanda M. Lee\Above_the_Fold_&_Below_the_Belt_-_Amanda_M._Lee.epub","0","0","0.00","0","0","1"
"43235969","1","23","2879706","Free","Rebel Cell","My name is Nadia, and I'm a shadow agent of the High Queen of the Elves. But for some reason, the High Queen wants me to attend the birthday party of an Elven noble. Just in case there's trouble. And it's just my luck there's going to be more trouble than either of us expect...","https://images-na.ssl-images-amazon.com/images/S/compressed.photo.goodreads.com/books/1544834250i/43235969.jpg","server_url","upload\Jonathan Moeller\Rebel_Cell_-_Jonathan_Moeller.epub","1","0","0.00","0","1","1"
"43236754","1","5","108007","Free","Marty's Horrible, Terrible, Very Bad Day","For Roxanne McNally, being a grim reaper has never been easy. Now she hates her job more than usual, because she’s been charged with reaping the soul of a legend—werewolf Marty Andrews Flaherty. Marty, together with her equally iconic friends Nina and Wanda, are Rocky’s idols. To say she’s an OOPs fangirl is putting it mildly. No way is she willing to deal with eons of hate Tweets for taking the soul of a paranormal superstar. Reaping supernaturals isn’t even her gig. She’s strictly human-only. No. There must be some mistake with the list, and she’ll get to the bottom of it…if she can just ignore the distracting reappearance of a certain hunky doctor in her life.Hudson Kahlil—frequently known as Dr. Sexypants among besotted patients and staff—could swear he knows Roxanne from somewhere. As a phoenix who’s regularly reincarnated with no previous knowledge of his past lives, he’s not surprised he can’t place her. Though he’d love to reacquaint himself…and he may get the chance, since they’re both temporarily staying at Marty Flaherty’s home, protecting her while racing to find an unknown threat.Nina, Wanda and their assorted framily may be able to save Marty’s immortal soul from an enemy whose plan is still unclear…but they can’t save Rocky from the backlash when her secret past connection to Hudson is finally revealed.","https://images-na.ssl-images-amazon.com/images/S/compressed.photo.goodreads.com/books/1544839108i/43236754.jpg","local","upload\Dakota Cassidy\Marty's_Horrible,_Terrible,_Ver_-_Dakota_Cassidy.epub","0","0","0.00","0","0","1"
"43240066","1","35","7233453","Free","Thrown to her Wolves","
Sienna Luna’s going through a bit of werewolf overload. 
  A few weeks ago, I didn’t even know werewolves existed.  Now I’m the alpha of a werewolf pack and the owner of a werewolf bar—and I’ve been bitten so I will become a werewolf myself.  If that weren’t enough, I’m also newly wed to not one, but three hot men who are also werewolves, and they’re taking a little more attention than I had anticipated.  So when my pack comes to tell me that the local Fairy Queen is aiming to take over my territory, I’m glad to have a problem I can really sink my teeth into.  Because the more I learn about this new world I’ve landed in, the more out of depth I feel.  And the more danger I realize I’m in…  
Get THROWN TO HER WOLVES, book 2 of Her Big Bad Wolves, for the special preorder price of $2.99!
 ","https://images-na.ssl-images-amazon.com/images/S/compressed.photo.goodreads.com/books/1544883393i/43240066.jpg","local","uploads/Margo Bond Collins/Thrown_to_her_Wolves_(Her_Big_B_-_Margo_Bond_Collins.epub","0","0","0.00","0","0","1"
"43242630","1","41","17235359","Free","Bounty Hunters and Black Magic","What kind of trouble can a witch get into when she lives in the only supernatural town in the Wild West? A lot.  Meet Adalyn Lovett, the local and only witch of Redstone and a bone to pick with anyone who wants to cause problems for her supernatural home. After losing the town sheriff to a demon attack the year before, she’s taken the task of protecting Redstone on herself. The idea? If any demon outlaws roll through, she’ll have the magic and skill to banish them, protecting everyone. She just needs to test the spell, a little piece of illegal black magic she shouldn’t even have. Not too hard. Just banish a demon with it.  Things seem to be going as planned until they don’t. Adalyn has brought all manner of things home with her without even knowing. Demons, bounty hunters, and an aggravating, warlock US Marshal who thinks he knows best.  Adalyn’s got a bit of a mess to clean up. A sexy mess, but a mess nonetheless.  Witch of the Wild West is a steamy fast burn RH paranormal romance series set in the Wild West! From hellhounds to warlocks, and everything in between, jump into Adalyn’s wild world and join her in following her wild heart. Expect fun adventures, hot scenes, and a feisty female lead who won’t let anyone tell her what to do and won’t choose between the men she falls in love with. It’s all or nothing in the Wild West!","https://images-na.ssl-images-amazon.com/images/S/compressed.photo.goodreads.com/books/1544907648i/43242630.jpg","local","upload\Kristen Banet\Bounty_Hunters_and_Black_Magic_-_Kristen_Banet.epub","0","0","0.00","0","0","1"
"43243311","1","12","17206010","Free","So Very Unfae","The holidays are coming. It’s a time for family, frolics and … mince-pie murders? All that Aisling wants to focus on this Christmas is how to reunite with her long-lost family, but Riddler’s Edge has other ideas in mind. When a mince-pie muncher dies at the local holiday market, it seems she might have to put her hopes on hold. The victim hadn’t just come to Riddler’s Edge to enjoy the festivities. He had come to see Dylan Quinn, but what they don’t know, is why. When another man dies – a man who worked for the same, mysterious company as the first victim – it seems clear that there’s a connection. On the surface of things, these deaths seem like accidents. Aisling really hopes that they are, because right now, she has other problems – as she works to free her parents, it seems that someone might be trying to scupper her plans. There’s a lot to overcome if Aisling is ever going to have her perfect Christmas. But someone as stubborn as her ought to be able to manage it all. Right?","https://images-na.ssl-images-amazon.com/images/S/compressed.photo.goodreads.com/books/1544914350i/43243311.jpg","local","uploads/A. A. Albright/So_Very_Unfae_-_A._A._Albright.epub","0","0","0.00","0","0","1"
"43244231","1","18","181368","Free","Bought Bride for the Argentinian","USA Today-Bestselling She'll pose as her sexy ex's wife to redeem his public reputation--but in private, has he really changed?Alejandro Sabato, the man PR executive Emily Green can't forget, is back in her life--and has hired her to redeem his playboy reputation. She suggests he take a convenient wife to show he's changed. What she doesn't expect is Alejandro's insistence that she take on the role!Emily is dangerously aware of the enduring desire still sparking between them. But can she risk her heart again when she's only a bride on paper?","https://images-na.ssl-images-amazon.com/images/S/compressed.photo.goodreads.com/books/1558047815i/43244231.jpg","local","upload\Sharon Kendrick\Bought_Bride_for_the_Argentinia_-_Sharon_Kendrick.epub","0","0","0.00","0","0","1"
"43254689","1","1","14925543","Free","Blaine","A sexy mature romance by Katie Dowe of BWWM Club.  Both Skylar and Blaine have seen what marriage has done to their friends and family and neither of them had any plans to marry.  And now in their 50s, they’re dedicating all of their time to their successful businesses.  But their lives quickly change once the two meet!  Sparks fly like crazy and soon they find themselves married!  At first it seems like their worries were for nothing and they quickly settle into married life…  But insecurities flare up, leading them to believe that they’ve made a huge mistake!  With their marriage falling apart, what will it take for them to realize they are meant for each other?  Find out in this emotional yet sexy romance by Katie Dowe of BWWM Club.  Suitable for over 18s only due to smoking hot sex scenes!","https://images-na.ssl-images-amazon.com/images/S/compressed.photo.goodreads.com/books/1545060027i/43254689.jpg","local","upload\Katie Dowe\Blaine__BWWM_Mature_Romance_(Me_-_Katie_Dowe.epub","0","0","0.00","0","0","1"
"43257551","1","1","16048328","Free","Ascension's Lure: Magical Realism Fantasy","Ten days to save two lives.One from the sadistic hands of Dr. Gascon. The other from a fatal car accident. Both will cause untold ripples in their futures.Using magic will flame the desire to learn past truths. It may also be the key to reuniting a family.Because of the additional samaras claimed, the most evil man in Tuala, Lucinden, sends his envoy to investigate the shifts in power. What will it take to stop him from destroying everything?If you like KF Breene, Jaymin Eve, Shannon Mayer, Kelley Armstrong, Ilona Andrews, Patricia Briggs, Faith Hunter, Kim Harrison, or Shayne Silvers, you won’t want to miss Proebstel’s books!The Levels of Ascension Series should only be read by people who can root for an underdog, love fast-paced action, and like a style of magic that even a Muggle would love.Recent reader’s reviews…“Ascension's Lure is the best yet of the Levels of Ascension series with ongoing insights into familiar characters and new revelations in an ever encompassing story.”“A Riveting, Must-Read Magical Realism Saga! ”Get it now.","https://images-na.ssl-images-amazon.com/images/S/compressed.photo.goodreads.com/books/1545087211i/43257551.jpg","local","upload\Amy Proebstel\Ascension_s_Lure_-_Amy_Proebstel.epub","0","0","0.00","0","0","1"
"43258124","1","12","2965060","Free","Bones in the Begonias","Riches to rags. … Chaos continues. … Murders abound. … Honestly?  Doreen Montgomery’s new life in Kelowna was supposed to be a fresh start after a nasty split from her husband of fourteen years, plus a chance to get her bearings and her life back on track. Instead her first week in her new hometown was spent digging up dead bodies, chasing clues, and getting in Corporal Mack Moreau’s way.  But now that the old cold case has been solved, and the murderer brought to justice, Doreen believes things might go her way this week. When Mack hires her to whip his mother’s garden into shape, it seems like a second chance, both for Doreen’s new beginning in Kelowna and for her budding relationship with Mack.  But, instead of digging up Mrs. Moreau’s struggling begonias and planting them in a better location, Doreen discovers another set of bones … and another mystery to solve. As the clues pile up, Mack makes it abundantly clear that he doesn’t want or need her help, but Doreen can’t resist the lure of another whodunit. As she and Mack butt heads and chase red herrings, Doreen’s grandmother, Nan, sets odds and places bets on who solves the crime first.  All while a murderer is watching …","https://images-na.ssl-images-amazon.com/images/S/compressed.photo.goodreads.com/books/1545093284i/43258124.jpg","local","upload\Dale Mayer\Bones_in_the_Begonias_-_Dale_Mayer.epub","0","0","0.00","0","0","1"
"43263224","1","17","4476934","Free","The Burning Shadow","When Evelyn Dasher crossed paths with Luc, she was thrown headfirst into the world of the Lux—only to discover that she was already far more involved in their world than she ever suspected.Because the Luxen aren’t the only ones with a hidden past. There’s a gap in Evie’s memory, lost months of her life and a lingering sense that something happened, something she can’t remember and nobody is willing to tell her. She needs to find out the truth about who she is—and who she was. But every answer she finds only brings up more questions.Her search for the truth brings her ever closer to Luc, the Origin at the center of it all. He’s powerful, arrogant, inhumanly beautiful, extremely dangerous…and possibly in love with her. But even as Evie falls for him, she can’t help but wonder if his attraction is to her, or to the memory of a girl who no longer exists.And all the while, a new threat looms: reports of a flu-like, fatal virus that the government insists is being spread by Luxen. A horrifying illness that changes whoever it touches, spreading panic across a country already at its breaking point.#1 New York Times, USA Today, and internationally bestselling author Jennifer L. Armentrout returns to the world of the Lux with this steamy, shocking second installment of the Origin series that will leave readers reeling.","https://images-na.ssl-images-amazon.com/images/S/compressed.photo.goodreads.com/books/1550766154i/43263224.jpg","local","upload\Jennifer L. Armentrout\The_Burning_Shadow_-_Jennifer_L._Armentrout.epub","0","0","0.00","0","0","1"
"43263338","1","4","270659","Free","Rebel Writers: The Accidental Feminists: Shelagh Delaney • Edna O’Brien • Lynne Reid Banks • Charlotte Bingham • Nell Dunn • Virginia Ironside • Margaret Forster","In London in 1958 a play by a 19-year-old redefined women's writing in Britain. It also began a movement that would change women's lives forever. The play was A Taste of Honey and the author, Shelagh Delaney, was the first of a succession of very young women who wrote about their lives with an honesty that dazzled the world. They rebelled against sexism, inequality and prejudice and in doing so rejected masculine definitions of what writing and a writer should be. After Delaney came Edna O'Brien, Lynne Reid Banks, Virginia Ironside, Charlotte Bingham, Margaret Forster and Nell Dunn, each challenging traditional concepts of womanhood in novels, films, television, essays and journalism.Not since the Brontës have a group of young women been so determined to tell the truth about what it is like to be a girl and proposed new ways to live and love in the future.Acclaimed author, Celia Brayfield, tells their exceptional story here, for the first time.","https://images-na.ssl-images-amazon.com/images/S/compressed.photo.goodreads.com/books/1570644936i/43263338.jpg","local","upload\Celia Brayfield\Bingham,_Charlotte_Brayfield,_Celia_Delaney,_Shelagh_Dunn,_Nell_Forster,_Margaret_Ironside,_Virginia_O'Brien,_Edna_Reid_Banks,_Lynne_-_Rebel_writers__the_accidental_feminists__Shelagh_Delaney,_Edna_O'.epub","0","0","0.00","0","0","1"
"43263398","1","17","625","Free","The Rise of Magicks","The Rise of Magicks is the conclusing to the trilogyAfter the sickness known as the Doom destroyed civilization, magick has become commonplace, and Fallon Swift has spent her young years learning its ways. Fallon cannot live in peace until she frees those who have been preyed upon by the government or the fanatical Purity Warriors, endlessly hunted or locked up in laboratories, brutalized for years on end. She is determined to save even those who have been complicit with this evil out of fear or weakness--if, indeed, they can be saved.Strengthened by the bond she shares with her fellow warrior, Duncan, Fallon has already succeeded in rescuing countless shifters and elves and ordinary humans. Now she must help them heal--and rediscover the light and faith within themselves. For although from the time of her birth, she has been The One, she is still only one. And as she faces down an old nemesis, sets her sights on the enemy's stronghold, and pursues her destiny--to finally restore the mystical shield that once protected them all--she will need an army behind her...","https://images-na.ssl-images-amazon.com/images/S/compressed.photo.goodreads.com/books/1572908034i/43263398.jpg","local","upload\Nora Roberts\The_Rise_of_Magicks_-_Nora_Roberts.epub","0","0","0.00","0","0","1"
"43264039","1","3","14689889,318719,14417592","Free","Orphan Witch","Sometimes the real monsters are those within your own family.  Sometimes it takes an outsider like Raine to come to your rescue.  Raine Campbell has survived her first semester at the School of Necessary Magic, but only just.  Time to throw herself into her studies and get a better grasp on magic. No more close calls with spells... Especially if she wants to follow her late father's legacy and join the FBI as a witch and an agent.  Is Adrien going to get in the way of her plans?  The teen elf comes from a long line of respected guardians of humans and lesser magical beings, keeping them safe from dark magic.  So why are magicals showing up to persuade him that his family tree harbors a dark secret and is rotten all the way down to the roots?  He refuses to believe the whispering campaign.  But when Adrien is kidnapped by this nefarious gang, Raine teams up with a party of unlikely allies determined to rescue her friend.  Orphan Witch is a breathtaking tale of spells, secrecy and not being kept behind after school.  They say everyone is the hero of their own story. Or are they really the villain?  Team up with Raine for this second spectacular story in the School of Necessary Magic series.","https://images-na.ssl-images-amazon.com/images/S/compressed.photo.goodreads.com/books/1545153343i/43264039.jpg","server_url","upload\Judith Berens\Orphan_Witch_-_Judith_Berens.epub","1","0","0.00","0","1","1"
"43266454","1","17","4420439","Free","Dead Jolly","The holidays are here, and I’m up to my eyeballs in Christmas spirit—or should I say “spirits”. Life is like that now that I’m a grim reaper. My holidays gets an extra helping of festive weirdness when the Casanova of mall Santas kicks the bucket. Instead of crossing over, he sets out to spread his own special brand of Christmas magic to a number of single ladies in town. I’ll admit, as a widow I’m hesitant to stop him from gifting his Christmas miracle, but as a reaper, it’s my job to pack his yule log and jingle bells off to the netherworld. After all, everybody knows Santa is only supposed to come once a year.","https://images-na.ssl-images-amazon.com/images/S/compressed.photo.goodreads.com/books/1545174041i/43266454.jpg","local","uploads/Boone Brux/Dead_Jolly_-_Boone_Brux.epub","0","0","0.00","0","0","1"
"43278954","1","41","7791394","Free","Fool’s Paradise","Deva Rainsong never expected to find a soul mate, now she has two and is on the run from Fate. The elusive divine entity has it out for her and has begun terrorizing the bloodline Deva has sworn to protect. Yet the young chimera and her five lovers still have no idea what it is Fate wants, or why she is so important to it.  The only thing she is sure of is that she needs a complete soul in order to have a chance at standing up to Fate, but for that to happen, she needs her human lover on board.  Bodhi Dylan is still getting used to the unusual, yet intriguing customs of the higher races. He's fallen head over heels for the beautiful dark-skinned chimera, but doubts he can measure up to the prowess of his higher races counterparts. Besides, he can't quite wrap his head around how the whole ""harem"" thing works. Because if he agrees to Deva's proposition, that's exactly what he'll be part of.  But when he learns his participation is the key to her happiness, he'll have to make a choice. Agree and risk inviting more of Fate's wrath, or deny her to keep her safe.","https://images-na.ssl-images-amazon.com/images/S/compressed.photo.goodreads.com/books/1545242665i/43278954.jpg","local","upload\Ophelia Bell\Fool's_Paradise_-_Ophelia_Bell.epub","0","0","0.00","0","0","1"
"43283743","1","45","6876556,18044519","Free","Witches Brew","Fae are missing all over Boston, and apparently, no one else is suicidal enough to look into it.Good thing Quinn MacKenna - black magic arms dealer and Fae half-breed - has been searching for a way to earn back some of Boston’s goodwill after almost destroying the city...twice. Besides, favors for the Fae usually pay dividends if you play your cards right....As long as the Fae don’t double-cross or otherwise backstab you. But that hardly ever happens....Thankfully, Quinn has Robin Redcap to back her up - between his skill at navigating Fae politics and his penchant for extreme, brutal violence, it’s a match made in Heaven. Or Hell.But the only evidence they have to go on is a crime scene laden with ritualistic ingredients and blood - lots and lots of blood - leading Quinn to suspect witchcraft.Except the witches are a tight-knit community who don’t appreciate Quinn’s intrusion - even when all she wants to do is help. Simply put, what happens in the coven stays in the coven.The situation grows murkier and deadlier by the minute as Quinn finds herself cauldron-deep in a swirl of betrayal, conspiracy, and vengeance.Especially when she discovers who is really stirring the pot, and that it might all stem from an unfulfilled promise made by a certain trigger-happy redhead regarding a certain magic-slinging wizard in St. Louis. And the Fae put pretty big stock in promises and agreements.Double, double, toil and trouble....This little oath-breaker is in big, big trouble.Quinn is the newest antihero in the worldwide best-selling Temple Verse by Shayne Silvers. Join Cameron O’Connell and Shayne at the literary bar to sip a dirty cocktail of feisty Irish brogue - with an unhealthy splash of monsters - today!","https://images-na.ssl-images-amazon.com/images/S/compressed.photo.goodreads.com/books/1545429698i/43283743.jpg","local","upload\Shayne Silvers\Witches_Brew_-_Shayne_Silvers.epub","0","0","0.00","0","0","1"
"43294823","1","12","17432248","Free","Hallow's Faire in Love and War","It’s time for her to meet his parents. His very dead parents.Psychic witch Nora Ashcroft is ready for Halloween to be over. With the veil between the living and the dead drawn back completely, her privacy—and patience—are nearly non-existent. And that goes double for when the ghosts of her boyfriend’s parents drop in, asking for one hellhound of a favor…Hoping to appease the potential in-laws, Nora sets out to solve a long-standing mystery that casts a shadow over the realm. But closing this case may come at too high of a personal price…Can Nora unravel the tangled web of lies in time, or will hers become the next restless spirit?Hallow’s Faire in Love and War is the ninth book of the imaginative Eastwind Witches Cozy Mysteries series. If you like supernatural settings, thrilling twists, and hilarious characters, then you’ll love Nova Nelson’s engrossing tale.Buy Hallow’s Faire in Love and War to follow the clues today!","https://images-na.ssl-images-amazon.com/images/S/compressed.photo.goodreads.com/books/1545314606i/43294823.jpg","local","upload\Nova Nelson\Hallow_s_Faire_in_Love_and_War_-_Nova_Nelson.epub","0","0","0.00","0","0","1"
"43305936","1","41","17023834","Free","Whispers Beneath the Deep","With the Black Blade on the brink of death, there’s only one thing a fake princess can do: save him.  But saving Thalassar’s most notorious criminal could either doom her, or finally clean up her image in the eyes of the mer.  Now under the watchful tutelage of the Queen’s advisor, Maisie must face royal duties, hide a criminal, avoid her guard, and ally with a prince. All while fighting her feelings for the three mermen in the kingdom she can never have.  Danger grows each passing day as royal secrets begin to unravel. Secrets that, once she discovers them, could very well cost Maisie her life.  A Mermaid Reverse Harem Romance.","https://images-na.ssl-images-amazon.com/images/S/compressed.photo.goodreads.com/books/1545419006i/43305936.jpg","local","upload\Aleera Anaya Ceres\Whispers_Beneath_the_Deep_-_Aleera_Anaya_Ceres.epub","0","0","0.00","0","0","1"
"43306494","1","17","845191,14417592,4868644","Free","Katie’s War","
Hell has decided to get political, and their efforts are directed at Katie.
Unfortunately, Katie decides she won't play their games, and leaves. Did she bite off more than she could chew when she made the statement that upset the World Council?Juntto and Angie are trying to work through their issues, but will it be enough?The strength of love is in people’s willingness to accept others as they are and recognize those who support you best.
But sometimes even angels get this wrong. Will Katie and Pandora figure out how to get what they need to help the world without giving up their autonomy? 
","https://images-na.ssl-images-amazon.com/images/S/compressed.photo.goodreads.com/books/1545424270i/43306494.jpg","local","upload\Michael Todd\Katie's_War_-_Michael_Todd.epub","0","0","0.00","0","0","1"
"43308293","1","5","13910319","Free","The Mercenary: A Warren Parish Story","Sergeant Warren Parish is a dangerous man—in more ways than his military training would explain. Nowhere in the world is this more clear than war-torn Iraq, where his “special skill set” is crucial on more than one deadly occasion. When a new enemy rises from of the ashes of southern Baghdad, Warren’s unit must rely on the help of an unlikely private military contractors from Claymore Worldwide Security. With them is a woman. Skilled. Sexy. And absolutely lethal. It doesn’t take long for Warren to realize her set of superpowers might even rival his own. But discovering her truth will have to wait. First, they must make it back from their mission alive. ***Sergeant Warren Parish is one of the leading men in The Soul Summoner Series. Chronologically, this novella happens before the series begins, but it is a standalone and can be read in any order.***   THE SOUL SUMMONER SERIES     Book 1 – The Soul Summoner   Book 2 – The Siren   Book 3 – The Angel of Death  Book 4 – The Taken  Book 5 - The Sacrifice  Book 6 - The Regular Guy THE SOUL SUMMONER COMPANION The A Nathan McNamara Story The A Warren Parish Story","https://images-na.ssl-images-amazon.com/images/S/compressed.photo.goodreads.com/books/1545445878i/43308293.jpg","local","upload\Elicia Hyder\The_Mercenary_-_Elicia_Hyder.epub","0","0","0.00","0","0","1"
"43315488","1","16","15963027","Free","The Tyrant","I've fallen in love with Cato, and I'm not afraid to say it.  He doesn't need to say it back. I know how he feels.  Even if he doesn't have the balls to admit it.  Our daughter will be here soon, and our lives will change forever.  Will Cato let go of the past? Let go of the promise he made to execute me?  Or should I have never come back?","https://images-na.ssl-images-amazon.com/images/S/compressed.photo.goodreads.com/books/1545523896i/43315488.jpg","local","upload\Penelope Sky\The_Tyrant_-_Penelope_Sky.epub","0","0","0.00","0","0","1"
"43331411","1","1","7536802","Free","A Vampire's Tale","Joseph Moore is a mage. Firstborn son of Andrew and Samantha Moore. He's a little jaded toward the women he's been dating, they all seem to want his family's magical secrets. He decides to take a vacation to Sanctuary, and get away from all the politics. He always wanted a mate he could share his magic with, but he's about to find out that sometimes fate has other plans.Megan Cooper is a young woman down on her luck. She's homeless and on the street to get away from her foster father, at least until her eighteenth birthday. Her parents were killed in an accident, and the government separated her from her baby brother and she doesn't even know where he is. It isn't long until her eighteenth birthday, just three days. Problem is, she probably won't live that long, she's sick too. Her world is about to be thrown upside down, when along comes a warlock, willing to make a deal.Then things really go wrong…Content Warning: This is an Romance / Urban Fantasy and contains some explicit scenes of a sexual nature between a man and a woman.","https://images-na.ssl-images-amazon.com/images/S/compressed.photo.goodreads.com/books/1545660281i/43331411.jpg","local","upload\D.R. Rosier\A_Vampire's_Tale_-_D._R._Rosier.epub","0","0","0.00","0","0","1"
"43342851","1","19","14925543","Free","Sebastian","A sexy surrogate romance by Katie Dowe of BWWM Club.  Mia Gooden has been in love with her hunky billionaire boss for over five years and is devastated when he falls into a coma!  With the chances slim that Sebastian Bell won’t wake up, the Bell's name might die along with him!  Until Mia agrees with his sister to be Sebastian’s surrogate!  But what will happen when he wakes up and realizes Mia is pregnant with his baby?  The two definitely have chemistry…  But is Sebastian ready to be in a relationship with Mia, let alone start a family with her?  Or will he turn on both women?  Find out in this emotional yet sexy romance by Katie Dowe of BWWM Club.  Suitable for over 18s only due to sex scenes so hot, you'll start wishing for your own billionaire to cuddle with!","https://images-na.ssl-images-amazon.com/images/S/compressed.photo.goodreads.com/books/1545689752i/43342851.jpg","local","upload\Katie Dowe\Sebastian__A_BWWM_Surrogate_Rom_-_Katie_Dowe.epub","0","0","0.00","0","0","1"
"43344155","1","1","18069577","Free","Shadow in the Ether","Cassidy was my first. My sweet genius. My love. Now, he's lost to me, trapped in his own mind by dark magic. It's up to me and the rest of my boys to bring him back to us. What will I do to bring him back? Who will I kill? An ancient book, warded with powerful dragon magic, has torn my love away from me. Cassidy lies in a coma, and even my empathic powers can’t reach him. Someone sent him that book. The Elder Council? My new allies in Alpha Squad? I don’t know who to trust anymore. But I refuse to let my mate be a pawn in the dragons’ games of power. Not as his lover, and not as his Queen. I’m holding my mates and my McKinnett’s family closer than ever, and we’re going to fight to get Cassidy back. Even if it kills us. Shadow in the Ether is a very steamy reverse harem romance with intense scenes, strong language, and potentially triggering content. It is the fourth book in the Arysia Bellmont series.","https://images-na.ssl-images-amazon.com/images/S/compressed.photo.goodreads.com/books/1545701134i/43344155.jpg","local","upload\Katya Moore\Shadow_in_the_Ether_-_Katya_Moore.epub","0","0","0.00","0","0","1"
"43358284","1","1","530966","Free","Dragon Spirit: Cry of Revenge: Morrigan's Prequel","""Oh sweet Death,guide my talons to victory and stay for the feast.""Morrigan and her fierce dragon are the Benandanti's finest troops. She's lethal with a samurai sword and who needs a gun when you've got a dragon? She may wish she had a few.When a notorious demon offers a glimpse into Morrigan's future, she sees an evil alliance between the witches and demons. A great war and the end of her people loom on the horizon, but she also sees hope.Morrigan's own unborn daughter could be the catalyst for their survival, but at a very high price. Maybe too high for The Dragon Huntress. Can she put her daughter and her people's survival first?Enjoy the story that began the bond of vengeance, because everyone loves some good ol' dragon revenge once in a while.A little Golden Compass, a little Kill Bill, and a lot of dragon.A new episode every 21 days, always free on Kindle Unlimited.","https://images-na.ssl-images-amazon.com/images/S/compressed.photo.goodreads.com/books/1545788338i/43358284.jpg","local","uploads/Cory Reynolds/Dragon_Spirit__Bond_of_Vengeanc_-_Cory_Reynolds.epub","0","0","0.00","0","0","1"
"43371335","1","17","14689889,318719,14417592","Free","On Her Own"," What’s the harm in taking a break from protecting the city for one date? Alison is about to find out…  Bounty hunter license in hand and attitude in place, Alison is ready to house-train the city’s malevolent magicals.  But even a Brownstone needs a little downtime!  Cleansing Seattle of the Eastern Union’s threat was hard business.  Exhausted and dripping with sweat at the gym, she collides with a man who gets her pulse pounding. Great first impression…  Courting can be tricky when you’re busy taking out the neighborhood trash and facing off assassination attempts by power-armored goons.  Add in an unknown entity attempting to hack her computer and an ancient Oriceran Drow woman searching for a princess to worship.  Finding time to enjoy a date quickly slips from the top spot of Alison’s to-do list.  ON HER OWN is the second action-packed adventure in the Alison Brownstone series.  Cast a spell to send it to the top of your to-read list today! ","https://images-na.ssl-images-amazon.com/images/S/compressed.photo.goodreads.com/books/1545911751i/43371335.jpg","local","upload\Judith Berens\On_Her_Own_-_Judith_Berens.epub","0","0","0.00","0","0","1"
"43381002","1","47","6092607","Free","Cold Waters","From USA Today bestselling author Debbie Herbert comes a thrilling story of murder and madness set in the darkest corner of Alabama.Everyone thinks fourteen-year-old Violet is a murderer. After a summer-night swim with her best friend, Ainsley, Violet is found confused, wandering in the forest—and Ainsley’s never seen again. But without a body, murder charges won’t stick, so Violet is sent away.After more than a decade in a psychiatric ward, Violet returns to her broken-down hometown of Normal, Alabama, to claim her dead mother’s inheritance and help her overworked sister care for their unstable, alcoholic father. Violet, still haunted by that night eleven years ago, endures horrific flashbacks and twisted hallucinations while townsfolk spit accusations—and for all she knows, they’re right.As the summer heats up, details of Ainsley’s fate appear like a beast’s wild eyes, watching in the darkness, and grim revelations about Violet’s family threaten to devour her. Already on the edge of madness, Violet must fight to keep her sanity long enough for the terrible truth to burst from the cold, dark waters.","https://images-na.ssl-images-amazon.com/images/S/compressed.photo.goodreads.com/books/1546005248i/43381002.jpg","local","upload\Debbie Herbert\Cold_Waters_(Normal,_Alabama_Bo_-_Debbie_Herbert.epub","0","0","0.00","0","0","1"
"43384243","1","25","6860531,5359198,2995869","Free","A Fall of Secrets","A toxic river divides 19-year-old Violet Bates' world by gender. Women rule the East. Men rule the West.Welcome to the lands of Matrus and Patrus.Ever since the disappearance of her beloved younger brother, Violet's life has been consumed by an anger she struggles to control. Already a prisoner to her own nation, now she has been sentenced to death for her crimes.But one decision could save her life.To enter the kingdom of Patrus, where men rule and women submit.Everything about the patriarchy is dangerous for a rebellious girl like Violet. She cannot break the rules if she wishes to stay alive. But abiding by rules has never been her strong suit, and when she is thrust into more danger than she could have ever predicted, Violet is forced to sacrifice many things in the forbidden kingdom...including forbidden love.In a world divided by gender, only the strongest survive....","https://images-na.ssl-images-amazon.com/images/S/compressed.photo.goodreads.com/books/1546029926i/43384243.jpg","local","upload\Bella Forrest\A_Fall_of_Secrets_-_Bella_Forrest.epub","0","0","0.00","0","0","1"
"43384275","1","5","3065284,4576986","Free","Magic Sight","When Evie found out she was knocked up with the alpha's baby and a rare Kitsune with untold power, she thought life couldn't get anymore complicated.  Then she was told she was also the guardian of the gate to the underworld and that her dad was still alive. Now she has 48 hours to bring in the Siren who started this whole fiasco in the first place.  What could go wrong?  *18 and up recommended reading age. Sexy times and cussing are sure to be found in this series.","https://images-na.ssl-images-amazon.com/images/S/compressed.photo.goodreads.com/books/1546030168i/43384275.jpg","local","upload\Leia Stone\Magic_Sight_-_Leia_Stone.epub","0","0","0.00","0","0","1"
"43384366","1","25","6860531,13615251,6105327","Free","A Trail of Echoes","""Something told me that after my weeks trapped in The Oasis, I hadn't even scratched the surface of what really went on there...""What is so different about Ben Novak?Secrets will be unravelled and shocking discoveries will be made in A Trail of Echoes.","https://images-na.ssl-images-amazon.com/images/S/compressed.photo.goodreads.com/books/1546030661i/43384366.jpg","local","upload\Bella Forrest\A_Trail_of_Echoes_-_Bella_Forrest.epub","0","0","0.00","0","0","1"
"43387269","1","17","7231848","Free","Shadows Within the Flame","The Forgers proved to be only part of a greater plan to gain the power of the stones, remnants from powerful beings lost to time. Their power has never been controlled by one person but now someone is close to changing that.  Having survived the last attack, Haern trains, working with the assassin Galen to hone his skills, learning about poisons and how to best use his control over metal. When he becomes the target of another attack, he must discover what the Forgers plan before it’s too late. His father might be the key to Haern’s understanding, but the more he learns about what his father has done, the less Haern wants to follow in his footsteps.  As Lucy struggles to control her new power, she’s asked to help find the depth of the C’than betrayal. It requires her to learn more about her new abilities and exposes her to dangers she had never imagined. She’s not a fighter, but she must find strength within her to ensure the safety of those she cares about.  While staying with Lucy, Daniel hopes she will eventually come to see him the way he sees her. He trains, realizing that despite everything he learned of fighting, he’s still a novice. He needs to improve his skill to protect Lucy, but saving her might require more than his ability with the sword; it will require his mind.  The stones must be protected from those who would use them for their own dark purpose, but another has maneuvered for decades, and it might already be too late to prevent the stones from falling into the wrong hands.","https://images-na.ssl-images-amazon.com/images/S/compressed.photo.goodreads.com/books/1546055852i/43387269.jpg","local","upload\D.K. Holmberg\Shadows_Within_the_Flame_-_D._K._Holmberg.epub","0","0","0.00","0","0","1"
"43397935","1","5","8247490","Free","Baby Me","Dark forces don’t want these dragon babies to be born… It shouldn’t be a surprise to Azy that her pregnancy is…different. Everything else about her has been too. A girl from Chicago who is half mermaid and mated to a dragon Wyvern? Yeah. That’s not exactly the kind of life she can talk to anyone about. But she’s only a few months along and already the size of a house, a really big dragon sized house. She’ll happily let her little ones take over her entire body if it will keep them safe from the woes of the world, which not only include the dark forces of hell, but also univited mermaids, a whole crew of wedding planning friends, and a bizarre prophecy. Cage has been to hell and back for his mate, literally. She’s finally safe and pregnant with his twins. He can hardly wait for his new little dragon warriors to be born. But when evil shows up wanting to destroy his entire world he’ll have to defeat his own fears before he can help his mate and children. That means living up to his destiny to be the courageous leader meant to guide all Dragonkind in victory over their foes. And becoming a daddy too. A flying dragon and a mermaid can have children… or can they? Grab your copy of Baby Me today and continue the Dragons Love Curves adventure!","https://images-na.ssl-images-amazon.com/images/S/compressed.photo.goodreads.com/books/1546147309i/43397935.jpg","local","upload\Aidy Award\Baby_Me_-_Aidy_Award.epub","0","0","0.00","0","0","1"
"43427439","1","1","6081016","Free","Viking Clan","60 years on from Viking Slave, Dragonheart sets sail once more!The legendary Jarl Dragonheart grows old but the fire still burns within him to make his land and clan secure. Taking his great-grandson, Sámr, to raid the lands of the Caliphate of Cordoba, Dragonheart embarks on an adventure he believes may be his last. When he learns of a plot to attack the Land of the Wolf, Jarl Dragonheart and his brethren, the Clan of the Wolf, must rally together to defend the land they love.","https://images-na.ssl-images-amazon.com/images/S/compressed.photo.goodreads.com/books/1546310473i/43427439.jpg","local","upload\Griff Hosker\Viking_Clan_-_Griff_Hosker.epub","0","0","0.00","0","0","1"
"43434550","1","24","9835889","Free","Tri-Tip","It's been ten years since Parker Drew and Gus Duke have seen each other, but it's like no time has passed. They were hot and heavy back then and the spark's still there now. But they're no longer fumbling kids and they know what they want... what they need. For Parker, that's giving up control to more than one guy.  Gus is more than willing to deliver because he wants to share a woman with Kemp and Poe. One look and he knows that's Parker. All three big cowboys are going to give her everything she ever imagined... times three. Oh, she'll get so much more than just the tip.  Remember: With a Vanessa Vale book, one cowboy is never enough. In this smokin' hot series, each heroine gets an extra helping (or two) of Grade-A Beefcake.","https://images-na.ssl-images-amazon.com/images/S/compressed.photo.goodreads.com/books/1546372524i/43434550.jpg","local","upload\Vanessa Vale\Tri-Tip__Grade-A_Beefcakes_Seri_-_Vanessa_Vale.epub","0","0","0.00","0","0","1"
"43445237","1","10","2965060","Free","Dagger in the Dahlias","Riches to rags. … Chaos quiets. … Crime is circling. … And cold cases never cease …After almost a month in picturesque Kelowna, Doreen Montgomery still can’t keep her notoriety to a minimum or her nose out of other people’s business. Now those suffering from the loss of a loved one seek her out, wanting her help. While the last thing Doreen wants is to have the media discover she’s involved in another cold case, she is already hooked on the details …But even more is going on. News has gotten out that Nan’s old house is brimming over with valuable antiques, antiques Nan collected and left for Doreen, and the seedier elements of their lovely town are circling like vultures. With her animals in full assistant mode, Doreen must investigate the cold case, right the wrongs of the past, and keep her home safe, all while evading the media—and Corporal Mack Moreau.","https://images-na.ssl-images-amazon.com/images/S/compressed.photo.goodreads.com/books/1546458839i/43445237.jpg","server_url","upload\Dale Mayer\Daggers_in_the_Dahlias_-_Dale_Mayer.epub","1","0","0.00","0","1","1"
"43445240","1","5","2965060","Free","Corpse in the Carnations","Riches to rags. … Chaos calms. … Crime quiets. … But does it really?  After getting involved in two murder cases in the short time she’s lived in picturesque Kelowna, divorcee and gardener Doreen Montgomery has developed a reputation almost as notorious as her Nan’s. The only way to stop people from speculating, is to live a life of unrelieved boredom until the media and the neighbors forget about her. And Doreen aims to do just that with a tour of Kelowna’s famed Carnation Gardens. Plants, more plants, and nothing whatsoever that anyone could object to.  But when she sees a fight between a beautiful young woman and her boyfriend, she can’t help but be concerned. Concerned enough that she follows the couple out of the parking lot and through town. And when gunshots interrupt the placid afternoon, it’s too late to worry about how her nemesis, Corporal Mack Moreau, will feel about her getting involved in yet another of his cases.  With bodies turning up in the carnations, and a connection to a cold case of a missing child from long ago, Doreen has her hands full, not least with trying to keep her involvement in the investigations a secret from her Nan, Mack Moreau, and especially the media. But someone’s keeping up with Doreen’s doings… and that someone can’t afford for her to find the answers to the questions she’s asking.","https://images-na.ssl-images-amazon.com/images/S/compressed.photo.goodreads.com/books/1546458846i/43445240.jpg","server_url","upload\Dale Mayer\Corpse_in_the_Carnations_-_Dale_Mayer.epub","1","0","0.00","0","1","1"
"43450386","1","17","7277852","Free","The Heartstone Thief","Curtis Vance doesn't believe in magic. Magic doesn't put food in his belly, neither does it put a roof over his head. But thieving does. And he's good at it. The best, if his reputation is to be believed. Until a self-proclaimed sorceress comes looking for a thief. She's dressed like the night, speaks of monsters and myths, and she'll stop at nothing to get what she wants. A legendary Dragon Eye gem, said to grant its wielder the power to move continents. The sorceress is clearly insane, but Curtis hasn't met a challenge he can't overcome - or steal from - and the Dragon Eye gem proves too much of a temptation. All he has to do is survive her. He didn’t expect her stories of magic and monsters to be true.He didn’t expect to fall for her in ways that terrify him. But most of all, he didn’t expect to find himself trapped between the devastating power of a forgotten relic and his duty to save a people who would see him burned alive for his crimes.Curtis Vance doesn't believe in magic. But it believes in him, and if he can't stop it, his world will burn.DragonCon2017 Awards Finalist","https://images-na.ssl-images-amazon.com/images/S/compressed.photo.goodreads.com/books/1546503462i/43450386.jpg","local","upload\Pippa DaCosta\The_Heartstone_Thief_-_Pippa_DaCosta.epub","0","0","0.00","0","0","1"
"43455231","1","17","4159043","Free","Demon Divine","Something unholy is hunting the streets of Burlington, Vermont, stalking the campus of the local university. Chris Gordon and his contingent of demon hunters is drawn to the northern Vermont city by a brutal murder of hellish proportions, ready to banish it from Earth.But this Hellion is direct from the Abyss, incarnate and fully possessed of all the powers of high Hell royalty – female royalty at that. It’s been said that the female of the species is deadlier than the male, and this one might be the deadliest of all.How do you flush out such dangerous prey without recreating the chaos that befell Washington such a short time ago? The answer: bait. The bait: Declan O’Carroll, witch prodigy with powers so sweet it’s like candy for the Devil’s own. Can Chris and company catch this monster before any harm comes to their friend and colleague? Or will Hell have its way? Can they see all the angles or does this Abyss bitch have the edge?","https://images-na.ssl-images-amazon.com/images/S/compressed.photo.goodreads.com/books/1546543279i/43455231.jpg","local","upload\John Conroe\Demon_Divine_-_John_Conroe.epub","0","0","0.00","0","0","1"
"43455343","1","17","16430470","Free","Blood Moon Magic","I awoke to find three hot fae leaning over me.   They told me I’m an exiled demi-fae princess.  And that I’d just been bitten by a vampire.  Sounds crazy, right? Try living it.  Now I have to find the vampire who bit me and kill him to reverse the curse. All while fighting my rising bloodlust.  If I fail, I’ll become a vampire-fae hybrid that terrifies even my hunky fae friends. A monster any vampire monarch would love to control.  I only have five days to save myself.  With a fresh take on vampires and fae, Blood Moon Magic, is a fast-paced, action-filled paranormal fantasy with a dash of romance that will have you turning the pages until late at night.","https://images-na.ssl-images-amazon.com/images/S/compressed.photo.goodreads.com/books/1552522292i/43455343.jpg","local","upload\Ashley McLeo\Blood_Moon_Magic_(Fanged_Fae_Bo_-_Ashley_McLeo.epub","0","0","0.00","0","0","1"
"43466322","1","1","6060770","Free","Soul Laid Bare","
The story of Mavis and Cameron’s romance and fight to be together continues in this sequel to Plans Laid Bare

With the fear of discovery by her evil grandfather behind her and her demonic power growing stronger every day, Mavis LeGrand is content in the mountains of Colorado. Her incubus fiancé, Cameron, loves her, and things seem to be going as well as expected, but she knows behind the picturesque town and smiling faces, an evil lurks, just waiting for her to let her guard down long enough to snatch away the peace she’s found.Determined to push through her growing unease, Mavis throws herself into finding a way to get Cameron’s soul back from her soon-to-be father-in-law. At the same time, she’s dealing with the incubus’s insatiable desires and the budding romance between her best friend and the ridiculously unsuitable demon who’s crashing in their spare bedroom.With a strong feeling of malice lingering over the town like a dense fog, Mavis can sense that she’ll soon be in for a fight, albeit a battle she knows she can win. Evil has no place in Havenwood Falls, and she’ll be damned if she lets anyone or anything hurt the town or the ones she loves. 

Welcome to the darker, sexier side of Havenwood Falls that many residents never speak of publicly, but most likely enjoy in secret. Venture into the SIN MC, the VIP rooms of Silk nightclub, and behind other closed doors, where you’ll discover passion, unusual penchants, and just how far some will go for love. Hold on to your panties, because it’s time to ride. 


This is the sequel to Plans Laid Bare, and together they form a stand-alone steamy paranormal romance in the Havenwood Falls shared world, a collaborative effort by multiple authors across multiple series, allowing readers to discover new authors and stories to fall in love with. Each author brings a stand-alone plotline, so they can be read in any order, but there are many crossovers among the stories.
Books in the Havenwood Falls Sin & Silk sexy adult series:

Taming the Beast by Nadirah Foxx 
   Plans Laid Bare by J.D. Nelson 
   Shift of Fate by Victoria Escobar 
   Damned Allure by Justine Winter 
   Savage Salvation by Kristie Cook 
   Dark Seduction by Michele G. Miller & R.K. Ryals 
   Soul Laid Bare by J.D. Nelson 
   Stray With Me by E.J. Fechenda 
 New books release every month.Also look for Havenwood Falls, the signature new adult and adult paranormal series, Havenwood Falls High, a Young Adult series, and Legends of Havenwood Falls, a historical paranormal series.","https://images-na.ssl-images-amazon.com/images/S/compressed.photo.goodreads.com/books/1555193559i/43466322.jpg","local","upload\J.D.  Nelson\Soul_Laid_Bare_-_J.D._Nelson_-_Havenwood_Falls.epub","0","0","0.00","0","0","1"
"43466476","1","17","3065284","Free","Fallen Academy: Year Three and a Half","When Brielle was taken by the prince of darkness, a large part of me died inside. How can I move on? How can I accept that she's gone? I can't. After searching every possible way to bring her back, I finally accept that she may be gone... forever. If that's the case, then I can't stay in Angel City any longer.  *Author note: This is a follow up 30,000 word novella to Fallen Academy: Year Three that is told from Lincoln's point of view and covers his one year without Brielle. Happy reading =)","https://images-na.ssl-images-amazon.com/images/S/compressed.photo.goodreads.com/books/1548382422i/43466476.jpg","local","upload\Leia Stone\Fallen_Academy__Year_One_-_Leia_Stone.epub","0","0","0.00","0","0","1"
"43466548","1","25","6860531","Free","A Sacrifice of Flames","Welcome to Book 3 of Season 9...The fire Hermessi of Cerix is dying, and the planet is growing cold. Inalia is expected to take over Brann’s place, but she doesn’t know how to do it or what it entails. All she knows is millions of lives are at stake, and time is running out.Meanwhile, the fae are falling ill under the Hermessi’s strange new influence. The link between their bodies and souls will soon break, leaving them exposed for the Hermessi to do with as they please. Then there's a surprise encounter with a most unexpected creature, one who hails from a world with which our Shadian heroes have had only the occasional brush... but one who could potentially lead them to real answers.Buy now to continue the journey...*Beware of spoilers in the reviews below that are without spoiler alerts*","https://images-na.ssl-images-amazon.com/images/S/compressed.photo.goodreads.com/books/1550646068i/43466548.jpg","local","upload\Bella Forrest\A_Sacrifice_of_Flames_-_Bella_Forrest.epub","0","0","0.00","0","0","1"
"43469616","1","16","240840","Free","Instructing the Novice","A successful older woman who has given up on love...A younger warrior who desires her desperately...When the two of them are sent to the sinister Tower of the Higher Mind Where Lizabeth is Mistress and Lone is her Novice Will it bring them together... or tear them apart?*TROPES*--He Falls First, Office Romance (she's his boss) Older Woman/Younger Man, Fake Relationship, Primal Need**THIS IS A STAND ALONE NOVEL SET IN THE KINDRED UNIVERSELizabeth Paige is mortified. Ever since a terrorist introduced the Xi-46 lust compound into the air ducts of the Mother Ship, she had been experiencing attacks of sexual needing that leave her helpless to resist her lustful urges. Much to her embarrassment, her assistant Lone helped her with the first attack, but she’s been managing on her own (though not very well) ever since. She feels drawn to Lone, but he’s much too young for her. Lizabeth tells herself it’s better if they keep their distance.Lone has been in love with his boss from day one--he wants Lizabeth with his whole heart. Helping her through her first needing attack was like a fantasy come true but now, for some reason, Lizabeth is trying to cut him out of her life. Desperate to bring her closer, he is elated when the Kindred High Council decides to send the two of them to The Tower of the Higher Mind for some extra training.But there are dangers lurking at the Tower, which is located at the top of the Sacred Mountain. At its base live the Friezens—a tribe of savage, misogynistic natives who believe women are only useful for sexual-sacrifice. And in the Tower itself, some very strange customs hold sway. Lizabeth is now a “Mistress” and Lone must be her “Novice,” serving her in every possible way.Pulled between two extremes, will the terrors of the Tower draw them together…or kill them? You’ll have to read Instructing the Novice to find Please be aware that there is a scene in this book that readers who have suffered attacks or abuse may find triggering. Please read with caution. (PS—I promise it all turns out okay in the end! Hugs and Happy Reading! Evangeline) *****This is a Kindred Tales PLUS novel--over 95,000 words long**","https://images-na.ssl-images-amazon.com/images/S/compressed.photo.goodreads.com/books/1561300891i/43469616.jpg","local","upload\Evangeline Anderson\Instructing_the_Novice_-_Evangeline_Anderson.epub","0","0","0.00","0","0","1"
"43473903","1","17","13843055","Free","Curse of the Troll","Elva was once a faerie princess, bound to the Seelie King and renowned throughout the land. Until that was all stripped from her in a single moment. Now, she has recreated herself as a warrior woman. Fierce and strong, she is sent to the Ice Mountain where a beast reigns. Watch him, kill him if necessary, but do not fall in love.  Donnacha was once a dwarven noble, until the Troll Queen saw him. She curses him into the form of a bear. The only way to break the curse is to marry her daughter. But when a certain faerie princess enters the picture, he realizes there might be another way to free him.  Determined to hate each other, they quickly realize there's more to people than just appearances. When the Troll Queen steals him away, breaking her part of the deal, Elva must follow the bear she fell in love with east of the sun and west of the moon. To save him, she would give up everything.  ","https://images-na.ssl-images-amazon.com/images/S/compressed.photo.goodreads.com/books/1546726055i/43473903.jpg","local","upload\Emma Hamm\Curse_of_the_Troll__An_East_of_-_Emma_Hamm.epub","0","0","0.00","0","0","1"
"43481482","1","5","18765341","Free","The Lost Vampire Prince","Nicolas is the embodiment of royalty. Strong. Powerful. Deadly. The only thing he's missing is his throne.  Decades ago a vampire mutiny murdered his father and forced him into hiding, but all that is about to change. A mortal woman smart enough to learn the truth about him and naive enough to trust him is the perfect pawn to sneak him back into the monarchy.  Nothing is going to stop Nicolas from getting what is rightfully his. Not lust. Not love. And not Anna. At least that's what he thinks. ","https://images-na.ssl-images-amazon.com/images/S/compressed.photo.goodreads.com/books/1550531261i/43481482.jpg","local","upload\Melody Raven\The_Lost_Vampire_Prince_-_Melody_Raven.epub","0","0","0.00","0","0","1"
"43482399","1","1","12051908","Free","A Boat, a Banshee, and a Breakdown","A gator hunting bayou family all hear the cry of a banshee while on their lucky boat--who will be the next to die?  Deanna Oscar and friends are back to solve the spooky and paranormal problems in the Big Easy. A banshee returns every five years and kills at least one (or as many as five) members of a particular family. The family asks Deanna to help them end the curse or stop the wrath of this vengeful spirit.  Newly married and juggling a lot of upheaval in her social circles, De is happy to help but the banshee isn't cooperating or communicating. Is it a vengeful dead woman or a demon playing tricks?  Tortured souls, obsessive priests, Death, and gator hunters plus a very loud banshee make up just another case in the Big Easy--if De can only avoid any dead bodies this time...  Grab book 10 in this paranormal cozy mystery series: A Boat, a Banshee, and a Breakdown-- full of humor, quirks, and characters who care!","https://images-na.ssl-images-amazon.com/images/S/compressed.photo.goodreads.com/books/1546812403i/43482399.jpg","local","upload\C.C. Dragon\A_Boat,_a_Banshee,_and_a_Breakd_-_C._C._Dragon.epub","0","0","0.00","0","0","1"
"43482563","1","36","4512224","Free","Junkyard","McCall Richter works as a skip tracer, tracking down criminals, con men, and people who stop making payments on their fancy new spaceships.  Her job description says nothing about locating vast quantities of stolen maple syrup, but thanks to her helpful new android employee, she finds herself tramping through a “sugar house” on a frosty moon full of suspicious characters. The only witness to the crime? The junkyard dog next door.  Junkyard is a stand-alone novella set two years before Fractured Stars.","https://images-na.ssl-images-amazon.com/images/S/compressed.photo.goodreads.com/books/1546813757i/43482563.jpg","local","upload\Lindsay Buroker\Junkyard_-_Lindsay_Buroker.epub","0","0","0.00","0","0","1"
"43482637","1","5","18765341","Free","The Vampire Villain","Marcus might look like an angel, but he's always been a villain. So when he's tasked with infiltrating the Vampire rebellion he doesn't expect it to be complicated. But his plans might take on a new path as he grows closer to a mortal, who can't--or won't--die.  After Gena is brutally murdered and mysteriously resurrected, she sets out to discover the truth about her supernatural background. But when she crosses paths with the sexy and vengeful Marcus, she realizes that there is more to her past than she ever realized.   With time running out, Gena and Marcus search for answers to her past, while going head-to-head with their enemies. Will it end the same way it began--with Gena's death? ","https://images-na.ssl-images-amazon.com/images/S/compressed.photo.goodreads.com/books/1546814324i/43482637.jpg","local","upload\Melody Raven\The_Vampire_Villain_-_Melody_Raven.epub","0","0","0.00","0","0","1"
"43483224","1","12","4683804","Free","The Man Who Strikes Fear","When an FBI agent is violently murdered in his home, the killers leave a message.""For Reacher.""Lauren Pauling, who knew the murdered man, investigates the killing and soon uncovers a shocking link to her past.She also learns that the killers...have only just begun.","https://images-na.ssl-images-amazon.com/images/S/compressed.photo.goodreads.com/books/1546817231i/43483224.jpg","local","upload\Dan Ames\The_Man_Who_Strikes_Fear_-_Dan_Ames.epub","0","0","0.00","0","0","1"
"43501587","1","16","73977","Free","The Empire","Harper and Eric are now faced with trust issues. Can they survive their enemies and find a path to love and forever?  The third and final book in the Filthy Trilogy.  Book one: The Bastard Book Two: The Princess","https://images-na.ssl-images-amazon.com/images/S/compressed.photo.goodreads.com/books/1546899527i/43501587.jpg","local","upload\Lisa Renee Jones\The_Empire_-_Lisa_Renee_Jones.epub","0","0","0.00","0","0","1"
"43511326","1","17","14689889,318719,14417592","Free","Special Witch of the FBI","A stolen artifact. A menacing omen. A sick dragon. Just another semester at the School of Necessary Magic.  Raine returns as a sophomore, one year closer to fulfilling her dream of becoming the first witch FBI agent.  More complex classes, special privileges, and deepening relationships keep her busy. There isn’t time to investigate rumors of a large, black dog roaming the campus.  But when sightings turn into attacks, Raine can no longer deny something is wrong at the school.  Time to be a hero. No one else is going to get hurt on her watch.  Team up with Raine and her friends as they plunge into a strange mystery that’ll bring them face to face with their worst fears.  SPECIAL WITCH OF THE FBI is the third thrilling adventure in the School of Necessary Magic series. Don’t miss it! ","https://images-na.ssl-images-amazon.com/images/S/compressed.photo.goodreads.com/books/1546967711i/43511326.jpg","local","upload\Judith Berens\Special_Witch_Of_The_FBI_-_Judith_Berens.epub","0","0","0.00","0","0","1"
"43513966","1","24","4189235","Free","A Place to Call Home","[Siren LoveXtreme Forever: Contemporary Menage Romantic Suspense Romance, MFMMM, HEA] Athena is in hiding and will do whatever is necessary to be free. No one can be trusted. Not even the good-looking local sheriff. Battered, abused, forced to live as a prisoner after her father double-crosses some business man, her future looked grim until she decided there was no one to save her but herself. She was willing to die for freedom and never once thought by running would she wind up in a place like Cherry Hill, Texas. The local sheriff, Kane McCabe and his three brothers aren't exactly buying her story. Culter runs a dojo, Chase and Fox are mercenaries, and they know when someone is in trouble and lying to survive. They do their best to convince Athena to trust them before it's too late. Athena never knew love before, she feared intimacy and letting down that guard. The McCabe brothers prove to her that love is real, and they can make a safe and loving home in Cherry Hill, only if they eliminate the real threat and save her and their future together.","https://images-na.ssl-images-amazon.com/images/S/compressed.photo.goodreads.com/books/1546988758i/43513966.jpg","local","upload\Dixie Lynn Dwyer\A_Place_to_Call_Home_-_Dwyer,_Dixie_Lynn.epub","0","0","0.00","0","0","1"
"43526853","1","17","7010202","Free","Sin & Salvation","Valens has noticed his two missing employees. It won't be long before he knows who is responsible. It won't be long before he claims his vengeance. The race is on. Kieran and Lexi must scrape together an army worthy of taking on the Demigod of San Francisco before he destroys them all. But Valens isn't Lexi's only problem. Mordecai's rapid recovery has been noticed, and he has once again become a threat to his old pack. Lexi's little family is in jeopardy of being torn apart, and to save them...she must finally embrace what it means to be a Soul Stealer.","https://images-na.ssl-images-amazon.com/images/S/compressed.photo.goodreads.com/books/1547092741i/43526853.jpg","local","upload\K.F. Breene\Sin_&_Salvation_-_K._F._Breene.epub","0","0","0.00","0","0","1"
"43527523","1","17","11882525","Free","The Book of Peril","Librarian's Note: This is an alternate cover edition for ASIN B07MSHYNW8As the custodian of the oracular bookstore Abernathy’s, Helena has faced any number of challenges in learning her new role. But when the store begins giving out false prophecies, Helena comes up against her greatest challenge yet: how can she fix Abernathy’s when she doesn’t truly know how it works?  Armed only with a few special talents and her desire to protect her magical charge, and with the assistance of her best friend Viv, her reluctant assistant Judy, and the enigmatic and handsome Malcolm Campbell, Helena navigates the treacherous depths of the magical world, where secret enemies lurk behind illusions capable of fooling even the most powerful of magical entities. Helena is the only one who can see past those illusions, but will her abilities prove strong enough to save the oracle?","https://images-na.ssl-images-amazon.com/images/S/compressed.photo.goodreads.com/books/1547104377i/43527523.jpg","local","upload\Melissa McShane\The_Book_of_Peril_-_Melissa_McShane.epub","0","0","0.00","0","0","1"
"43538376","1","45","8390541","Free","Tenfold","Unto the Tenth Generation…Must we atone for our ancestors’ sins?Conrad’s 11xGreat Grandfather has been haunting his house since 1622, keeping a secret and biding his time. A secret that spells trouble for the world of magick.The King’s Watch want to Summon him. The keepers of the secret don’t want that to happen.They unleash a fire Mage to stop the summoning and don’t care who dies on the way.And when Spectre Thomas finally makes an appearance, he passes the guilt of old sins on to Conrad’s shoulders. Wild, dark magick is on the loose, and Conrad has to carry the burden of tracking it down.With death and destruction on all sides, his problems have multiplied. Tenfold.The King’s Watch are back. Grab a copy of Tenfold and check out just how much trouble one man can get into when you enlist in the deadly world of magick.","https://images-na.ssl-images-amazon.com/images/S/compressed.photo.goodreads.com/books/1547222572i/43538376.jpg","local","upload\Mark   Hayden\Tenfold_-_Mark_Hayden.epub","0","0","0.00","0","0","1"
"43542566","1","17","3441","Free","The Sky People","Raging River, priestess of the Sun People, has just done the unthinkable. The Sun People are bound by an ancient law, left by the long-vanished Sky they must never kill. To other tribes, who have no such law, the Sun People are easy prey who will not defend themselves. Their game is poached, their stores are raided, their women abducted, their men killed for sport. But when Raging River and her sister are attacked by a Wolf People raiding party, River fights back and kills one of the warriors. Worse, she has killed the son of their chief. Now, with the Wolf People vowing revenge and her people facing annihilation, River must do the impossible. She must prove herself as priestess. She must find the mythical Sky People. The Sky People is a fast-paced novella of revenge and redemption that explores new territory for #1 international bestseller Terry Goodkind","https://images-na.ssl-images-amazon.com/images/S/compressed.photo.goodreads.com/books/1547937644i/43542566.jpg","local","upload\Terry Goodkind\The_Sky_People_-_Terry_Goodkind.epub","0","0","0.00","0","0","1"
"43542726","1","5","18765341","Free","Her Very Own Demon","Kier has been haunting Muriel's nightmares. He's handsome, sure. Every demon is. But he's more devious than the others. More ruthless than the rest. More deserving of revenge.  Ever since he ripped off her wings and reduced her to a mere mortal, Muriel has been planning the perfect revenge. It might not be fun and it might not be pleasant, but she's not going to just kill him. She wants to give him what he took from her. A soul.  And once she has him bound to her with magical handcuffs, there will be nothing he can do to prevent whatever angelic energy she has left over from corrupting him. And spending that much time with a demon won't be pleasant, but it will be worth it.  At least it shouldn't be pleasant. It shouldn't be hot. It shouldn't be tempting. But ""shouldn't"" is what her demon specializes in... ","https://images-na.ssl-images-amazon.com/images/S/compressed.photo.goodreads.com/books/1547272103i/43542726.jpg","local","upload\Melody Raven\Her_Very_Own_Demon_-_Melody_Raven.epub","0","0","0.00","0","0","1"
"43550284","1","47","4804769","Free","It Ends Here","Every Parent's Worst Fear!Inspired by a true story!She thought it would be okay.She thought her son would be fine if she left him in the car.It was after all just for a few minutes while she went to grab something at the store. It was no big deal. But when Mrs. Cunningham came back out from the store, the car was empty, and her 5-year-old boy was gone.In a town filled with dark secrets, who will you dare to believe? Reporter Rebekka Franck is traveling to central Florida to interview a famous author when the body of a young boy turns up inside an abandoned house.The death of the boy leaves the small town of Webster horror-stricken.Forty years ago, another little boy was found killed in that exact same house.Now they are all asking Will it end here? As Rebekka Franck digs deep into the story, she realizes this town is harboring a lot of secrets that some people will go to extremes to keep hidden.This highly anticipated and exhilarating new chapter in the Bestselling Rebekka Franck Mystery series, IT ENDS HERE, is a stand-alone mystery. It serves up a double dose of nail-biting suspense, twists, and shocking revelations as only #1 Amazon bestselling author Willow Rose can. No one is more addicting than the Queen of Scream.Buy IT ENDS HERE and be prepared to lose sleep!","https://images-na.ssl-images-amazon.com/images/S/compressed.photo.goodreads.com/books/1547344102i/43550284.jpg","local","upload\Willow Rose\IT_ENDS_HERE_-_Willow_Rose.epub","0","0","0.00","0","0","1"
"43566921","1","37","13450624","Free","Southern Fortunes","When Pepper teaches a class at the Southern School of Magic, she expects a run of the mill experience. But when a gaggle of mean teachers invades her classroom, Pepper is on high alert.These women are nasty and they make no bones about disliking Pepper.Pepper does her best to stay far away from them, but when one of the witches is murdered in broad daylight, everyone's a suspect, including Rufus Mayes, who's moved back into town.But Rufus's intentions are honest. At least so it seems. After all, he gave Pepper an amulet that will protect her from evil. When her boyfriend, Axel Reign, discovers what Rufus has given her, he's ticked off and rightly so. Not only that, but Axel drops a bombshell on Pepper regarding their relationship that will change everything.Can Pepper handle this new revelation in their relationship? She must decide, but there's also a murderer to catch. Can Pepper do both before she becomes the next victim of the Magnolia Cove murderer?","https://images-na.ssl-images-amazon.com/images/S/compressed.photo.goodreads.com/books/1547519669i/43566921.jpg","local","upload\Amy Boyles\Southern_Fortunes_-_Amy_Boyles.epub","0","0","0.00","0","0","1"
"43567341","1","5","11248716","Free","Bastian","She was born with a silver spoon in her mouth. And it nearly choked her. Born into wealth and privilege, Ophelia knows better than anyone the rot that hides at the top. That’s because she’s made it her job to clean up the filth. So when the butler of a prominent vampire family shows up on her doorstep, pleading for sanctuary for him and his employers’ teenage scion, she expects nothing but tarnished silver. Bastian has long since lost his belief that those who rule his people ever deserved the privilege, but now he must turn to one of the elite to save the girl he thinks of as his daughter. Yet while Ophelia’s ideologies chafe, she’s different. He also knows better than anyone how betrayal destroys, and why she’s steeled herself against everyone, including him. Together, Bastian and Ophelia must hunt the demons that threaten their race, but their class differences—and their dangerous chemistry—threaten to topple their partnership. If they can’t work together, the demons will conquer all, starting with Bastian’s innocent charge. The hunt is on. Get your copy now.","https://images-na.ssl-images-amazon.com/images/S/compressed.photo.goodreads.com/books/1547523830i/43567341.jpg","local","upload\Marie  Johnston\Bastian_-_Marie_Johnston.epub","0","0","0.00","0","0","1"
"43567390","1","25","18600629,17436970","Free","A Vampire's Bane","
“The monster isn’t under my bed. It’s screaming inside my head.”  

Cursed by the Kiss of Eternal Night, Samira lives her life as an ancient and powerful vampire, guarding her emotions carefully. One slip up and the darkness inside her could send her on a rage-filled, bloodlust path of death and destruction. It’s happened once before, and it could easily happen again. For over a century, she’s managed to keep the beast inside her at bay, but when someone from her past shows up unexpectedly, her emotions hang by a thread. Especially when she finds out they are working with the Phoenix, the source of the growing evil in Rouen. Maybe it’s time she stops controlling the monster inside her. It may be the only way she can save those she loves. 
In this full-length, urban fantasy series, Steele and Mason introduce readers to a dark and exciting world full of shifters, vampires, and witches. If you like Charlaine Harris, Patricia Briggs, Shayne Silvers or K.F. Breene, you will LOVE this new series! Scroll up and grab this gritty urban fantasy TODAY! 

","https://images-na.ssl-images-amazon.com/images/S/compressed.photo.goodreads.com/books/1547524339i/43567390.jpg","local","upload\Raven Steele\A_Vampire's_Bane_-_Raven_Steele.epub","0","0","0.00","0","0","1"
"43573359","1","2","14689889","Free","My Name is Alison","What’s stronger than magic itself? A Brownstone with a mission.  Brownstone Security continues cleansing Seattle’s magical mobster underbelly while Alison draws strength from her trusted circle as she fights off the virus draining her powers.  She uncovers the smuggling of magical pets and the harmful side effects of testing savage spells on humans and still has time to chase down her enemies.  It’s dirty, dangerous work and leaves her friends the targets of vicious attacks.  Not smart, bad guys. Do you even know who you are messing with?  It would help if Hana wouldn’t let her guard down in her continuing quest for companionship.  But it takes a direct assault on Brownstone HQ for Alison to stop playing nice. A warning to the bad guys: a Brownstone never backs down from a fight, especially when protecting those she cares for.  Don’t miss the third thrilling adventure in the series that’s guaranteed to keep your heart pounding!","https://images-na.ssl-images-amazon.com/images/S/compressed.photo.goodreads.com/books/1547558112i/43573359.jpg","server_url","upload\Judith Berens\My_Name_Is_Alison_-_Judith_Berens.epub","1","0","0.00","0","1","1"
"43587385","1","1","7058261","Free","Watchers of the Gray Box Set: Books 1 - 3","In the shadowed streets of Toronto, there exists a garrison of soldiers like no other—nine immortal warriors, half-Archangel/half-human, living unknown amongst the city, defending humanity from the Daemons of the Hell realm.  The Watchers of the Gray Series by JL Madore, joins the gritty, dark paranormal romance traditions of JR Ward, Sherrilyn Kenyon, and IT Lucas.","https://images-na.ssl-images-amazon.com/images/S/compressed.photo.goodreads.com/books/1547629011i/43587385.jpg","local","upload\J.L. Madore\Watchers_of_the_Gray_Box_Set__B_-_J._L._Madore.epub","0","0","0.00","0","0","1"
"43597364","1","5","1228627","Free","Viking's Ransom","A gripping adventure that tests the strength of love and the devotion of dragon mates in a heart wrenching journey ripe with sizzling romance and boundless intrigue.Kenzie is determined to be there for her sisters no matter what it takes. Even if it means giving herself over to her fated mate, Viking Eirik Sidgir. When she ends up traveling through time to tenth century Scandinavia, she's ready for whatever comes her way. Until a chance encounter with Hel, the Goddess of Helheim, who has long loved Eirik.Having recognized Kenzie from the moment he saw her picture in the twenty-first century, Eirik realizes the time has finally come. A secret close to the heart is about to be revealed, and the stunning red-head is the only person capable of protecting what matters most to him.Unfortunately, Hel has already stolen Kenzie away. Now he needs to convince the goddess to give him back his bargaining chip because of a little known prophecy. One that foretells he must offer up the woman he loves as ransom to get back what has been taken from him.","https://images-na.ssl-images-amazon.com/images/S/compressed.photo.goodreads.com/books/1547699117i/43597364.jpg","local","upload\Sky Purington\Viking's_Ransom_-_Sky_Purington.epub","0","0","0.00","0","0","1"
"43597702","1","13","790143","Free","Earth Machines","Machines.They fly our starships. Mine our asteroids. Connect us to one another. They serve us without question.But what if the machines rebelled?We call it the Singularity. The day the machines wake up. A day that can destroy humanity.Marco and Addy are heroes, veterans of the Alien Wars. Today they are civilians, married, and peacefully raising a family.That peace will soon shatter.For years, Marco and Addy fought aliens, terrors from deep space. But how can they fight Earth's machines, an enemy humanity itself created?","https://images-na.ssl-images-amazon.com/images/S/compressed.photo.goodreads.com/books/1547704569i/43597702.jpg","server_url","upload\Daniel Arenson\Earth_Machines_-_Daniel_Arenson.epub","1","0","0.00","0","1","1"
"43602605","1","45","101078","Free","The Hallowed Hunt","It’s October, and with Samhain approaching, Ember must enter the Cruharach to face the darkest night of her life. As she gives herself over to the Autumn Stalkers and the Leannan Sidhe, she is plunged deep into the shadows of Annwn to face Cernunnos and the test of the Hallowed Hunt.  Meanwhile, the Wild Hunt is trying to contain collateral damage throughout the city. A Fae hate group is terrorizing Seattle, going after shifters and humans alike. In the middle of investigating the deadly cult, Herne takes on a new case.  A frantic wolf-shifter mother begs them for help. Her three-year old daughter has been kidnapped. With three other young girls already dead at the hands of a serial killer dubbed the Angel of Mercy, Herne and Ember find themselves in a desperate race to find the girl before the Angel of Mercy claims another victim and strikes again. ","https://images-na.ssl-images-amazon.com/images/S/compressed.photo.goodreads.com/books/1547759507i/43602605.jpg","local","upload\Yasmine Galenorn\The_Hallowed_Hunt_-_Yasmine_Galenorn.epub","0","0","0.00","0","0","1"
"43602746","1","41","17384633","Free","Don't Bait Me","Now that Nora has been outed as an underworlder, all she wants to do is lay low, figure out how to hide her fey heritage and decide if she wants to date any of the men in her life. Unfortunately, fate has other plans.  Just one week after the werewolf fiasco, Terrance is nearly killed by an unknown attacker. He's not the only victim. Fey all around the city are being murdered and with Nora's reputation for solving cases, they're looking to her for help. What choice does she have but to get involved? Not only does being fey maker her a target, but the killer went after her troll. He's going to pay for that. This is the third installment of the Nora Jacobs series. These books must be read in order. Reading Don’t Rush Me Don’t Cheat Me Don’t Bait Me","https://images-na.ssl-images-amazon.com/images/S/compressed.photo.goodreads.com/books/1547760865i/43602746.jpg","local","upload\Jackie May\Don_t_Bait_Me_-_Jackie_May.epub","0","0","0.00","0","0","1"
"43604960","1","16","625","Free","Born in Fire","Three modern sisters bound by the timeless beauty of Ireland...The eldest Concannon sister, Maggie, is a reclusive, stubborn and free-spirited glassmaker—with a heart worth winning.Margaret Mary is a glass artist with an independent streak as fierce as her volatile temper. Hand-blowing glass is a difficult and exacting art, and while she may produce the delicate and the fragile, Maggie is a strong and opinionated woman, a Clare woman, with all the turbulence of that fascinating west country.One man, Dublin gallery owner Rogan Sweeney, has seen the soul in Maggie’s art, and vows to help her build a career. When he comes to Maggie’s studio, her heart is inflamed by their fierce attraction—and her scarred past is slowly healed by love...","https://images-na.ssl-images-amazon.com/images/S/compressed.photo.goodreads.com/books/1547782312i/43604960.jpg","local","upload\Nora Roberts\Born_in_Fire_-_Nora_Roberts.epub","0","0","0.00","0","0","1"
"43610103","1","1","845191,14417592,4868644","Free","Baylahn","
There is a deeper game being played, and it's being played out with Pandora as the pawn.
With Katie and Pandora going to the deepest depths to track down some killers, Pandora’s greatest temptation will be in her grasp.Can the two of them, plus help, figure out the real danger or will they encounter it without preparation? Further, will they figure out how to handle a Leviathan that is larger than New York City? Have the depths of Hell finally revealed a plot centuries in the making? Will Katie and Pandora trip something to throw all of their success into question?While Katie and Pandora are challenged, we find all of her friends dealing with attacks of their own. Can Korbin and the team help other areas of Earth protect themselves?
The strength of this team is they have each other's back.

Succumbing to temptation is a choice. Will Katie know what it is in time to help Pandora through it, or will Pandora recognize the subtle trick her ex-husband has delivered gift-wrapped? 
","https://images-na.ssl-images-amazon.com/images/S/compressed.photo.goodreads.com/books/1547847293i/43610103.jpg","local","upload\Michael Todd\Baylahn_-_Michael_Todd.epub","0","0","0.00","0","0","1"
"43611210","1","1","14925543","Free","Gabriel","A sexy, alpha male marriage romance by Katie Dowe of BWWM Club.  Terri Lancaster is the daughter of two powerful lawyers and is a lawyer herself.  But instead of trying to make money, she is determined to make the world a better place through community service!  Multibillionaire Gabriel is trying to redo downtown and needs Terri’s okay in moving the community center.  Although she refuses the proposition, she isn’t able to refuse the pull of alpha male’s magnetic force!  And soon they begin a passionate affair!  But as Terri falls for the man, she is torn by her conflicting emotions.  Is Gabriel in this relationship just so she’d agree to move the community center?  Or does he actually love her?  Find out in this emotional yet sexy romance by Katie Dowe of BWWM Club.  Suitable for over 18s only due to sex scenes so hot, you'll want to cuddle up with your own alpha male!","https://images-na.ssl-images-amazon.com/images/S/compressed.photo.goodreads.com/books/1547860416i/43611210.jpg","local","upload\Katie Dowe\Gabriel__A_BWWM_Alpha_Male_Roma_-_Katie_Dowe.epub","0","0","0.00","0","0","1"
"43612568","1","1","3929305","Free","The Malveaux Curse Full Book Bundle","Dog Days of Voodoo (book 1) A woman, her dog, and a devilish curse. What more could a girl want? You, Me, and the Voodoo Queen (book 2) Things get complicated when you don’t know what you’re voodooing. Oops, I Voodooed Again (book 3) Devils can be such slippery buggers. Voodoo You Love (book 4) Every devil must have his hell. Voodoo You Think You Are (book 5) Angels can be such demons to those who love them. Look What You Made Me Voodoo (book 6) Can an angel confined to hell resist the devil’s charms? Love Me Like Voodoo (book 7) Is there anything the devil won’t do for the women he loves?","https://images-na.ssl-images-amazon.com/images/S/compressed.photo.goodreads.com/books/1547878099i/43612568.jpg","local","upload\G.A. Chase\The_Malveaux_Curse_Full_Book_Bu_-_G._A._Chase.epub","0","0","0.00","0","0","1"
"43615694","1","45","6563991","Free","Witch's Secret","Exiled from the necromancer guild and at the top of the Mage Lords' most wanted list. Not exactly where I'd hoped saving the city would land me, especially since I'm also the sole heir to the Hemlock coven and the last line of defence between our world and a bunch of angry gods.  Not only is my spirit still bound to my ancestor, Evelyn Hemlock, she's beginning to develop an alarming taste for freedom. And then there's Keir, my vampire boyfriend, whose connection to me might be the death of both of us. With the mages hell-bent on taking everyone who might challenge them out of the picture, the stakes have never been higher.  The only way to win back my freedom is to bring down the most powerful man in the city. Let's just say the odds -- and the gods -- aren't on my side…","https://images-na.ssl-images-amazon.com/images/S/compressed.photo.goodreads.com/books/1547916475i/43615694.jpg","local","upload\Emma L. Adams\Witch's_Secret_-_Emma_L._Adams.epub","0","0","0.00","0","0","1"
"43617005","1","17","17235359","Free","The Mercenary's Bounty","With freedom, comes uncertainty, and with uncertainty, comes mistakes.  Mave has been making a lot of those. As she draws closer to the Free Cities of Olost, she finds herself juggling between learning about her people, and learning the nuances of the males around her. Males she has to work with if she wants to survive the world she’s about to jump into feet first as the newest member of the Ivory Shadow Mercenary Company. She has no choice but to learn to trust them. Through all of it, Mave has found herself hopeful for Olost and the new beginnings she’s found. The opportunities of new friendships, new family, and maybe more draws her further out of her shell every moment. With all of her courage, she continues to take those shaky first steps, leaving the life of slavery and being an outcast far behind her.  But freedom doesn’t hold all the promises she hoped it did. Olost might be free, but that doesn’t mean it’s safe.  Her enemies will never rest and neither can she.  The Mercenary’s Bounty is a 144,000+ words, full-length novel. Age of the Andinna is a reverse harem epic fantasy series. The female lead will collect her lovers as the series progresses. There is triggering content in this series including but not limited to: abuse, violence, mature language, and sexual content. It’s recommended for mature audiences.","https://images-na.ssl-images-amazon.com/images/S/compressed.photo.goodreads.com/books/1547927620i/43617005.jpg","local","upload\Kristen Banet\The_Mercenary_s_Bounty_-_Kristen_Banet.epub","0","0","0.00","0","0","1"
"43623356","1","58","18765341","Free","The Werewolf and the Siren","Werewolf shifter, Brock Holt refuses to put his paws all over his sexy accountant. She's off limits--no questions asked. But when a perilous situation forces him to turn in front of her, all bets are off. She knows his secrets, and now her life could be in danger. Claiming sultry and smart Elsie as his own, Brock swears it's only for her protection.  Brock missed one small fact: Elsie is far from helpless--or innocent. A born and raised siren, Elsie spent her life fighting against her destiny, refusing to lure unsuspecting men into her clutches. But now that she has Brock, does she really want to let go?","https://images-na.ssl-images-amazon.com/images/S/compressed.photo.goodreads.com/books/1547994327i/43623356.jpg","local","upload\Melody Raven\The_Werewolf_and_the_Siren_-_Melody_Raven.epub","0","0","0.00","0","0","1"
"43662006","1","1","2045085","Free","Maestro of Gold","Readers are comparing the series to Percy Jackson, Harry Potter, Fablehaven, Eragon and Dragonwatch “I was completely enthralled the entire way through... There is now a part of my life that will feel empty until I get to read [the] sequel.” -M.A. Decker “In Theft of Sapphire... the comparisons to Harry Potter are warranted for once.” -M.S. Middle School Librarian “Worried about losing my job. I read it overnight instead of preparing for tomorrow's class.” -R. Kent, high school teacher “The story is very polished, imaginative, and original. The humor works well, the characters are well-developed and unique, and the plot is compelling... I was up late because I couldn't put it down.” -Kodon editor, Claire R.  The Nimrods are real. Judah is whisked away to the Underlake hideout of the secret society of genies and is faced with three terror trials in order to join their ranks. Meanwhile, creatures are stirring in the labyrinths below, and an ancient enemy is capturing Nimrods. Judah's skills are soon put to the test, as he discovers that, among the Nimrods, a Flummox ranking is more than he'd first assumed. Back home, Barnaby, the odd ones and Grace are preparing for a meeting with Gildquail Lockwood--magical inventor extraordinaire. Their firm is under consideration for a lucrative contract that could change their lives forever.  “Super exciting... Great descriptions... Makes you keep reading.” -S. Jean, K-12 Librarian “It has been at least 5 years since I have been into fantasy and magic. This is truly the best [story] I have read in a while.” -Reddit reviewer “Honestly, you are going to quickly become one of my favorite authors. I can already tell.” -Reddit reviewer “I love this. It’s like an entire world that I never knew existed and you write about it so well. You have an insane talent.” -Reddit reviewer “You have such a way with words, very compelling to read.” -Adult reader “I can't emphasize enough how much I enjoyed it.” -High school reader ","https://images-na.ssl-images-amazon.com/images/S/compressed.photo.goodreads.com/books/1548082518i/43662006.jpg","local","upload\Joseph Daniel\Maestro_of_Gold_-_Joseph_Daniel.epub","0","0","0.00","0","0","1"
"43670629","1","45","849723","Free","Fallen","For Mage Alex Verus, everything is on the line in the tenth urban fantasy novel from the national bestselling author of Marked.Once Alex Verus was a diviner trying to live quietly under the radar. Now he's a member of the Light Council who's found success, friends...and love. But it's come with a price--the Council is investigating him, and if they find out the truth, he'll lose everything.Meanwhile, Alex's old master, Richard Drakh, is waging a war against the Council, and he's preparing a move that will bring Alex and the life mage, Anne, under his control. Caught between Richard and the Council, Alex's time is running out. To protect those he cares for, Alex will have to become something different. Something darker...","https://images-na.ssl-images-amazon.com/images/S/compressed.photo.goodreads.com/books/1554395647i/43670629.jpg","local","upload\Benedict Jacka\Fallen_-_Benedict_Jacka.epub","0","0","0.00","0","0","1"
"43671010","1","17","2879706","Free","Sevenfold Sword: Maze","The quest of the Seven Swords holds a dark secret at its heart.To find a way to destroy the Swords, Ridmark has entered the Durance of Urd Maelwyn, a twisted dungeon built by a dark elven tyrant. There he must find the mad smith who forged the Swords.But the ruler of the Durance does not let prisoners escape her iron grasp...","https://images-na.ssl-images-amazon.com/images/S/compressed.photo.goodreads.com/books/1548116759i/43671010.jpg","local","upload\Jonathan Moeller\Maze_-_Jonathan_Moeller.epub","0","0","0.00","0","0","1"
"43671103","1","17","6860531","Free","Harley Merlin and the Cult of Eris","
Consume the Spirit of Thine Greatest Enemy, in the Land of Erebus, on All Hallows’ Eve…
Harley has a game plan to stop the third infiltrate the Cult of Eris and steal back her mother’s soul. But her only way in is through her devious half-brother Finch—the same guy who was Katherine’s most devoted bootlicker not too long ago.Joining a cult counts as sibling bonding time, right?Left with no choice but to break Finch out of prison, Harley must play the part of a loyal cultist. Within Katherine’s inner circle, deadly initiation trials and watchful enemies make every moment a battle for survival.Harley hasn’t forgotten that Finch once belonged to the cult himself, and she wonders if she’ll end up with a valuable new ally… or a knife in the back.Buy now!*Beware of spoilers in the reviews below that are without spoiler alerts.*","https://images-na.ssl-images-amazon.com/images/S/compressed.photo.goodreads.com/books/1548115518i/43671103.jpg","local","upload\Bella Forrest\Harley_Merlin_and_the_Cult_of_E_-_Bella_Forrest.epub","0","0","0.00","0","0","1"
"43671857","1","41","7205755","Free","Hotter Than Hades","

Alternate cover edition of ASIN B07MZFLY52



The Gods Are Back in Town!


Well, to be precise, they never left...


Just because people stopped believing in them, didn't make them disappear, and Hades, Apollo, Ares, Poseidon, and Zeus are all as about town as they ever were. They just have different names...
Ziel Dearil is the God of the dead and the King of the Underworld. With his guardians at his side, demi-god Orpheus, and hero Icarus, he's been ruling his rather boring realm with an iron fist since time began!


Then, everything changes when Cressida Jonas walks into their world!


When Hades informs the multi-platinum-selling, multi award-winning singer that she's his wife, any normal woman might have run screaming for the hills. Cressida, on the other hand, sees this as an opportunity to get revenge on the man who wronged her eighteen months ago!
Falling for three guys was never a part of the program, just vengeance. But of course, the Fates have a way of messing with the best laid plans!

See what they have in store for Cressida, Hades, Icarus, and Orpheus in HOTTER THAN HADES!

","https://images-na.ssl-images-amazon.com/images/S/compressed.photo.goodreads.com/books/1548122886i/43671857.jpg","local","upload\Serena Akeroyd\Hotter_than_Hades_(The_Gods_Are_-_Serena_Akeroyd.epub","0","0","0.00","0","0","1"
"43672209","1","1","16994557","Free","A. I. Apocalypse","One rogue Artificial Intelligence to rule us all.A far-future space opera series from #1 Bestselling author James David Victor.Captain Eliard Martin has found himself in an alternate universe ruled by Armcore’s rogue artificial intelligence. Eliard and his alternate crew must take back the galaxy and return things to normal or humanity will never be the same. Can he change the past to save the future?A. I. Apocalypse is the eighth book in the exciting Valyien series. If you like fast-paced space adventure, the rogue crew of the Mercury Blade will keep you entertained for hours.Download A. I. Apocalypse and get started on your next space adventure today!","https://images-na.ssl-images-amazon.com/images/S/compressed.photo.goodreads.com/books/1548127040i/43672209.jpg","local","upload\James David Victor\A._I._Apocalypse_-_James_David_Victor.epub","0","0","0.00","0","0","1"
"43673649","1","5","386699","Free","Enlightening the Lab Assistant","Just a little Love One demon’s quest to win his amina’s affection brings him into contact with someone who’s a danger to paranormals everywhere.While out on assignment to collect a human’s soul, Lindemere catches the scent of his amina, his soul, the person meant to be his reward for a thousand years of service to his master, the Horseman of Death. Distracted, he ends up in a trap meant for a gargoyle. While Lindemere could have easily gotten away, he decides to play along in hopes of getting a chance to speak with and perhaps woo his human. Before he even has the opportunity to learn the sweet-smelling man’s name, Lindemere’s master comes for him. During the course of the fight, Lindemere’s amina is injured, so he takes him to the demon realm to heal…and also in the hopes of beginning their bond. When the human wakes, Iago reveals that he considers paranormals selfish and prideful, an elitist race, and they should share their secrets of healing and longevity with mankind. Can Lindemere discover the source of Iago’s suppositions and find a way to change his mind, or will Iago refuse his suit in protest of what he considers paranormals’ slight against humanity?","https://images-na.ssl-images-amazon.com/images/S/compressed.photo.goodreads.com/books/1548136994i/43673649.jpg","server_url","upload\Charlie Richards\Enlightening_the_Lab_Assistant_-_Charlie_Richards.epub","1","0","0.00","0","1","1"
"43680728","1","17","4907614,14417592","Free","Tales of the Feisty Druid Omnibus (Books 1-7):","She missed the war, but she’ll be damned if she loses her chance for revenge.Ten years after fleeing Arcadia to save her life, Arryn is all grown up. She spent the past decade in the Dark Forest with the druids, training in warrior combat and battle magic.Now that Arcadia is safe and Arryn is more than capable of taking care of herself, she decides to go back in order to search for her father. The only problem is that the city she once called home isn't safe at all.Arryn knows she has to do what she was raised to fight.She won't rest until the wicked are dead and the innocents are finally able to rise from the darkness. This book contains cursing. Perhaps humorous cursing, but cursing nevertheless. If this offends you, we don't suggest reading this book.This Boxed Set includes the first seven books in the Tales Of The Fiesty Druid SeriesThe Arcadian DruidThe Undying IllusionistThe Frozen WastelandThe DeceiverThe LostThe DamnedInto The Maelstrom","https://images-na.ssl-images-amazon.com/images/S/compressed.photo.goodreads.com/books/1548163281i/43680728.jpg","local","upload\Candy Crum\Tales_of_the_Feisty_Druid_1-7)_-_Candy_Crum.epub","0","0","0.00","0","0","1"
"43685806","1","1","2879706","Free","Shield Knight: Rhodruthain","For fifteen thousand years, the Guardian Rhodruthain has protected the world from the power of the Well of Storms. But the quest of the Seven Swords threatens to unlock the destructive power of the Well. And unless Rhodruthain can defeat the shadows in his own mind, not even the Shield Knight and the Keeper will be able to save him...","https://images-na.ssl-images-amazon.com/images/S/compressed.photo.goodreads.com/books/1548212723i/43685806.jpg","server_url","upload\Jonathan Moeller\Rhodruthain_-_Jonathan_Moeller.epub","1","0","0.00","0","1","1"
"43695397","1","37","2965060","Free","Footprints in the Ferns","Riches to rags. ... Controlling to chaos. ... But murder ... not this time!One night 10 years ago, 8-year-old Crystal, vanished from her bed in her parents’ house, the only clue a footprint in the flowerbed below the girl’s window. Now that footprint’s reappeared, this time at the scene of another crime, and Doreen is under strict orders not to stick her nose into Corporal Mack Moreau’s new investigation.But while Mack is busy with the new case, Doreen figures it can’t hurt if she just takes a quick look at the old one. Her house is empty, her antiques removed, and she has time on her hands. She’s finished working on Penny’s garden and needs a new project to keep her busy – and allow her to avoid the heavy work waiting in her own garden. And with the help of her assistants, Thaddeus the parrot, Goliath the Maine Coon, and Mugs the Basset, soon Doreen is busy navigating the world of pawn shops and blackmail as she looks for clues as to what happened to the girl stolen from her bedroom so many years ago. Surely, it’s not her fault when her case butts up against the new one – is it?","https://images-na.ssl-images-amazon.com/images/S/compressed.photo.goodreads.com/books/1548329995i/43695397.jpg","local","upload\Dale Mayer\Footprints_in_the_Ferns_-_Dale_Mayer.epub","0","0","0.00","0","0","1"
"43695398","1","10","2965060","Free","Evidence in the Echinacea","Riches to rags. ... Controlling to chaos. ... But murder ... well maybe …Doreen’s success at solving murders has hit the newswires across the country, but all Doreen wants is to be left alone. She has antiques to get to the auction house and a relationship with Corporal Mack Moreau to work out, not to mention a new friendship to nurture with Penny, Doreen’s first friend in Kelowna, and Doreen doesn’t want to ruin things.But when a surprise accusation won’t leave Doreen alone—about Penny’s late husband George’s death and made by one of the men Doreen helped put away—she thinks that maybe it can’t hurt to just take a quick look into her new friend’s past.Before Doreen knows it, she’s juggling a cold case, a closed case, and a possible mercy killing … along with cultivating her relationships with Penny, Mack, and Doreen’s pets: Mugs, the basset hound; Goliath, the Maine coon cat, and Thaddeus, the far-too-talkative African gray parrot. And while Mack should be used to Doreen’s antics by now, when she dives into yet another of his cases it’s becoming increasingly hard to take ...","https://images-na.ssl-images-amazon.com/images/S/compressed.photo.goodreads.com/books/1548329996i/43695398.jpg","server_url","upload\Dale Mayer\Evidence_in_the_Echinacea_-_Dale_Mayer.epub","1","0","0.00","0","1","1"
"43696048","1","2","4725841","Free","The Mister","The passionate new romance from E L James, author of the phenomenal #1 bestselling Fifty Shades Trilogy London, 2019. Life has been easy for Maxim Trevelyan. With his good looks, aristocratic connections, and money, he’s never had to work and he’s rarely slept alone. But all that changes when tragedy strikes and Maxim inherits his family’s noble title, wealth, and estates, and all the responsibility that entails. It’s a role he’s not prepared for and one that he struggles to face.   But his biggest challenge is fighting his desire for an unexpected, enigmatic young woman who’s recently arrived in England, possessing little more than a dangerous and troublesome past.  Reticent, beautiful, and musically gifted, she’s an alluring mystery, and Maxim’s longing for her deepens into a passion that he’s never experienced and dares not name. Just who is Alessia Demachi? Can Maxim protect her from the malevolence that threatens her? And what will she do when she learns that he’s been hiding secrets of his own?   From the heart of London through wild, rural Cornwall to the bleak, forbidding beauty of the Balkans, The Mister is a roller-coaster ride of danger and desire that leaves the reader breathless to the very last page.","https://images-na.ssl-images-amazon.com/images/S/compressed.photo.goodreads.com/books/1548338307i/43696048.jpg","local","upload\E.L. James\The_Mister__The_Missus__2-Book_Bundle_-_E_L_James.epub","0","0","0.00","0","0","1"
"43697451","1","33","13525360","Free","Anthelion","Ash is dead.Okay, that’s a lie. He’s not. Not really.Somehow, that doesn’t make things any better.After reports of a fatal hovercar accident outside the Capital—complete with a charred body and DNA identification—it seems at first that all is lost in the Shadow Wing’s quest to infiltrate the Premiere’s inner circle.But one member of the vigilante group refuses to accept the evidence of his human comrade’s death. Draven knows Ash. He knows that devious mind, and more importantly, he knows the martyr complex that lies beneath it.He should know. Draven is also a master at hiding. He’s done it for most of his life. Now, though, he’s done living in the shadows.Can Draven track down a man who is so intent on not being found that he would stage his own death to prevent it? And if he does succeed in finding Ash, what then?No one ever said that emerging from the darkness of the past was easy. No one ever said that forbidden love was painless.Especially when the object of that love is convinced he’s damaged goods.* * *From USA Today bestselling author R. A. Steffan comes a sizzling sci-fi romance series, perfect for fans of J. R. Ward and Sherrilyn Kenyon. Strap in tight, because all's fair in LOVE AND WAR.Author’s note: Ash and Draven are gay. This is their story. If that’s an issue for you, please don’t purchase the book.","https://images-na.ssl-images-amazon.com/images/S/compressed.photo.goodreads.com/books/1548353102i/43697451.jpg","local","upload\R.A. Steffan\Anthelion_-_R._A._Steffan.epub","0","0","0.00","0","0","1"
"43699790","1","3","797534","Free","Dragon Engaged","Her aunt is her roommate, assassins are closing in, and she still needs a dress for the dragon ball. Buckle up.   After finding out where she actually came from, Trin is now trying to hide from the family who wants her genes for analysis and who wants her aunt Meadra back. Hiding in Breaker City works for a while, but when kidnappers and assassins threaten those who have tried to keep them safe, Trin decides that a return to the capitol is what she needs. She knows where everything is and how to defend herself in the place she grew up. Hiding with friends is far superior to hiding alone. Apraxa is back from the sea kingdom, and she has no inclination to return for the present. Her mother is abusive, and her fiancé is a bit of a jerk. She joins their merry band and heads out with them to the dragon ball. If she can’t get over her fiancé, perhaps there is another dragon who would do as well. Meadra needs a mate for security, Apraxa needs one to spite her fiancé, and Trin is going to destroy any dragoness who gets near Brommin before she can. That nerd is hers!","https://images-na.ssl-images-amazon.com/images/S/compressed.photo.goodreads.com/books/1548376189i/43699790.jpg","server_url","upload\Viola Grace\Dragon_Engaged_-_Viola_Grace.epub","1","0","0.00","0","1","1"
"43700183","1","25","6860531","Free","A Conspiracy of Realms","The rogue Hermessi are spiraling out of control. But GASP might have finally found the key to their demise... The problem? It might mean tracking down Death herself.And with the Hermessi birthing monsters from the literal bowels of the earth—and stepping up their game with a sinister side plot... let’s just say GASP’s to-do list is filling up.Continue the journey. Buy now!*Beware of spoilers in the reviews below that are without spoiler alerts*","https://images-na.ssl-images-amazon.com/images/S/compressed.photo.goodreads.com/books/1548381570i/43700183.jpg","local","upload\Bella Forrest\A_Conspiracy_of_Realms_-_Bella_Forrest.epub","0","0","0.00","0","0","1"
"43701061","1","2","721","Free","The Guardians","In the small north Florida town of Seabrook, a young lawyer named Keith Russo was shot dead at his desk as he worked late one night. The killer left no clues behind. There were no witnesses, no real suspects, no one with a motive, but the police soon settled on Quincy Miller, a young black man who was once a client of Russo’s.Quincy was framed, convicted, and sent to prison for life. For twenty-two years he languished in prison with no lawyer, no advocate on the outside. Then he wrote a letter to Guardian Ministries, a small innocence group founded by a lawyer/minister named Cullen Post.Guardian handles only a few innocence cases at a time, and Post is its only investigator. He travels the South fighting wrongful convictions and taking cases no one else will touch. With Quincy Miller, though, he gets far more than he bargained for. Powerful, ruthless people murdered Keith Russo, and they do not want Quincy exonerated.They killed one lawyer twenty-two years ago, and they will kill another one without a second thought.","https://images-na.ssl-images-amazon.com/images/S/compressed.photo.goodreads.com/books/1576676592i/43701061.jpg","local","upload\John Grisham\John_Grisham_-_[Novels_28]_-_The_Guardians.epub","0","0","0.00","0","0","1"
"43704439","1","17","17015,17010","Free","Forgotten","Before he was freed by Neferet, Kalona was imprisoned within the earth for centuries because of the Darkness in his heart. But what happened to the Other World's Kalona? It's as though he's been forgotten, or maybe he never existed at allIn the present, Other Neferet may have left her House of Night, but she has far from given up her goal of immortality and world domination. As she operates in secret to gain access to Old Magick, the new High Priestess, Anastasia Langford, works toward peace and acceptance for the vampyres of the Other World. But just as Other Kevin's broken heart will take time to heal, peace in that world will also take time and work--and not all of the Other World vampyres want peace. After all, why should they return to being shunned by humans, especially when they've had a taste of how it feels to be in power?Meanwhile, Zoey is desperate to help rid the Other World of Neferet once and for all, and not knowing what's going on over there is eating away at her. But, as the Nerd Herd warns, it's far too dangerous to call on Old Magick time and again. As a distraction, she throws herself into her work and attempts to bring the humans and vampyres of Tulsa closer together with the first human-vampyre swim meet in history! It's too bad that something always seems to go wrong whenever the stakes are high.What happens when worlds clash and powers that should be left alone are awakened? Can Other Kevin and his world heal from the wounds Neferet continues to inflict? Can Old Magick ever truly be harnessed and used for good? Or will Darkness extinguish Light and leave our heroes broken, hopeless, and as forgotten as Kalona of the Silver Wings? Don't miss this second to last volume in the House of Night Other World saga!","https://images-na.ssl-images-amazon.com/images/S/compressed.photo.goodreads.com/books/1558940635i/43704439.jpg","local","upload\P.C. Cast\Forgotten_-_P._C._Cast.epub","0","0","0.00","0","0","1"
"43705031","1","1","13396038,13396039","Free","Ayil","Ayil, a powerful warrior angel, is on a mission to discover if a Phoenix clan is working with demons. Unfortunately, his plan goes south the moment he meets Kennex, an irresistible clan member who unknowingly possesses demonic energy. When he sees evidence she was attacked, Ayil can’t resist intervening on her behalf, despite the fact his actions threaten his task, as well as, the very foundations of Heaven and angelkind. Kennex vowed long ago to never trust angels. Her experiences taught her they're as controling and manipulative as any demon, some even more so. When her tormentuous past hunts her down and stakes a claim on her body and soul, she's forced to rethink her strategy and seek alliance with Ayil, a sexy warrior angel. The thin line between love and hate quickly blurs as attraction blazes between them. Will Ayil's mission succeed and possibly destroy Kennex's clan, or will his desire for the alluring Phoenix lead him down the rabbit hole of self-destruction? They say love conquers all. This time it just might.","https://images-na.ssl-images-amazon.com/images/S/compressed.photo.goodreads.com/books/1548445043i/43705031.jpg","local","upload\Brenda Trim\Ayil__Dark_Warrior_Alliance_Boo_-_Brenda_Trim.epub","0","0","0.00","0","0","1"
"43705284","1","9","6941538","Free","A Passionate Reunion in Fiji","
A remote island paradise…
A chance to rekindle their marriage!Nothing fazes workaholic billionaire Massimo Briatore. Not even the idea of his estranged wife, Livia, accompanying him to Fiji for a family celebration. He’s sure he’ll have no problem pretending for one weekend that their whirlwind marriage is still intact. Until he lays eyes on her again…Trapped in paradise, Livia can’t escape from the memories of the tenderness and heat that once bound her to Massimo. An explosive reunion is on the cards, but only if their passion can burn away their past!","https://images-na.ssl-images-amazon.com/images/S/compressed.photo.goodreads.com/books/1561965069i/43705284.jpg","local","upload\Michelle Smart\A_Passionate_Reunion_in_Fiji_-_Michelle_Smart.epub","0","0","0.00","0","0","1"
"43715483","1","17","17037109","Free","Blood of the Wolf"," Thievery. Assassination. And peace for the region... if she can pull it off...   Nic is one of the Black Rose's deadliest assassins, known for her skill as an infiltrator, but when the job of a lifetime lands in her lap, even she isn't sure she's up to the task. Killing the most powerful figure in the region is a tall order after all, but against her better judgment, she agrees to play hero... for the sake of a child.  Only playing hero doesn't go according to plan. A mysterious light-elf named Falken crosses her path, bringing the heat of the Divine Guard and the Contarini Coven with him, and a mission of his own to complicate matters. And her target didn't become the Grand Divinus without a few tricks up her sleeve.  With the full power of the Divinity against them and two competing missions, can Nic and Falken emerge victorious, or will their diverging threads strangle them, with the Divinity to finish the job?  Discover who will land on top in ""Blood of the Wolf,"" a Blade and Rose short story set during the events of Queen of the Shining Sea, the fourth volume of the Blade and Rose series...    (Note: This short story occurs between books four and five of the Blade and Rose series. It also appears in the second edition of Queen of the Shining Sea from February 2019 onwards, so if you have a newer copy, Nic's story is already in that book!)","https://images-na.ssl-images-amazon.com/images/S/compressed.photo.goodreads.com/books/1548551216i/43715483.jpg","local","upload\Miranda Honfleur\Blood_of_the_Wolf_-_Miranda_Honfleur.epub","0","0","0.00","0","0","1"
"43718115","1","5","5895073,13080665","Free","Alpha's Secret","SHE BELONGS TO MY ENEMY. I WON'T STOP UNTIL SHE'S MINE. Grizz: I’m the ultimate predator. I live by a code. Hunt or be hunted. Kill or be killed.  Then I meet her. The second I catch her scent, I know she was meant for me. She was born to wear my mark and I was born to protect her.  She belonged to my enemy until I took her. He wants her back. He’ll wage war to get her, but no one’s taking her from me.  She’s mine, and I’m not letting her go.  *This steamy stand-alone bad boy romance contains a grumpy grizzly shifter, a beautiful fox and a whole lot of paranormal intrigue. No cheating, happily ever after guaranteed.","https://images-na.ssl-images-amazon.com/images/S/compressed.photo.goodreads.com/books/1548590891i/43718115.jpg","local","upload\Renee Rose\Alpha's_Secret__A_Bear_Shifter_-_Renee_Rose.epub","0","0","0.00","0","0","1"
"43723135","1","17","7184104","Free","Supernatural Academy: Year One","Maddison James is about to discover some truths about the world.Firstly … supernaturals exist. WTF?Secondly … she is one, even though no one seems to know exactly what kind. Double WTF.Thirdly … she’s about to go back to school. Well, things just got a little more interesting.The Supernatural Academy is where shifters, vampires, magic users, and fey are educated. Where they are taught about their abilities, and how to function in the human world. Maddison already has the human part down, but this supernatural thing is an entirely new dangerous game.Example one: mean girls who can actually turn you into a frog.Example two: Asher Lock, a god at the Academy. Not literally … well, who knows for sure. He certainly acts the part, as do all of his minions who worship him.Asher drives her crazy, because apparently snarly, gorgeous, and arrogant is her thing, and despite their mutual dislike, sparks fly between them. The more they’re thrown together, the more Asher is determined to figure out what’s been blocking her abilities.Until the moment the truth is revealed, and they find out nothing in this supernatural world is what they thought.","https://images-na.ssl-images-amazon.com/images/S/compressed.photo.goodreads.com/books/1548631501i/43723135.jpg","local","upload\Jaymin Eve\Supernatural_Academy__Year_One_-_Jaymin_Eve.epub","0","0","0.00","0","0","1"
"43724374","1","17","4512224","Free","Assassin's Bond","Yanko and his friends must escape a Turgonian prison and find passage back home before their enemies claim an advantage that could change the world. And not for the good of the Nurian people.  But even more trouble awaits at home. Civil war has broken out, Yanko’s family is in danger, and the man who sent him on his mission has disappeared.  If Yanko can’t find Prince Zirabo, he’ll forever remain a criminal and be hunted down by his own people. Worse, his only chance to survive and redeem his honor may be to rely on the one person who’s been trying to kill him since his adventure began.","https://images-na.ssl-images-amazon.com/images/S/compressed.photo.goodreads.com/books/1548642508i/43724374.jpg","local","upload\Lindsay Buroker\Assassin's_Bond_-_Lindsay_Buroker.epub","0","0","0.00","0","0","1"
"43726518","1","2","9785","Free","Gone So Long","An ex- con who did time for murder, the estranged daughter he hasn’t seen in forty years, and the grandmother angry enough to kill him all come together in this riveting family drama. Like Dubus’s already- classic memoir, Townie, and his novel House of Sand and Fog (a #1 New York Times bestseller), Gone So Long is a profound exploration of the struggle between the selves we wish to be, and the ones—shaped by chance and circumstance, as well as character—that we can’t escape.","https://images-na.ssl-images-amazon.com/images/S/compressed.photo.goodreads.com/books/1560812537i/43726518.jpg","local","upload\Andre Dubus III\Gone_So_Long_-_Unknown.epub","0","0","0.00","0","0","1"
"43726580","1","4","5373","Free","Religion as We Know It: An Origin Story","A brief, beautiful invitation to the study of religion from a Pulitzer Prize winner.How did our forebears begin to think about religion as a distinct domain, separate from other activities that were once inseparable from it? Starting at the birth of Christianity—a religion inextricably bound to Western thought—Jack Miles reveals how the West’s “common sense” understanding of religion emerged and then changed as insular Europe discovered the rest of the world. In a moving postscript, he shows how this very story continues today in the hearts of individual religious or irreligious men and women.","https://images-na.ssl-images-amazon.com/images/S/compressed.photo.goodreads.com/books/1570247091i/43726580.jpg","local","upload\Jack Miles\Jack_Miles_-_Religion_as_We_Know_It__An_Origin_Story-W._W._Norton_&_Company_(2019).epub","0","0","0.00","0","0","1"
"43730294","1","41","8170388","Free","Awakened Love","From broke college student and phone sex worker to unwitting bearer of Cupid’s love powers to Hades' prisoner in the underworld, Locke has had a rough few months...  After making a deal with Hades to save her lovers, Locke faces down an eternity in the underworld. Of course, if there’s one thing she’s learned so far, it’s that a god’s word isn’t always what it’s chalked up to be, and her sacrifice might have been for nothing.  With the threat against the pantheon coming to a head, Locke must discover a way to escape the underworld, rescue Byron, Mads, and Rane, uncover who is behind the nefarious plot to destroy the world of the gods, and save the day before it’s too late.  The odds might seem impossible, but with love on the line, Locke will do whatever it takes to win.  Awakened Love is the final novel in the Operation Cupid series, a slow burn reverse harem romance with sexy, godly avatars and steamy scenes. ","https://images-na.ssl-images-amazon.com/images/S/compressed.photo.goodreads.com/books/1548702528i/43730294.jpg","local","upload\Skyler Andra\Awakened_Love_-_Skyler_Andra.epub","0","0","0.00","0","0","1"
"43765855","1","5","7775152","Free","Dragon Guard"," A dragon shifter series set in the same world as The Bride Hunt books  When Mountain catches the human he’s been tracking, his excitement turns instantly to shock. She’s not who he thought she would be. Not even close. She’s not even one of the females taking part in the hunt. This female is something else entirely.  He needs to get her back to his lair for questioning. His people will be interested in all she has to say. At least, that would be the logical, responsible thing to do. Only, he’s not feeling particularly logical at the moment. Not when looking into her blue eyes, or taking in her curvy body. Nope! Screw being responsible! He’s going to try and win her. The only problem is, this particular female isn’t looking for a mate. His superiors won’t be happy with his choice either, but he’s going for it anyway.  Contains hot alpha males and therefore strong sexual themes/language ","https://images-na.ssl-images-amazon.com/images/S/compressed.photo.goodreads.com/books/1548760587i/43765855.jpg","local","upload\Charlene Hartnady\Dragon_Guard_-_Charlene_Hartnady.epub","0","0","0.00","0","0","1"
"43794330","1","17","16025441","Free","Fate Abandoned","She's a sword-wielding princess.He's the outlaw who kidnapped her.They should be enemies, but he might be the key to finding her brother - and herself.Princess Daphne is sick of being treated as the king's pawn. So even though she's supposed to be hanging back at the castle and choosing a suitor, she doesn't hesitate to follow her brother on a treacherous quest. Especially after learning there's a prophecy predicting his death.She devises a plan and sets out with her maidservant to rescue him - which seems like a great idea until they're kidnapped by outlaws. But Daphne's not one to give up so easily. Realizing that aligning with their captors might just guarantee their success, she cuts a deal with the dangerously charming Gregory. Forced to work together against impossible odds, she and Gregory learn that they need each other more than they knew. And as they race to save the prince, Daphne must decide if she's willing to give up everything she's ever known for a love she never expected...Fate Abandoned features a fierce heroine and characters that will stay with you long after you finish reading.","https://images-na.ssl-images-amazon.com/images/S/compressed.photo.goodreads.com/books/1548902474i/43794330.jpg","local","upload\L. Danvers\Fate_Abandoned_(The_Complete_Se_-_L._Danvers.epub","0","0","0.00","0","0","1"
"43798285","1","21","3389","Free","The Institute","In the middle of the night, in a house on a quiet street in suburban Minneapolis, intruders silently murder Luke Ellis’s parents and load him into a black SUV. The operation takes less than two minutes. Luke will wake up at The Institute, in a room that looks just like his own, except there’s no window. And outside his door are other doors, behind which are other kids with special talents—telekinesis and telepathy—who got to this place the same way Luke did: Kalisha, Nick, George, Iris, and ten-year-old Avery Dixon. They are all in Front Half. Others, Luke learns, graduated to Back Half, “like the roach motel,” Kalisha says. “You check in, but you don’t check out.”In this most sinister of institutions, the director, Mrs. Sigsby, and her staff are ruthlessly dedicated to extracting from these children the force of their extranormal gifts. There are no scruples here. If you go along, you get tokens for the vending machines. If you don’t, punishment is brutal. As each new victim disappears to Back Half, Luke becomes more and more desperate to get out and get help. But no one has ever escaped from the Institute.As psychically terrifying as Firestarter, and with the spectacular kid power of It, The Institute is Stephen King's gut-wrenchingly dramatic story of good versus evil in a world where the good guys don't always win.--front flap","https://images-na.ssl-images-amazon.com/images/S/compressed.photo.goodreads.com/books/1549241208i/43798285.jpg","local","upload\Stephen King\The_Institute_-_Stephen_King.epub","0","0","0.00","0","0","1"
"43804323","1","17","9830676,14417592","Free","The Rebellious Sister","
Olivia Beaufont likes fixing things and keeping to herself. She’s simple like that—but her life is about to drastically change. 
Liv is a rebel with royal blood who abdicated her birthright. A string of murders changes everything and the House of Seven asks her to take on a role as a Warrior, one of seven positions revered for protecting magic.Although Liv would rather stay out of the politics and conspiracies that she ran away from years ago, her family needs her. It’s only a twelve-year stint until her sister, the next in line, can take over.
So, what’s the harm in activating her magic and accepting her place as a warrior? 

Everything. 

Justice hasn’t been properly served by the House of Seven in a long time. 

Not until now.
 ","https://images-na.ssl-images-amazon.com/images/S/compressed.photo.goodreads.com/books/1549022169i/43804323.jpg","local","upload\Sarah Noffke\The_Rebellious_Sister_-_Sarah_Noffke.epub","0","0","0.00","0","0","1"
"43814865","1","36","13525360","Free","Antibody","Vithii military cyborgs never go rogue. At least, that’s the official line.  How could they, when their emotion centers have been ripped out and replaced with tech?  No, cyborgs are only good at three things—following orders, destroying whatever target you point them at, and walking calmly into the vaporization chamber when it’s time for them to be decommissioned.  PX-12—better known to his friends as Pax—adequately performed two of those functions during his stint in the Ilarian military. D-8, his unit-sibling, performed all three exceptionally well. For that reason, when D-8’s unique distress beacon activates some seven years after Pax saw him destroyed, it would doubtless be quite surprising if Pax were still capable of being surprised.  Someone in the Regime is recycling the minds of decommissioned cyborgs, turning them into weapons even more horrific than they were before. To stop it, Pax will need the help of telepathic Vitharan ambassador—and part time spy—Veila’ana Nalidor, a woman whose motivations are as opaque as her past.  Since his escape from his military masters, Pax has operated using a strict self-imposed code based on logic. He never expected to experience emotion again—not even somebody else’s emotions.  Can a fragile mental connection forged in crisis overcome the damage done by a ruthless military research team? To find out, Pax and Veila’ana will first have to prevent an atrocity born from the sins of the past.  Preferably, before it destroys the future.  * * *  From USA Today bestselling author R. A. Steffan comes a sizzling sci-fi romance series, perfect for fans of J. R. Ward and Sherrilyn Kenyon.  Strap in tight, because all's fair in LOVE AND WAR.","https://images-na.ssl-images-amazon.com/images/S/compressed.photo.goodreads.com/books/1549127799i/43814865.jpg","local","upload\R.A. Steffan\Antibody_-_R._A._Steffan.epub","0","0","0.00","0","0","1"
"43820305","1","5","5276341","Free","Ignite","Kira Dawson has the power to burn vampires to a crisp. The problem is, she doesn't know it yet. The even bigger problem is, she's dating one.When Kira Dawson moves to South Carolina, she meets Luke, a blond goofball who quickly becomes her best friend, and Tristan, a mysterious bad boy who sends shivers down her spine. Kira knows they're keeping secrets, but when she discovers Tristan's lust for blood and her own dormant mystical powers, Kira is forced to fight for her life and make the heartbreaking decision between the familiar comfort of friendship and the fiery passion of love.","https://images-na.ssl-images-amazon.com/images/S/compressed.photo.goodreads.com/books/1549190387i/43820305.jpg","local","upload\Kaitlyn Davis\Ignite_(Midnight_Fire_Series_Bo_-_Kaitlyn_Davis.epub","0","0","0.00","0","0","1"
"43831563","1","17","8306309","Free","Chosen Champion","
A princess on the run, with enemies on all sides...
Vi Solaris is on the eve of getting everything she’s ever wanted—her family, her home, her throne—and to save the world she’s going to have to give it all up.The Empire sees her as their Crown Princess, returning at long last. But Vi only sees visions of fate guiding her to the world’s gruesome end. Across the sea is a man who holds the keys to deciphering her premonitions and thwarting the ancient evil ravaging their world. But to get to him, Vi will have to contend with enemies of the crown, romance she didn’t expect, sorcerer pirates, and a betrayal she never saw coming.She will learn the hard way that some evils never die... They only bide their time...
Return to Solaris in the second book of Air Awakens: Vortex Chronicles, a young adult epic fantasy filled with even more magic, adventure, and romance. Get ready for twists you never saw coming that will keep you up all night reading!
","https://images-na.ssl-images-amazon.com/images/S/compressed.photo.goodreads.com/books/1552986258i/43831563.jpg","local","upload\Elise Kova\Chosen_Champion_-_Elise_Kova.epub","0","0","0.00","0","0","1"
"43834489","1","45","8546572","Free","Demon Magic and a Martini","When I first landed a bartending job at the local guild, I didn't know a thing about magic. These days, I'm practically an expert on the different magical classes, but there's one nobody ever talks about: Demonica. Turns out they have a good reason for that. My guild is strictly hellion-free, because who wants to risk life and limb to control the biggest bullies on the mythic playground? Well, some people do, and now a demon has been loosed in the city. My three best friends are determined to slay it, but even badass combat mages are critically out-magicked. And that's not all. The monster they're tracking—it's not hiding. It's not fleeing. It's not leaving a trail of corpses everywhere it goes. The demon is hunting too. And in a city full of mythics, it's searching for deadlier prey. If we can’t unravel the demon’s sinister motivations, more innocent people will die, but finding the answers means digging into dark secrets … and learning truths I never wanted to know.","https://images-na.ssl-images-amazon.com/images/S/compressed.photo.goodreads.com/books/1549292268i/43834489.jpg","local","upload\Annette Marie\Demon_Magic_and_a_Martini_-_Annette_Marie.epub","0","0","0.00","0","0","1"
"43835952","1","41","16809300","Free","Runes of Truth","Thief. Runaway. Assassin. What happens when your rumoured name destroys your life? When the very runes engraved on your skin since birth, are a death sentence?   Evie doesn't remember a life before she was on the streets, a life before thieving to live and killing to stay alive. When a royal family she didn't know anything about go missing, Evie finds herself thrown into the royal court of the protectors, and they demand her help. Help in exchange for a chance at freedom and the name that's haunted her, forgotten. A name she can’t even read, a name she doesn’t understand. But when three Royal protectors are tasked with helping her, her demon ex who is literally from hell, stalking her...will Evie ever be free?  17+ Reverse harem romance.","https://images-na.ssl-images-amazon.com/images/S/compressed.photo.goodreads.com/books/1549306585i/43835952.jpg","local","upload\G. Bailey\Runes_of_Truth_-_G._Bailey.epub","0","0","0.00","0","0","1"
"43840551","1","9","181368","Free","The Sheikh's Secret Baby","Unexpectedly inheriting the throne is shocking enough. But when an encounter with former lover Jasmine Jones is interrupted by the wail of a baby, Sheikh Zuhal also discovers he has a son! Their secret affair was intensely passionate - and dangerously overwhelming. To claim his child, Zuhal must get Jazz down the palace aisle. And he's not above using seduction to make her his wife!","https://images-na.ssl-images-amazon.com/images/S/compressed.photo.goodreads.com/books/1549353604i/43840551.jpg","local","upload\Sharon Kendrick\The_Sheikh's_Secret_Baby_-_Sharon_Kendrick.epub","0","0","0.00","0","0","1"
"43853211","1","38","14925543","Free","Chase","A sexy plus size romance by Katie Dowe of BWWM Club.  Vivacious Glenna runs a cozy inn in the tiny town of Coral Lakes.  She takes pride in her work to make sure her guests have a great time in the mountain town.  Of course, she never expected one of her guests to be writer/producer Chase Lindstrom!  Chase escaped to Coral Lakes to get away from his hectic lifestyle…  But now that he has met the beautiful, plus-sized Glenna he never wants to leave!  As the two get closer, their fiery passion blossoms like a fairy tale romance.  Except for one thing: Chase never wants kids!  Glenna has fallen hard for the handsome and hardworking Chase and wants to plan a future with him…  But can she ever agree to his terms?  Find out in this emotional yet sexy romance by Katie Dowe of BWWM Club.  Suitable for over 18s only due to seriously hot sex scenes!","https://images-na.ssl-images-amazon.com/images/S/compressed.photo.goodreads.com/books/1549414170i/43853211.jpg","local","upload\Katie Dowe\Chase__A_BWWM_Plus_Size_Romance_-_Katie_Dowe.epub","0","0","0.00","0","0","1"
"43861453","1","25","6860531","Free","A Search for Death","Where does Death dwell? It's the question of the century. Perhaps even the millennium. Because the Hermessi are growing dangerously close to completing their catastrophic ritual, and if Death can't stop them, no one will. GASP has heard she's holed herself up on a far-flung planet called Mortis, but finding it — and her — will prove to be only the first challenge in gaining her favor, as Taeral and his team will soon discover...Pre-order now!*Beware of spoilers in the reviews below that are without spoiler alerts*","https://images-na.ssl-images-amazon.com/images/S/compressed.photo.goodreads.com/books/1549429018i/43861453.jpg","local","upload\Bella Forrest\A_Search_for_Death_-_Bella_Forrest.epub","0","0","0.00","0","0","1"
"43882112","1","1","9758","Free","Azure Secrets","From bestselling author Patricia Rice, another romantic mystery from the peculiar town of Hillvale, CA. . . A chef who brews magic challenges a mayor with secretsAfter a childhood of being tossed from foster homes for claiming she can detect liars by their scent, Fiona Malcolm McDonald does her best to conceal her secret these days. But when she sniffs a wrongdoer and drives him off with jalapeño cheesecake, she loses still another cooking job and is homeless again. She places her last hope on her mentor in Hillvale, a town as weird as she is.Mayor Monty Kennedy has a secret too. He owns most of Hillvale but hasn’t the cash to repair the only empty cabin. Still, even in his desperation, he refuses to repeat his father’s sins by throwing people out of their jobs and houses just so he can have his own space.Before either of them can find a solid roof for their heads, Fiona’s mentor dies—and it isn’t accidental. Determined to discover who wanted a good woman dead, Fiona camps out in Monty’s cabin, setting her on a collision course with the mayor—and a killer. With the secret help of the town’s spiritualists, Monty and Fiona must cooperate to solve a puzzle with only a dog, a ghost, and a seemingly useless key as clues to stop a murderous gang who stink of corruption.If they survive, perhaps a hot chef and a cool mayor might learn to share a roof.OTHER BOOKS IN THE CRYSTAL MAGIC Sapphire NightsTopaz DreamsCrystal VisionWedding Gems (novellas)Azure SecretAmber Affairs","https://images-na.ssl-images-amazon.com/images/S/compressed.photo.goodreads.com/books/1549540214i/43882112.jpg","local","upload\Patricia Rice\Azure_Secrets_-_Patricia_Rice.epub","0","0","0.00","0","0","1"
"43883004","1","68","17542256","Free","Shattered","An explosive new book by International Bestselling Author, Jasmin Quinn!Rusya Savisin, Russian mob boss. Not a nice guy. There isn’t a single line he won’t cross and that’s on a good day. When he loses his temper, even the devil isn’t safe. Esma Akkaya, wanted for murder in Turkey. Recovering alcoholic. Hot mess with a huge secret. Each day she doesn’t die is a good day.For Esma and Rusya, falling in love isn’t part of the plan. Rusya will take her, keep her, use her, shatter her. And that’s before he finds out she’s a traitor.Shattered is Book 7 of the Running with the Devil Series. All books are standalone and can be read in any order.This is a contemporary erotic romance with suspense and intrigue. No cliffhanger. No cheating. HEA. Contains mature themes including explicit language, violence, and descriptive sex scenes. 18+","https://images-na.ssl-images-amazon.com/images/S/compressed.photo.goodreads.com/books/1549551569i/43883004.jpg","local","upload\Jasmin Quinn\Shattered__Running_with_the_Dev_-_Jasmin_Quinn.epub","0","0","0.00","0","0","1"
"43884473","1","24","4189235","Free","Starting Over","[Siren LoveXtreme Forever: Contemporary Menage Romantic Suspense Romance, MFMMM, light spanking, HEA] Adalee Scope was a detective in the NYPD until she was shot in the line of duty. Working a desk job after losing four fellow cops, including her partner, was weighing its toll on her emotionally. Heading to her mom's new life in Cherry Hill, Texas, seemed like her only option or at least a stepping stone to a new start. It isn't easy to start over, to deal with her PTSD, or to accept the rules and regulations of a new town with some pretty interesting types of relationships. Soon enough she's caught the eyes of many men, but it's four particular brothers who turn out to have more in common with her than they all think, and who also show her that being vulnerable allows good things to happen, even love. When unexpected danger threatens to destroy that love, Adalee is faced with a life threatening encounter, and despite being injured, she's still a tough, determined cop who will not succumb to evil, and who will do whatever it takes to get free or die trying.","https://images-na.ssl-images-amazon.com/images/S/compressed.photo.goodreads.com/books/1549564424i/43884473.jpg","local","upload\Dixie Lynn Dwyer\Starting_Over_-_Dwyer,_Dixie_Lynn.epub","0","0","0.00","0","0","1"
"43884993","1","12","3780,8215","Free","The 19th Christmas","
It's not sleigh bells that are ringing this Christmas.
As the holidays approach, Detective Lindsay Boxer and her friends in the Women's Murder Club have much to celebrate. Crime is down. The medical examiner's office is quiet. Even the courts are showing some Christmas spirit. And the news cycle is so slow that journalist Cindy Thomas is on assignment to tell a story about the true meaning of the season for San Francisco.Then a fearsome criminal known only as ""Loman"" seizes control of the headlines. He is planning a deadly surprise for Christmas morning. And he has commissioned dozens of criminal colleagues to take actions that will mask his plans. All that Lindsay and the SFPD can figure out is that Loman's greed -- for riches, for bloodshed, for attention -- is limitless.Solving crimes never happens on schedule, but as this criminal mastermind unleashes credible threats by the hour, the month of December is upended for the Women's Murder Club. Avoiding tragedy is the only holiday miracle they seek.","https://images-na.ssl-images-amazon.com/images/S/compressed.photo.goodreads.com/books/1570280213i/43884993.jpg","local","upload\James Patterson\The_19th_Christmas_-_James_Patterson.epub","0","0","0.00","0","0","1"
"43885707","1","17","7231848","Free","Remnants of the Lost","An unexpected threat to the power of the elder stones begins to emerge.   With his father likely dead, Haern trains to face the Ai’thol, using every ability he possesses to be strong enough to defeat them. A chance encounter with someone who’s lost more than him changes everything.  Daniel uncovers the Ai’thol using a new alloy that gives impossible powers and he might be the only one capable of stopping them. The search to understand the alloy brings him back to Elaeavn where he uncovers something unexpected. To understand his future, he must face his past.  Lucy gains an understanding of her abilities but struggles with her role among the C’than. How can she serve them when those she rescued need her help and leadership?  Not all is as it seems. The search to understand the elder stones continues, but powers maneuvering for decades are playing a game only a few understand leaving those stuck in the middle facing a deadly threat for survival.","https://images-na.ssl-images-amazon.com/images/S/compressed.photo.goodreads.com/books/1549571788i/43885707.jpg","local","upload\D.K. Holmberg\Remnants_of_the_Lost_-_D._K._Holmberg.epub","0","0","0.00","0","0","1"
"43887264","1","1","5900266","Free","Wolf Love","[Menage Everlasting: Cowboy Menage a Trois Paranormal Romance, MFM, shape-shifter, werewolves, HEA] Patty Hallow is dying to see if the stories surrounding Granite Lake and the small town of Wayward, Oklahoma, are real. Unfortunately, she doesn't realize how close to dying she'll actually come. Werewolves, Linc Montana and Chandler Warton, find Patty in a ditch. The only way to save her is to bite and change her, letting her new shifter powers heal her. Feeling the connection that draws werewolves to their mate, they do what has to be done. Once she's back on her feet, Patty is ready to track down her attacker and seek revenge. Weird, though, how strange she's been feeling. Almost as though she's part animal. Still, a girl's got to do what a girl's got to do to get justice, whether the men she loves like it or not. But why do they act like they're hiding something? Do they know the attacker? Or is their secret an even worse one?","https://images-na.ssl-images-amazon.com/images/S/compressed.photo.goodreads.com/books/1549581137i/43887264.jpg","local","upload\Jane Jamison\Wolf_Love_-_Jane_Jamison.epub","0","0","0.00","0","0","1"
"43888230","1","8","15042820","Free","Chains","Cleo Garcia had the world at her feet: a lucrative position with the top media company in the country, a healthy bank balance, and the support of her beloved family. Her life was perfect. She was set for greatness. . . until she approved an article on the No1 singer in the country doing a stint in rehab when he was fighting for his life in an Intensive Care Unit. That was the very first kink in a downward spiral that saw Cleo slip from grace. Her desk was moved to the basement, her six-figure income stripped away, and a tragic accident no one saw coming impacted her in ways you could never envision. So imagine her surprise when four years after the mishap that downgraded her from Chief Executive of Entertainment to Flamboyant Obituary Writer she was personally selected by billionaire Jack Carson to investigate what was being touted as the story of the century. With a stream of luxury perks thrown into the deal, and the guarantee of a stable income for years to come, the dreams that slipped from Cleo’s grasp four years ago were returning stronger than ever. It was the ideal situation, a perfect way to show her top-ranked journalism studies were being wasted in the basement. She was determined. Nothing was going to stand in her way. . . until she discovered who she was set to investigate. Can Cleo push aside the demons of her past to bring the story of the century to fruition? Or is she being lured into a world determined to swallow her whole?From the author who brought you the Perception and Enigma series comes the next tantalising instalment. This is the story you’ve been waiting for. The one I deemed too risqué to write. Sit back and enjoy the story about two people in vastly contradicting roles come together in a fire-sparking showdown. Just be warned: it is the shy ones you need to watch the closest.","https://images-na.ssl-images-amazon.com/images/S/compressed.photo.goodreads.com/books/1549593827i/43888230.jpg","local","upload\Shandi Boyes\Bound__Four_Book_Boxed_Set_-_Shandi_Boyes.epub","0","0","0.00","0","0","1"
"43890975","1","1","7982115","Free","Witch Blues","Blind dates suck.Even worse when a trio of strange witches show up at the bar and everything gets weird.I mean, there’s a thief with a grimoire, pregnant witches and sorcery afoot. Or in cars. I’m not really sure how they’re getting around.But it’s my job to stop them.I’m the Marshal of Magic and Memphis is my town.Technically, it’s in my territory, but doesn’t my town sound way better?Get out of my territory is so generic and vague. Get out of my town. Now that’s a line a guy can growl.But the witches have other ideas.They want to call up a demon and conduct a ritual that will unleash a hell on earth. Lucky for earth I can stop them.With some help. And Luck. I’m going to need it.","https://images-na.ssl-images-amazon.com/images/S/compressed.photo.goodreads.com/books/1549626211i/43890975.jpg","local","upload\Chris Lowry\Witch_Blues_-_Chris_Lowry.epub","0","0","0.00","0","0","1"
"43893800","1","17","3226226","Free","Curse of the Akkeri","Faerune is running out of time. With the threat of the Dreilore nipping at their heels, our unlikely companions have only one to move forward with Alluin’s mad plan to overthrow the Empire. The emperor must be killed, and the Dreilore defeated, but first Isara Saredoth must be located. She’s the only rational choice for empress, someone both humans and elves alike can support. Elmerah, Alluin, and Saida will brave the Akkeri temples to find their empress, but Isara may not be exactly what they expected. In fact, some think her quite mad. Everyone knows that sane people don’t believe in demons. That’s what Elmerah used to think, but after facing off with the emperor on more than one occasion, she’s beginning to have her doubts. In this second installment of The Moonstone Chronicles, our heroes will learn just what it means to truly sacrifice for a cause, just as they will learn that words like family, and loyalty, have very little to do with blood.","https://images-na.ssl-images-amazon.com/images/S/compressed.photo.goodreads.com/books/1549652387i/43893800.jpg","local","upload\Sara C. Roethle\Curse_of_the_Akkeri_-_Sara_C._Roethle.epub","0","0","0.00","0","0","1"
"43894020","1","17","4610078","Free","The Scepter of Fire","In THE SCEPTER OF FIRE: OLIVER BLUE AND THE SCHOOL FOR SEERS (BOOK FOUR), 12 year old Oliver Blue is dispatched on an urgent mission to save The School for Seers. He must travel back in time, to Florence, 1592, to find the only artifact that can save them all. Yet the secret is guarded by none other than Galileo himself. As Oliver searches for one of the great scientists and inventors of all time, the man who invented the telescope and who discovered planets, Oliver must wonder: is a he a seer, too? And what other secrets is he holding? His brother Chris, more powerful than ever, remains determined to kill Oliver for all time. Oliver soon realizes it is a race against time, as the fate of the school—and of the world—is at stake.","https://images-na.ssl-images-amazon.com/images/S/compressed.photo.goodreads.com/books/1549654347i/43894020.jpg","local","upload\Morgan Rice\The_Scepter_of_Fire_-_Morgan_Rice.epub","0","0","0.00","0","0","1"
"43897429","1","5","16270110","Free","Son of Chaos","A simple mission turns deadly as the Daughter of Death is kidnapped by an old enemy seeking revenge. Now it’s up to me to find her and I will kill anyone who steps in my path.  The Son of Chaos isn’t playing. I’m armed, I’m pissed, and I want my Evangeline back. It’s time for Heaven and Hell to meet the real Archangel inside of me.  Everyone will pay. Many will die. Silver will slay.  And a new power will ascend from the Shadows…","https://images-na.ssl-images-amazon.com/images/S/compressed.photo.goodreads.com/books/1549700197i/43897429.jpg","local","upload\Lexi C. Foss\Son_of_Chaos_-_Lexi_C._Foss.epub","0","0","0.00","0","0","1"
"43903354","1","2","5091","Free","Blue Moon","“This is a random universe,” Reacher says. “Once in a blue moon things turn out just right.” This isn’t one of those times. Reacher is on a Greyhound bus, minding his own business, with no particular place to go, and all the time in the world to get there. Then he steps off the bus to help an old man who is obviously just a victim waiting to happen. But you know what they say about good deeds. Now Reacher wants to make it right. An elderly couple have made a few well-meaning mistakes, and now they owe big money to some very bad people. One brazen move leads to another, and suddenly Reacher finds himself a wanted man in the middle of a brutal turf war between rival Ukrainian and Albanian gangs. Reacher has to stay one step ahead of the loan sharks, the thugs, and the assassins. He teams up with a fed-up waitress who knows a little more than she’s letting on, and sets out to take down the powerful and make the greedy pay. It’s a long shot. The odds are against him. But Reacher believes in a certain kind of justice . . . the kind that comes along once in a blue moon.","https://images-na.ssl-images-amazon.com/images/S/compressed.photo.goodreads.com/books/1552099648i/43903354.jpg","local","upload\Lee Child\Blue_Moon__A_Jack_Reacher_Novel_-_Lee_Child.epub","0","0","0.00","0","0","1"
"43906319","1","17","17019701","Free","Sky Keeper","Please note: A new version of this book was released in March 2019. Some of the reviews below reflect the old version. 
Welcome to the World Below, where the keepers command the sky, but the commander of the keepers controls the empire...
  For centuries, the four kingdoms of the Caspian empire have remained safe and hidden below the ocean, protected from the Surface World—and from that ocean that separates them—by a great barrier maintained by magic.  Aven Talavir has spent her entire life learning to be a keeper of that barrier, channeling her powers into maintaining and healing it.  But now an impossibly sinister force seeks to shatter it.  To stop the looming flood of destruction, Aven picks up her knives and sets off on a quest to find an ancient power that may be able to permanently heal the makeshift sky. Reaching it will mean fighting her way through dangerous politics and deadly magic, all while finding love and friendship in unexpected places—  Only to realize that the greatest treachery may not lie in the breaking sky, but in the very hearts of the people around her.  The perfect next read for fans of Sarah J. Maas, Tamora Pierce, and Megan Whalen Turner. If you enjoy strong female leads, swoon-worthy romance, feisty mythical creatures, and unique magic systems, then scroll up and grab the first book of this trilogy today!","https://images-na.ssl-images-amazon.com/images/S/compressed.photo.goodreads.com/books/1549805763i/43906319.jpg","local","upload\S.M. Gaither\Sky_Keeper_-_S._M._Gaither.epub","0","0","0.00","0","0","1"
"43911745","1","26","812657","Free","Time in the City","USA Today Bestselling author, W.J. May brings you a continuation of the international bestselling series, The Chronicles of Kerrigan! Come back and enjoy the famous characters, or step into the series right here. You won't be disappointed!   Home is where the heart is…unless that home burns to the ground.   When Guilder University is attacked, it's all hands on deck. Agents are called in from all corners of the globe. The alumni reunite to protect the younger generation, and safeguard the future of the school.  But things aren't as simple as they seem.  The sudden emergence of a shadow organization leaves Rae Kerrigan and her friends scrambling to put together the pieces. The strike at Guilder is only the beginning. The supernatural world is starting to fall apart. The future blinks in and out of focus, as everyone becomes a target.  Who's pulling the strings? How are they connected to James? Can they be stopped in time?  Or is it impossible to change one's fate?  Kerrigan Chronicles Stopping Time Passage of Time Ticking Clock Secrets in Time Time in the City Ultimate Future  READ THE WHOLE SERIES: Prequel Series: Christmas Before the Magic Question the Darkness Into the Darkness Fight the Darkness Alone in the Darkness Lost in Darkness  The Chronicles of Kerrigan Series Rae of Hope Dark Nebula House of Cards Royal Tea Under Fire End in Sight Hidden Darkness Twisted Together Mark of Fate Strength & Power Last One Standing Rae of Light  The Chronicles of Kerrigan Sequel A Matter of Time Time Piece Second Chance Glitch in Time Our Time Precious Time  The Chronicles of Kerrigan: Gabriel Living in the Past Present for Today Staring at the Future","https://images-na.ssl-images-amazon.com/images/S/compressed.photo.goodreads.com/books/1549850559i/43911745.jpg","local","upload\W.J. May\Time_in_the_City_-_W._J._May.epub","0","0","0.00","0","0","1"
"43913595","1","16","1198309","Free","Librarian's Legend","It's taken years, but elementary-school librarian Heather Shulman is finally where she wants to be in life. Memories of her abusive ex have faded, her two kids are happy and healthy and involved in more extracurricular activities than she can follow, and she's made peace with her family. Yes, she's pleased...and it only meant giving up on one of her dreams.Her scriptwriting was never going to be famous anyhow. And by taking commissions to re-write Shakespeare's plays for her son's teen theater program, she gets to practice, at least. The program's Valentine's Day production of Twelfth Night is going swimmingly...until the lead's uncle shows up!Jack Raven is one of Hollywood's heartthrobs, and he's got a secret. That persona is just a mask to hide his true self, Jonathan Ravenwing. And as Jonathan, he agrees to help with his niece's Shakespearean performance, even though he's much more comfortable with the black-leather-and-explosions type of theater! But the longer he stays in small-town Idaho, the more he resents having to pretend to be someone else, just to be successful.Who would've guessed a divorcee librarian from a small town could find love with an American legend? But these two have more than just their careers standing in their way. Get ready for a legendary Valentine's Day!","https://images-na.ssl-images-amazon.com/images/S/compressed.photo.goodreads.com/books/1578689283i/43913595.jpg","local","upload\Caroline Lee\Librarian_s_Legend_(Quinn_Valle_-_Caroline_Lee.epub","0","0","0.00","0","0","1"
"43914109","1","47","5173683","Free","Stained","I Am Death.I Am Darkness.I Am Creation.These are the simple truths Emma Rose Crane, AKA Mattie Hathaway, has run from for the last two years, but the situation she finds herself in will not let her flee her past anymore. It’s barreling toward her at the speed of a bullet.Mattie finds herself back in Charlotte, North Carolina, for the trial of Dan’s mother. She’s determined to see this ordeal through for Dan, even though his vindictive mother uses the situation to try to tear them apart.If that weren’t enough, she lands on a supernatural hit list and has to rescue a woman who’s close to death—and survive the psycho who took her to begin with.But just when things start to go right, the unthinkable happens.Three gunshots.Three truths.But in the end, will her past save her future…or will it take everything she cherishes from her?","https://images-na.ssl-images-amazon.com/images/S/compressed.photo.goodreads.com/books/1550265605i/43914109.jpg","local","upload\Apryl Baker\Stained_-_Apryl_Baker.epub","0","0","0.00","0","0","1"
"43922901","1","32","240840","Free","Awakened by the Giant","Awakened by the Giant--a Kindred Tale of the Jor'gen Kindred  A Giant Kindred devoted to science Clones a beautiful woman to learn from her But what Maddy teaches Calden is how to love And love is forbidden--punishable by Death Can they escape now that Maddy has been...Awakened by the Giant?   Meet the Jor’gen Kindred. After leaving the main Mother Ship centuries ago to make a genetic trade with a massive race of people, they are thirty percent bigger than their ancestors. Which makes them 9 feet tall—giants to regular sized humanoids. Hundreds of years after the genetic trade which made them so huge, the Jor’gen Kindred have no more females and are seeking a new people to trade with-- All but Calden  Believing he doesn't need a female in his life to be happy, Calden moves to the Mentat Space Station to devote his life to biological research through cloning. The Station is ruled by a harsh taskmaster--an AI called FATHER who forbids any females. But Calden doesn't care, as long as he is allowed to clone and study as many specimens as he wants. Then one day, the recovery droids find something new--the remains of a sentient human female and the ship she crashed in. Consumed by scientific curiosity, Calden gets special permission to make a clone of the dead woman--he doesn't know she will cause him to break the rules and risk his career and even death...when he falls in love with her.  Madeline Harris has no idea what's going on. She wakes up in a vat of green goo with her memories fractured, surrounded by the big, scary Mentats of the Station. Then a giant comes to save her. It doesn't take much for her to fall for Calden but she doesn't realize that the station is a hostile place for women...or that she could be in big trouble if the AI, FATHER, discovers how very much Calden cares for her in return.  Will they escape the Mentat Station in time to save Maddy's life? And will she ever forgive Calden for keeping deadly secrets from her? You'll have to read Awakened by the Giant to find out... ","https://images-na.ssl-images-amazon.com/images/S/compressed.photo.goodreads.com/books/1549895337i/43922901.jpg","local","upload\Evangeline Anderson\Awakened_by_the_Giant_-_Evangeline_Anderson.epub","0","0","0.00","0","0","1"
"43923045","1","5","6268","Free","Leopard's Wrath","He's a man who's used to getting what he wants, but she's not the type of woman to take things lying down.Born into a world of crime, Mitya Amurov has had a hard life, and his leopard has developed into a feral beast to protect him. It's constantly trying to claw its way to the surface, until a chance encounter with a stranger instantly calms the predator inside him. While Mitya wants Ania desperately, it's only a matter of time before his past catches up with him, and he'd rather die than put her in danger. But Ania is dealing with dangers of her own.Considering her family's history, Ania Dover should know better than to get mixed up with a criminal like Mitya, but she just can't stay away. Something wild in her response to his presence. A need so strong it scares her. But she's not sure she can accept what he's offering. Ania has always been an independent woman, and Mitya expects to be obeyed in all things.Even with her body calling out for his, Ania won't let anything stop her from settling a deadly score years in the making--not even the man who wants to claim her as his mate.","https://images-na.ssl-images-amazon.com/images/S/compressed.photo.goodreads.com/books/1573401988i/43923045.jpg","local","upload\Christine Feehan\Leopard_s_Wrath_-_Christine_Feehan.epub","0","0","0.00","0","0","1"
"43924188","1","19","14541877","Free","Among Ash and Ember","Everything Katerina Nielsen knew burned to the ground when she was sixteen. She had nothing but memories to keep her warm at night. At eighteen, life throws her into an inferno and the only choice is to become someone else. Until she becomes the interest of two strangers.  They offer her a chance at a normal life. But she’s learned everything in life comes at a price and the cost of what they’re giving her may just burn her alive. With the promise of a future she’s always wanted, she can’t refuse. But what happens when a dark secret comes to light? Will she rise from the ashes and embers, or will she burn?","https://images-na.ssl-images-amazon.com/images/S/compressed.photo.goodreads.com/books/1556695214i/43924188.jpg","local","upload\Dani René\Among_Ash_and_Ember_-_Dani_Rene.epub","0","0","0.00","0","0","1"
"43952589","1","37","9786375","Free","Ghostly Ordeal","Harper Harlow has everything she wants.She has a new house … a new fiancé … and some time off work because the stretch after the holidays is generally slow. All that changes when she gets a call from her mother during a storm. Gloria Harlow has a lot of attitude and it’s on full display when Harper and her betrothed, Detective Jared Monroe, show up on the scene of a murder. Gloria’s boyfriend is dead … and the story she’s telling doesn’t exactly fit the scene.Jared finds himself in a conundrum. He loves Harper more than life itself but her mother is a legitimate suspect … and he can’t ignore his duties and cover for a woman he’s never very much liked. His life is thrown into turmoil when Gloria decides to move in – she’s too traumatized to stay by herself, after all – and he and Harper start working on the case from different angles.When you add in Harper’s salty best friend Zander, who is enjoying the show far too much, and her father, things start spiraling quickly. Harper is determined to clear her mother – and get her out of the house before Jared explodes – and she wants to do it in record time. Unfortunately for her, the dead guy was known as a world-class jerk and the list of suspects is long and sundry.The two sides are going to have to come together to solve this one … and even then, the final answer might tear their entire world apart.","https://images-na.ssl-images-amazon.com/images/S/compressed.photo.goodreads.com/books/1549935149i/43952589.jpg","local","upload\Lily Harper Hart\Ghostly_Ordeal_-_Lily_Harper_Hart.epub","0","0","0.00","0","0","1"
"43975986","1","17","14689889","Free","Oath of the Witch","A new MMORPG takes the School of Necessary Magic by storm. Everyone is addicted.  Except Raine. Between school, social life, and chasing her dream, she doesn’t have time for distractions.  She’s not getting enough sleep. No one is, and it’s taking its toll on both the student body and the teachers.  When some of her classmates suddenly become comatose, Raine suspects there’s more at play with the hot new trend.  It’s time to hop in game, complete a quest, and defeat the boss before it’s GAME OVER.  Join Raine and her friends as they battle monsters and complete puzzles to save their classmates.  OATH OF THE WITCH continues the epic adventures of the School of Necessary Magic series. Get your copy today! ","https://images-na.ssl-images-amazon.com/images/S/compressed.photo.goodreads.com/books/1549975520i/43975986.jpg","local","upload\Judith Berens\Oath_Of_The_Witch_-_Judith_Berens.epub","0","0","0.00","0","0","1"
"43980297","1","17","16712129","Free","Toric's Dagger","It takes a gang of thieves to catch a gang of thievesToric's Dagger is just another religious relic, until it's stolen. Belwynn and her twin brother, Soren, volunteer to lead a team tasked with its retrieval. Drawn into a world of danger and treachery, they must rely on Soren's magical abilities, and on the telepathic bond they share.Now, as kingdoms and empires start to fall, the twins confront the dark forces that threaten them. They must not let the Dagger fall into the wrong hands. But when mercenaries, zealots and sorcerers are all hunting for the same weapon, who should they trust?Book One of The Weapon Takers Saga, an Epic Fantasy Series that readers have compared to Lord of the Rings and The Wheel of Time. The story is told from multiple points of view, and is perfect for readers who like their fantasy done on a grand scale.","https://images-na.ssl-images-amazon.com/images/S/compressed.photo.goodreads.com/books/1549985017i/43980297.jpg","local","upload\Jamie Edmundson\Toric's_Dagger__Book_One_of_The_-_Jamie_Edmundson.epub","0","0","0.00","0","0","1"
"43980725","1","45","6576718","Free","Broken","Being dead was the easy part...Coming back to life sure can do a number on a guy. Hijacking the Demon Emperor’s resurrection spell has left Erik with nightmares that are a touch too vivid. The blood and memory loss don’t help either.So when a string of grizzly murders make the mortal police force turn to Erik, he sees one too many signs that point uncomfortably towards himself as the perp. With angels hunting him down, his friends questioning his actions, and being unable to account for lost time, Erik sets on a path toward the one creature he knows can give him a definite answer.Except it lives in its own branch of Hell, with no way for a human to access it unless Erik’s willing to embrace the darkness within…The Warlock Legacy series is an action-packed urban fantasy thriller book series, great for fans of Jim Butcher, Sarah J. Maas, Kevin Hearne, Steve McHugh, Michael Anderle, Ilona Andrews, Patricia Briggs, Shannon Mayer, K.F. Breene, and Shayne Silvers.","https://images-na.ssl-images-amazon.com/images/S/compressed.photo.goodreads.com/books/1549988280i/43980725.jpg","local","upload\Ryan Attard\Broken_-_Ryan_Attard.epub","0","0","0.00","0","0","1"
"43985511","1","16","5806657","Free","The Pearl Brooch"," This brooch saga begins July 14, 1789, the day French revolutionaries stormed the Bastille!  
  And America’s Ambassador to France, Thomas Jefferson, comes to Sophia Orsini's rescue...
Sophia Orsini, a time-traveling Italian artist, believes she understands how the pearl brooch magic works, but when it abandons her in the middle of an 18th century Paris mob, she realizes she was wrong. America’s Ambassador to France, Thomas Jefferson, comes to Sophia’s rescue, but that meeting leads her down a path she otherwise wouldn’t have chosen.Kevin Fraser and his pregnant wife, JL, fly in his Cessna to enjoy a weekend at Mallory Plantation in Virginia, but wind shear turns Kevin's textbook landing into a disaster and the plane through a chain-link fence, injuring JL and sending her into premature labor. Pete Parrino, VP of Global Security for MacKlenna Corporation, is in Florence on business when he stumbles upon Sophia Orsini’s art studio. Sophia is the love of Pete’s life, and he hasn’t seen or heard from her in twenty years. When he discovers she hasn’t returned from her annual two-week holiday, he breaks into her studio and finds evidence that she’s a time traveler.When the clan discovers where she is, Pete, Matt Kelly, and Jack Mallory must decide how much of America’s history they’re willing to change in order to bring Sophia back to the future. ˃˃˃ The Celtic Brooch Series THE RUBY BROOCH (Book 1): Time Travel Romance - Oregon Trail 1852.THE LAST MACKLENNA (Book 2): Contemporary Romance.THE SAPPHIRE BROOCH (Book 3): Time Travel Romance - Civil War, 1864-1865.THE EMERALD BROOCH (Book 4): Time Travel Romance - World War II, London, June 1944.THE BROKEN BROOCH (Book 5): Contemporary Romance.THE THREE BROOCHES (Book 6): Time Travel Romance - Napa and San Francisco, 1881.THE DIAMOND BROOCH (Book 7): Time Travel Romance - New York City, 1909.THE AMBER BROOCH (Book 8): Time Travel Romance - Colorado, 1878.
Scroll up and grab a copy today.
","https://images-na.ssl-images-amazon.com/images/S/compressed.photo.goodreads.com/books/1550014535i/43985511.jpg","local","upload\Katherine Lowry Logan\The_Pearl_Brooch_-_Katherine_Lowry_Logan.epub","0","0","0.00","0","0","1"
"43986915","1","17","5829989","Free","Alpha Challenge","Feral, unstable, and hungry for blood are a few words used to describe a rogue. They also describe Alec Andrews' leopard. The man is broken. The only things keeping him sane are his family, his pack, and a mate he can't claim. Because claiming Rhea will bring her spiraling down with him the day the darkness wins.  The wolf den mother, Rhea Scott will make Alec hers. Whatever it takes, she will tear down the walls he has built around him and his heart. The stubborn male thinks he's protecting her by denying the mating pulling. He's not the only one with a past he can't run from. Rhea isn't worthy of the pedestal he places her on. And she had never been a weak female.  A new enemy rises out of the fallen Onyx Pack's ashes. When a group of kids is taken, Rhea's wolf goes into protection mode and won't rest until the kids are home safe. No one was going to stop her. Not even the hotheaded, sexy, alpha male, Alec Andrews.","https://images-na.ssl-images-amazon.com/images/S/compressed.photo.goodreads.com/books/1550022185i/43986915.jpg","local","upload\Lia Davis\Alpha_Challenge_-_Lia_Davis.epub","0","0","0.00","0","0","1"
"44007621","1","17","18142813","Free","Command the Moon","The Nikolaev witches have always been outcasts on Swans Island. Useful for entertaining the tourists with their fortune telling and spells, but held at arms length out of suspicion. But for Zoya Lane, witchcraft is her life, from morning until night. Even her dreams are flooded with the visions of her pesnya dushi, the person whose life threads are forever tied with hers.Unfortunately for her that person is Johnny Sharpe, and he’s burned her more times than she cares to count. While she can’t escape the visions of him at night, she would at least like to keep him out of her waking hours. When Johnny returns to the island, it’s clear he has different ideas and a heart determined to make her forgive him.To complicate her love life, there’s a new mysterious man in her dreams. He arrives to her house handsome, powerful, and with definitely questionable motives. Is he here because he’s Zee’s soulmate or does it have something to do with Aunt Nadia, the house ghost and the closest thing Zee’s had to a mother?When the protective wards on the house and island start cracking, Zee’s emotions are more tangled than ever. It’s going to take everything Zee has to keep her home and aunt’s spirit safe from a threat more powerful than she could have possibly imagined. No matter what the dreams say, she can’t imagine Johnny sticking with her through what’s to come. This book is a magical ménage romance novel at 96,000+ words and is intended for audiences 18+ in age. There is mature content.","https://images-na.ssl-images-amazon.com/images/S/compressed.photo.goodreads.com/books/1550118321i/44007621.jpg","local","upload\Kathryn  Moon\Command_the_Moon_-_Kathryn_Moon.epub","0","0","0.00","0","0","1"
"44011123","1","9","438948","Free","Awakened by the Scarred Italian","
The brooding Italian’s returned…
To finally make her his!Two years after their last heartbreaking meeting, Ciro Sant’Angelo bursts back into Lara Templeton’s life with a demand. His former fiancée will fulfill her promise and become his wife! Ciro is not the man Lara remembers—a devastating experience has left him scarred and completely ruthless. Yet their intense fire has never died, and his caress awakens innocent Lara to unimaginable pleasures. Could their convenient marriage be their redemption?Discover this intense tale of romance and redemption","https://images-na.ssl-images-amazon.com/images/S/compressed.photo.goodreads.com/books/1556953284i/44011123.jpg","local","upload\Abby Green\Awakened_by_the_Scarred_Italian_-_Abby_Green.epub","0","0","0.00","0","0","1"
"44014226","1","1","4181354","Free","Unholy Ground","

Facing the darkness is their only way back to the light.


After a horrible accident while filming the third episode of Project Demon Hunters, Audrey Barrett can’t get the if onlys out of her head. If only she hadn’t tried to play hero. If only she’d stayed out of the way. In the end, Michael sent the demon in question back to hell…but at a terrible cost.The cable network has pulled the plug on the show, and they’re all out of a job. Now there’s nothing left to do but tie up loose ends. At least Audrey still has Michael, alive and by her side. But those loose ends are a clear sign — gouged deep in oak — that the demon who’s been making their lives miserable isn’t through with them after all.They have no choice but to confront evil on its own ground. But if they can’t pin a name on this demon, nothing will save them…not even an ocean of holy water.","https://images-na.ssl-images-amazon.com/images/S/compressed.photo.goodreads.com/books/1550207141i/44014226.jpg","local","upload\Christine Pope\Unholy_Ground_-_Christine_Pope.epub","0","0","0.00","0","0","1"
"44014227","1","5","4181354","Free","Unquiet Souls","

Their chemistry could make their show a monster hit — if the monsters don’t kill them first.


On the surface, psychologist Audrey Barrett is the perfect co-host for Michael Covenant’s new cable series, Project Demon Hunters. She’s smart, articulate, and photogenic as hell.There’s just one problem. Michael has made it his mission to stay out of her orbit. Thanks to his producer’s stubborn insistence, however, there’s no avoiding her — which means Michael will have to bury his secrets even deeper.After the tragedy that took her parents more than ten years earlier, Audrey has kept herself on the fringe of the paranormal world. But with her small therapy practice floundering, the money the show’s offering is too good to pass up.From the moment they step inside a rundown mansion, things start flying: sparks between Audrey and Michael, not to mention furniture hurled by something determined to make sure their investigation fails. Worse, evil seems to have followed Audrey home — and she discovers why the man at her side on camera is the last man she can trust in real life.","https://images-na.ssl-images-amazon.com/images/S/compressed.photo.goodreads.com/books/1550207142i/44014227.jpg","local","upload\Christine Pope\Unquiet_Souls_-_Christine_Pope.epub","0","0","0.00","0","0","1"
"44016314","1","2","9291","Free","One Good Deed","The #1 New York Times bestselling author David Baldacci introduces an unforgettable new character: Archer, a straight-talking former World War II soldier fresh out of prison for a crime he didn't commit.It's 1949. When war veteran Aloysius Archer is released from Carderock Prison, he is sent to Poca City on parole with a short list of do's and a much longer list of don'ts: do report regularly to his parole officer, don't go to bars, certainly don't drink alcohol, do get a job--and don't ever associate with loose women.The small town quickly proves more complicated and dangerous than Archer's years serving in the war or his time in jail. Within a single night, his search for gainful employment--and a stiff drink--leads him to a local bar, where he is hired for what seems like a simple job: to collect a debt owed to a powerful local businessman, Hank Pittleman.Soon Archer discovers that recovering the debt won't be so easy. The indebted man has a furious grudge against Hank and refuses to pay; Hank's clever mistress has her own designs on Archer; and both Hank and Archer's stern parole officer, Miss Crabtree, are keeping a sharp eye on him.When a murder takes place right under Archer's nose, police suspicions rise against the ex-convict, and Archer realizes that the crime could send him right back to prison . . . if he doesn't use every skill in his arsenal to track down the real killer.","https://images-na.ssl-images-amazon.com/images/S/compressed.photo.goodreads.com/books/1556678730i/44016314.jpg","local","upload\David Baldacci\One_Good_Deed_-_David_Baldacci.epub","0","0","0.00","0","0","1"
"44018809","1","1","8544254","Free","Annihilation","
Destroying every vampire on earth can get messy....
Cadence Findley and the LIGHTS team are on a mission to annihilate every vampire in existence, especially Holland, the vampire queen, who has sworn vengeance for the attack in Melbourne. But something's not right in Kansas City, and not everyone is on board with the plan, which makes taking Holland down even more difficult. Is Holland infiltrating the ranks, and if so, can Cadence stop it in time to wipe out the queen's growing vampire army once and for all?
The Clandestine Saga follows the story of Cadence Findley, Vampire Hunter extraordinaire, as she embarks on a quest to rid the world of Vampires. She is part of an elite team of Hunters and Guardians know as LIGHTS whose sole purpose is to protect humans from the creatures that lurk in the shadows.

","https://images-na.ssl-images-amazon.com/images/S/compressed.photo.goodreads.com/books/1550263576i/44018809.jpg","local","upload\I.D.  Johnson\Annihilation_-_I._D._Johnson.epub","0","0","0.00","0","0","1"
"44019048","1","41","17023834","Free","Caresses Between the Sand","All Maisie wanted to do was stop a war. Instead, she got one of Thalassar’s biggest secrets—their deceased Princess left behind a child.As if suffering in the palace wasn’t difficult enough, she now finds herself retracing Princess Odele’s every move, in search of another missing royal.To solve the mystery, she needs the help of her three mermen. But to earn their trust, she’s forced to do the one thing she was hoping to avoid.Give in to her feelings, and tell them the truth.This book is a Reverse Harem romance, and contains M/M/F scenes that may not be suitable for young readers.","https://images-na.ssl-images-amazon.com/images/S/compressed.photo.goodreads.com/books/1550265341i/44019048.jpg","local","upload\Aleera Anaya Ceres\Caresses_Between_the_Sand_-_Aleera_Anaya_Ceres.epub","0","0","0.00","0","0","1"
"44024354","1","25","6860531","Free","A Conspiracy of Realms","The rogue Hermessi are spiraling out of control. But GASP might have finally found the key to their demise... The problem? It might mean tracking down Death herself.And with the Hermessi birthing monsters from the literal bowels of the earth—and stepping up their game with a sinister side plot... let’s just say GASP’s to-do list is filling up.Continue the journey. Buy now!*Beware of spoilers in the reviews below that are without spoiler alerts*","https://images-na.ssl-images-amazon.com/images/S/compressed.photo.goodreads.com/books/1550331879i/44024354.jpg","local","upload\Bella Forrest\A_Conspiracy_of_Realms_-_Bella_Forrest.epub","0","0","0.00","0","0","1"
"44026569","1","1","14591987","Free","The Warrior Race Trilogy Box Set","All three books now available in a single box set!  Kira Blackstone’s reputation precedes her...  Rebel, warrior, genetically enhanced killer.  She’s fought since she was a girl to save the city of Haven. Now, unfortunately, her friends are going to have to fight their war without her.  Kidnapped during a fight by a group of mysterious soldiers, garbed in fine silver armour and flowing red robes, Kira finds herself waking in total darkness. For a girl who can see in the dark, that’s quite the rarity. And soon, she’ll find that her other powers have been suppressed as well.  She doesn’t know where she is. She doesn’t know who has taken her. But before too long, the mystery of her kidnapping will begin to unfold, and the reason she was taken will become crystal clear.  When it does, Kira will discover that the war she left might just have been nothing compared to what she now faces. And while she’s stood toe to toe with powerful foes before, she hasn’t seen anything yet.  The warrior race is on…  Set in the world set up by The Enhanced Series, the Warrior Race tells Kira’s story, taking you on a wild ride that expands on the world of The Enhanced in surprising and exciting ways. It can be read as an entry point into the world of The Enhanced, and no knowledge of the main series is needed to get stuck right in.","https://images-na.ssl-images-amazon.com/images/S/compressed.photo.goodreads.com/books/1550344948i/44026569.jpg","local","upload\T.C. Edge\Trilogy_Box_Set_(Books_1-3)_-_T._C._Edge.epub","0","0","0.00","0","0","1"
"44037144","1","12","7844","Free","Chances Are...","From the Pulitzer Prize-winning Richard Russo--in his first stand-alone novel in a decade--comes a new revelation: a gripping story about the abiding yet complex power of friendshipOne beautiful September day, three sixty-six-year-old men convene on Martha's Vineyard, friends ever since meeting in college circa the sixties. They couldn't have been more different then, or even today--Lincoln's a commercial real estate broker, Teddy a tiny-press publisher, and Mickey a musician beyond his rockin' age. But each man holds his own secrets, in addition to the monumental mystery that none of them has ever stopped puzzling over since a Memorial Day weekend right here on the Vineyard in 1971. Now, forty-four years later, as this new weekend unfolds, three lives and that of a significant other are displayed in their entirety while the distant past confounds the present like a relentless squall of surprise and discovery. Shot through with Russo's trademark comedy and humanity, Chances Are . . . also introduces a new level of suspense and menace that will quicken the reader's heartbeat throughout this absorbing saga of how friendship's bonds are every bit as constricting and rewarding as those of family or any other community.     For both longtime fans and lucky newcomers, Chances Are . . . is a stunning demonstration of a highly acclaimed author deepening and expanding his remarkable achievement.","https://images-na.ssl-images-amazon.com/images/S/compressed.photo.goodreads.com/books/1553005320i/44037144.jpg","local","upload\Richard Russo\Chances_Are.epub","0","0","0.00","0","0","1"
"44045827","1","25","14166772","Free","After Darkness Falls","They’ve exterminated an entire bloodline, purging the world of the only creatures vampires dread. Or so they think.  Chloe used to study hard, do everything right to pave a bright future, but children sometimes have to pay for their parents’ sins, and Chloe’s tab is pretty steep. At twenty-six, when a series of attacks forces her to seek refuge in the notorious Institute of Paranormal Studies, Chloe sees it as a second chance to achieve her goals. She believes she has nothing to lose. She couldn’t be more mistaken.  Levi has had centuries to observe the mortals and immortals of this world. He knows what the sassy woman who entered his domain is at first glance. A relic of the old days, so ancient that even an elder lord descended from the first immortals has reason to fear her. He should slit her throat while he has the chance. He should.  After Darkness Falls is a series of standalone paranormal romance novels. ","https://images-na.ssl-images-amazon.com/images/S/compressed.photo.goodreads.com/books/1550467472i/44045827.jpg","local","upload\May Sage\After_Darkness_Falls_-_May_Sage.epub","0","0","0.00","0","0","1"
"44070388","1","24","4189235","Free","Love Heals","[Siren LoveXtreme Forever: Contemporary Menage Romantic Suspense Romance, MFMMM, light spanking, HEA] Charlie can be stubborn when it comes to helping others even if it means a little danger. When it comes to her own love life, and four men she is attracted to, she lets the past get in the way and the fears she needs to let go to move on and be healthy. Taking her own advice is harder than she thought. As a therapist she helps people to make the right decisions and even take some risks with vulnerability. So why is it so hard for her to do the same? After being betrayed by the one and only man she loved, she definitely is intimidated by the four older Mullen brothers. Retired soldiers and a local sheriff, their attitudes alone scare people away. They are everything she fears, yet everything she desires. She just needs to let go and take that chance. As she takes a risk and falls in love, everything in her life and theirs is falling into place, but the world doesn't revolve around them. There are bad people out there, and her profession and theirs place her right in the center of danger. She could lose it all or die trying not to.","https://images-na.ssl-images-amazon.com/images/S/compressed.photo.goodreads.com/books/1550638714i/44070388.jpg","local","upload\Dixie Lynn Dwyer\Love_Heals_-_Dwyer,_Dixie_Lynn.epub","0","0","0.00","0","0","1"
"44074800","1","21","4826394","Free","The Southern Book Club's Guide to Slaying Vampires","Fried Green Tomatoes and Steel Magnolias meet Dracula in this Southern-flavored supernatural thriller set in the '90s about a women's book club that must protect its suburban community from a mysterious and handsome stranger who turns out to be a blood-sucking fiend.Patricia Campbell had always planned for a big life, but after giving up her career as a nurse to marry an ambitious doctor and become a mother, Patricia's life has never felt smaller. The days are long, her kids are ungrateful, her husband is distant, and her to-do list is never really done. The one thing she has to look forward to is her book club, a group of Charleston mothers united only by their love for true-crime and suspenseful fiction. In these meetings, they're more likely to discuss the FBI's recent siege of Waco as much as the ups and downs of marriage and motherhood.But when an artistic and sensitive stranger moves into the neighborhood, the book club's meetings turn into speculation about the newcomer. Patricia is initially attracted to him, but when some local children go missing, she starts to suspect the newcomer is involved. She begins her own investigation, assuming that he's a Jeffrey Dahmer or Ted Bundy. What she uncovers is far more terrifying, and soon she--and her book club--are the only people standing between the monster they've invited into their homes and their unsuspecting community.","https://images-na.ssl-images-amazon.com/images/S/compressed.photo.goodreads.com/books/1584222716i/44074800.jpg","local","upload\Grady Hendrix\The_Southern_Book_Club_39_s_Guide.epub","0","0","0.00","0","0","1"
"44075493","1","17","16712129","Free","The Jalakh Bow","The weapon takers have bought themselves some time to complete their quest. But when their enemies return, they will find that they have become more ruthless and more terrifying than ever.In the steppe lands of the far north, Soren must seek out the bow of the Jalakh tribes. In Kalinth, Belwynn must face a mysterious evil disguised as a friend. And in the high mountains of his Krykker homeland, Rabigar must learn a bitter lesson: nowhere is safe.The Jalakh Bow continues the action-packed series, The Weapon Takers Saga. The series concludes with Book Four, The Giants’ Spear.","https://images-na.ssl-images-amazon.com/images/S/compressed.photo.goodreads.com/books/1550688313i/44075493.jpg","local","upload\Jamie Edmundson\The_Jalakh_Bow_-_Jamie_Edmundson.epub","0","0","0.00","0","0","1"
"44076072","1","17","18858017","Free","Fae's Captive","
My college roommate is the worst. Cecile steals my food, brings guys over at all hours, and parties instead of studying. But those quirks pale in comparison to what she does next. She drugs me, and I wake up imprisoned in an alternate universe full of terrifying creatures.
Now, the biggest and scariest creature of all - a fae king - believes I'm his mate. He's freed me from the dungeon, but, keeps me close. So close, in fact, that I'm beginning to like his wintery gaze and ice-chiselled body. But, secrets and villains lurk throughout this new world. And I don't know if I'll survive long enough to figure out how to get back home.
","https://images-na.ssl-images-amazon.com/images/S/compressed.photo.goodreads.com/books/1550692566i/44076072.jpg","local","upload\Lily Archer\Fae_s_Captive_-_Lily_Archer.epub","0","0","0.00","0","0","1"
"44076710","1","17","18858017","Free","Road To Winter","
The fae king is growing on me. Every touch, look, and night spent in his arms is slowly melting my resistance. When his feral side takes over, something inside me wants to let go and give him everything. With each passing day, the pull is getting harder to deny...
But, the road to the winter realm is full of danger. And, I need to concentrate on finding my way home, not on the promises of pleasure Leander whispers in my ear at night. Even so, how long can I resist the intoxicating kiss of winter?
","https://images-na.ssl-images-amazon.com/images/S/compressed.photo.goodreads.com/books/1550698863i/44076710.jpg","local","upload\Lily  Archer\Road_to_Winter_-_Lily_Archer.epub","0","0","0.00","0","0","1"
"44081039","1","1","845191,14417592","Free","There Will Be Blood","
There is one thing that can be counted upon—Pandora won't keep her opinions to herself…
There are changes happening around the world, and Hell isn't giving up, even as they go through a few changes there as well.
One of the Leviathans has risen, and this time it doesn't walk around destroying property.

No, it is much more insidious.
Turner is asking for a roommate, and not one you can acquire in the Classifieds...
Hell is getting pushy, and the sisters push back twice as hard.

Hehehe...you said hard—Pandora


","https://images-na.ssl-images-amazon.com/images/S/compressed.photo.goodreads.com/books/1550756166i/44081039.jpg","local","upload\Michael Todd\There_Will_Be_Blood_-_Michael_Todd.epub","0","0","0.00","0","0","1"
"44081721","1","17","18858017","Free","Bite of Winter","

The Red Plains are hot.



But my fae king?



Even hotter.

So, we kind of got captured by a warlike clan of Vundi warriors. Sounds bad, right? But they treat us as guests, and I’m coming to like them despite the ongoing threat of me being shipped off to the king beyond the mountain. I still endeavour to reach the winter kingdom and find a way back home… until the Vundi high priestess reveals that I may have more ties to the fae world than I ever imagined. On top of that, Leander knows just what buttons to press to get me naked, in a tub, and panting for him. My resolve is failing on all fronts. But, worse than that, I discover danger is even closer than I realised...","https://images-na.ssl-images-amazon.com/images/S/compressed.photo.goodreads.com/books/1552921078i/44081721.jpg","local","upload\Lily  Archer\Bite_of_Winter_-_Lily_Archer_1.epub","0","0","0.00","0","0","1"
"44083978","1","17","6860531","Free","Harley Merlin and the Detector Fix","
Even a demigoddess must have a weakness.
On the run from the Coven she used to call home, Harley Merlin knows that Katherine’s power and influence are spreading like a poison. And she has no doubt that Katherine will follow through with her promise to torture and kill her friends, one by one.Then Harley discovers that the key to her enemy’s undoing might be hiding in a familiar place—her parents’ Grimoire. With Finch, Wade, and Garrett by her side, Harley vows to steal Hester and Hiram’s final gift.Liar. Rebel. Jailbreaker. Why not add “thief” to the list?Meanwhile, Jacob senses trouble brewing in the San Diego Coven, with their friends imprisoned and Levi’s thirst for power spiraling out of control. Amid the chaos, the magical detector is on the verge of completion and Jacob meets a human girl who makes his heart race. But Katherine has plans for him. Oh yes, does she have plans…","https://images-na.ssl-images-amazon.com/images/S/compressed.photo.goodreads.com/books/1550784229i/44083978.jpg","local","upload\Bella Forrest\Harley_Merlin_and_the_Detector_-_Bella_Forrest.epub","0","0","0.00","0","0","1"
"44084036","1","42","17061718,17316141","Free","Abduction","Lost. Stolen. Forgotten… until the Alphabits step in.  A Team A.L.P.H.A. spinoff series.  Pierce Steele was the Alphabits first recruit, and is team leader Sam’s right hand man. This whole investigating thing is fairly new for a man used to being a pilot, but he’s always loved pups. When he and the awkward bear shifter Cyrus are sent to investigate a lead on a missing child case down in the armpit of Florida, he expected it to be easy. Interview a few people. Grab the kid, take him home to his parents. Case closed.  He did not expect the fiery omega Adrian Shultz to stand in his way. He certainly didn’t expect the daycare worker to be his fated mate. Pierce thought he was done with love forever.  Adrian really wants to take arrogant tough alpha down a notch or two, but when his heat kicks in, he’ll settle for getting down with him. And while he’s at it, he’s going to make sure Pierce doesn’t take Dex away from his real family.  The case turns out to be trickier than the team thought. Pierce and Cyrus end up dragging Adrian, the manny Tony, and missing child Dex back home to Chicago so the Alphabits can learn where the truth actually lies.  The Alphabits aren’t vigilantes. These former soldiers and officers of the law have to do things by the book—even when it tears them apart to do so. But once all their ducks are in a row, the bad guys had better beware! You do not want this team of protective alphas on your tail.  This is the second in the Alphabits series, and should be read in order for maximum enjoyment. You can expect to find naughty, knotty scenes of steamy passion, along with a lot of potty-mouth language and some violence. You’ll need a fan--both to ward of Cyrus’s noxious gas and to cool yourself off after the bedroom scenes, and make sure you go to the bathroom before you’re laughing too hard to move. HEA definitely included, intended for 18+ readers only. Seriously, would you expect anything less from Susi Hawke and Crista Crown?","https://images-na.ssl-images-amazon.com/images/S/compressed.photo.goodreads.com/books/1550784886i/44084036.jpg","local","upload\Susi Hawke\Abduction_-_Susi_Hawke.epub","0","0","0.00","0","0","1"
"44084327","1","1","18898964","Free","Night Visions","Night Visions is a sexy paranormal romance perfect for fans of Supernatural and the X-Files.The last thing in the world I want to do is join Jonathan Gallow on his private island to go ghost-hunting. No matter how sexy his laugh, or how big his…boat. I don’t believe in ghosts or psychic mediums, and I can’t wait to expose him for the fraud I know he is.But the moment we set foot on Mandrake Island, it becomes clear that there is more going on than I can explain or deny—especially when it comes to the connection growing between us.The spirits of Mandrake are restless, and if Jonathan and I want any chance of a future, we’re going to have to overcome them…together.","https://images-na.ssl-images-amazon.com/images/S/compressed.photo.goodreads.com/books/1550838013i/44084327.jpg","local","uploads/VA/Night_Vision_-_Paranormal_Roman_-_VA.epub","0","0","0.00","0","0","1"
"44086045","1","41","14206776","Free","Godspring","Alternate cover edition of ASIN B07NZ2GR4VThe fact that I exist dooms life itself. Time to stop an apocalypse...  Being the daughter of the Queen of the Underworld isn't all it's cracked up to be. Turns out I'm the thing that will end the world—if we don't stop Mommy Dearest by Godspring.  With gods on my tail, demonic things torturing women, and a tangle of prophecies screaming about an apocalypse, I've got more than I bargained for.  But that's not even the half of it. Things are heating up between me and my guys, and old flames are coming back to town. My love life may be the most complicated thing about me.  Did I mention I'm also turning twenty-one in the middle of a looming apocalypse?  Take that, normal. I'll be seeing you again... never.  ------------------------------------ Godspring is a 118,000 word urban fantasy novel with a reverse harem element.","https://images-na.ssl-images-amazon.com/images/S/compressed.photo.goodreads.com/books/1550811714i/44086045.jpg","local","upload\Lucy Auburn\Godspring_-_Lucy_Auburn.epub","0","0","0.00","0","0","1"
"44087154","1","1","845191,14417592","Free","Blood of My Enemies","
It's time to bring the pain, and Heavy Metal knows how to make that happen.

Born from the fertile imagination of bestselling author Michael Anderle…

What do you do when a mercenary team comes looking for trouble in your base... In your home?
There is a problem with Courtney's company and those that wish to have Courtney step down. Amanda and Anja are working on the base and have purchased an AI to help. Unfortunately, the AI had to be purchased after-market and already has a personality.
What do you do when a prurient AI is connected to a ton of guns all around your house?
Heavy Metal is fighting inside the ZOO and outside the ZOO. Is their ability to hide the bodies outside of the ZOO going to cause problems?There is a billionaire on one side and our team on the other.One side has money and access to guns, the other side has been matured in the ZOO. Does the billionaire even have a chance?
In the ZOO, you always expect the unexpected. Can Salinger keep his friendships afloat and stay out of the claws (or mouths) of the denizens of the ZOO AND the law this time?
Salinger Jacobs is working to build his company as fast as possible. Will he make a few mistakes he can't think his way out of?
Sometimes, you find that your best relationships come back.
NOTE:  There may or may not be gratuitous sex in this book. Or it might actually play into a later book with funny talk about men's vs. women's abilities and capabilities. There is ABSOLUTELY cursing in this book. LOTS of upset cursing, cursing out of anger, fear, and other emotional issues related to carnivorous alien flora or fauna eating humans who don’t say ‘darn.’ LOTS of gratuitous cursing just because the author finds it funny, too. There is death and sadness...and more death. In fact, it’s a blender of blood out in the ZOO. Man vs. Alien nature seems to justify ugly results. Plus, people have emotional hang-ups. Expect to smile, laugh, cry, and perhaps have a spate of jealousy or two. Further, there might be explicit sex, thank you sex, and you're welcome sex. Finally, there is no Coke in the ZOO.  That is probably the worst and most offensive trait in these stories. This is Michael Todd, and I approve of the shenanigans pulled within the ZOO stories. ","https://images-na.ssl-images-amazon.com/images/S/compressed.photo.goodreads.com/books/1550831564i/44087154.jpg","local","upload\Michael Todd\Blood_Of_My_Enemies_-_Michael_Todd.epub","0","0","0.00","0","0","1"
"44123312","1","1","2045085","Free","Assassin of Amethyst","Judah and his friends hunt the attacker from the dream imp's memory. They've narrowed the suspects down to a list of three, but any of them could be the culprit, and any one of them could prove to be more dangerous than expected. Meanwhile, the troveling eggs are about ready to hatch, and Ms. Adelgrief has been acting stranger than ever.  ","https://images-na.ssl-images-amazon.com/images/S/compressed.photo.goodreads.com/books/1551070819i/44123312.jpg","local","upload\Joseph Daniel\Assassin_of_Amethyst_-_Joseph_Daniel.epub","0","0","0.00","0","0","1"
"44130789","1","17","14708215","Free","A Turn of Pandemonium","The Cirque du Shadow isn’t your childhood circus.When Peyton Locke accepts a job in the menagerie, she isn’t expecting to be a handler for a half-demon, half-gryphon shifter with a bad attitude.Determined to be free, Ari wants nothing more than to live his own life. His new handler is just another person to control him, and he will tear the beautiful girl apart if given the chance.Unaware of the deadly game she’s walking into, Peyton not only has to train the golden-eyed man with the alluring smile, she must also resist his dangerous charm, or risk her life in the process.With an unforgiving ringmaster demanding a perfect show at any cost, how can one human hope to survive?Fans of The Night Circus will love the mysterious and magical world found in the Cirque du Shadow!Buy A Turn of Pandemonium today and get your front row seat to the show!","https://images-na.ssl-images-amazon.com/images/S/compressed.photo.goodreads.com/books/1551111147i/44130789.jpg","local","upload\Miranda Brock\A_Turn_of_Pandemonium_(Cirque_d_-_Miranda_Brock.epub","0","0","0.00","0","0","1"
"44136040","1","5","40881","Free","Darkness Unleashed","The Guardians of Eternity are vampire warriors without equal, bound by their loyalties and sworn to protect their charges from every danger. . .except those posed by their own hungry desires. . .A scarred recluse, Jagr makes no secret of his disdain for others' company. But now, as a member of Chicago's powerful vampire clan, he has certain obligations to fulfill. The latest: track down a missing were pureblood and return her to her sister. The problem: Regan Garrett has no intention of complying. And though Jagr agreed not to harm an inch of this stubborn female's distractingly tempting body, he'll gladly kiss her into submission, awakening an urge he hasn't felt in years. Hell, in centuries. . .Regan vowed never to be at the mercy of another man. That goes double for arrogant, steel-muscled vampires with eyes of ice. All Regan wants is revenge against those who imprisoned her. She doesn't need an ally. She certainly doesn't need a mate. But soon Regan will have to choose--between a lust for vengeance, and a passion as dark and dangerous as the night. . . Older Cover Edition found here","https://images-na.ssl-images-amazon.com/images/S/compressed.photo.goodreads.com/books/1551128899i/44136040.jpg","local","upload\Alexandra Ivy\Darkness_Unleashed_-_Alexandra_Ivy.epub","0","0","0.00","0","0","1"
"44143336","1","17","14689889,318719,14417592","Free","The Brownstone Effect","When you want an Angel, call God. When you want someone to kick ass… Call a Brownstone.  Alison and her team are looking to expand Brownstone Security. Good timing, too, as it sounds like something is brewing.  An unexpected phone call sends Alison to D.C. where she meets up with an old friend.  Danger follows this Brownstone, but it isn’t prepared for her counter.  Attacks on multiple fronts. Something big is at stake. What exactly are they planning?  Dark Wizards beware. Alison and her team won’t back down from any fight.  The Brownstone Effect continues the fast-paced action of the Alison Brownstone series. Scroll to the top to follow the adventures. ","https://images-na.ssl-images-amazon.com/images/S/compressed.photo.goodreads.com/books/1551189007i/44143336.jpg","local","upload\Judith Berens\The_Brownstone_Effect_-_Judith_Berens.epub","0","0","0.00","0","0","1"
"44150256","1","5","2503028","Free","Peace, Blood, and Understanding","The “enchanting” (Publishers Weekly) Jane Jameson series returns with this fun and witty paranormal romance following a vampire consultant who has nefarious plans to oust Jane from her role as the head of Half-Moon Hollow’s vampire council. Ever since Jane Jameson took over running the Vampire Council for Half-Moon Hollow, things have been a little unorthodox and that doesn’t sit well with the head office. Who would have thought vampires were so into bureaucracy and tradition? Enter a vamp from corporate who’s determined to unseat Jane and get the council back on track—which means no more of this Kentucky neighborliness and mixing with humans, werewolves, witches, or anything else. But Jane’s not interested in going back to the bad old days when the council was mired in corruption and tended to “accidentally” eat people now and again, but she might be in over her head this time. Good thing there’s a pretty new face in town who just might be the perfect distraction and help save Jane’s career.","https://images-na.ssl-images-amazon.com/images/S/compressed.photo.goodreads.com/books/1569762805i/44150256.jpg","local","upload\Molly Harper\Peace,_Blood,_and_Understanding_-_Molly_Harper.epub","0","0","0.00","0","0","1"
"44166549","1","13","17374103","Free","Highlander's Burning Desire","
A passionate young lass. A womanizing merchant. Is Allana Dundas' life doomed before it even begins?

Travel through Scottish Medieval Highlands with a sensuous historical romance full of courage, action, romance, strong emotions and twists.
 Here is the story: When wild and beautiful Allana Dundas reaches nineteen, everyone believes it is high time she is wed. Her family expects her to marry the neighbouring Laird's son, Nevin Kirk, a ruggedly handsome and masculine young man.Yet, a drunken embrace leads to sparks flying between Nevin and the fair, quiet Bettina, Allana's younger sister. Suddenly, all expectations are shattered.The sisters begin unwittingly competing for the hand of the handsome Nevin until hopeless romantic Allana finds an irresistible passion in the arms of a mysterious travelling merchant from Mull named Kendrick Muir. Undoubtedly, a proposal is not far behind and when the mature and sexy Laird Gavin Ingram catches word of the budding romance blossoming in the heart of Dundas Castle, he is shaken to his very core. Their wedding must be ruined, but how?A long-concealed ally arrives in Oban to reveal a heart-breaking secret which casts Allana's future into chaos once more.She isn't getting any younger and a fearful Allana realizes she must find a suitor or face a lonely future of spinsterhood. Will the free-willed Allana Dundas ever be tamed?""Highlander's Burning Desire"" has over 80,000 words packed with romance, action, and emotion set on the beautiful backdrop of the Scottish Highlands. ","https://images-na.ssl-images-amazon.com/images/S/compressed.photo.goodreads.com/books/1551451714i/44166549.jpg","local","upload\Alisa Adams\Highlander's_Burning_Desire__A_-_Alisa_Adams.epub","0","0","0.00","0","0","1"
"44169340","1","41","14247695","Free","A Study in Seduction","One female criminal genius. Three brilliant, passionate detectives who stand in her way. Let the seduction begin...  My family expected me to play sacrificial lamb for their supernatural cult. Through a desperate bargain with a demonic fiend, I escaped—into a criminal underworld that saw me as easy prey.  I’ve proven them wrong a thousand times over. These days, what I want, I get, by whatever means necessary.  Now my fiendish friend is coming to collect its fee: my soul. I don't intend to pay. Unfortunately, the key to my freedom lies just beyond my reach. To steal it before my time runs out, I’ll need to con the finest investigative minds in London into executing a perilous heist.  Sherlock Holmes. John Watson. Garrett Lestrade. Each at the top of their game; each with a weakness I can exploit. Each so passionate both in the field and between the sheets. I answer to no one and I left my conscience behind years ago, but the more time I spend with them, the more the edges of my steeled heart soften.  We could rule the world if we worked together. But these men will never see the real me as anything but a villain. When the chips are down, I have to betray them—or I’ll lose myself to a greater horror than they could believe exists.  *What if the infamous Professor Moriarty was a woman—and she met Sherlock Holmes and his colleagues as young men? Wits clash and sparks fly in Moriarty’s Men, a modern paranormal spin on the classic characters. This reverse harem series comes with fast-burn steam, a slow-burn romance where the main character doesn’t have to choose, and M/M themes.*   Warning: Heroine of extremely questionable morality.","https://images-na.ssl-images-amazon.com/images/S/compressed.photo.goodreads.com/books/1551477631i/44169340.jpg","local","upload\Eva Chase\A_Study_in_Seduction_-_Eva_Chase.epub","0","0","0.00","0","0","1"
"44182613","1","4","16667","Free","Extraterrestrial Civilizations","Good condition with tidy pages, some wear to dust jacket and discolour to page and cover edges.","https://images-na.ssl-images-amazon.com/images/S/compressed.photo.goodreads.com/books/1551631367i/44182613.jpg","local","upload\Isaac Asimov\extraterrestrial_civilizations_-_isaac_asimov_(1).epub","0","0","0.00","0","0","1"
"44212692","1","1","14286755","Free","Framing of the Witch","A dead warlock. A missing sister. A race against time.  Tempest isn’t happy when the flu makes her too sick to figure out how to stop her sister’s unsuitable marriage to lying warlock, Toby.  She takes to her bed, hoping for a speedy recovery and some inspiration. When she wakes up, Tempest is stunned to discover the body of her future brother-in-law lying next to her!  With Angel Force hot on her tail and her magic drained, Tempest's in big trouble and can’t remember a thing about the murder.  Throw in three sexy succubi with their own agendas, a hoard of demons intent on breaking out of prison, her younger sister going missing, and Toby’s murder to solve, and Tempest is out of her depth trying to prove her innocence before the angels lock her away for good.  Be prepared for epic hellhound action as Wiggles steps up to help Tempest – if the doughnuts don’t distract him first. Doughnuts or Tempest? A hellhound has a tough life!  Join Tempest, Wiggles, and the cast of fun characters in the sixth book of the Crypt Witch cozy paranormal mystery series.  Other books in this cozy witch mystery series include:  Luck of the Witch Hell of a Witch Revenge of the Witch Curse of the Witch Son of a Witch","https://images-na.ssl-images-amazon.com/images/S/compressed.photo.goodreads.com/books/1551657407i/44212692.jpg","local","upload\K.E. O'Connor\Framing_of_the_Witch_-_K._E._O'Connor.epub","0","0","0.00","0","0","1"
"44222710","1","43","4346631","Free","Axeviathon: Son of Dragons","As an immortal mercenary and all-around badass, Axeviathon Saphyrius has spent the last two centuries in service to a fearsome dragon lord, while biding his time awaiting his fated female – the one woman he is destined to claim and love.  He never expected to be cast into a nightmare fraught with shadow-walkers, sin-eaters, and lethal pagan enemies – he never expected his chosen mate to be up to her eyeballs in the same malevolent cult or to be used as an unwitting pawn in an epochs-old rivalry. So when his amulet heats up and her eyes turn sapphire blue, he knows he is in for a wild ride. This won’t be an ordinary claiming.  Amber Carpenter’s life may as well have been cursed. From her rocky upbringing in the foster-care system to her terrifying abduction at age fifteen by a ruthless pack of thugs, she has learned to play the hand life deals her. And somewhere along the way, she has even made peace with her tragic fate.  When a gorgeous, yet savage warrior strolls up to her teller line in King’s Castle Credit Union, Amber knows right away that something is wrong…  The way he looks at her… The way he approaches her… The fact that he already knows her name. And his unnatural, hypnotic eyes—raven-black pupils surrounded by sapphire irises, a hidden fire blazing in their depths. Amber knows he’ll be back.  When the savage demands of a dragyri male collide with the tragic misfortune of a human woman’s life, a race against time begins, and two very different worlds erupt into fire, passion, and devastation.  AXEVIATHON – SON OF DRAGONS","https://images-na.ssl-images-amazon.com/images/S/compressed.photo.goodreads.com/books/1551666463i/44222710.jpg","local","upload\Tessa Dawn\Axeviathon_-_Son_of_Dragons_-_Tessa_Dawn.epub","0","0","0.00","0","0","1"
"44231811","1","17","9830676,14417592","Free","The Defiant Magician","Knowing the truth can be deadly.When the Council suddenly starts assigning Liv Beaufont dangerous cases, she’s automatically suspicious.Do they want her dead?However, she isn’t deterred when they assign her a case that no one would dare to go near. Even though Clark is worried for her, she won’t back down.Liv is determined to prove that she’s a capable and strong Warrior.She’s uncertain about is what’s hiding in the library. Decoding the ancient language of the Founders will take time. But the clues are adding up and Liv can’t ignore that more than just magicians are affected by this mystery.It’s big. Much bigger than she thought. And more importantly, it’s dangerous. Is it worth it to risk everything in the name of justice? ​","https://images-na.ssl-images-amazon.com/images/S/compressed.photo.goodreads.com/books/1551708448i/44231811.jpg","local","upload\Sarah Noffke\The_Defiant_Magician_-_Sarah_Noffke.epub","0","0","0.00","0","0","1"
"44238687","1","17","14768146","Free","Reign of Dragons","No one screws with my family.  My sister and I are human orphans raised by the world’s best assassin, taught to steal and kill our way through the dragonlands under her watchful eye. Grown men fear us, and no one knows we’re coming until it’s too late to run.  Irena and I—we’re good. The best. In a dog-eat-dragon kind of world, we have to be. But someone betrayed us. Someone we trusted with our lives.   Irena is missing. My mentor is gone. And as for me… the man responsible for this mess thought he killed me. He kicked me into a pit, and he left me to die.  But I don’t give up that easy.  In the darkness, facing death itself, I fused with dragons. I had no choice. This is ancient magic, and dangerous people want it. They want me, dead or alive, and they’ll start a war if that’s what it takes to control me.  The magic I discovered—the magic these brutal people want—it’s mine, plain and simple. No one can take it from me. And I’m coming back from the dead.  For blood. For vengeance.  For Irena.  Reign of Dragons is a full-length novel with a badass heroine, a riveting storyline, and an alternative relationship dynamic. Get ready for a heart-pounding story filled with a dragon shifter romance unlike anything you’ve read before.   Buckle in for heart-pounding action, breathtaking magic, deadly assassins, four drop-dead gorgeous leading men, lots of toned muscles, and most importantly—a young woman’s journey of justice, self-discovery, and freedom. Publisher’s Note: The Dragon Dojo Brotherhood is an adult urban fantasy series with explicit scenes and is meant for mature readers who enjoy spellbinding stories with a few fan-your-face moments in their fantasy fiction. ","https://images-na.ssl-images-amazon.com/images/S/compressed.photo.goodreads.com/books/1551715315i/44238687.jpg","local","upload\Olivia Ash\Reign_of_Dragons_-_Olivia_Ash.epub","0","0","0.00","0","0","1"
"44282321","1","3","14689889,318719,14417592","Free","Cold Case of the Witch","Driver’s ed. Deadly clues. And a secret magical society…  It can be tough to get an education at the School of Necessary Magic.  Good thing Raine Campbell is a witch who longs to be an FBI agent. That’s a girl with a dream – if she can live through her school days.  When Raine finds hidden messages and symbols in old yearbooks, it can’t be ignored. Not if she wants everyone at school to stay alive.  Some investigations need the help of trusted friends.  Time to ask for help – it’s going to take everyone in her circle of magical friends to solve this mystery.  Join Raine and her friends as they solve dangerous puzzles and go where the evidence leads them.  COLD CASE OF THE WITCH is the fifth book in the School of Necessary Magic – Raine Campbell series. Scroll up and buy now to join in on the puzzle!  See if you can solve it in time…","https://images-na.ssl-images-amazon.com/images/S/compressed.photo.goodreads.com/books/1551790513i/44282321.jpg","server_url","upload\Judith Berens\Cold_Case_Of_The_Witch_-_Judith_Berens.epub","1","0","0.00","0","1","1"
"44287426","1","1","5900266","Free","Bare Fangs","[Siren Menage Everlasting: Contemporary Menage a Trois Paranormal Romance, MFM, shape-shifter, werewolves, HEA] Sela Grimes runs to her best friend for help. Cara Pearson welcomes her to the ranch she co-owns with her brother, Rob Pearson, and his friend, Dave Conrad. Sela confides in Cara about being violated by a coworker and now, she fears she's pregnant. Dave and Rob instantly feel the invisible bond to Sela all werewolves feel toward their intended mate. They're sure she feels it, too, and the sex is hot, but then Sela pulls away. Never mind, though, they'll make her their mate one way or another. Dave and Rob are ready to become fathers if Sela will let them. But will she keep a baby conceived with a man she considers a monster? Can she see past the horrible memory of that one night and love the baby as much as they will? Even if she can, will she accept them for what they are? Or will she see them as a different kind of monsters?","https://images-na.ssl-images-amazon.com/images/S/compressed.photo.goodreads.com/books/1551839480i/44287426.jpg","local","upload\Jane Jamison\Bare_Fangs_-_Jane_Jamison.epub","0","0","0.00","0","0","1"
"44293266","1","1","15042820","Free","Perception - Three Book Boxed Set","Ugly Cry Rockstar Romance! -- Don't say we didn't warn you!To celebrate three years of published words, we've put together a limited edition boxed set of the first three titles in the Perception Series. Start a journey unlike anything you've ever read.Books included in this Perception of LifeReality of LifeFight of LifeOver 260,000 words on a rockstar, the love of his life, and his best friend. You will laugh and you will cry, but the story of Noah Taylor will stay with you forever!*** Book One - Perception of Life ***When a rockstar with a broken heart stumbles upon a shy, wholesome girl, attraction isn’t the only thing igniting.Noah Taylor is on the cusp of stardom with his band 'Rise Up.' After a series of devastating events, the last thing he wants is a committed relationship. However, life doesn’t always work out the way you plan. Sometimes it can take you on a small detour.With her final year of high school wrapping up, and her next move already decided, Emily McIntosh doesn’t have time for a leather-wearing bad boy with tormented eyes. But what happens when an instant attraction turns into something more? Can Emily resist the seriously sexy rockstar? Or will she drop her guard for the second time with the hope of not getting burned again?*** Book Two - Reality of Life ***** The FINAL installment in the Noah and Emily's story **The reality of life is sometimes bad things happen to good people, especially when they least expect it.A heart-wrenching story of love and devotion, and how you can overcome your greatest challenges no matter what is placed in front of you. This book has so many twists and turns, you'll never see them coming. Heart clutching, awe-inspiring, and a tear-jerking read that will have you falling in love with Noah Taylor all over again.Follow Noah on his next journey and see which path his life chooses to take as he searches for his Happily Ever After.Is everything as it seems? Or does the Perception of Reality alter your opinion?*** Book Three - Fight of Life ***A spine-tingling new adult read from the author who brought you the Enigma & Perception series. Join in on the epic adventure of two people who couldn't be more opposite if they tried.Jacob is a loveable giant with a heart full of gold and an even more dazzling smile. Lola is a fiery temptress with a stubborn personality and an even more rampant desire to remain single. Despite their indifferences, the attraction between them is undeniable. It is so dense, it is almost palpable.Sit alongside Jacob and Lola as the sparks fly in this heart-stopping new adult romantic suspense read. Will they overcome the intangible mess sitting between them to discover never-ending love? Or will secrets and lies spilled be too great for their blossoming kinship to survive?This is not your typical love story.Jump in and hold on tight, while you enjoy an emotionally gripping and life-altering story of epic proportions. Can young love be sustained in a world set to tear it apart?If you haven't already fallen in love with Jacob from the books 'Perception of Life' and 'Reality of Life' this next installment in the 'Perception' series will have you falling head over heels.","https://images-na.ssl-images-amazon.com/images/S/compressed.photo.goodreads.com/books/1551906826i/44293266.jpg","local","upload\Shandi Boyes\Perception_-_Three_Book_Boxed_S_-_Shandi_Boyes.epub","0","0","0.00","0","0","1"
"44295403","1","17","4615377","Free","The Whisper of Silenced Voices","When the husband of the king’s mistress is poisoned, Josie must pretend he died of natural causes, or risk putting her own life in danger. It’s yet another secret she must learn to keep, yet another intrigue whispered about in the gilded halls of King Leon’s mysterious palace.  With her enemies intent on ruining her, Josie needs all the friends she can get. Friends that include the captain of the guards, a man determined to find out about his past before he gives in to desire.  As the captain becomes more certain that magic stole the servants’ memories, some very powerful people also hear the whispers of magic and begin to wonder. With rivals from several quarters closing in on the truth, events are set in motion that could change the course of the kingdom, and see the palace servants and Josie lose everything.","https://images-na.ssl-images-amazon.com/images/S/compressed.photo.goodreads.com/books/1551931588i/44295403.jpg","local","upload\C.J. Archer\The_Whisper_of_Silenced_Voices_-_C.J._Archer.epub","0","0","0.00","0","0","1"
"44298083","1","28","7873610","Free","Sadistic Games 7 & 8","Miriam knows that delving into the darkness of Mordecai’s mind is a risk and doing it while chained to a table in his “game room” borders on insanity. But Miriam has faith that Mordecai will never truly hurt her and she will do whatever it takes to get to the heart and emotions of the man she calls husband.Mordecai is determined to learn every secret Miriam has and he is going to use her body and mind against her to get them. He is going to gather his data, place his wagers and predict the outcomes using pleasure…. And pain. The playing field is set and the battles are being fought. But who will win the war?","https://images-na.ssl-images-amazon.com/images/S/compressed.photo.goodreads.com/books/1551969479i/44298083.jpg","local","uploads/Lucian Bane/Sadistic_Games_7_&_8_-_Lucian_Bane.epub","0","0","0.00","0","0","1"
"44302965","1","25","5257588,18600629","Free","A Monster's Death","Librarian's Note: This is an alternate cover edition for ASIN B07PJVD7DJ
The city doesn't need another hero. It needs a monster.  

Aris has lived beneath the streets all his life as a growing evil overtook the city he loved. He’s watched the people suffer, smelled their fear, and heard their cries for mercy. All while they lived under the control of the ruthless man who murdered his parents.  But the time has come for Aris to rise from the darkness. He’s trained his whole life for this moment and, unlike the justice system, he will not fail the people of Coast City, or the woman he fell in love with as a child, the woman who believes him dead.  But no one told him that sometimes heroes aren’t enough. Sometimes people need a monster. . 
  In this gritty and fast-paced, urban fantasy novel, Raven Steele brings a new kind of vampire that will leave you breathless and anxious for more!

* This novel takes place while Briar fought against the assholes in her life. Soon he will join Briar, Sam and Lynx in Rouen, but until then, find out how he became known as a vampire legend.  ","https://images-na.ssl-images-amazon.com/images/S/compressed.photo.goodreads.com/books/1552021106i/44302965.jpg","local","upload\Rachel McClellan\A_Monster's_Death_-_Raven_Steele.epub","0","0","0.00","0","0","1"
"44310214","1","17","6563633","Free","Dawn of Ash","Flying demons, a city in ruins...... and a bit of a rodent problem I need to solve.Being trapped in a post-apocalyptic city has its perks. Free dusty clothes, all the canned food you can eat, a slowly deteriorating city. Paradise. Or it would be if the city wasn’t filled with man-eating Vilỳ, hundreds of Edmund’s men, and a mole. Not the massive blind rat things, but the kind that’s working for the massive blind rat things. By which I mean Edmund. It seems we have one of those, although we can’t figure out who it is. Watching Edmund stay one step ahead of us is doing nothing for the overall morale, however. Which is already pretty low seeing as we are trapped inside of Edmund’s Zit. And yes, I know, we decided not to call it that, but it’s feeling a bit too accurate nowadays. Thom’s still in a coma, Sain is deteriorating, Wyn is a bit of a mess, and did I mention the mole? Ilyan and I just need to keep everything together, which would be so much easier if my father would keep his nose out of things. If anyone’s a zit, it’s him. Joclyn, Ilyan, and all the others are in a bit of a pickle. Okay, not a pickle, a giant ugly red zit. The danger level is about to crank itself up to eleven. Good thing we have two powerful girls on our side, ready to kick butt.","https://images-na.ssl-images-amazon.com/images/S/compressed.photo.goodreads.com/books/1552101632i/44310214.jpg","local","upload\Rebecca Ethington\Dawn_of_Ash_-_Rebecca_Ethington.epub","0","0","0.00","0","0","1"
"44317733","1","17","16048205","Free","Space Pirate Charlie","Charlie was living the life of luxury... as an alien wizard’s gladiator slave. It was not ideal.He had survived a spaceship crash, alien slave traders, space pirates and fierce gladiatorial combat. Hell, he’d even faced an actual fire-breathing dragon and lived, but now he was presented with an even greater challenge. Domestic living, captive on a strange world.Charlie almost had to laugh at his changing circumstances, having seen it all since a wormhole spat him out in a distant galaxy. He learned to fight, he learned to use magic, he even learned to kill––to survive at all costs. And that hard work had somehow landed him a cushy life on a powerful wizard’s estate. But all was not what it seemed.Something was wrong, and he still wasn’t a free man. Captivity, even in a gilded cage such as this, was abhorrent to the spaceman from Earth. And while the new existence he had fallen into seemed one of luxury, he couldn’t help but wonder when it would all go to hell.He should have known, with his luck, the answer was soon.","https://images-na.ssl-images-amazon.com/images/S/compressed.photo.goodreads.com/books/1552181261i/44317733.jpg","local","upload\Scott  Baron\Space_Pirate_Charlie_-_Scott_Baron.epub","0","0","0.00","0","0","1"
"44318542","1","57","5070259","Free","Night Justice","She killed a man. Or did she?  USA Today bestselling Judge Willa Carson returns in this fast-paced mystery filled with great characters, humor, and more twists and turns than a roller coaster.  It could happen to anyone.  Driving home after a long, exhausting work week, Judge Willa Carson is horrified when she hits a man with her car.  She jumps out to help, but it’s too late. He’s not breathing and she can’t revive him.  Famous Restaurant Owner’s Wife Kills Pedestrian is the top click bait headline for every citizen journalist with a smartphone video looking to make it big on social media.  But is it true?  Privately, the coroner says Evan Hayden was as good as dead from an overdose of toxic heroin when he lunged in front of Willa’s car. But the scandal mongers don’t know or care about the legal nuances.  Relentless gawkers and paid protesters swarm George’s Place and drag Judge Willa’s reputation into the gutter, where gleeful power brokers who want her gone for good seize their chance.  Mercilessly pursued by the vultures, she’s forced to abandon her work and flee her home to uncover the truth.  As Willa burrows deeper into the mystery of Evan Hayden’s death amid too-good-to-be-true sports celebrities, savage money managers, and upscale heroin addicts, she discovers too many motives for murder.  Can she unearth what really happened that dark and rainy night, restore her reputation, save George’s restaurant, and get her world back onto its axis?  Or is Willa’s life as Tampa’s youngest and most flamboyant federal judge over and done?  If you like to read a twisty, clever “who done it” that will have you scratching your head until the end is revealed, 
Night Justice
 and Judge Willa Carson are for you.  Start reading now and you’ll be glued to the page!","https://images-na.ssl-images-amazon.com/images/S/compressed.photo.goodreads.com/books/1552192484i/44318542.jpg","local","upload\Diane Capri\Night_Justice_-_Diane_Capri.epub","0","0","0.00","0","0","1"
"44321375","1","17","30279","Free","Merlin Redux","Sir Durwin must overcome a cloak-and-dagger plot to usurp the king in the final novel of the Enchanter General, a historical fantasy trilogy set in twelfth century England.King Henry is dead; Richard the Lionheart now rules England. The new king does not believe in magic, and is interested only in a crusade to recapture Jerusalem.But his crusade soon stalls, and while he is away, his brother, John, and his supposed ally, Philip of France, are conspiring to steal his kingdom. Richard’s mother, Queen Eleanor, sends Sir Durwin, Enchanter General of England, out to Palestine, where he must convince the skeptical king that a loyal magician can be a valuable aide.Meanwhile, King Philip has turned all of Europe into a trap for Richard. The moment the Lionheart sets foot there, he will be arrested and imprisoned for life. It is up to Durwin, aided by his old friend William Legier, to see Richard safely home again and to save the kingdom from falling into the hands of the sadistic and treacherous Prince John . . . ","https://images-na.ssl-images-amazon.com/images/S/compressed.photo.goodreads.com/books/1553611338i/44321375.jpg","local","upload\Dave Duncan\Merlin_Redux_-_Dave_Duncan.epub","0","0","0.00","0","0","1"
"44322815","1","5","6563633","Free","Through Glass: The Dark","I just wanted to graduate high school. Fighting monsters to save the world was not part of my five-year plan.I had it all figured out. Graduate high school and head to college. It was just icing that my college of choice also happened to be where my lifelong crush and the gorgeous boy next door, Cohen, was already attending. I had already been accepted. Everything was working out perfectly. The only problem was that ‘perfect’ didn’t involve a freakin’ invasion. So, when everything went dark and monsters, literal monsters, fell from the sky, I had no idea what to do.Hey, I’m not your perfect dystopian heroine. Hell, I’m not even your everyday human. It took some time, and a bit of work, but now instead of graduating and following Cohen to college I am now hunting massive winged demon... things. Worse yet, any chance of a happily-ever-after goes to pot when my demon hunting turns into boyfriend rescuing, and I have to risk it all and go into the Dark. Boys, am I right? One minute everything is on track, and the next… well, it’s the end of the world. My name is Lex, and I guess I hunt monsters now. Perfect.","https://images-na.ssl-images-amazon.com/images/S/compressed.photo.goodreads.com/books/1552654334i/44322815.jpg","local","upload\Rebecca Ethington\The_Dark_-_Rebecca_Ethington.epub","0","0","0.00","0","0","1"
"44322865","1","5","6563633","Free","Through Glass: The Rose","Everything has changed. The rules are only faded lies and the new reality is a haunting unknown full of children who attack you and monsters that can stand in the light. The darkness was once a danger, but now it has turned into a safety net. A place to hide. A place where you can fade into shadows and hope that the tar don’t find you. Everything that Lex has been warned about seems to be unraveling around her, like a thread from a wheel and try as she might to control it, she is only caught in it’s web. As she stands in the shifting space of her new reality, she must chose: embrace it and become what the world has made her. Or fight it, and hopefully save everything she holds dear. Perhaps she can even find Cohen – if only she knew how close he was.","https://images-na.ssl-images-amazon.com/images/S/compressed.photo.goodreads.com/books/1552238481i/44322865.jpg","local","upload\Rebecca Ethington\The_Rose_-_Rebecca_Ethington.epub","0","0","0.00","0","0","1"
"44323519","1","3","7200339","Free","Fairy-Struck","I met him at the end of my sword.Not the most romantic of introductions but it suited us. We're both warriors; he's a lord of the Wild Hunt of Fairy, and I'm an extinguisher—a psychic soldier trained from birth to protect our world from his kind. Attraction arced between us like lightning. I saw it in his eyes, watched them shift from frigid silver to molten metal. Despite all of that, I knew it could go nowhere. Fairies killed my mother and her death nearly destroyed my father. Then there's the fact that extinguishers don't date outside our society. A human would be bad enough, but a fairy? That's not just frowned upon, it's forbidden. We cannot be together. It's impossible. And that's fine. I've got bigger things to worry about. Like my new charge: a dryad who just informed us of a fairy plot to exterminate the human race. I'll focus on her and ignore the wild thrumming of my blood every time I look at him. I'm a professional; I can handle one arrogant, annoying, stubborn, dangerously sexy fairy hunter who won't stop staring at me as if I'm already his. I'm not one of his delicate, Fey ladies, longing to swoon into his arms. I carry an iron sword and iron is poison to Fairies. If he gets too close, he'll be the one swooning.The Twilight Court is a slow-build Reverse Harem, Urban, Paranormal, Fantasy Series full of Fairies, psychic warriors, witches, and shapeshifters!","https://images-na.ssl-images-amazon.com/images/S/compressed.photo.goodreads.com/books/1552244746i/44323519.jpg","server_url","upload\Amy Sumida\Fairy-Struck_-_Amy_Sumida.epub","1","0","0.00","0","1","1"
"44323583","1","3","7200339","Free","Pixie-Led","Follow the pixie.Extinguisher Seren Sloane's life is on a new path. She has become Princess Seren Bloodthorn of the Twilight Court, Ambassador between the warring courts of Seelie and Unseelie, as well as between the Human and Fairy Realms. Her life is complicated but it becomes even more so when she uncovers a fairy plot to destroy the human race. Soon the chase is on but will her path lead her to the villain or will she find herself pixie-led in a never ending circle of confusion?","https://images-na.ssl-images-amazon.com/images/S/compressed.photo.goodreads.com/books/1552245369i/44323583.jpg","server_url","upload\Amy Sumida\Pixie-Led_(Book_2_in_the_Twilig_-_Amy_Sumida.epub","1","0","0.00","0","1","1"
"44323659","1","3","7200339","Free","Raven-Mocking","Among the Cherokee there is a legend, a myth about witches who steal from the sick and dying. These witches are called raven-mockers, after the sound they make when they scour the night for victims. The legend is true but the Cherokee got one thing wrong about raven-mockers. They're not witches at all; they're fairies.Now Seren must find proof of their crimes, so she can stop the raven-mockers from breaking the truce between fairies and humans. But what she finds is a truth far more shocking than she ever expected.","https://images-na.ssl-images-amazon.com/images/S/compressed.photo.goodreads.com/books/1552245852i/44323659.jpg","server_url","upload\Amy Sumida\Raven-Mocking_(Book_3_in_the_Tw_-_Amy_Sumida.epub","1","0","0.00","0","1","1"
"44323666","1","3","7200339","Free","Here There be Dragons","From the soaring spires of Castle Unseelie to the grandeur of the Court of the Nine Sons, Seren Firethorn seems destined to encounter dragons. But even surrounded by the fierce fairies, it's her uncle, the Unseelie King, who truly troubles her. Under the sea, manipulated by politics and plots, Seren strives to discover what Uisdean is really after. But each truth only reveals another layer of lies, creating a knot so tangled only dragon claws could sever it.","https://images-na.ssl-images-amazon.com/images/S/compressed.photo.goodreads.com/books/1552246012i/44323666.jpg","server_url","upload\Amy Sumida\Here_There_be_Dragons_(Book_4_i_-_Amy_Sumida.epub","1","0","0.00","0","1","1"
"44323690","1","41","7200339","Free","Harvest of the Gods","The Harvest Goddess is on the run!The Wolves are on her trail, but even with the best tracking abilities in all the realms, they can't seem to locate her. Now, the trackers are turning up dead, and the Froekn are turning to the Godhunter for help. Vervain knows this long-overdue reaping is hers, that she must be the one to pick the bitter fruit of vengeance, but when a darker magic comes into play, she grows less certain over what the harvest shall bring... and who will be the harvester.The first book in the Godhunter series split, Harvest of the Gods can be read alone OR in conjunction with A Fey Harvest. Harvest of the Gods is set entirely in the God and Human Realms but if you wish, you may follow Vervain from Harvest of the Gods to A Fey Harvest by switching books whenever Vervain declares that she's off to the Faerie Realm and then switching back when she returns. This way, you may experience events as she does. Or you may read the books independently and enjoy each story separately. Just be sure to read Harvest of the Gods first. If you'd prefer one, long, continuous story, combinations of the books are available as: Harvest of the Gods and A Fey Harvest.","https://images-na.ssl-images-amazon.com/images/S/compressed.photo.goodreads.com/books/1552246384i/44323690.jpg","local","upload\Amy Sumida\Harvest_of_the_Gods_-_Amy_Sumida.epub","0","0","0.00","0","0","1"
"44323762","1","9","7200339","Free","Into the Void","The Godhunter defies death itself!The second series split will leave you reeling with delight!The Void, the source of all souls, is a place very few gods remember anymore. It's also the one place Vervain Lavine needs to find if she wants to bring Odin back to life. There's only one god who can help her, a god who not only remembers the Void but has been there himself. Lucifer Morningstar, Satan, Beelzebub, the Devil, yeah that guy. He also happens to be her boyfriend's father.Maybe getting Odin back won't be so hard after all.Sure, no problem, if only the Godhunter's life wasn't going to Hell in a handbasket. First she ends up on an archangel watch list, then mermaids start washing up with beached whales, and finally some idiot god tries to start a zombie apocalypse. Vervain barely has time to breathe, how will she ever make it into the Void?Into the Void is part of a series split. It can be read alone or together with Out of the Darkness. It features a split cover which can be placed beside Out of the Darkness to create a full picture.","https://images-na.ssl-images-amazon.com/images/S/compressed.photo.goodreads.com/books/1552246846i/44323762.jpg","server_url","upload\Amy Sumida\Into_the_Void_-_Amy_Sumida.epub","1","0","0.00","0","1","1"
"44323770","1","41","7200339","Free","Out of the Darkness","Winter is coming to Faerie and the Godhunter is left in the cold.Seasons have returned to Faerie and the fey are not happy about it. There hasn't been anything but summer in the land of the fey for thousands of years, so long that most have forgotten what the seasons are. The nights grow longer and Faerie grows colder as winter approaches. It falls upon Vervain to help the fey through these changes. As if that's not enough, a murderer is on the lose and everyone seems to think it's her. Can the Godhunter find her way out of the darkness or will Faerie be lost to her forever?Out of the Darkness is part of a series split. It can be read alone or together with Into the Void. It features a split cover which can be placed beside Into the Void to create a full picture.","https://images-na.ssl-images-amazon.com/images/S/compressed.photo.goodreads.com/books/1552246926i/44323770.jpg","local","upload\Amy Sumida\Out_of_the_Darkness_-_Amy_Sumida.epub","0","0","0.00","0","0","1"
"44323776","1","41","7200339","Free","Tracing Thunder","Olympus is calling!The thirteenth installment of The Godhunter Series takes us through the Greek pantheon reaching ultimate highs and surprising depths.Ambrosia, the source of immortality for the Greek gods. It's creation is a secret, held only by Zeus himself, and he's held that secret over the heads of his fellow gods for years, giving ambrosia only to those who agree to serve him. Now the Godhunter has gotten wind of his monopoly on immortality and although she normally fights for humanity, this time she's going to make an exception and fight for the gods. But Zeus isn't the only storm brewing, Vervain is having strange visions, her nine-pointed star is behaving oddly, and something powerful is stirring in the Faerie Realm. Like tracing after thunder, the solution to all her problems seems to be just beyond her reach.","https://images-na.ssl-images-amazon.com/images/S/compressed.photo.goodreads.com/books/1552247019i/44323776.jpg","local","upload\Amy Sumida\Tracing_Thunder_-_Amy_Sumida.epub","0","0","0.00","0","0","1"
"44323795","1","41","7200339","Free","A Symphony of Sirens","To sing with your heart you must first learn to listen.Sirens are some of the most dangerous denizens of the Beneath. So when they start going missing, it's assumed that a supremely powerful being is behind the disappearances. But who and why? As Elaria struggles to find answers to the siren situation, even more questions arise. Questions like: what kind of magic did the witch relic leave within her? And: what should she do about the three men who have become so important to her? One is her past, one: her present, and the third wants nothing more than to be her future. Can she find the solution in time to save her family? Or will love turn her symphony sour?","https://images-na.ssl-images-amazon.com/images/S/compressed.photo.goodreads.com/books/1552247282i/44323795.jpg","local","upload\Amy Sumida\A_Symphony_of_Sirens_-_Amy_Sumida.epub","0","0","0.00","0","0","1"
"44323816","1","41","7200339","Free","Eye of Re","The Eye of Re sees all.Vervain Lavine is finally about to become a mother. But she's also preparing for marriage... to four men... all at once... and the baby's father isn't one of them. As if all that isn't complicated enough, the memories she brought back from an altered future have found their way into the dreams of her favorite sun god. All she wants to do is forget the horrible fate that she's escaped but now it looks like she may have to face it all one more time. Will the Godhunter be able to put the future in her past or will she be lost forever... within the Eye of Re?","https://images-na.ssl-images-amazon.com/images/S/compressed.photo.goodreads.com/books/1552247411i/44323816.jpg","local","upload\Amy Sumida\Eye_of_Re_-_Amy_Sumida.epub","0","0","0.00","0","0","1"
"44323827","1","3","7200339","Free","Fairy Rings and Dragon Kings","Never step in a fairy ring.  Those sweet little mushroom rings that seem so harmless are actually patches of Fairy bleeding over into our world. Under Council Law, these rings are pieces of Fairy, and anything that happens within them are outside of Extinguisher jurisdiction. So, when humans start disappearing and a connection is made to fairy-rings, the Human Council's hands are tied. The Extinguishers can't protect humans who willingly enter Fairy... but Ambassador Seren Firethorn can. Seren is called in to investigate, and what begins as a case of missing persons progresses into something that may change her life forever.","https://images-na.ssl-images-amazon.com/images/S/compressed.photo.goodreads.com/books/1552247509i/44323827.jpg","server_url","upload\Amy Sumida\Fairy_Rings_and_Dragon_Kings_(B_-_Amy_Sumida.epub","1","0","0.00","0","1","1"
"44335022","1","17","4457900","Free","Crown of Contempt","The illusion of choice...The burden of the crown...If Prince Fallon is to succeed, he cannot do it alone!Novi Navarro's life hangs in the balance after being sentenced to serve in the Temple of the Chimera. The Prioress in charge seems intent on breaking not only her spirit, but the spirit of every living thing within those impenetrable walls. When a chance encounter leads to an unexpected friendship with one of the sacred creatures inside, she discovers a new reason to go on.Betrayed by his own blood, Prince Fallon has given up on his family, but he hasn't given up on his dreams of a better world - preferably one with Novi by his side. When he presents her with three different choices of how her fate will unfold, Novi must decide which path to take......and there will be no turning back!","https://images-na.ssl-images-amazon.com/images/S/compressed.photo.goodreads.com/books/1552304675i/44335022.jpg","local","upload\Emigh Cannaday\Crown_of_Contempt_-_Emigh_Cannaday.epub","0","0","0.00","0","0","1"
"44403288","1","24","9835889","Free","Porterhouse","Meet—or should I say meat—Porter Duke.He serves up a large portion of big beef all alone, but he doesn't want to claim Jillian Murphy by himself. Liam Hogan has what it takes to satisfy the hungriest appetite—and their woman is insatiable.When Jill's life is in danger, should she go to the DA and new sheriff who have stolen her heart? Or should she protect her men from the one thing that could destroy them—herself? With a Vanessa Vale book, one cowboy is never enough. In this smokin' hot series, each heroine gets an extra helping (or two) of Grade-A Beefcake.","https://images-na.ssl-images-amazon.com/images/S/compressed.photo.goodreads.com/books/1552349211i/44403288.jpg","local","upload\Vanessa Vale\Porterhouse__Grade-A_Beefcakes_-_Vanessa_Vale.epub","0","0","0.00","0","0","1"