"id","cat_id","sub_cat_id","author_ids","book_access","title","description","image","url_type","url","download_enable","book_on_rent","book_rent_price","book_rent_time","featured","status"
"2","1","1","1077326,2927","Free","Harry Potter and the Order of the Phoenix","Harry Potter is about to start his fifth year at Hogwarts School of Witchcraft and Wizardry. Unlike most schoolboys, Harry never enjoys his summer holidays, but this summer is even worse than usual. The Dursleys, of course, are making his life a misery, but even his best friends, Ron and Hermione, seem to be neglecting him.Harry has had enough. He is beginning to think he must do something, anything, to change his situation, when the summer holidays come to an end in a very dramatic fashion. What Harry is about to discover in his new year at Hogwarts will turn his world upside down...","https://images-na.ssl-images-amazon.com/images/S/compressed.photo.goodreads.com/books/1546910265i/2.jpg","server_url","upload\J.K. Rowling\Harry_Potter_and_the_Order_of_t_-_J.K._Rowling.epub","1","0","0.00","0","1","1"
"5","1","1","1077326,2927","Free","Harry Potter and the Prisoner of Azkaban","Harry Potter, along with his best friends, Ron and Hermione, is about to start his third year at Hogwarts School of Witchcraft and Wizardry. Harry can't wait to get back to school after the summer holidays. (Who wouldn't if they lived with the horrible Dursleys?) But when Harry gets to Hogwarts, the atmosphere is tense. There's an escaped mass murderer on the loose, and the sinister prison guards of Azkaban have been called in to guard the school...","https://images-na.ssl-images-amazon.com/images/S/compressed.photo.goodreads.com/books/1630547330i/5.jpg","server_url","upload\J.K. Rowling\Harry_Potter_And_The_Prisoner_o_-_J.K._Rowling.epub","1","0","0.00","0","1","1"
"6","1","1","1077326,2927","Free","Harry Potter and the Goblet of Fire","It is the summer holidays and soon Harry Potter will be starting his fourth year at Hogwarts School of Witchcraft and Wizardry. Harry is counting the days: there are new spells to be learnt, more Quidditch to be played, and Hogwarts castle to continue exploring. But Harry needs to be careful - there are unexpected dangers lurking...","https://images-na.ssl-images-amazon.com/images/S/compressed.photo.goodreads.com/books/1554006152i/6.jpg","server_url","upload\J.K. Rowling\Harry_Potter_and_The_Goblet_of_-_J.K._Rowling.epub","1","0","0.00","0","1","1"
"33","1","1","656983","Free","The Lord of the Rings","One Ring to rule them all, One Ring to find them, One Ring to bring them all and in the darkness bind themIn ancient times the Rings of Power were crafted by the Elven-smiths, and Sauron, the Dark Lord, forged the One Ring, filling it with his own power so that he could rule all others. But the One Ring was taken from him, and though he sought it throughout Middle-earth, it remained lost to him. After many ages it fell by chance into the hands of the hobbit Bilbo Baggins.From Sauron's fastness in the Dark Tower of Mordor, his power spread far and wide. Sauron gathered all the Great Rings to him, but always he searched for the One Ring that would complete his dominion.When Bilbo reached his eleventy-first birthday he disappeared, bequeathing to his young cousin Frodo the Ruling Ring and a perilous quest: to journey across Middle-earth, deep into the shadow of the Dark Lord, and destroy the Ring by casting it into the Cracks of Doom.The Lord of the Rings tells of the great quest undertaken by Frodo and the Fellowship of the Ring: Gandalf the Wizard; the hobbits Merry, Pippin, and Sam; Gimli the Dwarf; Legolas the Elf; Boromir of Gondor; and a tall, mysterious stranger called Strider.","https://images-na.ssl-images-amazon.com/images/S/compressed.photo.goodreads.com/books/1566425108i/33.jpg","server_url","upload\J.R.R. Tolkien\The_Lord_of_the_Rings_#02_-_The_-_J._R._R._Tolkien.epub","1","0","0.00","0","1","1"
"327","1","2","187","Free","Why Zebras Don't Get Ulcers","Now in a third edition, Robert M. Sapolsky's acclaimed and successful Why Zebras Don't Get Ulcers features new chapters on how stress affects sleep and addiction, as well as new insights into anxiety and personality disorder and the impact of spirituality on managing stress.As Sapolsky explains, most of us do not lie awake at night worrying about whether we have leprosy or malaria. Instead, the diseases we fear—and the ones that plague us now—are illnesses brought on by the slow accumulation of damage, such as heart disease and cancer. When we worry or experience stress, our body turns on the same physiological responses that an animal's does, but we do not resolve conflict in the same way—through fighting or fleeing. Over time, this activation of a stress response makes us sick.","https://images-na.ssl-images-amazon.com/images/S/compressed.photo.goodreads.com/books/1441955030i/327.jpg","server_url","upload\Robert M. Sapolsky\Robert_M._Sapolsky_-_Why_Zebras_Don't_Get_Ulcers__The_Acclaimed_Guide_to_Stress,_Stress-Related_Diseases,_and_Coping__-Holt_Paperbacks_(2004).epub","1","0","0.00","0","1","1"
"960","1","3","630","Free","Angels & Demons","An ancient secret brotherhood.A devastating new weapon of destruction.When world-renowned Harvard symbologist Robert Langdon is summoned to a Swiss research facility to analyze a mysterious symbol -- seared into the chest of a murdered physicist -- he discovers evidence of the unimaginable: the resurgence of an ancient secret brotherhood known as the Illuminati...the most powerful underground organization ever to walk the earth. The Illuminati has now surfaced to carry out the final phase of its legendary vendetta against its most hated enemy -- the Catholic Church.Langdon's worst fears are confirmed on the eve of the Vatican's holy conclave, when a messenger of the Illuminati announces they have hidden an unstoppable time bomb at the very heart of Vatican City. With the countdown under way, Langdon jets to Rome to join forces with Vittoria Vetra, a beautiful and mysterious Italian scientist, to assist the Vatican in a desperate bid for survival.Embarking on a frantic hunt through sealed crypts, dangerous catacombs, deserted cathedrals, and even the most secretive vault on earth, Langdon and Vetra follow a 400-year-old trail of ancient symbols that snakes across Rome toward the long-forgotten Illuminati lair...a clandestine location that contains the only hope for Vatican salvation.An explosive international thriller, Angels & Demons careens from enlightening epiphanies to dark truths as the battle between science and religion turns to war.","https://images-na.ssl-images-amazon.com/images/S/compressed.photo.goodreads.com/books/1696691404i/960.jpg","server_url","upload\Dan       Brown\Angels_&_Demons_-_Dan_Brown.epub","1","0","0.00","0","1","1"
"968","1","3","630","Free","The Da Vinci Code","This is an alternate cover for 9780307277671. Others can be found:here, here, here, here, and hereWhile in Paris on business, Harvard symbologist Robert Langdon receives an urgent late-night phone call: the elderly curator of the Louvre has been murdered inside the museum. Near the body, police have found a baffling cipher. While working to solve the enigmatic riddle, Langdon is stunned to discover it leads to a trail of clues hidden in the works of Da Vinci -- clues visible for all to see -- yet ingeniously disguised by the painter.Langdon joins forces with a gifted French cryptologist, Sophie Neveu, and learns the late curator was involved in the Priory of Sion -- an actual secret society whose members included Sir Isaac Newton, Botticelli, Victor Hugo, and Da Vinci, among others. In a breathless race through Paris, London, and beyond, Langdon and Neveu match wits with a faceless powerbroker who seems to anticipate their every move. Unless Langdon and Neveu can decipher the labyrinthine puzzle in time, the Priory's ancient secret -- and an explosive historical truth -- will be lost forever.The Da Vinci Code heralds the arrival of a new breed of lightning-paced, intelligent thriller utterly unpredictable right up to its stunning conclusion.","https://images-na.ssl-images-amazon.com/images/S/compressed.photo.goodreads.com/books/1720313229i/968.jpg","server_url","upload\Dan       Brown\The_Da_Vinci_Code_-_Dan_Brown.epub","1","0","0.00","0","1","1"
"976","1","3","630","Free","Deception Point","A shocking scientific discovery. A conspiracy of staggering brilliance. A thriller unlike any you've ever read.... When a new NASA satellite spots evidence of an astonishingly rare object buried deep in the Arctic ice, the floundering space agency proclaims a much-needed victory… a victory that has profound implications for U.S. space policy and the impending presidential election.With the Oval Office in the balance, the President dispatches White House Intelligence analyst Rachel Sexton to the Milne Ice Shelf to verify the authenticity of the find. Accompanied by a team of experts, including the charismatic academic Michael Tolland, Rachel uncovers the unthinkable—evidence of scientific trickery—a bold deception that threatens to plunge the world into controversy.But before Rachel can contact the President, she and Michael are attacked by a deadly task force…a private team of assassins controlled by a mysterious powerbroker who will stop at nothing to hide the truth. Fleeing for their lives in an environment as desolate as it is lethal, they possess only one hope, to find out who is behind this masterful ploy. The truth, they will learn, is the most shocking deception of all…","https://images-na.ssl-images-amazon.com/images/S/compressed.photo.goodreads.com/books/1551277487i/976.jpg","server_url","upload\Dan       Brown\Deception_Point_-_Dan_Brown.epub","1","0","0.00","0","1","1"
"1110","1","3","721","Free","The Broker","In his final hours in the Oval Office, the outgoing President grants a controversial last-minute pardon to Joel Backman, a notorious Washington power broker who has spent the last six years hidden away in a federal prison.What no one knows is that the President issued the pardon only after receiving enormous pressure from the CIA. It seems Backman, in his power broker heyday, may have obtained secrets that compromise the world's most sophisticated satellite surveillance system.Backman is quietly smuggled out of the country in a military cargo plane, given a new name, a new identity, and a new home in Italy. Eventually, after he has settled into his new life, the CIA will leak his whereabouts to the Israelis, the Russians, the Chinese, and the Saudis. Then the CIA will do what it does best: sit back and watch. The question is not whether Backman will survive, there is no chance of that. The question the CIA needs answered is, who will kill him?","https://images-na.ssl-images-amazon.com/images/S/compressed.photo.goodreads.com/books/1386924342i/1110.jpg","server_url","upload\John Grisham\John_Grisham_-_[Novels_16]_-_The_Broker.epub","1","0","0.00","0","1","1"
"1303","1","2","865","Free","The 48 Laws of Power","Amoral, cunning, ruthless, and instructive, this multi-million-copy New York Times bestseller is the definitive manual for anyone interested in gaining, observing, or defending against ultimate control – from the author of The Laws of Human Nature.In the book that People magazine proclaimed “beguiling” and “fascinating,” Robert Greene and Joost Elffers have distilled three thousand years of the history of power into 48 essential laws by drawing from the philosophies of Machiavelli, Sun Tzu, and Carl Von Clausewitz and also from the lives of figures ranging from Henry Kissinger to P.T. Barnum. Some laws teach the need for prudence (“Law 1: Never Outshine the Master”), others teach the value of confidence (“Law 28: Enter Action with Boldness”), and many recommend absolute self-preservation (“Law 15: Crush Your Enemy Totally”). Every law, though, has one thing in common: an interest in total domination. In a bold and arresting two-color package, The 48 Laws of Power is ideal whether your aim is conquest, self-defense, or simply to understand the rules of the game.","https://images-na.ssl-images-amazon.com/images/S/compressed.photo.goodreads.com/books/1694722764i/1303.jpg","server_url","upload\Robert Greene\48_laws_of_powers_-_Robert_Greene.epub","1","0","0.00","0","1","1"
"1426","1","3","566","Free","Warrior of the Light","Warrior of the Light: A Manual is an inspirational companion to The Alchemist, an international bestseller that has beguiled millions of readers around the world. Every short passage invites us to live out our dreams, to embrace the uncertainty of life, and to rise to our own unique destiny. In his inimitable style, Paulo Coelho helps bring out the Warrior of the Light within each of us. He also shows readers how to embark upon the way of the Warrior: the one who appreciates the miracle of being alive, the one who accepts failure, and the one whose quest leads him to become the person he wants to be.Paulo Coelho is one of the most beloved storytellers of our time. Now, in the long-awaited companion to his first novel, Coelho presents a collection of philosophical stories that will delight and guide seekers everywhere.","https://images-na.ssl-images-amazon.com/images/S/compressed.photo.goodreads.com/books/1359135200i/1426.jpg","server_url","upload\Paulo Coelho\Warrior_of_the_light-a_manual_-_paulo_coelho.epub","1","0","0.00","0","1","1"
"1427","1","3","566","Free","The Zahir","The narrator of  The Zahir  is a bestselling novelist who lives in Paris and enjoys all the privileges money and celebrity bring. His wife of ten years, Esther, is a war correspondent who has disappeared along with a friend, Mikhail, who may or may not be her lover.Was Esther kidnapped, murdered, or did she simply escape a marriage that left her unfulfilled? The narrator doesn’t have any answers, but he has plenty of questions of his own. Then one day Mikhail finds the narrator and promises to reunite him with his wife. In his attempt to recapture a lost love, the narrator discovers something unexpected about himself.","https://images-na.ssl-images-amazon.com/images/S/compressed.photo.goodreads.com/books/1493044059i/1427.jpg","server_url","upload\Paulo Coelho\The_zahir_-_paulo_coelho.epub","1","0","0.00","0","1","1"
"1429","1","3","566,740937","Free","The Fifth Mountain","Written with the same masterful prose and clarity of vision that made The Alchemist an international phenomenon, The Fifth Mountain is Paulo Coelho's inspiring story of the Biblical prophet Elijah. In the ninth century B.C., the Phoenician princess Jezebel orders the execution of all the prophets who refuse to seek safety in the land of Zarephath, where the unexpectedly finds true love with a young widow. But this newfound rapture is to be cut short, and Elijah sees all of his hopes and dreams irrevocably erased as he is swept into a whirlwind of events that threatens his very existence. In what is truly a literary milestone, Coelho gives a quietly moving account of a man touched by the hand of God who must triumph over his frustrations in a soul-shattering trail of faith.","https://images-na.ssl-images-amazon.com/images/S/compressed.photo.goodreads.com/books/1412531400i/1429.jpg","server_url","upload\Paulo Coelho\The_fifth_mountain_-_paulo_coelho.epub","1","0","0.00","0","1","1"
"1430","1","3","566,24758","Free","Eleven Minutes","Eleven Minutes is the story of Maria, a young girl from a Brazilian village, whose first innocent brushes with love leave her heartbroken. At a tender age, she becomes convinced that she will never find true love, instead believing that “love is a terrible thing that will make you suffer. . . .” A chance meeting in Rio takes her to Geneva, where she dreams of finding fame and fortune.Maria’s despairing view of love is put to the test when she meets a handsome young painter. In this odyssey of self-discovery, Maria has to choose between pursuing a path of darkness—sexual pleasure for its own sake—or risking everything to find her own “inner light” and the possibility of sacred sex, sex in the context of love.","https://images-na.ssl-images-amazon.com/images/S/compressed.photo.goodreads.com/books/1358266987i/1430.jpg","server_url","upload\Paulo Coelho\Eleven_minutes_-_paulo_coelho.epub","1","0","0.00","0","1","1"
"1622","1","3","947,569383,8140","Free","A Midsummer Night’s Dream","Shakespeare's intertwined love polygons begin to get complicated from the start--Demetrius and Lysander both want Hermia but she only has eyes for Lysander. Bad news is, Hermia's father wants Demetrius for a son-in-law. On the outside is Helena, whose unreturned love burns hot for Demetrius. Hermia and Lysander plan to flee from the city under cover of darkness but are pursued by an enraged Demetrius (who is himself pursued by an enraptured Helena). In the forest, unbeknownst to the mortals, Oberon and Titania (King and Queen of the faeries) are having a spat over a servant boy. The plot twists up when Oberon's head mischief-maker, Puck, runs loose with a flower which causes people to fall in love with the first thing they see upon waking. Throw in a group of labourers preparing a play for the Duke's wedding (one of whom is given a donkey's head and Titania for a lover by Puck) and the complications become fantastically funny.","https://images-na.ssl-images-amazon.com/images/S/compressed.photo.goodreads.com/books/1327874534i/1622.jpg","server_url","upload\William Shakespeare\A_Midsummer_Nights_Dream.ePub","1","0","0.00","0","1","1"
"1953","1","3","239579,61986","Free","A Tale of Two Cities","A Tale of Two Cities is Charles Dickens’s great historical novel, set against the violent upheaval of the French Revolution. The most famous and perhaps the most popular of his works, it compresses an event of immense complexity to the scale of a family history, with a cast of characters that includes a bloodthirsty ogress and an antihero as believably flawed as any in modern fiction. Though the least typical of the author’s novels, A Tale of Two Cities still underscores many of his enduring themes—imprisonment, injustice, social anarchy, resurrection, and the renunciation that fosters renewal.","https://images-na.ssl-images-amazon.com/images/S/compressed.photo.goodreads.com/books/1344922523i/1953.jpg","server_url","upload\Charles Dickens\A_Tale_of_Two_Cities_and_Great_-_Charles_Dickens.epub","1","0","0.00","0","1","1"
"1972","1","4","1328","Free","Den of Thieves","A #1 bestseller from coast to coast, Den of Thieves tells the full story of the insider-trading scandal that nearly destroyed Wall Street, the men who pulled it off, and the chase that finally brought them to justice.Pulitzer Prize–winner James B. Stewart shows for the first time how four of the eighties’ biggest names on Wall Street—Michael Milken, Ivan Boesky, Martin Siegel, and Dennis Levine—created the greatest insider-trading ring in financial history and almost walked away with billions, until a team of downtrodden detectives triumphed over some of America’s most expensive lawyers to bring this powerful quartet to justice.Based on secret grand jury transcripts, interviews, and actual trading records, and containing explosive new revelations about Michael Milken and Ivan Boesky, Den of Thieves weaves all the facts into an unforgettable narrative—a portrait of human nature, big business, and crime of unparalleled proportions.","https://images-na.ssl-images-amazon.com/images/S/compressed.photo.goodreads.com/books/1441985458i/1972.jpg","server_url","upload\James B. Stewart\James_B._Stewart_-_Den_of_Thieves-Simon_Schuster_(1992).epub","1","0","0.00","0","1","1"
"1990","1","3","239579,1340,3128534","Free","Martin Chuzzlewit","While writing Martin Chuzzlewit - his sixth novel - Dickens declared it 'immeasurably the best of my stories.' He was already famous as the author of The Pickwick Papers and Oliver Twist. Set partly in America, which Dickens had visited in 1842, the novel includes a searing satire on the United States. Martin Chuzzlewit is the story of two Chuzzlewits, Martin and Jonas, who have inherited the characteristic Chuzzlewit selfishness. It contrasts their diverse fates of moral redemption and worldly success for one, with increasingly desperate crime for the other. This powerful black comedy involves hypocrisy, greed and blackmail, as well as the most famous of Dickens's grotesques, Mrs Gamp.","https://images-na.ssl-images-amazon.com/images/S/compressed.photo.goodreads.com/books/1334392783i/1990.jpg","server_url","upload\Charles Dickens\Martin_Chuzzlewit_-_Charles_Dickens.epub","1","0","0.00","0","1","1"
"2330","1","3","1583","Free","The Languages of Tolkien's Middle-Earth","The same delight that led Tolkien to invent fourteen different languages and assorted alphabets for his Middle-earth dwellers now leads many of his fans to puzzle out translations for the Rohirrim's battle cries and to write their love letters in Elvish.Here is the perfect handbook for all such enthusiasts as well as for serious students of language. It includes a full account of Tolkien the linguist, as well as telling how to write all the languages, with guides to grammar and pronunciation, and a complete dictionary of the fourteen languages.Here is a book to deepen and enhance our enjoyment of those classics of Middle-earth, The Hobbit, The Lord of the Rings, and The Silmarillion.Ruth Noel teaches remedial and developmental reading in Riverside, California. She is the author of The Mythology of Middle-earth, on the relation between The Lord of the Rings and European myth in general. ""The author is convincing and fascinating as she connects Tolkien's fantasies with the hallowed myths of other cultures."" - Publishers Weekly","https://images-na.ssl-images-amazon.com/images/S/compressed.photo.goodreads.com/books/1438367035i/2330.jpg","server_url","upload\Ruth S. Noel\A_chart_of_Quenya_noun_declensi_-_J._R._R._Tolkien.epub","1","0","0.00","0","1","1"
"2623","1","3","239579,3613,2876589","Free","Great Expectations","Great Expectations charts the progress of Pip from childhood through often painful experiences to adulthood, as he moves from the Kent marshes to busy, commercial London, encountering a variety of extraordinary characters ranging from Magwitch, the escaped convict, to Miss Havisham, locked up with her unhappy past and living with her ward, the arrogant, beautiful Estella.Pip must discover his true self, and his own set of values and priorities. Whether such values allow one to prosper in the complex world of early Victorian England is the major question posed by Great Expectations, one of Dickens's most fascinating, and disturbing, novels.This edition includes the original, discarded ending, Dickens's brief working notes, and the serial instalments and chapter divisions in different editions. It also uses the definitive Clarendon text.","https://images-na.ssl-images-amazon.com/images/S/compressed.photo.goodreads.com/books/1631687432i/2623.jpg","server_url","upload\Charles Dickens\Great_Expectations_-_Charles_Dickens.epub","1","0","0.00","0","1","1"
"2744","1","3","1221698","Free","Anansi Boys","God is dead. Meet the kids.Fat Charlie Nancy's normal life ended the moment his father dropped dead on a Florida karaoke stage. Charlie didn't know his dad was a god. And he never knew he had a brother. Now brother Spider's on his doorstep -- about to make Fat Charlie's life more interesting... and a lot more dangerous.","https://images-na.ssl-images-amazon.com/images/S/compressed.photo.goodreads.com/books/1479778049i/2744.jpg","server_url","upload\Neil Gaiman\Anansi_Boys_-_Neil_Gaiman.epub","1","0","0.00","0","1","1"
"3109","1","5","2121","Free","The Omnivore's Dilemma: A Natural History of Four Meals","What should we have for dinner? For omnivore like ourselves, this simple question has always posed a dilemma. When you can eat just about anything nature (or the supermarket) has to offer, deciding what you should eat will inevitably stir anxiety, especially when some of the foods on offer might shorten your life. Today, buffered by one food fad after another, America is suffering from what can only be described as a national eating disorder. The omnivore’s dilemma has returned with a vengeance, as the cornucopia of the modern American supermarket and fast-food outlet confronts us with a bewildering and treacherous food landscape. What’s at stake in our eating choices is not only our own and our children’s health, but the health of the environment that sustains life on earth.The Omnivore's Dilemma is groundbreaking book, in which one of America’s most fascinating, original, and elegant writers turns his own omnivorous mind to the seemingly straightforward question of what we should have for dinner. The question has confronted us since man discovered fire, but according to Michael Pollan, the bestselling author of The Botany of Desire, how we answer it today, at the dawn of the twenty-first century, may well determine our very survival as a species. Should we eat a fast-food hamburger? Something organic? Or perhaps something we hunt, gather, or grow ourselves? To find out, Pollan follows each of the food chains that sustain us—industrial food, organic or alternative food, and food we forage ourselves—from the source to a final meal, and in the process develops a definitive account of the American way of eating. His absorbing narrative takes us from Iowa cornfields to food-science laboratories, from feedlots and fast-food restaurants to organic farms and hunting grounds, always emphasizing our dynamic coevolutionary relationship with the handful of plant and animal species we depend on. Each time Pollan sits down to a meal, he deploys his unique blend of personal and investigative journalism to trace the origins of everything consumed, revealing what we unwittingly ingest and explaining how our taste for particular foods and flavors reflects our evolutionary inheritance.The surprising answers Pollan offers to the simple question posed by this book have profound political, economic, psychological, and even moral implications for all of us. Ultimately, this is a book as much about visionary solutions as it is about problems, and Pollan contends that, when it comes to food, doing the right thing often turns out to be the tastiest thing an eater can do. Beautifully written and thrillingly argued, The Omnivore’s Dilemma promises to change the way we think about the politics and pleasure of eating. For anyone who reads it, dinner will never again look, or taste, quite the same.","https://images-na.ssl-images-amazon.com/images/S/compressed.photo.goodreads.com/books/1393804353i/3109.jpg","server_url","upload\Michael Pollan\Michael_Pollan_-_The_Omnivore's_Dilemma_for_Kids__The_Secrets_Behind_What_You_Eat_(2009).epub","1","0","0.00","0","1","1"
"4008","1","3","566,169609,215818","Free","The Devil and Miss Prym","ثريّ قُتلت زوجته وطفلاه ظلماً، يكرِّس حياته لامتحان قوى الخير والشر في النفوس. يمرّ بقرية ويعرض على أهلها عشر سبائك ذهباً، مقابل أن يقتلوا بريئاً منهم خلال أسبوع، فيبلغ الحقيقة التي أراد معرفتها.","https://images-na.ssl-images-amazon.com/images/S/compressed.photo.goodreads.com/books/1719433911i/4008.jpg","server_url","upload\Paulo Coelho\The_devil_and_miss_prym_-_paulo_coelho.epub","1","0","0.00","0","1","1"
"4978","1","3","3389,133241","Free","Wolves of the Calla","Roland and his tet have just returned to the path of the Beam when they discover that they are being followed by a group of inexperienced trackers. The trackers are from the town of Calla Bryn Sturgis, and they desperately need the help of gunslingers. Once every generation, a band of masked riders known as the Wolves gallop out of the dark land of Thunderclap to steal one half of all the twins born in the Callas. When the children are returned, they are roont, or mentally and physically ruined. In less than a month, the Wolves will raid again. In exchange for Roland’s aid, Father Callahan—a priest originally from our world—offers to give Roland a powerful but evil seeing sphere, a sinister globe called Black Thirteen which he has hidden below the floorboards of his church. Not only must Roland and his tet discover a way to defeat the invincible Wolves, but they must also return to New York so that they can save our world’s incarnation of the Dark Tower from the machinations of the evil Sombra Corporation.","https://images-na.ssl-images-amazon.com/images/S/compressed.photo.goodreads.com/books/1419360231i/4978.jpg","server_url","upload\Stephen King\Wolves_of_the_Calla_-_Stephen_King.epub","1","0","0.00","0","1","1"
"5038","1","3","3441","Free","The Pillars of Creation","Sequel to the New York Times bestselling Faith of the FallenNew York Times bestselling author Terry Goodkind has created his most lavish adventure yet. Tormented her entire life by inhuman voices, a young woman named Jennsen seeks to end her intolerable agony. She at last discovers a way to silence the voices. For everyone else, the torment is about to begin.With winter descending and the paralyzing dread of an army of annihilation occupying their homeland, Richard Rahl and his wife Kahlan must venture deep into a strange and desolate land. Their quest turns to terror when they find themselves the helpless prey of a tireless hunter.Meanwhile, Jennsen finds herself drawn into the center of a struggle for conquest and revenge. Worse yet, she finds her will seized by forces more abhorrent than anything she ever envisioned. Only then does she come to realize that the voices were real.Staggered by loss and increasingly isolated, Richard and Kahlan must stop the relentless, unearthly threat which has come out of the darkest night of the human soul. To do so, Richard will be called upon to face the demons stalking among the Pillars of Creation.Discover breathtaking adventure and true nobility of spirit. Find out why millions of readers the world over have elevated Terry Goodkind to the ranks of legend.","https://images-na.ssl-images-amazon.com/images/S/compressed.photo.goodreads.com/books/1516742944i/5038.jpg","server_url","upload\Terry Goodkind\The_Pillars_of_Creation_-_Terry_Goodkind.epub","1","0","0.00","0","1","1"
"5091","1","3","3389,19118569","Free","The Dark Tower","The seventh and final installment of Stephen King's The Dark Tower saga is perhaps the most anticipated book in the author's long career. King began this epic tale about the last gunslinger in the world more than 20 years ago; now he draws its suspenseful story to a close, snapping together the last pieces of his action puzzle and drawing Roland Deschain ever closer to his ultimate goal.Alternate cover edition for ISBN-10: 1416524525; ISBN-13: 9781416524526","https://images-na.ssl-images-amazon.com/images/S/compressed.photo.goodreads.com/books/1372296329i/5091.jpg","server_url","upload\Stephen King\DarkTower_7_-_The_Dark_Tower_-_King,_Stephen.epub","1","0","0.00","0","1","1"
"5093","1","3","3389,2777560","Free","Song of Susannah","The Wolves have been defeated, but our tet faces yet another catastrophe. Susannah Dean’s body has been usurped by a demon named Mia who wants to use Susannah’s mortal form to bear a demon child. Stealing Black Thirteen, Mia has traveled through the Unfound Door to 1999 New York where she plans to give birth to her chap, a child born of two mothers and two fathers who will grow up to be Roland’s nemesis. With the help of the time-traveling Manni, Roland and Eddie plan to follow Susannah while Father Callahan and Jake will find Calvin Tower, owner of the vacant lot where a magical rose grows: a rose that must be saved at all costs. But despite our ka-tet’s intentions, ka has its own plans. Jake, Callahan, and Jake’s bumbler companion are transported to New York to follow Susannah, while Eddie and Roland are tumbled into East Stoneham, Maine, where they are greeted by Eddie’s old enemy, the gangster Balazar. But it isn’t just bullets that Roland and Eddie must brave. Soon they will meet their maker, in the form of a young author named Stephen King.","https://images-na.ssl-images-amazon.com/images/S/compressed.photo.goodreads.com/books/1554221361i/5093.jpg","server_url","upload\Stephen King\Song_of_Susannah_-_Stephen_King.epub","1","0","0.00","0","1","1"
"5094","1","3","3389","Free","The Drawing of the Three","While pursuing his quest for the Dark Tower through a world that is a nightmarishly distorted mirror image of our own, Roland, the last gunslinger, encounters three mysterious doorways on the beach. Each one enters into the life of a different person living in contemporary New York. Here he links forces with the defiant young Eddie Dean and the beautiful, brilliant, and brave Odetta Holmes, in a savage struggle against underworld evil and otherworldly enemies.Once again, Stephen King has masterfully interwoven dark, evocative fantasy and icy realism.","https://images-na.ssl-images-amazon.com/images/S/compressed.photo.goodreads.com/books/1370918050i/5094.jpg","server_url","upload\Stephen King\The_Drawing_Of_The_Three_-_Stephen_King.epub","1","0","0.00","0","1","1"
"5096","1","3","3389,10365","Free","Wizard and Glass","Roland, Eddie, Susannah, Jake, and Jake’s pet bumbler survive Blaine the Mono’s final crash, only to find themselves stranded in an alternate version of Topeka, Kansas, one that has been ravaged by the superflu virus. While following the deserted I-70 toward a distant glass palace, they hear the atonal squalling of a thinny, a place where the fabric of existence has almost entirely worn away. While camping near the edge of the thinny, Roland tells his ka-tet a story about another thinny, one that he encountered when he was little more than a boy. Over the course of one long magical night, Roland transports us to the Mid-World of long-ago and a seaside town called Hambry, where Roland fell in love with a girl named Susan Delgado, and where he and his old tet-mates Alain and Cuthbert battled the forces of John Farson, the harrier who—with a little help from a seeing sphere called Maerlyn’s Grapefruit—ignited Mid-World’s final war.","https://images-na.ssl-images-amazon.com/images/S/compressed.photo.goodreads.com/books/1327946510i/5096.jpg","server_url","upload\Stephen King\Wizard_and_Glass_-_Stephen_King.epub","1","0","0.00","0","1","1"
"5160","1","5","3503","Free","The Heart of a Woman","Maya Angelou has fascinated, moved, and inspired countless readers with the first three volumes of her autobiography, one of the most remarkable personal narratives of our age. Now, in her fourth volume, The Heart of a Woman, her turbulent life breaks wide open with joy as the singer-dancer enters the razzle-dazzle of fabulous New York City. There, at the Harlem Writers Guild, her love for writing blazes anew. Her compassion and commitment lead her to respond to the fiery times by becoming the northern coordinator of Martin Luther King's history-making quest. A tempestuous, earthy woman, she promises her heart to one man only to have it stolen, virtually on her wedding day, by a passionate African freedom fighter.  Filled with unforgettable vignettes of famous characters, from Billie Holiday to Malcolm X, The Heart of a Woman sings with Maya Angelou's eloquent prose her fondest dreams, deepest disappointments, and her dramatically tender relationship with her rebellious teenage son. Vulnerable, humorous, tough, Maya speaks with an intimate awareness of the heart within all of us.","https://images-na.ssl-images-amazon.com/images/S/compressed.photo.goodreads.com/books/1417404078i/5160.jpg","server_url","upload\Maya Angelou\(Maya_Angelou's_Autobiography_4)_Maya_Angelou_-_The_Heart_of_a_Woman-Random_House_Trade_(1981).epub","1","0","0.00","0","1","1"
"5338","1","3","239579,40641","Free","A Christmas Carol and Other Christmas Writings","An alternate cover for this isbn can be found here.'Merry Christmas!...every idiot who goes about with ""Merry Christmas"" on his lips, should be boiled with his own pudding'Dickens' story of solitary miser Ebenezer Scrooge, who is taught the true meaning of Christmas by a series of ghostly visitors, has proved one of his most well-loved works. Ever since it was published in 1843 it has had an enduring influence on the way we think about the traditions of Christmas. Dickens' other Christmas writings collected here include 'The Story of the Goblins who Stole a Sexton', the short story from The Pickwick Papers on which A Christmas Carol was based; The Haunted Man, a tale of a man tormented by painful memories; along with shorter pieces, some drawn from the 'Christmas Stories' that Dickens wrote annually for his weekly journals. In all of them Dickens celebrates the season as one of geniality, charity and remembrance.This new selection contains an introduction by distinguished Dickens scholar Michael Slater discussing how the author has shaped ideas about the Christmas spirit, an appendix on Dickens' use of The Arabian Nights, a further reading list and explanatory notes.","https://images-na.ssl-images-amazon.com/images/S/compressed.photo.goodreads.com/books/1388952779i/5338.jpg","server_url","upload\Charles Dickens\A_Christmas_Carol_and_Other_Chr_-_Charles_Dickens.epub","1","0","0.00","0","1","1"
"5340","1","5","239579,3613","Free","Pictures from Italy","A delightful travelogue in the unique style of one of the greatest writers in the English languageIn 1844, Charles Dickens took a break from novel writing to travel through Italy for almost a year and Pictures from Italy is an illuminating account of his experiences there. He presents the country like a magic-lantern show, as vivid images ceaselessly appear before his - and his readers' - eyes. Italy's most famous sights are all to be found here - St Peter's in Rome, Naples with Vesuvius smouldering in the background, the fairytale buildings and canals of Venice - but Dickens's chronicle is not simply that of a tourist. Avoiding preconceptions and stereotypes, he portrays a nation of great between grandiose buildings and squalid poverty, and between past and present, as he observes everyday life beside ancient monuments. Combining thrilling travelogue with piercing social commentary, Pictures from Italy is a revealing depiction of an exciting and disquieting journey. In her introduction, Kate Flint discusses nineteenth-century travel writing, and Dickens's ideas about perception, memory and Italian politics. This edition also includes a chronology, further reading, notes and an appendix. For more than seventy years, Penguin has been the leading publisher of classic literature in the English-speaking world. With more than 1,700 titles, Penguin Classics represents a global bookshelf of the best works throughout history and across genres and disciplines. Readers trust the series to provide authoritative texts enhanced by introductions and notes by distinguished scholars and contemporary authors, as well as up-to-date translations by award-winning translators.","https://images-na.ssl-images-amazon.com/images/S/compressed.photo.goodreads.com/books/1611112556i/5340.jpg","server_url","upload\Charles Dickens\Pictures_from_Italy_-_Charles_Dickens.epub","1","0","0.00","0","1","1"
"5344","1","3","239579,3615,14442225","Free","Hard Times","""My satire is against those who see figures and averages, and nothing else,"" proclaimed Charles Dickens in explaining the theme of this classic novel. Published in 1854, the story concerns one Thomas Gradgrind, a ""fanatic of the demonstrable fact,"" who raises his children, Tom and Louisa, in a stifling and arid atmosphere of grim practicality.Without a moral compass to guide them, the children sink into lives of desperation and despair, played out against the grim background of Coketown, a wretched community shadowed by an industrial behemoth. Louisa falls into a loveless marriage with Josiah Bouderby, a vulgar banker, while the unscrupulous Tom, totally lacking in principle, becomes a thief who frames an innocent man for his crime. Witnessing the degradation and downfall of his children, Gradgrind realizes that his own misguided principles have ruined their lives.Considered Dickens' harshest indictment of mid-19th-century industrial practices and their dehumanizing effects, this novel offers a fascinating tapestry of Victorian life, filled with the richness of detail, brilliant characterization, and passionate social concern that typify the novelist's finest creations.Of Dickens' work, the eminent Victorian critic John Ruskin had this to say: ""He is entirely right in his main drift and purpose in every book he has written; and all of them, but especially Hard Times, should be studied with close and earnest care by persons interested in social questions.""","https://images-na.ssl-images-amazon.com/images/S/compressed.photo.goodreads.com/books/1631982866i/5344.jpg","server_url","upload\Charles Dickens\Hard_Times_-_Charles_Dickens.epub","1","0","0.00","0","1","1"
"5346","1","3","721","Free","The Last Juror","In 1970, one of Mississippi s more colorful weekly newspapers, 'The Ford County Times' went bankrupt. To the surprise and dismay of many, ownership was assumed by a 23-year-old college dropout named Willie Traynor. The future of the 'Times' looked grim until a young mother was brutally raped and murdered. A member of the notorious Padgitt family was soon arrested. Traynor reported all the gruesome details, and his newspaper began to prosper.The accused, Danny Padgitt, was tried before a packed courthouse in Clanton, Mississippi. The trial came to a startling and dramatic end when the defendant threatened revenge against the jurors if they convicted him. Nevertheless, they found him guilty, and he was sentenced to life in prison.But in Mississippi in 1970, life didn't necessarily mean life, and nine years later Padgitt managed to get himself paroled. He returned to Ford County, and the retribution began.","https://images-na.ssl-images-amazon.com/images/S/compressed.photo.goodreads.com/books/1386924294i/5346.jpg","server_url","upload\John Grisham\John_Grisham_-_[Novels_15]_-_The_Last_Juror.epub","1","0","0.00","0","1","1"
"5347","1","3","721","Free","Bleachers","High school All-American Neely Crenshaw was probably the best quarterback ever to play for the legendary Messina Spartans. Fifteen years have gone by since those glory days, and Neely has come home to Messina to bury Coach Eddie Rake, the man who molded the Spartans into an unbeatable football dynasty.As Coach Rake's 'boys' sit in the bleachers waiting for the dimming field lights to signal his passing, they replay the old glories, and try to decide once and for all whether they love Eddie Rake – or hate him. For Neely Crenshaw, still struggling to come to terms with his explosive relationship with the Coach, his dreams of a great career in the NFL, and the choices he made as a young man, the stakes could not be higher.","https://images-na.ssl-images-amazon.com/images/S/compressed.photo.goodreads.com/books/1386920942i/5347.jpg","server_url","upload\John Grisham\John_Grisham_-_[Novels_14]_-_Bleachers.epub","1","0","0.00","0","1","1"
"5348","1","3","721","Free","The Testament","In a plush Virginia office, a rich, angry old man is furiously rewriting his will. With his death just hours away, Troy Phelan wants to send a message to his children, his ex-wives, and his minions—a message that will touch off a vicious legal battle and transform dozens of lives. Because Troy Phelan’s new will names a sole surprise heir to his eleven-billion-dollar fortune: a mysterious woman named Rachel Lane, a missionary living deep in the jungles of Brazil.Enter the lawyers. Nate O’Riley is fresh out of rehab, a disgraced corporate attorney handpicked for his last job: to find Rachel Lane at any cost. As Phelan’s family circles like vultures in D.C., Nate goes crashing through the Brazilian jungle, entering a world where money means nothing, where death is just one misstep away, and where a woman—pursued by enemies and friends alike—holds a stunning surprise of her own.","https://images-na.ssl-images-amazon.com/images/S/compressed.photo.goodreads.com/books/1403174228i/5348.jpg","server_url","upload\John Grisham\John_Grisham_-_[Novels_08]_-_The_Testament.epub","1","0","0.00","0","1","1"
"5349","1","3","721","Free","The Rainmaker","InThe Rainmaker, John Grisham tells the story of a young man barely out of law school who finds himself taking on one of the most powerful, corrupt, and ruthless companies in America -- and exposing a complex, multibillion-dollar insurance scam. In his final semester of law school Rudy Baylor is required to provide free legal advice to a group of senior citizens, and it is there that he meets his first ""clients,"" Dot and Buddy Black. Their son, Donny Ray, is dying of leukemia, and their insurance company has flatly refused to pay for his medical treatments. While Rudy is at first skeptical, he soon realizes that the Blacks really have been shockingly mistreated by the huge company, and that he just may have stumbled upon one of the largest insurance frauds anyone's ever seen -- and one of the most lucrative and important cases in the history of civil litigation. The problem is, Rudy's flat broke, has no job, hasn't even passed the bar, and is about to go head-to-head with one of the best defense attorneys -- and powerful industries -- in America.","https://images-na.ssl-images-amazon.com/images/S/compressed.photo.goodreads.com/books/1388265477i/5349.jpg","server_url","upload\John Grisham\John_Grisham_-_[Novels_04]_-_The_Rainmaker.epub","1","0","0.00","0","1","1"
"5350","1","6","721","Free","The Partner","A man will do almost anything for ninety million dollars. So will its rightful owners. They found him in a small town in Brazil. He had a new name, Danilo Silva, and his appearance had been changed by plastic surgery. The search had taken four years. They'd chased him around the world, always just missing him. It had cost their clients $3.5 million. But so far none of them had complained.The man they were about to kidnap had not always been called Danilo Silva. Before he had had another life, a life which ended in a car crash in February 1992. His gravestone lay in a cemetery in Biloxi, Mississippi. His name before his death was Patrick S. Lanigan. He had been a partner at an up-and-coming law firm. He had a pretty wife, a young daughter, and a bright future. Six weeks after his death, $90 million disappeared from the law firm. It was then that his partners knew he was still alive. And the chase was on","https://images-na.ssl-images-amazon.com/images/S/compressed.photo.goodreads.com/books/1388235158i/5350.jpg","server_url","upload\John Grisham\Partners__A_Rogue_Lawyer_Short_-_John_Grisham.epub","1","0","0.00","0","1","1"
"5355","1","3","721","Free","The Chamber","In the corridors of Chicago's top law firm: Twenty -six-year-old Adam Hall stands on the brink of a brilliant legal career. Now he is risking it all for a death-row killer and an impossible case.Maximum Security Unit, Mississippi State Prison: Sam Cayhall is a former Klansman and unrepentant racist now facing the death penalty for a fatal bombing in 1967. He has run out of chances -- except for one: the young, liberal Chicago lawyer who just happens to be his grandson.While the executioners prepare the gas chamber, while the protesters gather and the TV cameras wait, Adam has only days, hours, minutes to save his client. For between the two men is a chasm of shame, family lies, and secrets -- including the one secret that could save Sam Cayhall's life... or cost Adam his.--back cover","https://images-na.ssl-images-amazon.com/images/S/compressed.photo.goodreads.com/books/1388336784i/5355.jpg","server_url","upload\John Grisham\John_Grisham_-_[Novels_03]_-_The_Chamber.epub","1","0","0.00","0","1","1"
"5356","1","3","721","Free","The King of Torts","The office of the public defender is not known as a training ground for bright young litigators. Clay Carter has been there too long and, like most of his colleagues, dreams of a better job in a real firm. When he reluctantly takes the case of a young man charged with a random street killing, he assumes it is just another of the many senseless murders that hit D.C. every week.As he digs into the background of his client, Clay stumbles on a conspiracy too horrible to believe. He suddenly finds himself in the middle of a complex case against one of the largest pharmaceutical companies in the world, looking at the kind of enormous settlement that would totally change his life--that would make him, almost overnight, the legal profession's newest king of torts...'From the Hardcover edition'","https://images-na.ssl-images-amazon.com/images/S/compressed.photo.goodreads.com/books/1388260347i/5356.jpg","server_url","upload\John Grisham\John_Grisham_-_[Novels_13]_-_The_King_of_Torts.epub","1","0","0.00","0","1","1"
"5357","1","3","721","Free","Skipping Christmas","Imagine a year without Christmas. No crowded shops, no corny office parties, no fruitcakes, no unwanted presents. That's just what Luther and Nora Krank have in mind when they decide that, just this once, they'll skip the holiday altogether. Theirs will be the only house on the street without a rooftop Frosty the snowman; they won't be hosting their annual Christmas Eve bash; they aren't even going to have a tree. They won't need one, because come December 25 they're setting sail on a Caribbean cruise. But, as this weary couple is about to discover, skipping Christmas brings enormous consequences - and isn't half as easy as they'd imagined.A classic tale for modern times, Skipping Christmas offers a hilarious look at the chaos and frenzy that has become part of our holiday tradition.","https://images-na.ssl-images-amazon.com/images/S/compressed.photo.goodreads.com/books/1347598629i/5357.jpg","server_url","upload\John Grisham\John_Grisham_-_[Novels_11]_-_Skipping_Christmas.epub","1","0","0.00","0","1","1"
"5359","1","3","721","Free","The Client","In a weedy clearing on the outskirts of Memphis, two boys watch a shiny Lincoln pull up to the curb...Eleven-year-old Mark Sway and his younger brother were sharing a forbidden cigarette when a chance encounter with a suicidal lawyer left Mark knowing a bloody and explosive secret: the whereabouts of the most sought-after dead body in America. Now Mark is caught between a legal system gone mad and a mob killer desperate to cover up his crime. And his only ally is a woman named Reggie Love, who has been a lawyer for all of four years. Prosecutors are willing to break all the rules to make Mark talk. The mob will stop at nothing to keep him quiet. And Reggie will do anything to protect her client --even take a last, desperate gamble that could win Mark his freedom... or cost them both their lives.","https://images-na.ssl-images-amazon.com/images/S/compressed.photo.goodreads.com/books/1554192326i/5359.jpg","server_url","upload\John Grisham\John_Grisham_-_[Novels_02]_-_The_Client.epub","1","0","0.00","0","1","1"
"5360","1","3","721","Free","A Painted House","""The hill people and the Mexicans arrived on the same day. It was a Wednesday, early in September 1952. The Cardinals were five games behind the Dodgers with three weeks to go, and the season looked hopeless. The cotton, however, was waist-high to my father, over my head, and he and my grandfather could be heard before supper whispering words that were seldom heard. It could be a ""good crop.""Thus begins the new novel from John Grisham, a story inspired by his own childhood in rural Arkansas. The narrator is a farm boy named Luke Chandler, age seven, who lives in the cotton fields with his parents and grandparents in a little house that's never been painted. The Chandlers farm eighty acres that they rent, not own, and when the cotton is ready they hire a truckload of Mexicans and a family from the Ozarks to help harvest it.For six weeks they pick cotton, battling the heat, the rain, the fatigue, and sometimes each other. As the weeks pass Luke sees and hears things no seven-year-old could possibly be prepared for, and he finds himself keeping secrets that not only threaten the crop but will change the lives of the Chandlers forever. ©2000, 2001 Belfry Holdings, Inc. (P)2001 Random House, Inc. Bantam Doubleday Dell Audio Publishing, a Division of Random House, Inc.","https://images-na.ssl-images-amazon.com/images/S/compressed.photo.goodreads.com/books/1386924850i/5360.jpg","server_url","upload\John Grisham\A_Painted_House_-_John_Grisham.epub","1","0","0.00","0","1","1"
"5364","1","3","3617","Free","Dragonfly in Amber","An alternate cover edition can be found here.From the author of Outlander... a magnificent epic that once again sweeps us back in time to the drama and passion of 18th-century Scotland...For twenty years Claire Randall has kept her secrets. But now she is returning with her grown daughter to Scotland's majestic mist-shrouded hills. Here Claire plans to reveal a truth as stunning as the events that gave it birth: about the mystery of an ancient circle of standing stones ...about a love that transcends the boundaries of time ...and about James Fraser, a Scottish warrior whose gallantry once drew a young Claire from the security of her century to the dangers of his ....Now a legacy of blood and desire will test her beautiful copper-haired daughter, Brianna, as Claire's spellbinding journey of self-discovery continues in the intrigue-ridden Paris court of Charles Stuart ...in a race to thwart a doomed Highlands uprising ...and in a desperate fight to save both the child and the man she loves....","https://images-na.ssl-images-amazon.com/images/S/compressed.photo.goodreads.com/books/1456114344i/5364.jpg","server_url","upload\Diana Gabaldon\Dragonfly_in_Amber_-_Diana_Gabaldon.epub","1","0","0.00","0","1","1"
"5720","1","3","3892","Free","Rainbow Six","Over the course of nine novels, Tom Clancy’s “genius for big, compelling plots” and his “natural narrative gift” (The New York Times Magazine) have mesmerized hundreds of millions of readers and established him as one of the preeminent storytellers of our time. Rainbow Six, however, goes beyond anything he has done before.At its heart is John Clark, the ex-Navy SEAL of Without Remorse, well known from several of Clancy's novels as a master of secret operational missions. Whether hunting warlords in Japan, druglords in Colombia, or nuclear terrorists in the United States, Clark is efficient and deadly, but even he has ghosts in his past, demons that must be exorcised. And nothing is more demonic than the peril he must face in Rainbow Six.Newly named the head of an international task force dedicated to combating terrorism, Clark is looking forward to getting his teeth into a new mission, but the opportunities start coming thicker and faster than anyone could have expected: an incident at a Swiss bank, the kidnapping of an international trader in Germany, a terrible raid on an amusement park in Spain.Each episode seems separate, discrete, yet the timing disturbs Clark. Is there a connection? Is he being tested? With the help of his close associates, executive officer Alistair Stanley and strike team leaders Domingo Chavez and Peter Covington, Clark tries to figure out where all this activity is heading, but there is no way to predict the real threat: a group of terrorists like none the world has ever encountered, a band of men and women so extreme that their success could literally mean the end of life on Earth as we know it.","https://images-na.ssl-images-amazon.com/images/S/compressed.photo.goodreads.com/books/1388179305i/5720.jpg","server_url","upload\Tom Clancy\Rainbow_Six.epub","1","0","0.00","0","1","1"
"5907","1","3","656983,1582,13290","Free","The Hobbit, or There and Back Again","In a hole in the ground there lived a hobbit. Not a nasty, dirty, wet hole, filled with the ends of worms and an oozy smell, nor yet a dry, bare, sandy hole with nothing in it to sit down on or to eat: it was a hobbit-hole, and that means comfort.Written for J.R.R. Tolkien’s own children, The Hobbit met with instant critical acclaim when it was first published in 1937. Now recognized as a timeless classic, this introduction to the hobbit Bilbo Baggins, the wizard Gandalf, Gollum, and the spectacular world of Middle-earth recounts of the adventures of a reluctant hero, a powerful and dangerous ring, and the cruel dragon Smaug the Magnificent. The text in this 372-page paperback edition is based on that first published in Great Britain by Collins Modern Classics (1998), and includes a note on the text by Douglas A. Anderson (2001).","https://images-na.ssl-images-amazon.com/images/S/compressed.photo.goodreads.com/books/1546071216i/5907.jpg","server_url","upload\J.R.R. Tolkien\The_Hobbit_-_J._R._R._Tolkien.epub","1","0","0.00","0","1","1"
"6419","1","3","2384","Free","Plum Lovin'","Mysterious men have a way of showing up in Stephanie Plum's apartment. When the shadowy Diesel appears, he has a task for Stephanie--and he's not taking no for an answer. Annie Hart is a ""relationship expert"" who is wanted for armed robbery and assault with a deadly weapon. Stephanie needs to find her, fast. Diesel knows where she is. So they make a deal: He'll help her get Annie if Stephanie plays matchmaker to several of Annie's most difficult clients. But someone wants to find Annie even more than Diesel and Stephanie. Someone with a nasty temper. And someone with ""unmentionable"" skills. Does Diesel know more than he's saying about Annie Hart? Does Diesel have secrets he's keeping from Stephanie and the two men in her life--Ranger and Morelli? With Stephanie Plum in over her head, things are sure to get a little dicey and a little explosive, Jersey style!","https://images-na.ssl-images-amazon.com/images/S/compressed.photo.goodreads.com/books/1442873718i/6419.jpg","server_url","upload\Janet Evanovich\Plum_Lovin'_-_Janet_Evanovich.epub","1","0","0.00","0","1","1"
"6420","1","3","2384","Free","Visions of Sugar Plums","**A Stephanie Plum “In Between the Numbers” Christmas novel**It's five days before Christmas and things are not looking merry for Fugitive Apprehension Agent Stephanie Plum. She hasn't got a tree. She hasn't bought any presents. The malls are jam-packed with staggering shoppers. There's not a twinkle light anywhere to be seen in her apartment.And there's a strange man in her kitchen.Sure, this has happened to Stephanie Plum before. Strangers, weirdos, felons, creeps, and lunatics are always finding their way to her front door. But this guy is different. This guy is mysterious, sexy-and he has his own agenda. His name is Diesel and he is a man on a mission. And Diesel is unlike anyone Stephanie has ever met before in her life. The question is, what does he want with her? Can he help her find a little old toy maker who has skipped out on his bail right before Christmas? Can he survive the Plum family holiday dinner? Can he get Stephanie a tree that doesn't look like it was grown next to a nuclear power plant? These questions and more are keeping Stephanie awake at night. Not to mention the fact that she needs to find a bunch of nasty elves, her sister Valerie has a Christmas ""surprise"" for the Plums, her niece Mary Alice doesn't believe in Santa anymore, and Grandma Mazur has a new stud muffin. So bring out the plastic reindeer, strap on your jingle bells, and get ready to celebrate the holidays--Jersey style. In Janet Evanovich's Visions of Sugar Plums, the world of Plum has never been merrier!","https://images-na.ssl-images-amazon.com/images/S/compressed.photo.goodreads.com/books/1439320318i/6420.jpg","server_url","upload\Janet Evanovich\Visions_of_Sugar_Plums_-_Janet_Evanovich.epub","1","0","0.00","0","1","1"
"6422","1","3","2384","Free","Four to Score","Nabbing Maxine Nowicki, thief and extortionist, would be the answer to Stephanie’s prayers and monetary woes. The only trouble is that Maxine is no where to be found, and her friends have been mysteriously turning up dead. To make matters worse, Stephanie’s arch nemesis since grade school is also looking for Nowicki, hoping to cash in first.Stephanie’s mentor and tormentor, Ranger, needs her. Vice cop Joe Morelli has invited her to move in… temporarily. And Stephanie’s Grandma Mazur, sidekick, Lula, and a six-foot-tall transvestite rock musician want to take Stephanie to Atlantic City. One thing is for certain, no good can come from any of it.","https://images-na.ssl-images-amazon.com/images/S/compressed.photo.goodreads.com/books/1311983211i/6422.jpg","server_url","upload\Janet Evanovich\Four_to_Score_-_Janet_Evanovich.epub","1","0","0.00","0","1","1"
"6423","1","3","2384","Free","High Five","Stephanie Plum has a whole lot of trouble on her doorstep.Her Uncle Fred has disappeared and Grandma Mazur is convinced he's been abducted by aliens.Meanwhile, Cousin Vinnie has asked her to bring in the vertically challenged Randy Briggs who's jumped bail. But instead of coming quietly, he has taken up residence in Stephanie's closet. The mysterious man called Bunchy is trailing Stephanie in the hope of tracking down Fred. And Benito Ramirez is back from jail, quoting Scripture and vowing to introduce Stephanie to God - face to face.Thankfully Joe Morelli, the irresistible cop, is still around to give her the odd sleepless night - though now he faces tough competition from the enigmatic Ranger...","https://images-na.ssl-images-amazon.com/images/S/compressed.photo.goodreads.com/books/1270849101i/6423.jpg","server_url","upload\Janet Evanovich\High_Five_-_Janet_Evanovich.epub","1","0","0.00","0","1","1"
"6424","1","3","2384","Free","Seven Up","Also see: Alternate Cover Editions for this ISBN [ACE]  
ACE #1
BLOWN UPAll New Jersey bounty hunter Stephanie Plum has to do is bring in semi-retired bail jumper Eddie DeChooch. For an old man he's still got a knack for slipping out of sight--and raising hell. How else can Stephanie explain the bullet-riddled corpse in Eddie's garden? Who else would have a clue as to why two of Stephanie's friends suddenly vanished? For answers Stephanie has the devil to pay: her mentor, Ranger. The deal? He'll give Stephanie all the help she needs--if she gives him everything he wants...MESSED UPAs if things weren't complicated enough, Stephanie's just discovered her Grandma Mazur's own unmentionable alliance with Eddie. Add a series of unnerving break-ins, not to mention the bombshell revelation leveled by Stephanie's estranged sister, and Stephanie's ready for some good news. Unfortunately, a marriage proposal from Joe Morelli, the love of her life, isn't quite cutting it. And now--murder, a randy paramour, a wily mobster, death threats, extortion, and a triple kidnapping aside--Stephanie's really got the urge to run for her life...~","https://images-na.ssl-images-amazon.com/images/S/compressed.photo.goodreads.com/books/1311720512i/6424.jpg","server_url","upload\Janet Evanovich\Seven_Up_-_Janet_Evanovich.epub","1","0","0.00","0","1","1"
"6425","1","3","2384","Free","Hard Eight","Fugitive Apprehension Agent Stephanie Plum has a big problem on her hands: Seven-year-old Annie Soder and her mother, Evelyn, have disappeared.Evelyn's estranged husband, Steven, a shady owner of a seedy bar, is not at all happy. During the divorce proceedings, he and Evelyn signed a child custody bond, and Steven is demanding the money guaranteed by the bond to find Annie. The money was secured by a mortgage on Evelyn's grandmother's house, and the True Blue Bonds Bail Agency wants to take possession of the house.Finding a kidnapped child is not an assignment for a bounty hunter. But Evelyn's grandmother lives next door to Stephanie's parents, and Stephanie's mother and grandmother are not about to see their neighbor lose her house because of abduction.Even though Stephanie's plate is full with miscreants who missed their court dates, including old nemesis and violent drunk Andy Bender and an elusive little old lady accused of grand theft auto, she can't disappoint Grandma Mazur! So she follows the trail left by Annie and Evelyn-- and finds a lot more than she bargained for. Steven is somehow linked with a very scary Eddie Abruzzi. Trenton cop and on-again, off-again fiance Joe Morelli and Stephanie's mentor and tormentor, Ranger, warn Stephanie about Abruzzi, but it's Abruzzi's eyes and mannerisms that frighten Stephanie the most. Stephanie needs Ranger's savvy and expertise, and she's willing to accept his help to find Annie even though it might mean becoming too involved with Ranger.Stephanie, Ranger, Lula (who's not going to miss riding with Ranger), and Evelyn's lawyer/laundromat manager set out to find Annie. The search turns out to be a race among Stephanie's posse, the True Blue Bonds' agent, a Rangerette known as Jeanne Ellen Burrows, and the Abruzzi crew. Not to mention the fact that there's a killer rabbit on the loose!Strap on your helmet and get ready for the ride of your life. Hard Eight. The world of Plum has never been wilder.","https://images-na.ssl-images-amazon.com/images/S/compressed.photo.goodreads.com/books/1479699438i/6425.jpg","server_url","upload\Janet Evanovich\Hard_Eight_-_Janet_Evanovich.epub","1","0","0.00","0","1","1"
"6534","1","3","1025097,21321678","Free","Postmortem","Four women with nothing in common, united only in death. Four brutalized victims of a brilliant monster - a ""Mr. Nobody"", moving undetected through a paralyzed city, leaving behind a gruesome trail of carnage . . . but few clues. With skilled hands, an unerring eye, and the latest advances in forensic research, an unrelenting female medical examiner - Kay Scarpetta - is determined to unmask a maniac. But someone is trying to sabotage Kay's investigation from the inside. And worse yet, someone wants her dead . . .","https://images-na.ssl-images-amazon.com/images/S/compressed.photo.goodreads.com/books/1341835831i/6534.jpg","server_url","upload\Patricia Daniels Cornwell\Postmortem_-_Patricia_Cornwell.epub","1","0","0.00","0","1","1"
"6588","1","3","3780","Free","The Big Bad Wolf","Alex Cross battles the most ruthless and powerful killer he has ever encountered - a predator known only as ""the Wolf. ""Alex Cross's first case since joining the FBI has his new colleagues stymied. Across the country, men and women are being kidnapped in broad daylight and then disappearing completely. These people are not being taken for ransom, Alex realizes. They are being bought and sold. And it looks as if a shadowy figure called the Wolf - a master criminal who has brought a new reign of terror to organize crime - is behind this business in which ordinary men and women are sold as slaves. Even as he admires the FBI's vast resources, Alex grows impatient with the Bureau's clumsiness and caution when it is time to move. A lone wolf himself, he has to go out on his own in order to track the Wolf and try to rescue some of the victims while they are still alive. As the case boils over, Alex is in hot water at home too. His ex-fiancee, Christine Johnson, comes back into his life - and not for the reasons Alex might have hoped.","https://images-na.ssl-images-amazon.com/images/S/compressed.photo.goodreads.com/books/1388328154i/6588.jpg","server_url","upload\James Patterson\The_Big_Bad_Wolf_-_James_Patterson.epub","1","0","0.00","0","1","1"
"6853","1","3","2384","Free","One for the Money","Meet Stephanie Plum, a bounty hunter with attitude. In Stephanie’s opinion, toxic waste, rabid drivers, armed schizophrenics, and August heat, humidity, and hydrocarbons are all part of the great adventure of living in Jersey.She’s a product of the “burg,” a blue-collar pocket of Trenton where houses are attached and narrow, cars are American, windows are clean, and (God forbid you should be late) dinner is served at six.Out of work and out of money, Stephanie blackmails her bail-bondsman cousin Vinnie into giving her a try as an apprehension agent. Stephanie knows zilch about the job requirements, but she figures her new pal, el-primo bounty hunter Ranger, can teach her what it takes to catch a crook. Her first nail Joe Morelli, a former vice cop on the run from a charge of murder one. Morelli’s the inamorato who charmed Stephanie out of her virginity at age sixteen. There’s still powerful chemistry between them, so the chase should be interesting…and could also be extremely dangerous.","https://images-na.ssl-images-amazon.com/images/S/compressed.photo.goodreads.com/books/1316730230i/6853.jpg","server_url","upload\Janet Evanovich\One_for_the_Money_-_Janet_Evanovich.epub","1","0","0.00","0","1","1"
"7244","1","3","3541","Free","The Poisonwood Bible","The Poisonwood Bible is a story told by the wife and four daughters of Nathan Price, a fierce, evangelical Baptist who takes his family and mission to the Belgian Congo in 1959. They carry with them everything they believe they will need from home, but soon find that all of it -- from garden seeds to Scripture -- is calamitously transformed on African soil. What follows is a suspenseful epic of one family's tragic undoing and remarkable reconstruction over the course of three decades in postcolonial Africa.","https://images-na.ssl-images-amazon.com/images/S/compressed.photo.goodreads.com/books/1644073807i/7244.jpg","server_url","upload\Barbara Kingsolver\Barbara_Kingsolver_-_The_Poisonwood_Bible-Harper_Perennial_Modern_Classics_(2005).epub","1","0","0.00","0","1","1"
"7329","1","3","656983,9533","Free","Unfinished Tales","Classic hardback edition of this fascinating collection of stories, featuring Tolkien’s own painting of the dragon Glaurung on the cover, which continues the tales of The Hobbit, The Lord of the Rings and The Silmarillion and contains an alternative version of The Children of Hurin.Unfinished Tales is a collection of narratives ranging in time from the Elder Days of Middle-earth to the end of the War of the Ring, and provides those who have read The Lord of the Rings with a whole collection of background and new stories from the twentieth century’s most acclaimed popular author.The book concentrates on the realm of Middle-earth and comprises such elements as Gandalf’s lively account of how it was that he came to send the Dwarves to the celebrated party at Bag-End, the emergence of the sea-god Ulmo before the eyes of Tuor on the coast of Beleriand, and an exact description of the military organization of the Riders of Rohan.Unfinished Tales also contains the only story about the long ages of Numenor before its downfall, and all that is known about such matters as the Five Wizards, the Palantiri and the legend of Amroth. The tales were collated and edited by JRR Tolkien’s son and literary heir, Christopher Tolkien, who provides a short commentary on each story, helping the reader to fill in the gaps and put each story into the context of the rest of his father’s writings.","https://images-na.ssl-images-amazon.com/images/S/compressed.photo.goodreads.com/books/1165611104i/7329.jpg","server_url","upload\J.R.R. Tolkien\Unfinished_Tales_-_J._R._R._Tolkien.epub","1","0","0.00","0","1","1"
"7332","1","3","656983,9533,4938","Free","The Silmarillion","The Silmarillion is an account of the Elder Days, of the First Age of Tolkien’s world. It is the ancient drama to which the characters in The Lord of the Rings look back, and in whose events some of them such as Elrond and Galadriel took part. The tales of The Silmarillion are set in an age when Morgoth, the first Dark Lord, dwelt in Middle-Earth, and the High Elves made war upon him for the recovery of the Silmarils, the jewels containing the pure light of Valinor.","https://images-na.ssl-images-amazon.com/images/S/compressed.photo.goodreads.com/books/1610045590i/7332.jpg","server_url","upload\J.R.R. Tolkien\The_Silmarillion_-_J._R._R._Tolkien.epub","1","0","0.00","0","1","1"
"7346","1","3","656983,9533","Free","The Book of Lost Tales 2","The Book of Lost Tales 2 (The History of Middle-Earth, Vol. 2)viii, 391 pp. ""The Book of Lost Tales was the first major work of imagination by J.R.R. Tolkien, begun in 1916, when he was twenty-five years old, and left incomplete several years later. It stands at the beginning of the entire conception of Middle-earth and Valinor, for the Lost Tales were the first form of the myths and legends that came to be called The Silmarillion. Embedded in English legend and association, they are set in the narrative frame of the great westward voyage of a mariner named Eriel (or AElfwine). His destination is Tol Eressea, the Lonely Isle where Elves dwell; from them he learns their true history, the Lost Tales of Elfinesse. The Tales include the earliest accounts of Gods and Elves, Dwarves, Balrogs, and Orcs; of the Silmarils and the Two Trees of Valinor; of Nargothrond and Gondolin; of the geography and cosmography of their invented world. The Book of Lost Tales is published in two volumes. The first contains the Tales of Valinor; and this second past includes Beren and Luthien, Turin and the Dragon, and the only full narratives of the Necklace of the Dwarves and the Fall of Gondolin. Each tale is followed by a commentary, together with associated poems, and each volume contains extensive information on names and vocabulary of the earliest Elvish languages. Additional books in this series will extend the history of Middle-earth as it was refined and enlarged in later years and will include the long Lays of Beleriand, the Ambarkanta or Shape of the World, the Lhammas or Account of Tongues, annals, maps, and many other previously unpublished writings of J.R.R. Tolkien.""Keywords: FANTASY SCIENCE FICTION HISTORY MIDDLE EARTH JRR TOLKIEN BOOK OF LOST TALES","https://images-na.ssl-images-amazon.com/images/S/compressed.photo.goodreads.com/books/1403191998i/7346.jpg","server_url","upload\J.R.R. Tolkien\The_Book_of_Lost_Tales,_Part_Tw_-_J._R._R._Tolkien.epub","1","0","0.00","0","1","1"
"7347","1","3","656983,9533","Free","The Book of Lost Tales 1","The Book of Lost Tales 1 stands at the beginning of the entire conception of Middle-earth and Valinor. Embedded in English legend and English association, they were set in the narratve frame of a great westward voyage over the Ocean by a mariner named Eriol (or Ælfwine) to Tol Eressëa, the Lonely Isle, where Elves dwelt; from them he learned their true story, the Lost Tales of Elfinesse. In the Tales are found the earliest accounts and original ideas of Gods and Elves; Dwarves and Orcs; the Silmarils and the Two Trees of Valinor; Nargothrond and Gondolin; and the geography and cosmology of the invented world.","https://images-na.ssl-images-amazon.com/images/S/compressed.photo.goodreads.com/books/1403181958i/7347.jpg","server_url","upload\J.R.R. Tolkien\The_Book_of_Lost_Tales,_Part_On_-_J._R._R._Tolkien.epub","1","0","0.00","0","1","1"
"7510","1","3","3780,4255","Free","The Beach House","Jack Mullen is a driven student of the law. His brother Peter is a servant of the rich, parking the cars of the Hamptons' elite --- and perhaps satisfying their more intimate needs as well. Then Peter's body is found on the beach. Jack knows the drowning was no accident, but someone's unlimited power and money have bought the cops, the judges, the system. Now Jack is learning a lesson in justice he never got in law school ... and his astonishing plan to beat the billionaires will have you reeling --- and cheering --- to the very last page.","https://images-na.ssl-images-amazon.com/images/S/compressed.photo.goodreads.com/books/1388199852i/7510.jpg","server_url","upload\James Patterson\The_Beach_House_-_James_Patterson.epub","1","0","0.00","0","1","1"
"7968","1","3","589","Free","Red Prophet","Come here to the magical America that might have beenIn this sequel to Seventh Son, Alvin Maker is awakening to many mysteries: his own strange powers, the magic of the land, and the special virtues of its chosen people, the Native Americans.Alvin has discovered his own unique talent for making things whole again. Now he summons all his powers to prevent a tragic war between Native Americans and the white settlers of North America.","https://images-na.ssl-images-amazon.com/images/S/compressed.photo.goodreads.com/books/1379147136i/7968.jpg","server_url","upload\Orson Scott Card\Alvin_Maker_2_-_Red_Prophet_-_Card,_Orson_Scott.epub","1","0","0.00","0","1","1"
"7994","1","3","5329","Free","Rakkety Tam","The Redwall series is soon to be a Netflix original movie!The bestselling Redwall saga continues in  Rakkety Tam .There has never been a Redwall hero quite like Rakkety Tam, the roguish Highlander squirrel who sets off for Mossflower Wood on a mercenary errand and loses his heart to the charms of Redwall Abbey. And there's never been a villain quite like Gulo the a vicious beast-eating wolverine who descends upon the Abbey in search of a relic called the Walking Stone. Readers will cheer at the return of the Long Patrol, the antics of a renegade vole thief, and the emergence of a new champion to wield the sword of Martin. Perfect for fans of T. A. Barron’s Merlin saga, John Flanagan’s Ranger’s Apprentice series, and J. R. R. Tolkien’s Lord of the Rings series.","https://images-na.ssl-images-amazon.com/images/S/compressed.photo.goodreads.com/books/1388437566i/7994.jpg","server_url","upload\Brian Jacques\Rakkety_Tam_-_Brian_Jacques.ePub","1","0","0.00","0","1","1"
"8001","1","3","5329,579130","Free","Triss","New York Times bestselling author Brian Jacques gives us another tales of Redwall, filled with “The Knights of the Round Table with paws” (The Sunday Times) along with their friends and enemies.All her life, Triss the squirrelmaid has suffered the tyranny of the evil ferret king King Agarnu and his daughter, Princess Kurda. But with the help of her fellow slaves, Shogg the otter and Welfo the hedgehog, Triss plans and executes a daring escape by sea. Meanwhile, in Mossflower forest, a new mystery has arisen: a pair of wandering Dibbuns has accidentally discovered what may be the long-lost secret entrance to Brockhall-original home of the warrior badgers. The threads of the story eventually come together when Triss happens upon Redwall in her flight and takes up the famous sword of Martin. The rest is Redwall history.","https://images-na.ssl-images-amazon.com/images/S/compressed.photo.goodreads.com/books/1388786456i/8001.jpg","server_url","upload\Brian Jacques\Triss_-_Brian_Jacques.ePub","1","0","0.00","0","1","1"
"8725","1","5","5662","Free","Comfort Me with Apples: More Adventures at the Table","In this delightful sequel to her bestseller Tender at the Bone, Ruth Reichl returns with more tales of love, life, and marvelous meals. Comfort Me with Apples picks up Reichl's story in 1978, when she puts down her chef's toque and embarks on a career as a restaurant critic. Her pursuit of good food and good company leads her to New York and China, France and Los Angeles, and her stories of cooking and dining with world-famous chefs range from the madcap to the sublime. Throughout it all, Reichl makes each and every course a hilarious and instructive occasion for novices and experts alike. She shares some of her favorite recipes, while also sharing the intimacies of her personal life in a style so honest and warm that readers will feel they are enjoying a conversation over a meal with a friend.","https://images-na.ssl-images-amazon.com/images/S/compressed.photo.goodreads.com/books/1339885200i/8725.jpg","server_url","upload\Ruth Reichl\Reichl,_Ruth_-_Comfort_me_with_apples___Tender_at_the_bone__two_culinary_treasures-Random_House_Publishing_Group_(2014_2013).epub","1","0","0.00","0","1","1"
"9076","1","5","3098","Free","Guests of the Ayatollah: The First Battle in America's War with Militant Islam","From the best-selling author of Black Hawk Down comes a riveting, definitive chronicle of the Iran hostage crisis, America's first battle with militant Islam. On November 4, 1979, a group of radical Islamist students, inspired by the revolutionary Iranian leader Ayatollah Khomeini, stormed the U.S. embassy in Tehran. They took fifty-two Americans hostage, and kept nearly all of them hostage for 444 days.In Guests of the Ayatollah, Mark Bowden tells this sweeping story through the eyes of the hostages, the soldiers in a new special forces unit sent to free them, their radical, naïve captors, and the diplomats working to end the crisis. Bowden takes us inside the hostages' cells and inside the Oval Office for meetings with President Carter and his exhausted team. We travel to international capitals where shadowy figures held clandestine negotiations, and to the deserts of Iran, where a courageous, desperate attempt to rescue the hostages exploded into tragic failure. Bowden dedicated five years to this research, including numerous trips to Iran and countless interviews with those involved on both sides.Guests of the Ayatollah is a detailed, brilliantly re-created, and suspenseful account of a crisis that gripped and ultimately changed the world.","https://images-na.ssl-images-amazon.com/images/S/compressed.photo.goodreads.com/books/1386923932i/9076.jpg","server_url","upload\Mark Bowden\Mark_Bowden_-_Guests_of_the_Ayatollah__The_Iran_Hostage_Crisis__The_First_Battle_in_America's_War_with_Militant_Islam-Grove_Press_(2007).epub","1","0","0.00","0","1","1"
"9444","1","5","3503","Free","The Complete Collected Poems","For the first time, the complete collection of Maya Angelou's published poems-including ""On the Pulse of Morning""-in a permanent collectible, handsome hardcover edition.","https://images-na.ssl-images-amazon.com/images/S/compressed.photo.goodreads.com/books/1371924014i/9444.jpg","server_url","upload\Maya Angelou\Maya_Angelou_-_The_Complete_Collected_Poems_of_Maya_Angelou-Random_House_(1994).epub","1","0","0.00","0","1","1"
"9539","1","3","6252","Free","The Shadow Rising","The seals of Shayol Ghul are weak now, and the Dark One reaches out. The Shadow is rising to cover humankind.In Tar Valon, Min sees portents of hideous doom. Will the White Tower itself be broken?In the Two Rivers, the Whitecloaks ride in pursuit of a man with golden eyes, and in pursuit of the Dragon Reborn.In Cantorin, among the Sea Folk, High Lady Suroth plans the return of the Seanchan armies to the mainland.In the Stone of Tear, the Lord Dragon considers his next move. It will be something no one expects, not the Black Ajah, not Tairen nobles, not Aes Sedai, not Egwene or Elayne or Nynaeve.Against the Shadow rising stands the Dragon Reborn.....","https://images-na.ssl-images-amazon.com/images/S/compressed.photo.goodreads.com/books/1638239837i/9539.jpg","server_url","upload\Robert Jordan\The_Shadow_Rising_-_Robert_Jordan_1.epub","1","0","0.00","0","1","1"
"10566","1","3","3389","Free","Lisey's Story","Lisey Debusher Landon lost her husband, Scott, two years ago, after a twenty-five year marriage of the most profound and sometimes frightening intimacy. Scott was an award-winning, bestselling novelist and a very complicated man. Early in their relationship, before they married, Lisey had to learn from him about books and blood and bools. Later, she understood that there was a place Scott went--a place that both terrified and healed him, that could eat him alive or give him the ideas he needed in order to live. Now it's Lisey's turn to face Scott's demons, Lisey's turn to go to Boo'ya Moon. What begins as a widow's efforts to sort through the papers of her celebrated husband becomes a nearly fatal journey into the darkness he inhabited. Perhaps King's most personal and powerful novel, Lisey's Story is about the wellsprings of creativity, the temptations of madness, and the secret language of love. (front flap)","https://images-na.ssl-images-amazon.com/images/S/compressed.photo.goodreads.com/books/1316346037i/10566.jpg","server_url","upload\Stephen King\Lisey's_Story_-_Stephen_King.epub","1","0","0.00","0","1","1"
"10569","1","5","3389","Free","On Writing: A Memoir of the Craft","""Long live the King"" hailed Entertainment Weekly upon the publication of Stephen King's On Writing. Part memoir, part master class by one of the bestselling authors of all time, this superb volume is a revealing and practical view of the writer's craft, comprising the basic tools of the trade every writer must have. King's advice is grounded in his vivid memories from childhood through his emergence as a writer, from his struggling early career to his widely reported near-fatal accident in 1999 -- and how the inextricable link between writing and living spurred his recovery. Brilliantly structured, friendly and inspiring, On Writing will empower and entertain everyone who reads it -- fans, writers, and anyone who loves a great story well told.(back cover)","https://images-na.ssl-images-amazon.com/images/S/compressed.photo.goodreads.com/books/1436735207i/10569.jpg","server_url","upload\Stephen King\On_Writing_A_Memoir_Of_The_Craft_by_King_Stephen_docutr_com.epub","1","0","0.00","0","1","1"
"10572","1","3","346732","Free","A Clash of Kings","A comet the color of blood and flame cuts across the sky. Two great leaders—Lord Eddard Stark and Robert Baratheon—who hold sway over an age of enforced peace are dead, victims of royal treachery. Now, from the ancient citadel of Dragonstone to the forbidding shores of Winterfell, chaos reigns. Six factions struggle for control of a divided land and the Iron Throne of the Seven Kingdoms, preparing to stake their claims through tempest, turmoil, and war. It is a tale in which brother plots against brother and the dead rise to walk in the night. Here a princess masquerades as an orphan boy; a knight of the mind prepares a poison for a treacherous sorceress; and wild men descend from the Mountains of the Moon to ravage the countryside. Against a backdrop of incest and fratricide, alchemy and murder, victory may go to the men and women possessed of the coldest steel...and the coldest hearts. For when kings clash, the whole land trembles.Here is the second volume in George R.R. Martin magnificent cycle of novels that includes A Game of Thrones and A Storm of Swords. As a whole, this series comprises a genuine masterpiece of modern fantasy, bringing together the best the genre has to offer. Magic, mystery, intrigue, romance, and adventure fill these pages and transport us to a world unlike any we have ever experienced. Already hailed as a classic, George R.R. Martin stunning series is destined to stand as one of the great achievements of imaginative fiction.","https://images-na.ssl-images-amazon.com/images/S/compressed.photo.goodreads.com/books/1567840212i/10572.jpg","server_url","upload\George R.R. Martin\A_Clash_of_Kings_-_George_R._R._Martin.epub","1","0","0.00","0","1","1"
"10577","1","3","5858,3389","Free","Roadwork","Barton Dawes’ unremarkable but comfortable existence suddenly takes a turn for the worst. Highway construction puts him out of work and simultaneously forces him out of his home. Dawes isn’t the sort of man who will take an insult of this magnitude lying down. His single-minded determination to fight the inevitable course of progress drives his wife and friends away while he tries to face down the uncaring bureaucracy that has destroyed his once comfortable life.--stephenking.com","https://images-na.ssl-images-amazon.com/images/S/compressed.photo.goodreads.com/books/1166254222i/10577.jpg","server_url","upload\Richard  Bachman\Roadwork_-_Stephen_King.epub","1","0","0.00","0","1","1"
"10579","1","3","3389","Free","Everything's Eventual","A man with the ability to send death via mail or email is hired to use this talent.","https://images-na.ssl-images-amazon.com/images/S/compressed.photo.goodreads.com/books/1386922876i/10579.jpg","server_url","upload\Stephen King\Everything's_Eventual_-_Stephen_King.epub","1","0","0.00","0","1","1"
"10584","1","3","3389","Free","Desperation","Alternate Cover Edition ISBN 0451188462 (ISBN13: 9780451188465)There's a place along Interstate 50 that some call the loneliest place on Earth. It's known as Desperation, Nevada.It's not a very nice place to live. It's an even worse place to die.Let the battle against evil begin.Welcome to ... Desperation","https://images-na.ssl-images-amazon.com/images/S/compressed.photo.goodreads.com/books/1395764566i/10584.jpg","server_url","upload\Stephen King\Desperation_-_Stephen_King.epub","1","0","0.00","0","1","1"
"10588","1","3","3389","Free","Nightmares and Dreamscapes","A solitary finger pokes out of a drain. Novelty teeth turn predatory. The Nevada desert swallows a Cadillac. Meanwhile, the legend of Castle Rock returns... and grows on you. What does it all mean? What else could it mean? Stephen King is back with a powerful new collection of stories - a vast, many-chambered cave of a volume.In story after story, the long reach of Stephen King's imagination and the no-holds-barred force of his storytelling will take you to places you've never been before. On a roller-coaster through the macabre and the monstrous, via cutting-edge explorations of good and evil - and onto a heartfelt piece on Little League baseball.You will lose a good deal of sleep. But Stephen King, writing to beat the devil, will do your dreaming for you...","https://images-na.ssl-images-amazon.com/images/S/compressed.photo.goodreads.com/books/1370950676i/10588.jpg","server_url","upload\Stephen King\Nightmares_and_Dreamscapes_-_Stephen_King.epub","1","0","0.00","0","1","1"
"10589","1","3","3389","Free","Bag of Bones","Four years after the sudden death of his wife, forty-year-old bestselling novelist Mike Noonan is still grieving. Unable to write, and plagued by vivid nightmares set at the western Maine summerhouse he calls Sara Laughs, Mike reluctantly returns to the lakeside getaway. There, he finds his beloved Yankee town held in the grip of a powerful millionaire, Max Devore, whose vindictive purpose is to take his three-year-old granddaughter, Kyra, away from her widowed young mother, Mattie. As Mike is drawn into Mattie and Kyra's struggle, as he falls in love with both of them, he is also drawn into the mystery of Sara Laughs, now the site of ghostly visitations and escalating terrors. What are the forces that have been unleashed here — and what do they want of Mike Noonan?","https://images-na.ssl-images-amazon.com/images/S/compressed.photo.goodreads.com/books/1365592796i/10589.jpg","server_url","upload\Stephen King\Bag_of_Bones_-_Stephen_King.epub","1","0","0.00","0","1","1"
"10596","1","3","5858,3389","Free","The Regulators","There's a place in Wentworth, Ohio, where summer is in full swing. It's called Poplar Street. Up until now it's been a nice place to live. The idling red van around the corner is about to change all that. Let the battle against evil begin. Here come...The Regulators","https://images-na.ssl-images-amazon.com/images/S/compressed.photo.goodreads.com/books/1554402378i/10596.jpg","server_url","upload\Richard  Bachman\The_Regulators_-_Stephen_King.epub","1","0","0.00","0","1","1"
"10618","1","3","3389","Free","Apt Pupil","Todd Bowden is an apt pupil. Good grades, good family, a paper route. But he is about to meet a different kind of teacher: Mr. Dussander. Todd knows all about Dussander's dark past. The torture. The death. The decades-old manhunt Dussander has escaped to this day. Yet Todd doesn't want to turn him in. Todd wants to know more. Much more. He is about to learn the real meaning of power—and the seductive lure of evil.","https://images-na.ssl-images-amazon.com/images/S/compressed.photo.goodreads.com/books/1330222469i/10618.jpg","server_url","upload\Stephen King\Apt_Pupil_-_King,_Stephen.epub","1","0","0.00","0","1","1"
"10619","1","3","3389","Free","Rose Madder","Roused by a single drop of blood, Rosie Daniels wakes up to the chilling realisation that her husband is going to kill her. And she takes flight – with his credit card.Alone in a strange city, Rosie begins to build a new she meets Bill Steiner and she finds an old junk shop painting, ""Rose Madder,"" which strangely seems to want her as much as she wants it.But it’s hard for Rosie not to keep looking over her shoulder. Rose-maddened and on the rampage, Norman is a corrupt cop with a dog’s instinct for tracking people. And he’s getting close. Rosie can feel just how close he is getting…A brilliant dark-hued fable of gender wars, a haunting love story, and a hold-your-breath triumph of suspense, ""Rose Madder"" is Stephen King at his electrifying best.","https://images-na.ssl-images-amazon.com/images/S/compressed.photo.goodreads.com/books/1660826989i/10619.jpg","server_url","upload\Stephen King\Rose_Madder_-_Stephen_King.epub","1","0","0.00","0","1","1"
"10628","1","3","3389","Free","Night Shift","A collection of tales to invade and paralyse the mind as the safe light of day is infiltrated by the shadows of the night. As you listen, the clutching fingers of terror brush lightly across the nape of the neck, reach round from behind to clutch and lock themselves, white-knuckled, around the throat.This is the horror of ordinary people and everyday objects that become strangely altered; a world where nothing is ever quite what it seems, where the familiar and the friendly lure and deceive. A world where madness and blind panic become the only reality.Listening Length: 10 hours and 33 minutes","https://images-na.ssl-images-amazon.com/images/S/compressed.photo.goodreads.com/books/1660820449i/10628.jpg","server_url","upload\Stephen King\Night_Shift_-_Stephen_King.epub","1","0","0.00","0","1","1"
"10884","1","5","7111","Free","Einstein: His Life and Universe","Einstein was a rebel and nonconformist from boyhood days, and these character traits drove both his life and his science. In this narrative, Walter Isaacson explains how his mind worked and the mysteries of the universe that he discovered.","https://images-na.ssl-images-amazon.com/images/S/compressed.photo.goodreads.com/books/1328011405i/10884.jpg","server_url","upload\Walter Isaacson\3_Einstein_His_Life_and_Universe_by_Walter_Isaacson_infinityreviews1.epub","1","0","0.00","0","1","1"
"10964","1","3","3617","Free","Outlander","The year is 1945. Claire Randall, a former combat nurse, is just back from the war and reunited with her husband on a second honeymoon when she walks through a standing stone in one of the ancient circles that dot the British Isles. Suddenly she is a Sassenach—an “outlander”—in a Scotland torn by war and raiding border clans in the year of Our Lord...1743. Hurled back in time by forces she cannot understand, Claire is catapulted into the intrigues of lairds and spies that may threaten her life, and shatter her heart. For here James Fraser, a gallant young Scots warrior, shows her a love so absolute that Claire becomes a woman torn between fidelity and desire—and between two vastly different men in two irreconcilable lives.","https://images-na.ssl-images-amazon.com/images/S/compressed.photo.goodreads.com/books/1659086907i/10964.jpg","server_url","upload\Diana Gabaldon\Outlander_-_Diana_Gabaldon.epub","1","0","0.00","0","1","1"
"10965","1","3","3617","Free","A Breath of Snow and Ashes","A Breath of Snow and Ashes continues the extraordinary story of 18th-century Scotsman Jamie Fraser and his 20th-century wife, Claire.The year is 1772, and on the eve of the American Revolution, the long fuse of rebellion has already been lit. Men lie dead in the streets of Boston, and in the backwoods of North Carolina, isolated cabins burn in the forest.With chaos brewing, the governor calls upon Jamie Fraser to unite the backcountry and safeguard the colony for King and Crown. But from his wife Jamie knows that three years hence the shot heard round the world will be fired, and the result will be independence — with those loyal to the King either dead or in exile. And there is also the matter of a tiny clipping from The Wilmington Gazette, dated 1776, which reports Jamie’s death, along with his kin. For once, he hopes, his time-traveling family may be wrong about the future.","https://images-na.ssl-images-amazon.com/images/S/compressed.photo.goodreads.com/books/1734099153i/10965.jpg","server_url","upload\Diana Gabaldon\A_Breath_of_Snow_and_Ashes_6_-_Diana_Gabaldon.epub","1","0","0.00","0","1","1"
"10967","1","3","3617","Free","The Fiery Cross","The year is 1771, and war is coming. Jamie Fraser’s wife tells him so. Little as he wishes to, he must believe it, for hers is a gift of dreadful prophecy—a time-traveler’s certain knowledge. Claire’s unique view of the future has brought him both danger and deliverance in the past; her knowledge of the oncoming revolution is a flickering torch that may light his way through the perilous years ahead—or ignite a conflagration that will leave their lives in ashes.","https://images-na.ssl-images-amazon.com/images/S/compressed.photo.goodreads.com/books/1407366842i/10967.jpg","server_url","upload\Diana Gabaldon\The_Fiery_Cross_-_Diana_Gabaldon.epub","1","0","0.00","0","1","1"
"10987","1","3","3617","Free","Voyager","From the author of the breathtaking bestsellers Outlander and Dragonfly in Amber, the extraordinary saga continues.Their passionate encounter happened long ago by whatever measurement Claire Randall took. Two decades before, she had traveled back in time and into the arms of a gallant eighteenth-century Scot named Jamie Fraser. Then she returned to her own century to bear his child, believing him dead in the tragic battle of Culloden. Yet his memory has never lessened its hold on her... and her body still cries out for him in her dreams.Then Claire discovers that Jamie survived. Torn between returning to him and staying with their daughter in her own era, Claire must choose her destiny. And as time and space come full circle, she must find the courage to face the passion and pain awaiting her...the deadly intrigues raging in a divided Scotland... and the daring voyage into the dark unknown that can reunite or forever doom her timeless love.","https://images-na.ssl-images-amazon.com/images/S/compressed.photo.goodreads.com/books/1483278195i/10987.jpg","server_url","upload\Diana Gabaldon\Voyager_(Starz_Tie-In_Edition)_-_Diana_Gabaldon.epub","1","0","0.00","0","1","1"
"11003","1","3","2384","Free","Eleven on Top","Stephanie Plum is thinking her career as a fugitive apprehension agent has run its course. She's been shot at, spat at, cussed at, fire-bombed, mooned, and attacked by dogs. Stephanie thinks it's time for a change. So she quits. She wants something safe and normal. But the kind of trouble she had at the bail bonds office can't compare to the kind of trouble she finds herself facing now...Stephanie is stalked by a maniac returned from the grave for the sole purpose of putting her into a burial plot of her own. He's killed before, and he'll kill again if given the chance. Caught between staying far away from the bounty hunter business and staying alive, Stephanie reexamines her life and the possibility that being a bounty hunter is the solution rather than the problem. After disturbingly brief careers at the button factory, Kan Klean Dry Cleaners, and Cluck-in-a-Bucket, Stephanie takes an office position in security, working for Ranger, the sexiest, baddest bounty hunter and businessman on two continents. Tempers and temperatures rise as competition ratchets up between the two men in her life -- her on-again, off-again boyfriend, tough Trenton cop Joe Morelli, and her boss, Ranger. Can Stephanie Plum take the heat? Can you?","https://images-na.ssl-images-amazon.com/images/S/compressed.photo.goodreads.com/books/1166394806i/11003.jpg","server_url","upload\Janet Evanovich\Eleven_on_Top_-_Janet_Evanovich.epub","1","0","0.00","0","1","1"
"11026","1","3","239579,3128534,46923208","Free","Barnaby Rudge","Set against the backdrop of the Gordon Riots of 1780, Barnaby Rudge is a story of mystery and suspense which begins with an unsolved double murder and goes on to involve conspiracy, blackmail, abduction and retribution. Through the course of the novel fathers and sons become opposed, apprenctices plot against their masters and anti-Catholic mobs rampage through the streets. And, as London erupts into riot, Barnaby Rudge struggles to escape the curse of his own past. With its dramatic descriptions of public violence and private horror, its strange secrets and ghostly doublings, Barnaby Rudge is a powerful, disturbing blend of historical realism and Gothic melodrama.","https://images-na.ssl-images-amazon.com/images/S/compressed.photo.goodreads.com/books/1309202834i/11026.jpg","server_url","upload\Charles Dickens\Barnaby_Rudge_-_Charles_Dickens.epub","1","0","0.00","0","1","1"
"11125","1","3","630","Free","Digital Fortress","This an alternate cover for 9780552151696 When the NSA's invincible code-breaking machine encounters a mysterious code it cannot break, the agency calls its head cryptographer, Susan Fletcher, a brilliant and beautiful mathematician. What she uncovers sends shock waves through the corridors of power. The NSA is being held hostage...not by guns or bombs, but by a code so ingeniously complex that if released it would cripple U.S. intelligence.Caught in an accelerating tempest of secrecy and lies, Susan Fletcher battles to save the agency she believes in. Betrayed on all sides, she finds herself fighting not only for her country but for her life, and in the end, for the life of the man she loves.From the underground hallways of power to the skyscrapers of Tokyo to the towering cathedrals of Spain, a desperate race unfolds. It is a battle for survival--a crucial bid to destroy a creation of inconceivable genius...an impregnable code-writing formula that threatens to obliterate the post-cold war balance of power. Forever.","https://images-na.ssl-images-amazon.com/images/S/compressed.photo.goodreads.com/books/1360095966i/11125.jpg","server_url","upload\Dan       Brown\Digital_Fortress__A_Thriller_-_Dan_Brown.epub","1","0","0.00","0","1","1"
"11563","1","5","3389","Free","Danse Macabre","""Danse Macabre"" is a unique combination of fantasy and autobiography, of classic horror writing honed to an unforgettable edge; an analysis of horror, terror and the supernatural in films, television and books by the bestselling master of the genre — Stephen King. Ranging across the whole spectrum of horror in popular culture and going back to the seminal classics of Count Dracula and Frankenstein, Stephen King describes in his ideas how horror works on many levels, and how he brings it to bear in his own inimitable novels.","https://images-na.ssl-images-amazon.com/images/S/compressed.photo.goodreads.com/books/1309287093i/11563.jpg","server_url","upload\Stephen King\Danse_Macabre_-_Stephen_King.epub","1","0","0.00","0","1","1"
"11570","1","3","3389","Free","Dreamcatcher","In Derry, Maine, four young boys once stood together and did a brave thing. Something that changed them in ways they hardly understand.A quarter of a century later, the boys are men who have gone their separate ways. Though they still get together once a year, to go hunting in the north woods of Maine. But this time is different. This time a man comes stumbling into their camp, lost, disoriented and muttering about lights in the sky.Before long, these old friends will be plunged into the most remarkable events of their lives as they struggle with a terrible creature from another world. Their only chance of survival is locked in their shared past - and in the Dreamcatcher.","https://images-na.ssl-images-amazon.com/images/S/compressed.photo.goodreads.com/books/1611766265i/11570.jpg","server_url","upload\Stephen King\Dreamcatcher_-_Stephen_King.epub","1","0","0.00","0","1","1"
"11915","1","3","7581","Free","Broken","In this thrilling new novel from the author of Industrial Magic, a pregnant werewolf may have unwittingly unleashed Jack the Ripper on the twenty-first century — and become his next target…Ever since she discovered she’s pregnant, Elena Michaels has been on edge. After all, she’s never heard of another living female werewolf, let alone one who’s given birth. But thankfully, her expertise is needed to retrieve a stolen letter allegedly written by Jack the Ripper. As a distraction, the job seems simple enough — only the letter contains a portal to Victorian London’s underworld, which Elena inadvertently triggers — unleashing a vicious killer and a pair of zombie thugs.Now Elena must find a way to seal the portal before the unwelcome visitors get what they’re looking for — which, for some unknown reason, is Elena…From the Paperback edition.","https://images-na.ssl-images-amazon.com/images/S/compressed.photo.goodreads.com/books/1330706568i/11915.jpg","server_url","upload\Kelley Armstrong\Broken_-_Kelley_Armstrong.epub","1","0","0.00","0","1","1"
"13128","1","3","3780","Free","Cross","Alex Cross was a rising star in the Washington, DC, Police Department when an unknown shooter gunned down his wife, Maria, in front of him. The killer was never found, and the case turned cold, filed among the unsolved drive-bys in D.C.'s rough neighborhoods.Years later, still haunted by his wife's death, Cross is making a bold move in his life. Now a free agent from the police and the FBI, he's set up practice as a psychologist once again. His life with Nana Mama, Damon, Jannie, and little Alex is finally getting in order. He even has a chance at a new love.Then Cross's former partner, John Sampson, calls in a favor. He is tracking a serial rapist in Georgetown, one whose brutal modus operandi recalls a case Sampson and Cross worked together years earlier. When the case reveals a connection to Maria's death, Cross latches on for the most urgent and terrifying ride of his life.From the man USA TODAY has called the ""master of the genre,"" CROSS is the high-velocity thriller James Patterson and Alex Cross's fans have waited years to read - and the pinnacle of the bestselling detective series of the past two decades.This novel was originally published under the title Cross. The movie tie-in editions are published under the title Alex Cross. (less)","https://images-na.ssl-images-amazon.com/images/S/compressed.photo.goodreads.com/books/1388194831i/13128.jpg","server_url","upload\James Patterson\Alex_Cross_12_-_Cross_-_Patterson,_James.epub","1","0","0.00","0","1","1"
"13130","1","3","3780,8214","Free","Judge & Jury","Andie DeGrasse, an aspiring actress and single mom, is not your typical juror. Hoping to get dismissed from the pool, she tells the judge that most of her legal knowledge comes from a bit part curling around the stripper's pole in The Sopranos. But she still ends up as juror number 11 in a landmark trial against a notorious mob boss.
The judge is terrified of the defendant.
The case quickly becomes the new Trial of the Century. Mafia don Dominic Cavello, known as the Electrician, is linked to hundreds of gruesome, unspeakable crimes. Senior FBI agent Nick Pellisante has been tracking him for years. He knows Cavello's power reaches far beyond the courtroom but the FBI's evidence against the ruthless killer is ironclad. Conviction is sure thing.
So is the jury.
As the jury is about to reach a verdict, the Electrician makes one devastating move that no one could have predicted. The entire nation is reeling, and Andie's world is shattered. For her, the hunt for the Electrician becomes personal, and she and Pellisante come together in an unbreakable bond: they exact justice - at any cost.
The verdict: Run for your life.","https://images-na.ssl-images-amazon.com/images/S/compressed.photo.goodreads.com/books/1440619495i/13130.jpg","server_url","upload\James  Patterson\Judge_&_Jury_-_James_Patterson.epub","1","0","0.00","0","1","1"
"13131","1","3","3780,8215","Free","The 6th Target","When a horrifying attack leaves one of the four members of the Women's Murder Club struggling for her life, the others fight to keep a madman behind bars before anyone else is hurt.And Lindsay Boxer and her new partner in the San Francisco police department run flat-out to stop a series of kidnappings that has electrified the city: children are being plucked off the streets together with their nannies--but the kidnappers aren't demanding ransom. Amid uncertainty and rising panic, Lindsay juggles the possibility of a new love with an unsolvable investigation, and the knowledge that one member of the club could be on the brink of death.And just when everything appears momentarily under control, the case takes a terrifying turn, putting an entire city in lethal danger. Lindsay must make a choice she never dreamed she'd face--with no certainty that either outcome has more than a prayer of success.","https://images-na.ssl-images-amazon.com/images/S/compressed.photo.goodreads.com/books/1336275870i/13131.jpg","server_url","upload\James Patterson\The_6th_Target_-_James_Patterson.epub","1","0","0.00","0","1","1"
"13132","1","3","3780,8214","Free","3rd Degree","3rd Degree <> Mass Market Paperback <> JamesPatterson <> WarnerBooks(NY)","https://images-na.ssl-images-amazon.com/images/S/compressed.photo.goodreads.com/books/1523207746i/13132.jpg","server_url","upload\James Patterson\3rd_Degree_-_James_Patterson.epub","1","0","0.00","0","1","1"
"13136","1","3","3780,8214","Free","2nd Chance","The Women's Murder Club returns for another thrilling crime investigation. Will their skills be enough to take down a brutal madman?A brutal madman sprays bullets into a crowd of children leaving a San Francisco church. Miraculously-or was it intentionally?-only one person dies. Then an elderly black woman is hung. Police homicide inspector Lindsay Boxer senses a connection and together with medical examiner Claire, assistant D. A. Jill, and Chronicle reporter Cindy, finds a link that sends a chill through the entire nation. This killer's motives are unspeakable.In this ""inventive"" installment of the Women's Murder Club, James Patterson proves once again why he is the #1 master of the murder mystery (Sunday Times).","https://images-na.ssl-images-amazon.com/images/S/compressed.photo.goodreads.com/books/1522906622i/13136.jpg","server_url","upload\James Patterson\2-_Second_Chance_-_James_Patterson.epub","1","0","0.00","0","1","1"
"13137","1","3","3780","Free","1st to Die","Four crime-solving friends face off against a killer in San Francisco in the Women's Murder Club novel that started James Patterson's thrilling series.Each one holds a piece of the puzzle: Lindsay Boxer is a homicide inspector in the San Francisco Police Department, Claire Washburn is a medical examiner, Jill Bernhardt is an assistant D.A., and Cindy Thomas just started working the crime desk of the San Francisco Chronicle.But the usual procedures aren't bringing them any closer to stopping the killings. So these women form a Women's Murder Club to collaborate outside the box and pursue the case by sidestepping their bosses and giving each other a hand. The four women develop intense bonds as they pursue a killer whose crimes have stunned an entire city. Working together, they track down the most terrifying and unexpected killer they have ever encountered--before a shocking conclusion in which everything they knew turns out to be devastatingly wrong.Full of the breathtaking drama and unforgettable emotions for which James Patterson is famous, 1st to Die is the start of the #1 New York Times bestselling series of crime thrillers.","https://images-na.ssl-images-amazon.com/images/S/compressed.photo.goodreads.com/books/1522906581i/13137.jpg","server_url","upload\James Patterson\1st_to_Die_-_James_Patterson.epub","1","0","0.00","0","1","1"
"13140","1","3","3780","Free","Jack & Jill","In the middle of the night, a controversial U.S. Senator is found murdered in bed in his Georgetown pied-a-terre. The police turn up only one clue: a mysterious rhyme signed 'Jack and Jill' promising that this is just the beginning. The two are out to get the rich and famous. They will stop at nothing until their fiendish plan is carried out.Meanwhile, Washington, D. C., homicide detective Alex Cross is called to a murder scene only blocks from his house. Far from the corridors of power where he spends his days. The victim: a beautiful little girl, savagely beaten--and deposited in front of the elementary school Cross's son, Damon, attends.Could there be a connection between the murders? As Cross tries to put the pieces together, the killer - or killers - strike again. And again. No one in Washington is safe - not children, not politicians, not even the President of the United States. Only Cross has the skills and the courage to crack the case, but will he discover the truth in time?A relentless roller coaster of heart-pounding suspense and jolting plot twists, 'Jack and Jill' proves that no one can write a more compelling thriller than James Patterson--the master of the nonstop nightmare.","https://images-na.ssl-images-amazon.com/images/S/compressed.photo.goodreads.com/books/1388253756i/13140.jpg","server_url","upload\James Patterson\Jack_&_Jill_-_James_Patterson.epub","1","0","0.00","0","1","1"
"13143","1","3","3780","Free","Pop Goes the Weasel","Detective Alex Cross is back-and he's in love. But his happiness is threatened by a series of chilling murders in Washington, D.C., murders with a pattern so twisted they leave investigators reeling. Cross's pursuit of the killer produces a suspect, a British diplomat named Geoffrey Shafer. But proving he's the murderer becomes a potentially deadly task. As Shafer engages in a brilliant series of surprising counter moves, Alex and his fiancee become hopelessly entangled with the most memorable nemesis Cross has ever faced.","https://images-na.ssl-images-amazon.com/images/S/compressed.photo.goodreads.com/books/1409590172i/13143.jpg","server_url","upload\James Patterson\Pop_Goes_the_Weasel_-_James_Patterson.epub","1","0","0.00","0","1","1"
"13145","1","3","3780","Free","Along Came a Spider","What have we got? A missing little girl named Maggie Rose . . . a family of three brutally murdered in the projects of Washington, D.C. . . . the thrill-killing of a beautiful elementary school teacher . . . a psychopathic serial kidnapper/murderer who is so terrifying that the FBI, the Secret Service, and the police cannot outsmart him - even after he's been captured.Gary Soneji wants to commit the crime of the century. Alex Cross is the brilliant homicide detective pitted against him. Jezzie Flanagan is the first female supervisor of the Secret Service. They complete one of the most unusual suspense triangles in any thriller you have ever read. Alex and Jezzie are about to have a forbidden love affair—at the worst possible time for both of them. Because Gary Soneji is playing at the top of his game. The latest of the unspeakable crimes happens in Alex Cross's precinct and it happens under the nose of Jezzie and her men.Alex faces the ultimate test: how do you outmaneuver a brilliant psychopath?","https://images-na.ssl-images-amazon.com/images/S/compressed.photo.goodreads.com/books/1388272560i/13145.jpg","server_url","upload\James Patterson\Cross_-_James_Patterson.epub","1","0","0.00","0","1","1"
"13147","1","3","3780,8216","Free","Honeymoon","Don't give away the ending ... don't give away the beginning.How does it feel to be desired by every man and envied by every woman? Wonderful. This is the life Nora Sinclair has dreamed about, the life she's worked hard for, the life she will never give up. She doesn't just attract men, she enthralls them. So why is FBI agent John O'Hara interested in Nora Sinclair? Mysterious things happen to people around her, especially the men. And there is something dangerous about Nora, something that lures O'Hara at the same time that it fills him with fear.Is something dark hidden in the gaps of her past? As O'Hara spends more and more time getting to know her, is he pursuing justice? Or his own fatal obsession?","https://images-na.ssl-images-amazon.com/images/S/compressed.photo.goodreads.com/books/1388199852i/13147.jpg","server_url","upload\James Patterson\Honeymoon_-_James_Patterson.epub","1","0","0.00","0","1","1"
"13148","1","3","3780","Free","Kiss the Girls","Alex Cross is back.In Los Angeles, a reporter investigating a series of murders is killed.In Chapel Hill, North Carolina, a beautiful medical intern suddenly disappears.And in Washington D.C., Cross needs to find the solution to the most baffling and terrifying murder case ever. Two clever pattern killers are collaborating, cooperating, competing - and they are working coast to coast. Is Alex Cross up to the challenge?","https://images-na.ssl-images-amazon.com/images/S/compressed.photo.goodreads.com/books/1390010470i/13148.jpg","server_url","upload\James Patterson\Kiss_the_Girls_-_James_Patterson.epub","1","0","0.00","0","1","1"
"13151","1","3","3780","Free","London Bridges","TWO OF THE GREATEST VILLAINS JAMES PATTERSON HAS EVER CREATED IN ONE BOOK!Minutes after soldiers evacuate a Nevada town, a bomb completely destroys it. On vacation, FBI agent Alex Cross gets the call: the blast was perpetrated by the Wolf. A supercriminal and Cross's deadliest nemesis, the Wolf threatens to obliterate major cities, including London, Paris, and New York. Then evidence reveals the involvement of a ruthless assassin known as the Weasel. Could these two dark geniuses be working together? Now with just four days to prevent an unimaginable cataclysm, Cross is catapulted into an international chase of astonishing danger --- and toward the explosive truth about the Wolf's identity, a revelation that Cross may not survive.","https://images-na.ssl-images-amazon.com/images/S/compressed.photo.goodreads.com/books/1439049145i/13151.jpg","server_url","upload\James Patterson\London_Bridges_-_James_Patterson.epub","1","0","0.00","0","1","1"
"13152","1","3","3780","Free","The Angel Experiment","Excellent Item","https://images-na.ssl-images-amazon.com/images/S/compressed.photo.goodreads.com/books/1339277875i/13152.jpg","server_url","upload\James Patterson\Angel__A_Maximum_Ride_Novel_-_James_Patterson.epub","1","0","0.00","0","1","1"
"13205","1","5","3503","Free","Hallelujah! The Welcome Table: A Lifetime of Memories with Recipes","Throughout Maya Angelou’s life, from her childhood in Stamps, Arkansas, to her world travels as a bestselling writer, good food has played a central role. Preparing and enjoying homemade meals provides a sense of purpose and calm, accomplishment and connection. Now in Hallelujah! The Welcome Table, Angelou shares memories pithy and poignant–and the recipes that helped to make them both indelible and irreplaceable.Angelou tells us about the time she was expelled from school for being afraid to speak–and her mother baked a delicious maple cake to brighten her spirits. She gives us her recipe for short ribs along with a story about a job she had as a cook at a Creole restaurant (never mind that she didn’t know how to cook and had no idea what Creole food might entail). There was the time in London when she attended a wretched dinner party full of wretched people; but all wasn’t lost–she did experience her initial taste of a savory onion tart. She recounts her very first night in her new home in Sonoma, California, when she invited M. F. K. Fisher over for cassoulet, and the evening Deca Mitford roasted a chicken when she was beyond tipsy–and created Chicken Drunkard Style. And then there was the hearty brunch Angelou made for a homesick Southerner, a meal that earned her both a job offer and a prophetic compliment: “If you can write half as good as you can cook, you are going to be famous.”Maya Angelou is renowned in her wide and generous circle of friends as a marvelous chef. Her kitchen is a social center. From fried meat pies, chicken livers, and beef Wellington to caramel cake, bread pudding, and chocolate éclairs, the one hundred-plus recipes included here are all tried and true, and come from Angelou’s heart and her home. Hallelujah! The Welcome Table is a stunning collaboration between the two things Angelou loves best: writing and cooking.","https://images-na.ssl-images-amazon.com/images/S/compressed.photo.goodreads.com/books/1420665942i/13205.jpg","server_url","upload\Maya Angelou\Maya_Angelou_-_Hallelujah!_The_Welcome_Table__A_Lifetime_of_Memories_with_Recipes-Random_House_(2004).epub","1","0","0.00","0","1","1"
"13214","1","5","3503","Free","I Know Why the Caged Bird Sings","Maya Angelou’s debut memoir is a modern American classic beloved worldwide. Her life story is told in the documentary film And Still I Rise, as seen on PBS’s American Masters.Here is a book as joyous and painful, as mysterious and memorable, as childhood itself. I Know Why the Caged Bird Sings captures the longing of lonely children, the brute insult of bigotry, and the wonder of words that can make the world right. Maya Angelou’s debut memoir is a modern American classic beloved worldwide. Sent by their mother to live with their devout, self-sufficient grandmother in a small Southern town, Maya and her brother, Bailey, endure the ache of abandonment and the prejudice of the local “powhitetrash.” At eight years old and back at her mother’s side in St. Louis, Maya is attacked by a man many times her age—and has to live with the consequences for a lifetime. Years later, in San Francisco, Maya learns that love for herself, the kindness of others, her own strong spirit, and the ideas of great authors (“I met and fell in love with William Shakespeare”) will allow her to be free instead of imprisoned. Poetic and powerful, I Know Why the Caged Bird Sings will touch hearts and change minds for as long as people read.","https://images-na.ssl-images-amazon.com/images/S/compressed.photo.goodreads.com/books/1327957927i/13214.jpg","server_url","upload\Maya Angelou\I_Know_Why_the_Caged_Bird_Sings_-_Maya_Angelou.epub","1","0","0.00","0","1","1"
"13440","1","3","3389","Free","Skeleton Crew","Librarian's Note: Alternate-cover edition for ISBN 0751504386In a bumper collection of truly chilling tales, we meet Gramma - who only wanted to hug little George, even after she was dead; The Raft - a primeval sea creature with an insatiable appetite; The Monkey - an innocent-looking toy with sinister powers; the unspeakable horror of The Mist. And there is a gruesome host of other stories, each with the distinctive blend of unimaginable terror and realism that typifies King's writing.","https://images-na.ssl-images-amazon.com/images/S/compressed.photo.goodreads.com/books/1660827280i/13440.jpg","server_url","upload\Stephen King\Skeleton_Crew_-_Stephen_King.epub","1","0","0.00","0","1","1"
"13496","1","3","346732","Free","A Game of Thrones","Long ago, in a time forgotten, a preternatural event threw the seasons out of balance. In a land where summers can last decades and winters a lifetime, trouble is brewing. The cold is returning, and in the frozen wastes to the north of Winterfell, sinister forces are massing beyond the kingdom’s protective Wall. To the south, the king’s powers are failing—his most trusted adviser dead under mysterious circumstances and his enemies emerging from the shadows of the throne. At the center of the conflict lie the Starks of Winterfell, a family as harsh and unyielding as the frozen land they were born to. Now Lord Eddard Stark is reluctantly summoned to serve as the king’s new Hand, an appointment that threatens to sunder not only his family but the kingdom itself.Sweeping from a harsh land of cold to a summertime kingdom of epicurean plenty, A Game of Thrones tells a tale of lords and ladies, soldiers and sorcerers, assassins and bastards, who come together in a time of grim omens. Here an enigmatic band of warriors bear swords of no human metal; a tribe of fierce wildlings carry men off into madness; a cruel young dragon prince barters his sister to win back his throne; a child is lost in the twilight between life and death; and a determined woman undertakes a treacherous journey to protect all she holds dear. Amid plots and counter-plots, tragedy and betrayal, victory and terror, allies and enemies, the fate of the Starks hangs perilously in the balance, as each side endeavors to win that deadliest of conflicts: the game of thrones.","https://images-na.ssl-images-amazon.com/images/S/compressed.photo.goodreads.com/books/1562726234i/13496.jpg","server_url","upload\George R.R. Martin\A_Game_of_Thrones_(A_Song_of_Ic_-_George_R._R._Martin.epub","1","0","0.00","0","1","1"
"13497","1","3","346732","Free","A Feast for Crows","Crows will fight over a dead man's flesh, and kill each other for his eyes.Bloodthirsty, treacherous and cunning, the Lannisters are in power on the Iron Throne in the name of the boy-king Tommen. The war in the Seven Kingdoms has burned itself out, but in its bitter aftermath new conflicts spark to life.The Martells of Dorne and the Starks of Winterfell seek vengeance for their dead. Euron Crow's Eye, as black a pirate as ever raised a sail, returns from the smoking ruins of Valyria to claim the Iron Isles. From the icy north, where Others threaten the Wall, apprentice Maester Samwell Tarly brings a mysterious babe in arms to the Citadel.Against a backdrop of incest and fratricide, alchemy and murder, victory will go to the men and women possessed of the coldest steel and the coldest hearts.","https://images-na.ssl-images-amazon.com/images/S/compressed.photo.goodreads.com/books/1754219708i/13497.jpg","server_url","upload\George R.R. Martin\A_Feast_for_Crows_-_George_R._R._Martin.epub","1","0","0.00","0","1","1"
"13807","1","3","8588","Free","Flight of the Nighthawks","Sorcerer Pug wakes from a nightmare that portends destruction for all of Midkemia, and his son Magnus learns the reason: a beacon draws an army of alien invaders, and nemesis Sidi, now Leso Varen. In Stardock town, two boys come of age and go deep into the Empire of Great Kesh. A dark plot implicates the highest-ranking nobles, and the Nighthawks clan of Assassins.","https://images-na.ssl-images-amazon.com/images/S/compressed.photo.goodreads.com/books/1439280326i/13807.jpg","server_url","upload\Raymond E. Feist\Flight_of_the_Nighthawks_-_Raymond_E._Feist.epub","1","0","0.00","0","1","1"
"13808","1","3","8588,8589","Free","Honored Enemy","New York Times Bestselling Author In the frozen Northlands of Midkemia, Captain Dennis Hartraft’s Marauders have just had a disastrous encounter with their sworn enemy, the Tsurani. Wounded and disheartened, the Mauraders set out for the shelter of a frontier garrison. They don’t know that a Tsurani patrol is sent to support an assault on that same garrison. Arriving simultaneously, the Marauders and Tsurani find the outpost already overrun by a dark enemy whose ferocity is legendary in Midkemia. In order to survive, the foes must band together and fight as one. As they make their way across the inhospitable climate, the two batallions struggle not only with the elements and their enemy, but also their consciences. Can their hatred for their mutual enemy overcome their distrust of each other? And, with both sides carrying painful scars from past wars, what is more one’s life or one’s honor?","https://images-na.ssl-images-amazon.com/images/S/compressed.photo.goodreads.com/books/1407107640i/13808.jpg","server_url","upload\Raymond E. Feist\Honored_Enemy_-_Raymond_E._Feist.epub","1","0","0.00","0","1","1"
"13813","1","3","8588","Free","A Darkness at Sethanon","A Darkness at Sethanon is the stunning climax to Raymond E. Feist's brilliant epic fantasy trilogy, the Riftwar Saga. Here be dragons and sorcery, swordplay, quests, pursuits, intrigues, stratagems, journeys to the darkest realms of the dead and titanic battles between the forces of good and darkest evil. Here is the final dramatic confrontation between Arutha and Murmandamus - and the perilous quest of Pug the magician and Tomas the warrior for Macros the Black. A Darkness at Sethanon is heroic fantasy of the highest excitement and on the grandest scale, a magnificent conclusion to one of the great fantasy sagas of our time.","https://images-na.ssl-images-amazon.com/images/S/compressed.photo.goodreads.com/books/1429041258i/13813.jpg","server_url","upload\Raymond E. Feist\A_Darkness_at_Sethanon_-_Raymond_E._Feist.epub","1","0","0.00","0","1","1"
"13833","1","3","8596","Free","Emperor Mage","Sent to Carthak as part of the Tortallan peace delegation, Daine finds herself in the middle of a sticky political situation. She doesn't like the Carthaki practice of keeping slaves, but it's not her place to say anything -- she's just there to heal the emperor's birds. It's extremely frustrating! What's more, her power has grown in a mysterious way.As the peace talks stall, Daine puzzles over Carthak's two-faced Emperor Ozorne. How can he be so caring with his birds and so cruel to his people? Daine is sure he's planning something. Daine must fight the powerful Emperor Mage, knowing that the safety and peace of the realm depend on stopping Ozorne's power-hungry schemes.","https://images-na.ssl-images-amazon.com/images/S/compressed.photo.goodreads.com/books/1555634015i/13833.jpg","server_url","upload\Tamora Pierce\Emperor_Mage_-_Tamora_Pierce.epub","1","0","0.00","0","1","1"
"13834","1","3","8596","Free","The Realms of the Gods","During a dire battle against the fearsome Skinners, Daine and her mage teacher Numair are swept into the Divine Realms. Though happy to be alive, they are not where they want to be. They are desperately needed back home, where their old enemy, Ozorne, and his army of strange creatures are waging war against Tortall.Trapped in the mystical realms Daine discovers her mysterious parentage. And as these secrets of her past are revealed so is the treacherous way back to Tortall. So they embark on an extraordinary journey home, where the fate of all Tortall rests with Daine and her wild magic.","https://images-na.ssl-images-amazon.com/images/S/compressed.photo.goodreads.com/books/1556165774i/13834.jpg","server_url","upload\Tamora Pierce\The_Realms_of_the_Gods_-_Tamora_Pierce.epub","1","0","0.00","0","1","1"
"13836","1","3","8596","Free","Wild Magic","Young Daine's knack with horses gets her a job helping the royal horsemistress drive a herd of ponies to Tortall. Soon it becomes clear that Daine's talent, as much as she struggles to hide it, is downright magical. Horses and other animals not only obey, but listen to her words. Daine, though, will have to learn to trust humans before she can come to terms with her powers, her past, and herself.","https://images-na.ssl-images-amazon.com/images/S/compressed.photo.goodreads.com/books/1554192590i/13836.jpg","server_url","upload\Tamora Pierce\Wild_Magic_-_Tamora_Pierce.epub","1","0","0.00","0","1","1"
"13838","1","5","2121","Free","A Place of My Own: The Education of an Amateur Builder","A room of one's own: is there anybody who hasn't at one time or another wished for such a place, hasn't turned those soft words over until they'd assumed a habitable shape?When writer Michael Pollan decided to plant a garden, the result was an award-winning treatise on the borders between nature and contemporary life, the acclaimed bestseller Second Nature. Now Pollan turns his sharp insight to the craft of building, as he recounts the process of designing and constructing a small one-room structure on his rural Connecticut property--a place in which he hoped to read, write and daydream, built with his two own unhandy hands.Invoking the titans of architecture, literature and philosophy, from Vitrivius to Thoreau, from the Chinese masters of feng shui to the revolutionary Frank Lloyd Wright, Pollan brilliantly chronicles a realm of blueprints, joints and trusses as he peers into the ephemeral nature of ""houseness"" itself. From the spark of an idea to the search for a perfect site to the raising of a ridgepole, Pollan revels in the infinitely detailed, complex process of creating a finished structure. At once superbly written, informative and enormously entertaining, A Place of My Own is for anyone who has ever wondered how the walls around us take shape--and how we might shape them ourselves.A Place of My Own recounts his two-and-a-half-year journey of discovery in an absorbing narrative that deftly weaves the day-to-day work of design and building--from siting to blueprint, from the pouring of foundations to finish carpentry--with reflections on everything form the power of place to shape our lives to the question of what constitutes ""real work"" in a technological society.A book about craft that is itself beautifully crafted, linking the world of the body and material things with the realm of mind, heart, and spirit, A Place of My Own has received extraordinary praise.","https://images-na.ssl-images-amazon.com/images/S/compressed.photo.goodreads.com/books/1386920202i/13838.jpg","server_url","upload\Michael Pollan\Michael_Pollan_-_A_Place_of_My_Own-Penguin_USA,_Inc._(2008).epub","1","0","0.00","0","1","1"
"13888","1","3","6252","Free","Knife of Dreams","The dead are walking, men die impossible deaths, and it seems as though reality itself has become unstable: All are signs of the imminence of Tarmon Gai'don, the Last Battle, when Rand al'Thor, the Dragon Reborn, must confront the Dark One as humanity's only hope. But Rand dares not fight until he possesses all the surviving seals on the Dark One's prison and has dealt with the Seanchan, who threaten to overrun all nations this side of the Aryth Ocean and increasingly seem too entrenched to be fought off. But his attempt to make a truce with the Seanchan is shadowed by treachery that may cost him everything. Whatever the price, though, he must have that truce. And he faces other dangers.The winds of time have become a storm, and things that everyone believes are fixed in place forever are changing before their eyes. Even the White Tower itself is no longer a place of safety. Now Rand, Perrin and Mat, Egwene and Elayne, Nynaeve and Lan, and even Loial, must ride those storm winds, or the Dark One will triumph.","https://images-na.ssl-images-amazon.com/images/S/compressed.photo.goodreads.com/books/1659904494i/13888.jpg","server_url","upload\Robert Jordan\Knife_of_Dreams_-_Robert_Jordan.epub","1","0","0.00","0","1","1"
"13890","1","3","6252","Free","A Crown of Swords","The Wheel of Time turns, and Ages come and go. What was, what will be, and what is, may yet fall under the Shadow.Let the Dragon ride again on the winds of time.","https://images-na.ssl-images-amazon.com/images/S/compressed.photo.goodreads.com/books/1358542379i/13890.jpg","server_url","upload\Robert Jordan\A_Crown_of_Swords_-_Robert_Jordan.epub","1","0","0.00","0","1","1"
"13895","1","3","6252","Free","The Fires of Heaven","The Wheel of Time is now an original series on Prime Video, starring Rosamund Pike as Moiraine!In The Fires of Heaven, the fifth novel in Robert Jordan’s #1 New York Times bestselling epic fantasy series, The Wheel of Time, four of the most powerful Forsaken band together against the Champion of Light, Rand al’Thor.Prophesized to defeat the Dark One, Rand al'Thor, the Dragon Reborn, has upset the balance of power across the land. Shaido Aiel are on the march, ravaging everything in their path. The White Tower's Amyrlin has been deposed, turning the Aes Sedai against one another. The forbidden city of Rhuidean is overrun by Shadowspawn.Despite the chaos swirling around him, Rand continues to learn how to harness his abilities, determined to wield the One Power--and ignoring the counsel of Moiraine Damodred at great cost.Since its debut in 1990, The Wheel of Time® by Robert Jordan has captivated millions of readers around the globe with its scope, originality, and compelling characters. The last six books in series were all instant #1 New York Times bestsellers, and The Eye of the World was named one of America's best-loved novels by PBS's The Great American Read.The Wheel of Time®New Spring: The Novel#1 The Eye of the World#2 The Great Hunt#3 The Dragon Reborn#4 The Shadow Rising#5 The Fires of Heaven#6 Lord of Chaos#7 A Crown of Swords#8 The Path of Daggers#9 Winter's Heart#10 Crossroads of Twilight#11 Knife of DreamsBy Robert Jordan and Brandon Sanderson#12 The Gathering Storm#13 Towers of Midnight#14 A Memory of Light","https://images-na.ssl-images-amazon.com/images/S/compressed.photo.goodreads.com/books/1327866286i/13895.jpg","server_url","upload\Robert Jordan\The_Fires_of_Heaven_-_Robert_Jordan_1.epub","1","0","0.00","0","1","1"
"13917","1","3","8646","Free","Path of Honor","Two years after Reisil's arrival, Kodu Riik is decimated by plague and famine. And now a race of sorcerers is trying to take over. Reisil's power is feared by the nobility, others wish to exploit her, and her fellow ahalad-kaaslane begin to doubt her loyalty, as her healing magic fails to stem the rising plague. But Reisil will discover that although she has lost her power to heal, she now possesses a surging new ability-to destroy.","https://images-na.ssl-images-amazon.com/images/S/compressed.photo.goodreads.com/books/1400285467i/13917.jpg","server_url","upload\Diana Pharaoh Francis\Path_of_Honor_-_Diana_Pharaoh_Francis.epub","1","0","0.00","0","1","1"
"13921","1","3","8646","Free","Path of Blood","Chaos reigns in the realm of Kodu Riik. Plague continues to ravage its populace. Armies of the power-hungry Aare are on the march, slaughtering everything in their path to place a madman on the throne. And the rift between the kingdom and the land of Cemanahuatl yawns ever wider, threatening to consume both beneath waves of uncontrollable magic and destroy every living soul within them.Only Reisil possesses enough power to breach the spellbound city of Mysane Kosk and seal the fracture. Accompanied by her goshawk, Saljane, and her lover, Yohuac, Reisil must journey across a land besieged by war and fight for a domain torn asunder by sorceries beyond imagining....","https://images-na.ssl-images-amazon.com/images/S/compressed.photo.goodreads.com/books/1400285468i/13921.jpg","server_url","upload\Diana Pharaoh Francis\Path_of_Blood_-_Diana_Pharaoh_Francis.epub","1","0","0.00","0","1","1"
"13978","1","3","8685","Free","One Good Knight","Return to the Five Hundred Kingdoms, where a damsel can rescue herself, thank you…Princess Andromeda knows that any problem can be solved with a bit of research. So when a dragon storms the kingdom of Acadia, she decides it’s time to hit the books. Despite all her research, the only acceptable answer she can find is sacrificing a fair maiden—for Acadia is governed by “Tradition,” a rule that cannot so easily be sundered. Then she is picked as the sacrifice and must take matters into her own hands.With the help of her champion, Sir George, Andromeda sets out in search of the dragon’s lair, wanting nothing more than to change her fate. But to do so will take the strongest of wills, knowledge, quick wits and a refusal to give up, no matter what happens along the way…Previously Published.Read the Tale of Five Hundred Kingdoms Series by Mercedes Book 1: The Fairy GodmotherBook 2: One Good KnightBook 3: Fortune’s FoolBook 4: The Snow QueenBook 5: The Sleeping BeautyBook 6: Beauty and the Werewolf","https://images-na.ssl-images-amazon.com/images/S/compressed.photo.goodreads.com/books/1391493999i/13978.jpg","server_url","upload\Mercedes Lackey\One_Good_Knight_-_Mercedes_Lackey.epub","1","0","0.00","0","1","1"
"13979","1","3","8685","Free","Aerie","In the fourth and final novel of Mercedes Lackey's Dragon Jousters series, Kiron, the man who had once been a dragon-boy called Vetch, has united the dragon riders and managed to rid their world of both war and magical domination. But are the evil Magi really gone for good? As Kiron tries to build a new civilization at the site of an abandoned cliff dweller's city, called Aerie, conflicts arise, and he soon realizes there is a vast conspiracy at work, which includes individuals who have infiltrated every walk of life-even his own family. Once the heads of the Magi, these conspirators are determined to regain their sinister control.","https://images-na.ssl-images-amazon.com/images/S/compressed.photo.goodreads.com/books/1388335865i/13979.jpg","server_url","upload\Mercedes Lackey\Aerie_-_Mercedes_Lackey.epub","1","0","0.00","0","1","1"
"13981","1","3","8685","Free","Fortune's Fool","The Barnes & Noble ReviewNew York Timesbestselling author Mercedes Lackey spins a variety of fairy tales -- think The Little Mermaid and old Russian folktales -- into a satisfying romantic fantasy in this third installment in her Five Hundred Kingdoms series. Katya, the youngest daughter of the Sea King, is sent by her father on a spying expedition. It's a perfect assignment for one with the unique ability to transverse both land and water. Once on land, Katya encounters a spectacular battle between two mages, then meets Sasha. He is also of royal birth -- the seventh son -- destined to play the part of the Wise or Fortunate Fool and Songweaver. Their instant affinity and blooming romance is interrupted when Katya's father calls her back on business: Two magical maidens have gone missing from an island. Katya disguises herself and gets kidnapped by the Jinn who is keeping the others prisoner, but it will take all her cleverness and powers, as well as Sasha's magic, to get them out alive. Readers will admire Katya's spirit, and fans of the previous two books -- The Fairy Godmother and One Good Knight -- will welcome the return of the Little Humpback Horse. Ginger Curwen","https://images-na.ssl-images-amazon.com/images/S/compressed.photo.goodreads.com/books/1386924555i/13981.jpg","server_url","upload\Mercedes Lackey\Fortune's_Fool_-_Mercedes_Lackey.epub","1","0","0.00","0","1","1"
"13985","1","3","8685,8687","Free","By Slanderous Tongues","Great Harry is dead, and England is ruled by a dour Protector for 10-year-old Edward VI¿-a Protector intent on keeping total control over the young king and no friend to Lady Elizabeth because of her brother¿s fondness for her. In the great lens and the dark pool that hold Visions for the FarSeers of the Bright Court and the Dark, the images change and waver. A pale, thin girl sometimes wears a crown and sometimes has no head; King Edward and his Court grow misty as he changes from boy to stripling. But the fires of Mary¿s reign still burn bright as they swallow writhing men, women, and children, and if she ever reigns the red-haired queen brings a burgeoning of art and joy. Elimination of that last possibility for England is Vidal Dhu¿s prime purpose, but he has been forbidden by King Oberon to attack Elizabeth. Though he may not attack her directly, still he hatches schemes within schemes. And if his plan to involve the young princess in a scandal that would render her unfit to rule in the opinion of the Proctor and his Council, he has more twisted plans to eliminate Elizabeth once and for all.","https://images-na.ssl-images-amazon.com/images/S/compressed.photo.goodreads.com/books/1388499196i/13985.jpg","server_url","upload\Mercedes Lackey\By_Slanderous_Tongues_-_Mercedes_Lackey.epub","1","0","0.00","0","1","1"
"13987","1","3","8685","Free","Phoenix and Ashes","Mercedes Lackey's magical Elemental Masters series recasts familiar fairy tales in a richly-imagined alternate Victorian worldEleanor Robinson’s life had shattered when Father volunteered for the Great War, leaving her alone with a woman he had just married. Then the letter came that told of her father’s death in the trenches and though Eleanor thought things couldn’t get any worse, her life took an even more bizarre turn.Dragged to the hearth by her stepmother Alison, Eleanor was forced to endure a painful and frightening ritual during which the smallest finger of her left hand was severed and buried beneath a hearthstone. For her stepmother was an Elemental Master of Earth who practiced the darker blood-fueled arts. Alison had bound Eleanor to the hearth with a spell that prevented her from leaving home, caused her to fade from people’s memories, and made her into a virtual slave.Months faded into years for Eleanor, and still the war raged. There were times she felt she was losing her mind—times she seemed to see faces in the hearth fire.Reginald Fenyx was a pilot. He lived to fly, and whenever he returned home on break from Oxford, the youngsters of the town would turn out to see him lift his aeroplane—a frail ship of canvas and sticks—into the sky and soar through the clouds.During the war, Reggie had become an acclaimed air ace, for he was an Elemental Master of Air. His Air Elementals had protected him until the fateful day when he had met another of his kind aloft, and nearly died. When he returned home, Reggie was a broken man plagued by shell shock, his Elemental powers vanished.Eleanor and Reginald were two souls scourged by war and evil magic. Could they find the strength to help one another rise from the ashes of their destruction?","https://images-na.ssl-images-amazon.com/images/S/compressed.photo.goodreads.com/books/1388967917i/13987.jpg","server_url","upload\Mercedes Lackey\Phoenix_and_Ashes_-_Mercedes_Lackey.epub","1","0","0.00","0","1","1"
"13989","1","3","8685,8687","Free","Ill Met by Moonlight","England in the sixteenth century: a nation at a fatal fork in time, leading to two possible futures forseen by the Sidhe of Elfhame Avalon. Either an evil queen will join forces with the Inquisition and rule with a blood-spattered iron hand, threatening humans and elves alike¿or a benevolent, red-haired queen named Elizabeth will rule wisely and well. But the evil Unseleighe Sidhe, who feed on human suffering and dark emotions, are determined that the little girl Elizabeth shall never grow up to take the throne. Opposing them are the good Sidhe of elfland, who have so far managed to protect the young girl. Denoriel had foiled one attempt to kidnap both Elizabeth and her half-brother and replace them with changelings, almost at the cost of his own life. But a few years have passed, and Denoriel has healed and returned to guard the young princess, now all of eight years old, secure in the knowledge that his enemy Vidal, leader of the evil Unseleighe, is dead, killed with an iron bolt fired from a primitive gun. Unfortunately, he is wrong: Vidal¿s armor was far stronger than any of the good elves realized. Though the wound was deep and Vidal was forced to bide his time in his own slow healing, his recovery is complete, his determination to hurl England into a new dark age is as strong as ever, and he has set in motion a plan to achieve this end of which Denoriel and his comrades are dangerously unaware. . . .","https://images-na.ssl-images-amazon.com/images/S/compressed.photo.goodreads.com/books/1386922830i/13989.jpg","server_url","upload\Mercedes Lackey\Ill_Met_By_Moonlight_-_Mercedes_Lackey.epub","1","0","0.00","0","1","1"
"13990","1","3","8685","Free","Storm Warning","With her phenomenal Mage Winds trilogy, bestselling author Mercedes Lackey captivated fans across the country. Now in the first volume of the series sequel, she continues the same storyline, returning readers to a war-torn Valdemar in preparation to confront an ancient Eastern Empire--ruled by a monarch whose magical tactics by be beyond any sorcery known to the western kingdoms.","https://images-na.ssl-images-amazon.com/images/S/compressed.photo.goodreads.com/books/1388351320i/13990.jpg","server_url","upload\Mercedes Lackey\Storm_Warning_-_Mercedes_Lackey.epub","1","0","0.00","0","1","1"
"13991","1","3","8685,8688,1917064","Free","This Rough Magic","The Demon Chernobog-Foiled but Not Defeated in The Shadow of the Lion -is Back to Conquer Venice. First Time in Paperback.Venice had been thrown into chaos by the scheming of Chernobog, who came within a hair of seizing absolute power, but was thwarted by the guardian Lion-spirit, who awoke to protect his city from the power-mad demon. But the power of the Lion does not extend beyond Venice, and Chernobog has a new ally in the King of Hungary, who has laid siege to the island of Corfu as the first step in his plan to seize control of the Adriatic from Venice. Trapped on the island is the small band of heroes who awoke the Lion and blocked Chernobog's power grab before. They are far from the Lion's power to help them, but as Manfred and Erik lead a guerrilla movement to fight the Hungarian invaders, Maria discovers that the ancient magical powers of the island are coming to life again, stirred by the siege. If she can make an alliance with them, she may be able to repel the invaders-but not without paying a bitter personal price. . . .","https://images-na.ssl-images-amazon.com/images/S/compressed.photo.goodreads.com/books/1391493860i/13991.jpg","server_url","upload\Mercedes Lackey\This_Rough_Magic_-_Mercedes_Lackey.epub","1","0","0.00","0","1","1"
"13992","1","3","8685,8690","Free","The Silver Gryphon","The third and final book in Mercedes Lackey's classic Mage Wars trilogy featuring the gryphons, set in the beloved fantasy world of ValdemarA dozen years of peace have passed in the city of White Gryphon, providing well-deserved and much-needed security for the people who lost their homes in the magical Cataclysm that killed the Mage Urtho, creator of the gryphons.But the inhabitants of White Gryphon have not forgotten their long struggles, and have trained an elite guard force, the Silver Gryphons, to protect their city, and if necessary, to join with the army of the Black Kings for mutual defense.","https://images-na.ssl-images-amazon.com/images/S/compressed.photo.goodreads.com/books/1388342623i/13992.jpg","server_url","upload\Mercedes Lackey\The_Silver_Gryphon_-_Mercedes_Lackey.epub","1","0","0.00","0","1","1"
"13993","1","3","8685","Free","Joust","THE SECRET OF THE DRAGONSVetch was an Altan serf working the land which had once been his family's farm. Young and slight, Vetch would have died of overwork, exposure, and starvation if not for the anger which was his only real sustenance--anger that he had lost his home and family in a war of conquest waged by the dragon-riding Jousters of Tia. Tia had usurped nearly halt of Alta's lands and enslaved or killed many of Vetch's countrymen. Sometimes it seemed that his entire cruel fate revolved around dragons and the Jousters who rode them.But his fate changed forever the day he first saw a dragon.From its narrow, golden, large-eyed head, to its pointed emerald ears, to the magnificent blue wings, the dragon was a thing of multicolored, jeweled beauty, slim and supple and quite as large as the shed it perched on. Vetch, almost failed to notice the Jouster who stood beside him. ""I need a boy,"" the rider had said, and suddenly Vetch found himself lifted above the earth and transported by dragon-back to a different world.Vetch was to be trained as a dragon-boy, and he hardly believed his luck. The compound seemed like paradise: he could eat until he was full, and all he had to do was care for his Jouster's dragon, Kashet.It didn't take long for Vetch to realize that Kashet was special--for unlike other dragons, Kashet was gentle by nature and did not need the tranquilizing tala plant to make her tracttable. Vetch became determined to learn the secret of how Kashet had been tamed. For if Kashet could be tamed, perhaps Vetch could tame a dragon of his own. And if he could, then he might be able to escape and bring the secret of dragon-taming back to his homeland of Alta. And that secret, might prove to be the key to Alta's liberation....","https://images-na.ssl-images-amazon.com/images/S/compressed.photo.goodreads.com/books/1388335864i/13993.jpg","server_url","upload\Mercedes Lackey\Joust_-_Mercedes_Lackey.epub","1","0","0.00","0","1","1"
"13994","1","3","8685","Free","Winds of Fury","Valdemar is once again in peril, threatened by Ancar of Hardorn, who has long sought to seize control of the kingdom by any means at his command.Yet this time Ancar may well achieve his goal, for by harnessing the power of Mornelithe Falconsbane, the Dark Adept, he has set into motion a magical strike against Valdemar the like of which hasn’t been attempted in more than five hundred years—not since Vanyel, the last Herald-Mage, shielded the kingdom from attack by the deadliest of sorceries.And with Valdemar’s ancient spell-generated protections finally breaking down, Queen Selenay, Herald-Princess Elspeth, and their people could soon be left defenseless against an enemy armed with spells no one in Valdemar has the knowledge to withstand.But as the long dormant magic of Valdemar begins to awaken, Elspeth finds that she too has a mysterious ally—a powerful spirit from the long-forgotten past…","https://images-na.ssl-images-amazon.com/images/S/compressed.photo.goodreads.com/books/1388200530i/13994.jpg","server_url","upload\Mercedes Lackey\Winds_of_Fury_-_Mercedes_Lackey.epub","1","0","0.00","0","1","1"
"13995","1","3","8685","Free","Winds of Fate","Lackey, who has enchanted readers since the publication of her first novel, Arrows of the Queen in 1987, scores another hit with the paperback release of the first book in an exciting new series. High magic had been lost to Valdemar when Vanyel gave his life to save his kingdom from destruction by the dark sorceries. Now it falls to Elspeth -- Herald, heir to the throne -- to take up the challenge and seek a mentor who will awaken her mage abilities.","https://images-na.ssl-images-amazon.com/images/S/compressed.photo.goodreads.com/books/1388378663i/13995.jpg","server_url","upload\Mercedes Lackey\Winds_of_Fate_-_Mercedes_Lackey.epub","1","0","0.00","0","1","1"
"13996","1","3","8685","Free","Alta","Vetch had done the unimaginable. He had secretly raised his own baby dragon, a crimson female he named Avatre, and when she first took flight he had been on her back. Although Avatre was new to flight, with the help of his trainer and friend, the dragon Jouster Ari, he had managed to evade pursuit, escaping from the compound that housed the dragon-riding troops of Tia, his homeland's enemies. Aided by the nomadic tribes of the desert, Vetch and Avatre had crossed the vast sands heading north toward the lands still held by Alta.It was Vetch's plan to convey to his half-conquered homeland the secret which he hoped would be the key to Alta's liberation: how to tame dragons. If he imparted this secret to the Altan rulers, would it not give them the edge they needed to throw off their conquerors despite their lesser numbers? And it seemed that his good luck was holding when, after saving a young priestess of noble blood from the dangers of the Great Mother River, he was given entree into the dragon Jouster compound of Alta City.But Vetch, now calling himself by his birth name of Kiron was completely ignorant of the true forces that controlled Alta. For though the royal Great Ones sat on the Altan throne, they did not truly rule. In Alta the Magi, the all- powerful practitioners of sorcery, held the populace--royalty and commoner alike--under the sway of a mysterious weapon. The Magi claimed that the Eye of Light would forever protect their land from Tia--incinerating enemy troops as far away as the seventh canal. But were the Magi really interested in rotecting their land from outside invaders? Or would Kiron find that Alta was burdened with a far greater threat than an enemy kingdom--a threat from within its own borders?","https://images-na.ssl-images-amazon.com/images/S/compressed.photo.goodreads.com/books/1388335863i/13996.jpg","server_url","upload\Mercedes Lackey\Alta_-_Mercedes_Lackey.epub","1","0","0.00","0","1","1"
"13997","1","3","8685","Free","The Serpent's Shadow","Mercedes Lackey returns to form in The Serpent's Shadow, the fourth in her sequence of reimagined fairy tales. This story takes place in the London of 1909, and is based on ""Snow White and the Seven Dwarfs."" Lackey creates echoes of Sir Arthur Conan Doyle, pays affectionate homage to Dorothy Sayers's Lord Peter Wimsey (who plays an important role under a thin disguise), and turns the dwarves into seven animal avatars who masquerade as pets of her Eurasian heroine, Maya.Some of Maya's challenges come from the fact that she is not ""snow white,"" and she has fled India for her father's English homeland after the suspicious deaths of her parents. Establishing her household in London, she returns to her profession as a physician, working among the poor. Her ""pets"" and loyal servants stand guard, and Maya herself uses what bits of magic she managed to pick up in childhood to weave otherworldly defenses as well. But the implacable enemy who killed her parents has come to London to search for her; if Maya can be enslaved, her enormous potential powers can be used to the enemy's ends. Fortunately, English magicians of the White Lodge have also noted a new, powerful presence in their midst, though they're having trouble locating her, too. They send Peter Scott, a Water Master, to track her down. He finds Maya beautiful and benign, and is determined to teach her to use the Western magic she is heir to, before her enemy discovers her.Some will find the author's Kiplingesque descriptions of India and Hindustani culture offensive. Lackey describes Maya's enemy as a powerful devotee of the goddess Kali-Durga, though she carefully shows that the avatars of the other deities will not attack her, and has Kali-Durga repudiate her servant in the climactic confrontation. And, though the story is layered, its surface is as glossy and brightly colored as an action comic. But readers who enjoy late Victorian London, Sayers, Sherlock Holmes stories, and a page-turning tale will want to take this one home. --Nona Vero","https://images-na.ssl-images-amazon.com/images/S/compressed.photo.goodreads.com/books/1406635564i/13997.jpg","server_url","upload\Mercedes Lackey\The_Serpent's_Shadow_-_Mercedes_Lackey.epub","1","0","0.00","0","1","1"
"13998","1","3","8685","Free","Storm Rising","In Storm Rising , mysterious mage-storms are wreaking havoc on Valdemar, Karse, and all the kingdoms of the West, plaguing these lands not only with disastrous earthquakes, monsoons, and ice storms, but also with venomous magical constructs - terrifying creatures out of nightmare. Both Valdemar's Heralds and Karse's Sunpriests struggle to marshal their combined magical resources to protect their realms from these devastating, spell-fueled onslaughts. But as the situation becomes bleaker and bleaker, the still fragile alliance between these long-hostile lands begins to fray. And unless Valdemar and Karse can locate and destroy the creator of the storms, they may see their entire world demolished in a final magical holocaust.","https://images-na.ssl-images-amazon.com/images/S/compressed.photo.goodreads.com/books/1304017959i/13998.jpg","server_url","upload\Mercedes Lackey\Storm_Rising_-_Mercedes_Lackey.epub","1","0","0.00","0","1","1"
"14004","1","3","8685","Free","Jinx High","Fay Harper looks like any other teenage girl--any other Queen Bee, that is. She's blond, and beautiful, and very, very popular--the kind of popular that attracts boys like honey. Fay and her gang take a lot of risks, but so far they've managed to get away with everything. It's as if they are magically protected.Summoned to Tulsa by an old friend whose son has fallen in with Fay's crowd, Diana Tregarde, practicing witch and successful romance novelist, quickly finds herself in hot water. The new girl at school, Monica Carlin, has come under sorcerous attack, but Diana cannot identify, or stop, the power-wielder. To make matters worse, there is an ancient being sleeping under Tulsa, a being who might be woken by the magic battles taking place in the city. What will happen then, even Diana cannot predict... in Mercedes Lackey's Jinx High.","https://images-na.ssl-images-amazon.com/images/S/compressed.photo.goodreads.com/books/1402654728i/14004.jpg","server_url","upload\Mercedes Lackey\Jinx_High_-_Mercedes_Lackey.epub","1","0","0.00","0","1","1"
"14007","1","3","8685,8690","Free","Owlknight","From fantasy legends Mercedes Lackey and Larry Dixon comes the third and final volume in a powerful saga charged with war and magic, life and love.... Two years after his parents disappearance, Darian has sought refuge and training from the mysterious Hawkbrothers. Now he has opened his heart to a beautiful young healer. Finally Darian has found peace and acceptance in his life. That is, until he learns that his parents are still alive-and trapped behind enemy borders....","https://images-na.ssl-images-amazon.com/images/S/compressed.photo.goodreads.com/books/1386920969i/14007.jpg","server_url","upload\Mercedes Lackey\Owlknight_(The_Owl_Mage_Trilogy_-_Mercedes_Lackey.epub","1","0","0.00","0","1","1"
"14009","1","3","8685,8690","Free","Owlflight","Apprenticed to a venerable wizard when his hunter and trapper parents disappear into the forest never to be seen again, Darian is strong-willed and difficult--much to the dismay of his kindly master. But a sudden twist of fate will change his life forever, when the ransacking of his village forces him to flee into the great mystical forest. It is here in the dark forest that he meets his destiny, as the terrifying and mysterious Hawkbrothers lead him on the path to maturity. Now they must lead the assault on his besieged home in a desperate attempt to save his people from certain death!","https://images-na.ssl-images-amazon.com/images/S/compressed.photo.goodreads.com/books/1386920975i/14009.jpg","server_url","upload\Mercedes Lackey\Owlflight_(The_Owl_Mage_Trilogy_-_Mercedes_Lackey.epub","1","0","0.00","0","1","1"
"14011","1","3","8685,8687","Free","This Scepter'd Isle","God Save the Queen! (With the help of the Sidhe of Elfland . . .) Two Masters of Historical Fantasy Join Forces in a New Epic-First Time in Paperback!The FarSeers among the Sidhe of Elfhame Avalon have seen two visions of the future. In one, an evil queen will take the throne and welcome the Inquisition in, debauching the nation and threatening even the elf strongholds throughout the land. In another, a red-haired child will grow up to take the throne and usher in a golden age of literature, music, and art. The evil Unseleighe Sidhe, who draw power from pain and misery, welcome the coming of a ruler of humans who will increase their strength, and are determined to prevent the red-haired child from coming to the throne. Unless the good Sidhe can find the child and protect her from the evils and dangers of both the human and elven worlds, she will never grow up to become Elizabeth, Queen of England in the Sixteenth Century.","https://images-na.ssl-images-amazon.com/images/S/compressed.photo.goodreads.com/books/1348939641i/14011.jpg","server_url","upload\Mercedes Lackey\This_Scepter'd_Isle_-_Mercedes_Lackey.epub","1","0","0.00","0","1","1"
"14249","1","3","3541","Free","Prodigal Summer","Prodigal Summer weaves together three stories of human love within a larger tapestry of lives inhabiting the forested mountains and struggling small farms of southern Appalachia.From her outpost in an isolated mountain cabin, Deanna Wolfe, a reclusive wildlife biologist, watches a den of coyotes that have recently migrated into the region. She is caught off-guard by a young hunter who invades her most private spaces and confounds her self-assured, solitary life. On a farm several miles down the mountain, Lusa Maluf Landowski, a bookish city girl turned farmer's wife, finds herself unexpectedly marooned in a strange place where she must declare or lose her attachment to the land that has become her own. And a few more miles down the road, a pair of elderly feuding neighbors tend their respective farms and wrangle about God, pesticides, and the possibilities of a future neither of them expected.Over the course of one humid summer, these characters find their connections to one another and to the flora and fauna with whom they share a place. Prodigal Summer demonstrates a balance of narrative, drama and ideas that is characteristic of Barbara Kingsolver's finest work.","https://images-na.ssl-images-amazon.com/images/S/compressed.photo.goodreads.com/books/1426308771i/14249.jpg","server_url","upload\Barbara Kingsolver\Barbara_Kingsolver_-_Prodigal_Summer__-Harper_Perennial_(2001).epub","1","0","0.00","0","1","1"
"14383","1","1","4428","Free","No Rest for the Wicked","alternate cover edition of ISBN 9781416509882In this next installment in the Immortals After Dark Series, USA Today Bestselling author Kresley Cole delivers a scorching tale about a forbidding vampire who lives in the shadows and the beautiful assassin who hunts him there. A vampire soldier weary of life...Centuries ago, Sebastian Wroth was turned into a vampire—a nightmare in his mind—against his will. Burdened with hatred and alone for ages, he sees little reason to live. Until an exquisite, fey creature comes to kill him, inadvertently saving him instead.A valkyrie assassin dispatched to destroy him...When Kaderin the Cold Hearted lost her two beloved sisters to a vampire attack long ago, a benevolent force deadened her sorrow—accidentally extinguishing all of her emotions. Yet whenever she encounters Sebastian, her feelings—particularly lust—emerge multiplied. For the first time, she's unable to complete a kill.Competitors in a legendary hunt...The prize of the month-long contest is powerful enough to change history, and Kaderin will do anything to win it for her sisters. Wanting only to win her, forever, Sebastian competes as well, taking every opportunity—as they travel to ancient tombs and through catacombs, seeking relics around the world—to use her new feelings to seduce her. But when forced to choose between the vampire she's falling for and reuniting her family, how can Kaderin live without either?","https://images-na.ssl-images-amazon.com/images/S/compressed.photo.goodreads.com/books/1357615569i/14383.jpg","server_url","upload\Kresley Cole\No_Rest_for_the_Wicked_(Immorta_-_Kresley_Cole.epub","1","0","0.00","0","1","1"
"14384","1","1","4428","Free","A Hunger Like No Other","A fierce werewolf and a bewitching vampire become unlikely soul mates whose passion will test the boundaries of life and death.After enduring years of torture from the vampire horde, Lachlain MacRieve, leader of the Lykae Clan, is enraged to find the predestined mate he’s waited millennia for is a vampire. Or partly one. Emmaline Troy is a small, ethereal half Valkyrie/half vampire, who somehow begins to soothe the fury burning within him.Sheltered Emmaline finally sets out to uncover the truth about her deceased parents—until a powerful Lykae claims her as his mate and forces her back to his ancestral Scottish castle. There, her fear of the Lykae—and their notorious dark desires—ebbs as he begins a slow, wicked seduction to sate her own dark cravings.Yet when an ancient evil from her past resurfaces, will their desire deepen into a love that can bring a proud warrior to his knees and turn a gentle beauty into the fighter she was born to be?","https://images-na.ssl-images-amazon.com/images/S/compressed.photo.goodreads.com/books/1357616154i/14384.jpg","server_url","upload\Kresley Cole\A_Hunger_Like_No_Other_(Immorta_-_Kresley_Cole.epub","1","0","0.00","0","1","1"
"14554","1","3","9068","Free","If Tomorrow Comes","This is a story of intrigue and revenge. Tracy Whitney is young, beautiful and intelligent - and about to marry into wealth and glamour. Until, suddenly, she is betrayed, framed by a ruthless Mafia gang, abandoned by the man she loves. Only her ingenuity saves her and helps her fight back.","https://images-na.ssl-images-amazon.com/images/S/compressed.photo.goodreads.com/books/1387733550i/14554.jpg","server_url","upload\Sidney Sheldon\If_Tomorrow_Comes_-_Sidney_Sheldon.epub","1","0","0.00","0","1","1"
"15425","1","3","8516","Free","Pet Peeve","A relentless horde of renegade robots has plunged the fate of Xanth in dire peril. All that stands between the enchanted land and destruction is a most unlikely hero, a moody, mild-mannered Goblin named Goody, who must summon all of his courage and determination to overcome this abominable army of automatons.Brimming with heart-stopping adventure and heart-warming delight, overflowing with wicked wit and wanton wordplay, Pet Peeve is Piers Anthony in rare form, an exceptional new chapter in the continuing chronicles of Xanth.","https://images-na.ssl-images-amazon.com/images/S/compressed.photo.goodreads.com/books/1397085424i/15425.jpg","server_url","upload\Piers Anthony\Pet_Peeve_-_Piers_Anthony.epub","1","0","0.00","0","1","1"
"15433","1","3","8516","Free","Night Mare","Although the Nextwave of barbarian warriors was invading Xanth, Mare Imbrium discovered that ever since she had gained the half soul, the night mare had begun to mishandle her job of delivering bad dreams. Exiled to the day world with a message for King Trent, Mare met the relentless, unforgiving Horseman. For the night mare, it began to be all a horrible nightmare!From the Paperback edition.","https://images-na.ssl-images-amazon.com/images/S/compressed.photo.goodreads.com/books/1179544619i/15433.jpg","server_url","upload\Piers Anthony\Night_Mare_-_Piers_Anthony.epub","1","0","0.00","0","1","1"
"15435","1","3","8516","Free","Dragon on a Pedestal","There is trouble in Xanth again. The Gap Dragon had escaped and was ravaging across the land, the forget-spell was causing mass amnesia, three-year-old Ivy was headed right for a hungry dragon. Could things get any worse? Probably....From the Paperback edition.","https://images-na.ssl-images-amazon.com/images/S/compressed.photo.goodreads.com/books/1166672843i/15435.jpg","server_url","upload\Piers Anthony\Dragon_on_a_Pedestal_-_Piers_Anthony.epub","1","0","0.00","0","1","1"
"15450","1","3","8516","Free","Golem in the Gears","Grundy Golem got no respect. So, to prove himself, he volunteered for a quest to find the long-lost dragon, Stanley Steamer. On the way, he somehow manages to free a damsel in distress-- but not without incurring the wrath of the Sea Hag in the process. And when it comes to avenging herself on Grundy, the Sea Hag will never give up....From the Paperback edition.","https://images-na.ssl-images-amazon.com/images/S/compressed.photo.goodreads.com/books/1166672923i/15450.jpg","server_url","upload\Piers Anthony\Golem_in_the_Gears_-_Piers_Anthony.epub","1","0","0.00","0","1","1"
"15453","1","3","8516","Free","Demons Don't Dream","Beloved by millions of readers around the world, Piers Anthony's Xanth novels are among the most popular fantasy adventures ever published. Demons Don't Dream begins a thrilling new Xanth sequence, as a pair of young adventurers play for the highest stakes of all: the future of Xanth--and of Earth as well!Drawn into Xanth by a harmless-looking computer game, two young people find themselves competing for a precious prize: Dug, who is beguiled by a beautiful serpent-princess, and Kim, who discovers her favorite fantasy realm has suddenly become frighteningly real.In a desperate race against time, Dug and Kim battle their way across the wondrous, perilous land of Xanth, testing their courage against dozens of fearsome obstacles (and their wits against a host of outrageous puns!) But when treachery, danger, and deceit place Xanth itself in peril, Dug and Kim learn that some things are more important than winning or losing.A breathtaking, madcap quest filled with fearsome monsters and far-fetched fun, Demons Don't Dream is vintage Xanth, an unforgettable escapade from fantasy's most imaginative storyteller.","https://images-na.ssl-images-amazon.com/images/S/compressed.photo.goodreads.com/books/1428584785i/15453.jpg","server_url","upload\Piers Anthony\Demons_Don't_Dream_-_Piers_Anthony.epub","1","0","0.00","0","1","1"
"15464","1","3","8516","Free","Faun & Games","The miraculous and mirth-filled land of Xanth holds many marvels. But now an extraordinary new aspect of this remarkable realm unfolds as young Forrest Faun’s quest takes him to a tiny planet hidden in the heart of Xanth. There, with a delightful “day mare” as his constant companion, Forrest will find more marvels then he ever dreamed of.","https://images-na.ssl-images-amazon.com/images/S/compressed.photo.goodreads.com/books/1388380039i/15464.jpg","server_url","upload\Piers Anthony\Faun_and_Games_-_Piers_Anthony.epub","1","0","0.00","0","1","1"
"15466","1","3","8516","Free","Harpy Thyme","Gloha is the only creature of her kind in all the world of Xanth, the beautiful offspring of a chance mating between a harpy and a goblin. As she grew to womanhood, she wondered where she would find the one true love with whom she could share her life.So, naturally, she sets off to find the Good Magician Humfrey to ask him for an Answer to the riddle of her heart's desire. But Humfrey, for mysterious reasons of his own, propels her instead on a perilous quest in search of truth, friendship, and, just possibly, happiness.","https://images-na.ssl-images-amazon.com/images/S/compressed.photo.goodreads.com/books/1614063584i/15466.jpg","server_url","upload\Piers Anthony\Harpy_Thyme_-_Piers_Anthony.epub","1","0","0.00","0","1","1"
"15468","1","3","8516","Free","Geis of the Gargoyle","Since Xanth began, the gargoyles of that magical place have been under a magical compulsion to protect the purity of the Swan Knee River which flows into Xanth from dreary Mundania. But recently the pollution from the outside world has grown ever greater, and young Gary Gar, latest in a long line of gargoyle guardians, is finding it ever more difficult to fulfill his responsibilities.So Gary does what any sensible Xanth resident with a dire dilemma would do. He goes to see the Good Magician Humfrey, who sends him on a peculiar quest--to transform himself into human shape, tutor a precocious child with more than her share of wild magical talents, and find a philter which can restore the river to its previous pristine state.","https://images-na.ssl-images-amazon.com/images/S/compressed.photo.goodreads.com/books/1614063781i/15468.jpg","server_url","upload\Piers Anthony\Geis_of_the_Gargoyle_-_Piers_Anthony.epub","1","0","0.00","0","1","1"
"15534","1","3","8516","Free","Question Quest","Youth is Wasted on the Young  Being grown up is a drag . . . or so thinks Lacuna, one of the mischievous Castle Zombie twins. So she makes the Good Magician Grey an offer he can't refuse. Thirsty for a taste of the Elixir of Youth, she'll help him outwit the evil Com-Pewter if he'll send her to Hell (in a handbasket, no less) to find Humfrey, the missing sorcerer. And while there, she'll learn the True History of Xanth (simplified) and help rescue a blushing Rose from the demon X(A/N)th . . . with the help of a gorgon or two.","https://images-na.ssl-images-amazon.com/images/S/compressed.photo.goodreads.com/books/1614063228i/15534.jpg","server_url","upload\Piers Anthony\Question_Quest_-_Piers_Anthony.epub","1","0","0.00","0","1","1"
"15558","1","3","9629","Free","Angel Fire East","Angel Fire East marks the close of Terry Brooks's Word and Void trilogy, which began with 1997's Running with the Demon. In this book, the story returns to Nest's native Hopewell, where once again Nest and John must face off against the Void. This time, the demon is the ancient Findo Gask, along with his a giant albino demon, a shapeless ur'droch who lives only to kill, and a self-destructive psycho named Penny Dreadful. The story begins when John Ross shows up at Nest Freemark's door with a young boy. He reveals that the boy, who he calls Little John, is actually a gypsy morph, a creature born of wild magic and capable of enormous deeds, for good or evil. Both sides have approximately one month to unravel Little John's secrets and recruit him for their cause. Because after one month, the magic that holds him together will tear him apart, and his powers will be lost forever.","https://images-na.ssl-images-amazon.com/images/S/compressed.photo.goodreads.com/books/1328162801i/15558.jpg","server_url","upload\Terry Brooks\Angel_Fire_East_-_Terry_Brooks.epub","1","0","0.00","0","1","1"
"15560","1","3","9629","Free","Ilse Witch","When a half-drowned elf is found floating in the seas of the Blue Divide, an old mystery resurfaces. Thirty years ago, an elven prince led an expedition in search of a legendary magic said to be more powerful than any in the world. Of all those who set out on that ill-fated voyage, not one has ever returned. Until now. The rescued elf carries a map covered with mysterious symbols–and Walker Boh, the last of the Druids, has the skill to decipher them. But someone else understands the map’s significance: the Ilse Witch, a ruthless young woman who wields a magic as potent as his own. She will stop at nothing to possess the map–and the magic it leads to.
Thus begins the first volume of a dazzling new adventure in one of the most popular fantasy series of our time","https://images-na.ssl-images-amazon.com/images/S/compressed.photo.goodreads.com/books/1403187876i/15560.jpg","server_url","upload\Terry Brooks\The_Voyage_of_the_Jerle_Shannar_-_Terry_Brooks.epub","1","0","0.00","0","1","1"
"15566","1","3","9629","Free","The Elf Queen of Shannara","""Find the Elves and return them to the world of Men!"" the shade of the Druid Allanon had ordered Wren.It was clearly an impossible task. The Elves had been gone from the Westland for more than a hundred years. There was not even a trace of their former city of Arborlon left to mark their passing. No one in the Esterland knew of them -- except, finally, the Addershag.The blind old woman had given instructions to find a place on the coast of the Blue Divide, build a fire, and keep it burning for three days. ""One will come for you.""Tiger Ty, the Wing Rider, had come on his giant Roc to carry Wren and her friend Garth to the only clear landing site on the island of Morrowindl, where, he said, the Elves might still exist, somewhere in the demon-haunted jungle.Now she stood within that jungle, remembering the warning of the Addershag: ""Beward, Elf-girl. I see danger ahead for you . . . and evil beyond imagining."" It had proved all too true.Wren stood with her single weapon of magic, listening as demons evil beyond all imagining gathered for attack. How long could she resist?And if, by some miracle, she reached the Elves and could convince them to return, how could they possibly retrace her perilous path to reach the one safe place on the coast?","https://images-na.ssl-images-amazon.com/images/S/compressed.photo.goodreads.com/books/1166673287i/15566.jpg","server_url","upload\Terry Brooks\The_Elf_Queen_of_Shannara_-_Terry_Brooks.epub","1","0","0.00","0","1","1"
"15568","1","3","9629","Free","The Druid of Shannara","In the three hundred years since the death of the Druid Allanon, the mysterious, evil Shadowen have seized control and are ruining the Four Lands. Using Cogline as messenger, the shade of Allanon summons the four scions of Shannara: Par, Coll, Wren, and Walker Boh. To Walker Boh he gives the duty of restoring the lost Druid's Keep, Paranor. For that, Walker needs the black Elfstone, but his search leads him only to a trap.Meanwhile, the King of the Silver River, a fabulous being as old as mankind, creates a daughter named Quickening and sends her to help. She is joined by Morgan Leah and Pe Ell, an assassin who plans eventually to kill her.They find Walker Boh dying after an attack by the Shadowen, Rimmer Dall. Quickening heals him and tells him that the Elfstone is in the hands of another ancient being, the Stone King, who seeks to turn all the world to stone.The journey will lead them to the far north, through the Charnal Mountains and beyond, into a perilous and unknown land. And no one knows what horrible monsters the Stone King has set to guard his citadel.","https://images-na.ssl-images-amazon.com/images/S/compressed.photo.goodreads.com/books/1390260857i/15568.jpg","server_url","upload\Terry Brooks\The_Druid_of_Shannara_-_Terry_Brooks.epub","1","0","0.00","0","1","1"
"15575","1","3","9629","Free","The Sword of Shannara","Living in peaceful Shady Vale, Shea Ohmsford knew little of the troubles that plagued the rest of the world. Then the giant, forbidding Allanon revealed that the supposedly dead Warlock Lord was plotting to destroy the world. The sole weapon against this Power of Darkness was the Sword of Shannara, which could only be used by a true heir of Shannara--Shea being the last of the bloodline, upon whom all hope rested. Soon a Skull Bearer, dread minion of Evil, flew into the Vale, seeking to destroy Shea. To save the Vale, Shea fled, drawing the Skull Bearer after him....","https://images-na.ssl-images-amazon.com/images/S/compressed.photo.goodreads.com/books/1470063017i/15575.jpg","server_url","upload\Terry Brooks\The_Sword_of_Shannara_Trilogy_-_Terry_Brooks.epub","1","0","0.00","0","1","1"
"15769","1","3","5293","Free","The Bourne Supremacy","A killer with no face, no identity and a name the world wanted to forget:Jason BourneReenter the shadowy world of Jason Bourne, an expert assassin still plagued by the splintered nightmares of his former life. This time the stakes are higher than ever. For someone else has taken on the Bourne identity—a ruthless killer who must be stopped or the world will pay a devastating price. To succeed, the real Jason Bourne must maneuver through the dangerous labyrinth of international espionage—an exotic world filled with CIA plots, turncoat agents, and ever-shifting alliances—all the while hoping to find the truth behind his haunted memories and the answers to his own fragmented past. This time there are two Bournes—and one must die.","https://images-na.ssl-images-amazon.com/images/S/compressed.photo.goodreads.com/books/1335860600i/15769.jpg","server_url","upload\Robert Ludlum\The_Bourne_Supremacy_-_robert_ludlum.epub","1","0","0.00","0","1","1"
"16122","1","5","9951","Free","Memoirs","Born into one of the wealthiest families in America—he was the youngest son of Standard Oil scion John D. Rockefeller, Jr., and the celebrated patron of modern art Abby Aldrich Rockefeller—David Rockefeller has carried his birthright into a distinguished life of his own. His dealings with world leaders from Zhou Enlai and Mikhail Gorbachev to Anwar Sadat and Ariel Sharon, his service to every American president since Eisenhower, his remarkable world travels and personal dedication to his home city of New York—here, the ﬁrst time a Rockefeller has told his own story, is an account of a truly rich life.","https://images-na.ssl-images-amazon.com/images/S/compressed.photo.goodreads.com/books/1320498453i/16122.jpg","server_url","upload\David Rockefeller\Memoirs_-_David_Rockefeller.epub","1","0","0.00","0","1","1"
"16298","1","3","123715","Free","A Murder Is Announced","""A Murder is Announced"" is a staple of crime fiction and often considered as the best Miss Marple novel. The villagers of Chipping Cleghorn, including Jane Marple who is staying nearby, are agog with curiosity over an advertisement in the local gazette which reads: ‘A murder is announced and will take place on Friday October 29th, at Little Paddocks at 6.30 p.m.’ Is this a childish practical joke? Or a hoax intended to scare poor Letitia Blacklock? Unable to resist the mysterious invitation, a crowd gathers at Little Paddocks at the appointed time when, without warning, the lights go out…The novel was promoted on both sides of the Atlantic as Agatha Christie's 50th book and published in 1950 by William Collins.Librarian's note: this entry is for the novel, ""A Murder is Announced."" Collections and other Miss Marple stories are located elsewhere on Goodreads. The series includes 12 novels and 20 short stories. Entries for the short stories can be found by searching Goodreads for: ""a Miss Marple Short Story.""","https://images-na.ssl-images-amazon.com/images/S/compressed.photo.goodreads.com/books/1348508635i/16298.jpg","server_url","upload\Agatha Christie\A_Murder_is_Announced_-_Christie,_Agatha.epub","1","0","0.00","0","1","1"
"16299","1","3","123715","Free","And Then There Were None","First, there were ten—a curious assortment of strangers summoned as weekend guests to a little private island off the coast of Devon. Their host, an eccentric millionaire unknown to all of them, is nowhere to be found. All that the guests have in common is a wicked past they're unwilling to reveal—and a secret that will seal their fate. For each has been marked for murder. A famous nursery rhyme is framed and hung in every room of the mansion:""Ten little boys went out to dine; One choked his little self and then there were nine. Nine little boys sat up very late; One overslept himself and then there were eight. Eight little boys traveling in Devon; One said he'd stay there then there were seven. Seven little boys chopping up sticks; One chopped himself in half and then there were six. Six little boys playing with a hive; A bumblebee stung one and then there were five. Five little boys going in for law; One got in Chancery and then there were four. Four little boys going out to sea; A red herring swallowed one and then there were three. Three little boys walking in the zoo; A big bear hugged one and then there were two. Two little boys sitting in the sun; One got frizzled up and then there was one. One little boy left all alone; He went out and hanged himself and then there were none.""When they realize that murders are occurring as described in the rhyme, terror mounts. One by one they fall prey. Before the weekend is out, there will be none. Who has choreographed this dastardly scheme? And who will be left to tell the tale? Only the dead are above suspicion.","https://images-na.ssl-images-amazon.com/images/S/compressed.photo.goodreads.com/books/1638425885i/16299.jpg","server_url","upload\Agatha Christie\And_Then_There_Were_None_-_Christie,_Agatha.epub","1","0","0.00","0","1","1"
"16333","1","3","123715","Free","At Bertram's Hotel","This old-fashioned London hotel may not be quite as reputable as it makes out!When Miss Marple comes up from the country for a holiday in London, she finds what she's looking for at Bertram's: traditional décor and impeccable service. But she senses an unmistakable atmosphere of danger behind the highly polished veneer. Not even Miss Marple can foresee the violent chain of events set in motion when an eccentric hotel guest makes his way to the airport one day late!Librarian's note: this entry is for the novel, ""At Bertram's Hotel."" Collections and other Miss Marple stories are located elsewhere on Goodreads. The series includes 12 novels and 20 short stories. Entries for the short stories can be found by searching Goodreads for: ""a Miss Marple Short Story.""","https://images-na.ssl-images-amazon.com/images/S/compressed.photo.goodreads.com/books/1375949033i/16333.jpg","server_url","upload\Agatha Christie\At_Bertram's_Hotel_-_Christie,_Agatha.epub","1","0","0.00","0","1","1"
"16363","1","3","123715","Free","Appointment with Death","Among the towering red cliffs of Petra, like some monstrous swollen Buddha, sat the corpse of Mrs Boynton. A tiny puncture mark on her wrist was the only sign of the fatal injection that had killed her.With only 24 hours available to solve the mystery, Hercule Poirot recalled a chance remark he’d overheard back in Jerusalem: ‘You see, don’t you, that she’s got to be killed?’ Mrs Boynton was, indeed, the most detestable woman he’d ever met.","https://images-na.ssl-images-amazon.com/images/S/compressed.photo.goodreads.com/books/1752997872i/16363.jpg","server_url","upload\Agatha Christie\Appointment_with_Death_-_Christie,_Agatha.epub","1","0","0.00","0","1","1"
"17061","1","3","1221698,10365","Free","Coraline","The day after they moved in, Coraline went exploring....In Coraline's family's new flat are twenty-one windows and fourteen doors. Thirteen of the doors open and close. The fourteenth is locked, and on the other side is only a brick wall, until the day Coraline unlocks the door to find a passage to another flat in another house just like her own. Only it's different. At first, things seem marvelous in the other flat. The food is better. The toy box is filled with wind-up angels that flutter around the bedroom, books whose pictures writhe and crawl and shimmer, little dinosaur skulls that chatter their teeth. But there's another mother, and another father, and they want Coraline to stay with them and be their little girl. They want to change her and never let her go. Other children are trapped there as well, lost souls behind the mirrors. Coraline is their only hope of rescue. She will have to fight with all her wits and all the tools she can find if she is to save the lost children, her ordinary life, and herself. Critically acclaimed and award-winning author Neil Gaiman will delight readers with his first novel for all ages.","https://images-na.ssl-images-amazon.com/images/S/compressed.photo.goodreads.com/books/1493497435i/17061.jpg","server_url","upload\Neil Gaiman\Coraline_-_Neil_Gaiman.epub","1","0","0.00","0","1","1"
"17607","1","2","10697","Free","All About Love: New Visions","All About Love offers radical new ways to think about love by showing its interconnectedness in our private and public lives. In eleven concise chapters, hooks explains how our everyday notions of what it means to give and receive love often fail us, and how these ideals are established in early childhood. She offers a rethinking of self-love (without narcissism) that will bring peace and compassion to our personal and professional lives, and asserts the place of love to end struggles between individuals, in communities, and among societies. Moving from the cultural to the intimate, hooks notes the ties between love and loss and challenges the prevailing notion that romantic love is the most important love of all.Visionary and original, hooks shows how love heals the wounds we bear as individuals and as a nation, for it is the cornerstone of compassion and forgiveness and holds the power to overcome shame.For readers who have found ongoing delight and wisdom in bell hooks's life and work, and for those who are just now discovering her, All About Love is essential reading and a brilliant book that will change how we think about love, our culture-and one another.","https://images-na.ssl-images-amazon.com/images/S/compressed.photo.goodreads.com/books/1387754966i/17607.jpg","server_url","upload\bell hooks\07_ALL_ABOUT_LOVE_by_bell_hooks.epub","1","0","0.00","0","1","1"
"18155","1","3","989968","Free","Cuckoo's Egg","1st Mandarin edition paperback new","https://images-na.ssl-images-amazon.com/images/S/compressed.photo.goodreads.com/books/1316469336i/18155.jpg","server_url","upload\C.J. Cherryh\Cuckoo's_Egg_-_C._J._Cherryh.epub","1","0","0.00","0","1","1"
"18880","1","3","8732,11358","Free","The Younger Gods","The four elder gods Dahlaine, Zelana, Aracia, and Veltan have ruled over Dhrall for eons. Every 25,000 years, the siblings pass on their duties to a quartet of young gods so that they can rest. But as the next changing of the gods approaches, the elder gods are faced with a potential catastrophe: an enemy has arisen from the vast wasteland in the center of Dhrall and is bent on conquering the entire realm and using all its inhabitants as nourishment for its minions. The Vlagh, as it is called, is a wellspring of evil, continually birthing nightmarish insectoid monstrosities to make up her army. But as the final battle looms closer, one of the elder gods begins losing her sanity. As the gods desperately search for ways to stop the Vlagh -- and rein in their unstable sibling -- heroes turn up in the unlikeliest places.","https://images-na.ssl-images-amazon.com/images/S/compressed.photo.goodreads.com/books/1388252224i/18880.jpg","server_url","upload\David Eddings\The_Younger_Gods_-_David_Eddings.epub","1","0","0.00","0","1","1"
"18963","1","3","656983,9533","Free","Morgoth's Ring","In Morgoth's Ring, the tenth volume of The History of Middle-earth and the first of two companion volumes, Christopher Tolkien describes and documents the legends of the Elder Days, as they were evolved and transformed by his father in the years before he completed The Lord of the Rings. The text of the Annals of Aman, the ""Blessed Land"" in the far West, is given in full. And in writings never before published, we can see the nature of the problems that J.R.R. Tolkien explored in his later years as new and radical ideas, portending upheaval in the heart of the mythology. At this time Tokien sought to redefine the old legends, and wrote of the nature and destiny of Elves, the idea of Elvish rebirth, the origins of the Orcs, and the Fall of Men. His meditation of mortality and immortality as represented in the lives of Men and Elves led to another major writing at this time, the ""Debate of Finrod and Andreth,"" which is reproduced here in full. ""Above all,"" Christopher Tolkien writes in his foreward, ""the power and significance of Melkor-Morgoth...was enlarged to become the ground and source of the corruption of Arda."" This book indeed is all about Morgoth. Incomparably greater than the power of Sauron, concentrated in the One Ring, Morgoth's power (Tolkien wrote) was dispersed into the very matter of Arda: ""The whole of Middle-earth was Morgoth's Ring.""","https://images-na.ssl-images-amazon.com/images/S/compressed.photo.goodreads.com/books/1388188489i/18963.jpg","server_url","upload\J.R.R. Tolkien\The_History_of_Middle-earth_Vol_-_J._R._R._Tolkien.epub","1","0","0.00","0","1","1"
"19298","1","3","11586","Free","The Swords of Night and Day","Even in death, Skilgannon the Damned's name lives on. Now, as an ancient evil threatens to flood the Drenai heartlands in a tide of blood, he returns...A thousand years after they fell in battle, two heroes - Druss and Skilgannon - are revered throughout the war-torn lands of the Dernai, where men and women live in abject fear of the dark sorceress known as the Eternal...But what if the soul of one such hero could be called back from the void, his bones housed again in flesh? An ancient prophecy foretold that Skilgannon would return in his people's darkest hour. To most, this was a foolish hope. But not so to Landis Kan. Having found Skilgannon's ancient tomb, he gathers up the bones and peforms the mystic ritual.But the reborn hero is an enigma: a young man whose warrior skills are blunted and whose memories are fragmented. This Skilgannon is a man out of time, Marooned in a world as strange to him as a dream, remote from all he knew and loved. Or nearly all. Before bringing back Skilgannon, Landis Kan had experimented upon other bone fragments found in the hero's tomb. That ritual resulted in a surly giant who possessed astounding strength but no memories. To Kan, he is a dangerous failure. To Skilgannon, this giant represents their last hope.As ageless evil threatens to drown the Drenai lands in blood, two legendary heroes will once again lead the way to freedom.","https://images-na.ssl-images-amazon.com/images/S/compressed.photo.goodreads.com/books/1320481395i/19298.jpg","server_url","upload\David Gemmell\The_Swords_of_Night_and_Day_-_David_Gemmell.epub","1","0","0.00","0","1","1"
"19668","1","3","3892","Free","Without Remorse","John Kelly, former Navy SEAL and Vietnam veteran, is still getting over the accidental death of his wife six months before, when he befriends a young woman with a decidedly checkered past. When that past reaches out for her in a particularly horrifying fashion, he vows revenge and, assembling all of his old skills, sets out to track down the men responsible, before it can happen again.At the same time, the Pentagon is readying an operation to rescue a key group of prisoners in a North Vietnamese prisoner-of-war camp. One man, they find, knows the terrain around the camp better than anyone else they have: a certain former Navy SEAL named John Kelly.Kelly has his own mission. The Pentagon wants him for theirs. Attempting to juggle the two, Kelly (now code-named Mr. Clark) finds himself confronted by a vast array of enemies, both at home and abroad - men so skillful that the slightest misstep means death. And the fate of dozens of people, including Kelly himself, rests on his making sure that misstep never happens.Men aren't born dangerous. They grow dangerous. And the most dangerous of all, Kelly learns, are the ones you least expect...As Clancy takes us through the twists and turns of Without Remorse, he blends the exceptional realism and authenticity that are his hallmarks with intricate plotting, knife-edge suspense and a remarkable cast of characters.","https://images-na.ssl-images-amazon.com/images/S/compressed.photo.goodreads.com/books/1310082706i/19668.jpg","server_url","upload\Tom Clancy\Without_Remorse.epub","1","0","0.00","0","1","1"
"19670","1","3","3892","Free","Debt of Honor","Razio Yamata is one of Japan's most influential industrialists, and part of a relatively small group of authority who wield tremendous authority in the Pacific Rim's economic powerhouse.He has devised a plan to cripple the American greatness, humble the US military, and elevate Japan to a position of dominance on the world stage.Yamata's motivation lies in his desire to pay off aDebt of Honor to his parents and to the country he feels is responsible for their deaths—America. All he needs is a catalyst to set his plan in motion.When the faulty gas tank on one Tennessee family's car leads to their fiery death, an opportunistic U. S. congressman uses the occasion to rush a new trade law through the system. The law is designed to squeeze Japan economically. Instead, it provides Yamata with the leverage he needs to put his plan into action.As Yamata's plan begins to unfold, it becomes clear to the world that someone is launching a fully-integrated operation against the United States. There's only one man to find out who the culprit is—Jack Ryan, the new President's National Security Advisor.","https://images-na.ssl-images-amazon.com/images/S/compressed.photo.goodreads.com/books/1310086695i/19670.jpg","server_url","upload\Tom Clancy\Debt_of_Honor.epub","1","0","0.00","0","1","1"
"19675","1","3","3892","Free","Executive Orders","The President is dead—and the weight, literally, of the world falls on Jack Ryan's shoulders, in Tom Clancy's newest and most extraordinary novel. I don't know what to do. Where's the manual, the training course, for this job? Whom do I ask? Where do I go? Debt of Honor ended with Tom Clancy's most shocking conclusion ever; a joint session of Congress destroyed, the President dead, most of the Cabinet and the Congress dead, the Supreme Court and the Joint Chiefs likewise. Dazed and confused, the man who only minutes before had been confirmed as the new Vice-President of the United States is told that he is now President. President John Patrick Ryan. And that is where Executive Orders begins. Ryan had agreed to accept the vice-presidency only as a caretaker for a year, and now, suddenly an incalculable weight has fallen on his shoulders. How do you run a government without a government? Where do you even begin? With stunning force, Ryan's responsibilities crush on him. He must calm an anxious and grieving nation, allay the skepticism of the world's leaders, conduct a swift investigation of the tragedy, and arrange a massive state funeral—all while attempting to reconstitute a Cabinet and a Congress with the greatest possible speed. But that is not all. Many eyes are on him now, and many of them are unfriendly. In Beijing, Tehran, and other world capitals, including Washington D.C., there are those eager to take advantage where they may, some of whom bear a deep animus toward the United States—some of whom, from Ryan's past, harbor intense animosity toward the new President himself. Soon they will begin to move on their opportunities; soon they will present Jack Ryan with a crisis so big even he cannot imagine it. Tom Clancy has written remarkable novels before, but nothing comparable to the timeliness and drama of Executive Orders. Filled with the exceptional realism and intricate plotting that are his hallmarks, it attests to the words of the St. Louis Post-Dispatch: This man can tell a story.","https://images-na.ssl-images-amazon.com/images/S/compressed.photo.goodreads.com/books/1419127064i/19675.jpg","server_url","upload\Tom Clancy\Executive_Orders.epub","1","0","0.00","0","1","1"
"19687","1","3","3892","Free","The Bear and the Dragon","Time and again, Tom Clancy's novels have been praised not only for their big-scale drama and propulsive narrative drive but for their cutting-edge prescience in predicting future events.

In The Bear and the Dragon, the future is very near at hand indeed.Newly elected in his own right, Jack Ryan has found that being President has gotten no easier: domestic pitfalls await him at every turn; there's a revolution in Liberia; the Asian economy is going down the tubes; and now, in Moscow, someone may have tried to take out the chairman of the SVR--the former KGB--with a rocket-propelled grenade. Things are unstable enough in Russia without high-level assassination, but even more disturbing may be the identities of the potential assassins. Were they political enemies, the Russian Mafia, or disaffected former KGB? Or, Ryan wonders, is something far more dangerous at work here?Ryan is right. For even while he dispatches his most trusted eyes and ears, including black ops specialist John Clark, to find out the truth of the matter, forces in China are moving ahead with a plan of truly audacious proportions. If they succeed, the world as we know it will never look the same. If they fail...the consequences will be unspeakable.Blending the exceptional realism and authenticity that are his hallmarks with intricate plotting, razor-sharp suspense, and a remarkable cast of characters, this is Clancy at his best--and there is none better.","https://images-na.ssl-images-amazon.com/images/S/compressed.photo.goodreads.com/books/1348787629i/19687.jpg","server_url","upload\Tom Clancy\The_Bear_and_the_Dragon.epub","1","0","0.00","0","1","1"
"19707","1","3","3892","Free","Red Rabbit","Long before he was President or head of the CIA, before he fought terrorist attacks on the Super Bowl or the White House, even before a submarine named Red October made its perilous way across the Atlantic, Jack Ryan was an historian, teacher, and recent ex-Marine temporarily living in England while researching a book. A series of deadly encounters with an IRA splinter group had brought him to the attention of the CIA's Deputy Director, Vice Admiral James Greer—as well as his counterpart with the British SIS, Sir Basil Charleston—and when Greer asked him if he wanted to come aboard as a freelance analyst, Jack was quick to accept. The opportunity was irresistible, and he was sure he could fit it in with the rest of his work.And then Jack forgot all about the rest of his work, because one of his first assignments was to help debrief a high-level Soviet defector, and the defector told an amazing tale: Top Soviet officials, including Yuri Andropov, were planning to assassinate the Pope, John Paul II.Could it be true? As the days and weeks go by, Ryan must battle, first to try to confirm the plot, and then to prevent it, but this is a brave new world, and nothing he has done up to now has prepared him for the lethal game of cat-and-mouse that is the Soviet Union versus the United States. In the end, it will be not just the Pope's life but the stability of the Western world that is at stake. . . and it may already be too late for a novice CIA analyst to do anything about it.","https://images-na.ssl-images-amazon.com/images/S/compressed.photo.goodreads.com/books/1546283429i/19707.jpg","server_url","upload\Tom Clancy\Red_Rabbit.epub","1","0","0.00","0","1","1"
"20668","1","2","187","Free","The Trouble with Testosterone and Other Essays on the Biology of the Human Predicament","As a professor of biology and neuroscience at Stanford and a recipient of a MacArthur Foundation ""genius grant,"" Robert Sapolsky carries impressive credentials. Best of all, he's a gifted writer who possesses a delightfully devilish sense of humor. In these essays, which range widely but mostly focus on the relationships between biology and human behavior, hard and intricate science is handled with a deft touch that makes it accessible to the general reader. In one memorable piece, Sapolsky compares the fascination with tabloid TV to behavior he's observed among wild African baboons. ""Rubber necks,"" notes the professor, ""seem to be a common feature of the primate order."" In the title essay of The Trouble with Testosterone, Sapolsky ruminates on the links, real or perceived, between that hormone and aggression.Covering such broad topics as science, politics, history, and nature, the author of Why Zebras Don't Get Ulcers writes accessible and interesting essays that explore the human struggle with moral and ethical problems in today's world. 20,000 first printing.","https://images-na.ssl-images-amazon.com/images/S/compressed.photo.goodreads.com/books/1442520163i/20668.jpg","server_url","upload\Robert M. Sapolsky\Robert_M._Sapolsky_-_The_Trouble_With_Testosterone__And_Other_Essays_on_the_Biology_of_the_Human_Predi-Scribner_(1997).epub","1","0","0.00","0","1","1"
"20995","1","2","865,6586916,6852193","Free","The Art of Seduction","The season's most talked-about all-purpose personal strategy guide and philosophical compendium,"" said Newsweek of Robert Greene's bold, elegant, and ingenious manual of modern manipulation, The 48 Laws of Power. Now Greene has once again mined history and literature to distill the essence of seduction, the most highly refined mode of influence, the ultimate power trip. The Art of Seduction is a masterful synthesis of the work of thinkers such as Freud, Ovid, Kierkegaard, and Einstein, as well as the achievements of the greatest seducers throughout history. From Cleopatra to John F. Kennedy, from Andy Warhol to Josephine Bonaparte, The Art of Seduction gets to the heart of the character of the seducer and his or her tactics, triumphs and failures. The seducer's many faces include: the Siren, the Rake, the Ideal Lover, the Dandy, the Natural, the Coquette, the Charmer, and the Charismatic. Twenty-four maneuvers will guide readers through the seduction process, providing cunning, amoral instructions for and analysis of this fascinating, all-pervasive form of power. Just as beautifully packaged and every bit as essential as The 48 Laws of Power, The Art of Seduction is an indispensable primer of persuasion and offers the best lessons on how to take what you want from whomever you want or how to prevent yourself from being taken.","https://images-na.ssl-images-amazon.com/images/S/compressed.photo.goodreads.com/books/1388282563i/20995.jpg","server_url","upload\Robert Greene\The_Art_of_Seduction_-_Robert_Greene.epub","1","0","0.00","0","1","1"
"20999","1","2","865","Free","The Concise Art of Seduction","The companion book to the bestselling Concise 48 Laws of Power, which has now sold over 125,000 copies in the UK. Amoral, ruthless, clever and cunning, this is the essential guide to the art of seduction.","https://images-na.ssl-images-amazon.com/images/S/compressed.photo.goodreads.com/books/1386924348i/20999.jpg","server_url","upload\Robert Greene\The_Concise_Seduction_-_Robert_Greene.epub","1","0","0.00","0","1","1"
"21436","1","3","3780","Free","Cat & Mouse","Alex Cross is back, and so is a raging and suicidal Gary Soneji.Out of prison and dying from the AIDS virus he contracted there, Soneji wants revenge on Cross before he dies.There's more. We are introduced to a new pair of rivals whose paths cross those of Cross and Soneji. Thomas Augustine Pierce has been chasing his demon, Mr. Smith, since the savage murder of his fiancée. Smith is a unique monster, with interactions between him and his victims so insane, so unimaginable, that he is thought of as ""not of the earth."" Pierce, known in the business as St. Augustine because of his track record for catching killers and his invaluable status to the FBI and Interpol, may even be better than Cross. When things heat up and Alex is in a near-death coma following a strange attack, Pierce goes to Washington to help investigate. But then he is summoned to Paris with a postcard from Smith inviting him to a very special killing.The body count is high, the tension the highest, and the two killers on the loose are watching every move their pursuers make. Who is the cat, and who is the mouse? What and where is the final trap? And who survives?","https://images-na.ssl-images-amazon.com/images/S/compressed.photo.goodreads.com/books/1514315840i/21436.jpg","server_url","upload\James  Patterson\Cat_&_Mouse_-_James_Patterson.epub","1","0","0.00","0","1","1"
"21445","1","3","3780,8215","Free","5th Horseman","It is a wild race against time as Lieutenant Lindsay Boxer and the newest member of the Women's Murder Club, attorney Yuki Castellano, lead an investigation into a string of mysterious patient deaths--and reveal a hospital administration determined to shield its reputation at all costs. And while the hospital wages an explosive court battle that grips the entire nation, the Women's Murder Club hunts for a merciless killer among its esteemed medical staff. The newest addition to the top selling new mystery series takes the Women's Murder Club to the most terrifying heights of suspense they have yet to encounter. THE 5TH HORSEMAN proves once again that James Patterson is ""the page-turningest author in the game right now "" (San Francisco Chronicle).","https://images-na.ssl-images-amazon.com/images/S/compressed.photo.goodreads.com/books/1396631487i/21445.jpg","server_url","upload\James Patterson\The_5th_Horseman_-_James_Patterson.epub","1","0","0.00","0","1","1"
"21717","1","3","12504","Free","Triptych","In the city of Atlanta, women are dying—at the hands of a killer who signs his work with a single, chilling act of mutilation. Leaving behind enough evidence to fuel a frenzied police hunt, this cunning madman is bringing together dozens of lives, crossing the boundaries of wealth and race. And the people who are chasing him must cross those boundaries too. Among them is Michael Ormewood, a veteran detective whose marriage is hanging by a thread—and whose arrogance and explosive temper are threatening his career. And Angie Polaski, a beautiful vice cop who was once Michael's lover before she became his enemy.But another player has entered the game: a loser ex-con who has stumbled upon the killer's trail in the most coincidental of ways—someone who may be the key to breaking the case wide open...","https://images-na.ssl-images-amazon.com/images/S/compressed.photo.goodreads.com/books/1442531921i/21717.jpg","server_url","upload\Karin Slaughter\Triptych_-_Karin_Slaughter.epub","1","0","0.00","0","1","1"
"21718","1","3","12504","Free","Blindsighted","From New York Times bestselling author Karin Slaughter, the first novel in her acclaimed Grant County series.A small Georgia town erupts in panic when a young college professor is found brutally mutilated in the local diner. But it’s only when town pediatrician and coroner Sara Linton does the autopsy that the full extent of the killer’s twisted work becomes clear.Sara’s ex-husband, police chief Jeffrey Tolliver, leads the investigation—a trail of terror that grows increasingly macabre when another local woman is found crucified a few days later. But he’s got more than a sadistic serial killer on his hands, because the county’s only female detective, Lena Adams—the first victim’s sister—wants to serve her own justice.But it is Sara who holds the key to finding the killer. A secret from her past could unmask the brilliantly malevolent psychopath… or mean her death.","https://images-na.ssl-images-amazon.com/images/S/compressed.photo.goodreads.com/books/1390283925i/21718.jpg","server_url","upload\Karin Slaughter\Blindsighted_-_Karin_Slaughter.epub","1","0","0.00","0","1","1"
"21719","1","3","12504","Free","Kisscut","Saturday night dates at the skating rink have been a tradition in the small southern town of Heartsdale for as long as anyone can remember, but when a teenage quarrel explodes into a deadly shoot-out, Sara Linton--the town's pediatrician and medical examiner--finds herself entangled in a terrible tragedy.What seemed at first to be a horrific but individual catastrophe proves to have wider implications. The autopsy reveals evidence of long-term abuse, of ritualistic self -mutilation, but when Sara and police chief Jeffrey Tolliver start to investigate, they are frustrated at every turn.The children surrounding the victim close ranks. The families turn their backs. Then a young girl is abducted, and it becomes clear that the first death is linked to an even more brutal crime, one far more shocking than anyone could have imagined. Meanwhile, detective Lena Adams, still recovering from her sister's death and her own brutal attack, finds herself drawn to a young man who might hold the answers. But unless Lena, Sara, and Jeffrey can uncover the deadly secrets the children hide, it's going to happen again . . .","https://images-na.ssl-images-amazon.com/images/S/compressed.photo.goodreads.com/books/1348096108i/21719.jpg","server_url","upload\Karin Slaughter\Kisscut_-_Karin_Slaughter.epub","1","0","0.00","0","1","1"
"21720","1","3","12504","Free","Beyond Reach","Sara Linton--resident medical examiner/pediatrician in Grant County, Georgia, --has plenty of hardship to deal with, including defending herself in a heartbreaking malpractice suit. So when her husband, Police chief Jeffery Tolliver, learns that his friend and coworker detective Lena Adams has been arrested for murder and needs Sara's help, she is not sure she can handle the pressure of it all. But soon Sara and Jeffery are sitting through evidence, peeling back the layers of a mystery that grows darker by the day--until an intricate web of betrayal and vengeance begins to unravel. And suddenly the lives of Sara, Lena, and Jeffery are hanging by the slenderest of threads.","https://images-na.ssl-images-amazon.com/images/S/compressed.photo.goodreads.com/books/1388342699i/21720.jpg","server_url","upload\Karin Slaughter\Beyond_Reach__A_Novel_-_Karin_Slaughter.epub","1","0","0.00","0","1","1"
"21721","1","3","12504","Free","A Faint Cold Fear","The third pulse-pounding novel in the Grant County series from New York Times bestselling author Karin Slaughter.Sara Linton, medical examiner in the small town of Heartsdale, Georgia, is called out to an apparent suicide on the local college campus. The mutilated body provides little in the way of clues -- and the college authorities are eager to avoid a scandal -- but for Sara and police chief Jeffrey Tolliver, things don't add up.Two more suspicious suicides follow, and a young woman is brutally attacked. For Sara, the violence strikes far too close to home. And as Jeffrey pursues the sadistic killer, he discovers that ex-police detective Lena Adams, now a security guard on campus, may be in possession of crucial information. But, bruised and angered by her expulsion from the force, Lena seems to be barely capable of protecting herself, let alone saving the next victim...","https://images-na.ssl-images-amazon.com/images/S/compressed.photo.goodreads.com/books/1394126332i/21721.jpg","server_url","upload\Karin Slaughter\A_Faint_Cold_Fear_-_Karin_Slaughter.epub","1","0","0.00","0","1","1"
"21722","1","3","12504","Free","Faithless","The victim was buried alive in the Georgia woods–then killed in a horrifying fashion. When Sara Linton and Jeffrey Tolliver stumble upon the body, both become consumed with finding out who killed the pretty young woman. For them, a harrowing journey begins, one that will test their own turbulent relationship and draw dozens of life into the case.

For as Jeffrey and Sara move further down a trail of shocking surprises and hidden passions, neither is prepared for the most stunning discovery of all: the identity of a killer who is more evil and dangerous than anyone could have guessed.","https://images-na.ssl-images-amazon.com/images/S/compressed.photo.goodreads.com/books/1167323214i/21722.jpg","server_url","upload\Karin Slaughter\Faithless_-_Karin_Slaughter.epub","1","0","0.00","0","1","1"
"22076","1","3","3389","Free","From a Buick 8","The state police of Troop D in rural Pennsylvania have kept a secret in Shed B out back of the barracks ever since 1979, when Troopers Ennis Rafferty and Curtis Wilcox answered a call from a gas station just down the road and came back with an abandoned Buick Roadmaster. Curt Wilcox knew old cars, and he knew immediately that this one was . . . wrong, just wrong. A few hours later, when Rafferty vanished, Wilcox and his fellow troopers knew the car was worse than dangerous – and that it would be better if John Q. Public never found out about it.Curt’s avid curiosity took the lead, and they investigated as best they could, as much as they dared. Over the years, the troop absorbed the mystery as part of the background to their work, the Buick 8 sitting out there like a still-life painting that breathes – inhaling a little bit of this world, exhaling a little bit of whatever world it came from.In the fall of 2001, a few months after Curt Wilcox is killed in a gruesome auto accident, his eighteen-year-old boy, Ned, starts coming by the barracks, mowing the lawn, washing windows, shoveling snow. Sandy Dearborn, Sergeant Commanding, knows it’s the boy’s way of holding onto his father, and Ned is allowed to become part of the Troop D family. One day he looks in the window of Shed B and discovers the family secret. Like his father, Ned wants answers, and the secret begins to stir, not only in the minds and hearts of the veteran troopers who surround him, but in Shed B as well. . . .From a Buick 8 is a novel about our fascination with deadly things, about our insistence on answers when there are none, about terror and courage in the face of the unknowable.","https://images-na.ssl-images-amazon.com/images/S/compressed.photo.goodreads.com/books/1304686732i/22076.jpg","server_url","upload\Stephen King\From_A_Buick_8_-_Stephen_King.epub","1","0","0.00","0","1","1"
"22225","1","7","12692","Free","The Princess Bride","The Hard Headed GroomHe was everything Tiffany Blair wanted. He was danger. He was love . . . and she was meant to spend forever with him. Trouble was, the almighty Kingman Marshall insisted marriage was for fools. But for better, for worse, Tiffany vowed she'd walk eon the aisle as King's bride.And the Virgin BrideShe was young, beautiful . . . and totally off-limits. He was too old, too jaded and too burdened with secrets to indulge in fantasies of living happily-ever-after. But what he wouldn't give to carry the ravishing Miss Blair over the threshold to womanhood . . .","https://images-na.ssl-images-amazon.com/images/S/compressed.photo.goodreads.com/books/1392264205i/22225.jpg","server_url","upload\Diana Palmer\The_Princess_Bride_-_Diana_Palmer.epub","1","0","0.00","0","1","1"
"22867","1","3","12980","Free","A Man Rides Through","In The Mirror of Her Dreams, the dazzling first volume of Mordant's Need, New York Times bestselling author Stephen R. Donaldson introduced us to the richly imagined world of Mordant, where mirrors are magical portals into places of beauty and terror. Now, with A Man Rides Through, Donaldson brings the story of Terisa Morgan to an unforgettable conclusion...Aided by the powerful magic of Vagel, the evil Arch-Imager, the merciless armies are marching against the kingdom of Mordant. In its hour of greatest need, two unlikely champions emerge. One is Geraden, whose inability to master the simplest skills of Imagery has made him a laughingstock. The other is Terisa Morgan, transferred to Mordant from a Manhattan apartment by Geraden's faulty magic. Together, Geraden and Terisa discover undreamed-of talents within themselves - talents that make them more than a match for any Imager ... including Vagel himself.Unfortunately, those talents also mark them for death. Branded as traitors, they are forced to flee the castle for their lives. Now, all but defenseless in a war-torn countryside ravaged by the vilest horrors Imagery can spawn, Geraden and Terisa must put aside past failures and find the courage to embrace their powers—and their love—before Vagel can spring his final trap.","https://images-na.ssl-images-amazon.com/images/S/compressed.photo.goodreads.com/books/1386925519i/22867.jpg","server_url","upload\Stephen R. Donaldson\A_Man_Rides_Through_-_Stephen_R._Donaldson.epub","1","0","0.00","0","1","1"
"22874","1","3","12980","Free","The Gap Into Vision: Forbidden Knowledge","Author of The Chronicles Of Thomas Covenant, one of the most acclaimed fantasy series of all time, master storyteller Stephen R. Donaldson retums with the second book in his long-awaited new science fiction series--a story about dark passions, perilous alliances, and dubious heroism set in a stunningly imagined future.Beautiful, brilliant, and dangerous, Morn Hyland is an ex-police officer for the United Mining Companies--and the target of two ruthless, powerful men.  One is the charismatic ore-pirate Nick Succorso, who sees Morn as booty wrested from his vicious rival, Angus Thermopyle.  thermopyle once made the mistake of underestimating Morn and now he's about to pay the ultimate price.  Both men think they can possess her, but Morn is no one's trophy--and no one's pawn.Meanwhile, withing the borders of Forbidden Space, wait the Amnioin, an alien race capable of horrific atrocities.  The Amnion want something unspeakable from humanity--and they will go to unthinkable lengths to get it.In Forbidden Knowledge, Stephen R. Donaldson spins a galaxy-wide web of intrigue, deception, and betrayal that tightens with inexorable strength around characters and readers alike.","https://images-na.ssl-images-amazon.com/images/S/compressed.photo.goodreads.com/books/1589771979i/22874.jpg","server_url","upload\Stephen R. Donaldson\The_Gap_Into_Vision__Forbidden_-_Stephen_R._Donaldson.epub","1","0","0.00","0","1","1"
"22876","1","3","12980","Free","Reave the Just and Other Tales","Stephen R. Donaldson's unique talents have placed his work alongside that of J.R.R. Tolkien and established him as a writer with the rare ability to expand readers' imaginations. Now he presents a magnificent new collection of eight stories and novellas--three of which have never before been published.This outstanding volume commences with the fablelike title story, ""Reave the Just,"" which highlights one of Donaldson's favorite the individual's power to overcome adversity. This collection also introduces the morbid, soul-taking hero of ""Penance,"" the mysterious beggar woman in the dark fairy tale ""The Woman Who Loved Pigs,"" and the pampered antihero forced to make a choice between virtue and vice in ""The Djinn Who Watches Over the Accursed.""Boasting exotic settings and suspense fueled by sudden plot twists, Reave the Just and Other Tales is a testament to Stephen R. Donaldson's talent to spin unforgettably spellbinding stories, and the astonishing scope of his mastery of magic and myth.","https://images-na.ssl-images-amazon.com/images/S/compressed.photo.goodreads.com/books/1386923161i/22876.jpg","server_url","upload\Stephen R. Donaldson\Reave_the_Just_and_Other_Tales_-_Stephen_R._Donaldson.epub","1","0","0.00","0","1","1"
"22877","1","3","12980","Free","The Gap Into Power: A Dark and Hungry God Arises","A master storyteller, Stephen R. Donaldson established a worldwide reputation with his unforgettable, critically acclaimed fantasy series The Chronicles Of Thomas Covenant . Then, with The Real Story and Forbidden Knowledge , he launched a thrilling new science fiction series. Now the galactic epic continues as humanity struggles against the forces of ultimate evil—and its own dark nature.The stage is set for confrontation at Billingate—illegal shipyard, haven for pirates and brigands, where every vice flourishes and every appetite can be sated. Gateway to the alien realm of the Amnion, the shipyard is a clearinghouse for all they require to fulfill their mutagenic plans against humanity.It is here that the fate of Morn Hyland is to be decided amid a kaleidoscopic whirl of plot and counter-plot, treachery and betrayal.As schemes unravel to reveal yet deeper designs, Morn, Nick, Angus' lives may all be forfeit as pawns in the titanic game played our between Warden Dios, dedicated director of the UMC Police, and the Dragon, greed-driven ruler of the UMC.  Here, the future of humankind hangs on the uncertain fortune of Morn Hyland in a daring novel of epic power and suspense, relentlessly gripping from first page to last.","https://images-na.ssl-images-amazon.com/images/S/compressed.photo.goodreads.com/books/1320464994i/22877.jpg","server_url","upload\Stephen R. Donaldson\The_Gap_Into_Power__A_Dark_and_-_Stephen_R._Donaldson.epub","1","0","0.00","0","1","1"
"23600","1","3","656983,9533","Free","Sauron Defeated: The History of The Lord of the Rings, Part Four","The final part of The History of The Lord of the Rings , Sauron The End Of The Third Age is J.R.R. Tolkien's enthralling account of the writing of the Book of the Century which contains many additional scenes and includes the unpublished Epilogue in its entirety. In the first section of  Sauron Defeated  Christopher Tolkien completes his fascinating study of  The Lord of the Rings . Beginning with Sam’s rescue of Frodo from the Tower of Cirith Ungol, and giving a very different account of the Scouring of the Shire, this section ends with versions of the hitherto unpublished Epilogue, in which, years after the departure of Bilbo and Frodo from the Grey Havens, Sam attempts to answer his children’s questions. The second section is an edition of The Notion Club Papers. These mysterious papers, discovered in the early years of the twenty-first century, report the discussions of an Oxford club in the years 1986-7, in which after a number of topics, the centre of interest turns to the legend of Atlantis, the strange communications received by other members of the club from the past, and the violent irruption of the legend into the North-west of Europe.","https://images-na.ssl-images-amazon.com/images/S/compressed.photo.goodreads.com/books/1388198133i/23600.jpg","server_url","upload\J.R.R. Tolkien\The_History_of_Middle-earth_Vol_-_J._R._R._Tolkien_4.epub","1","0","0.00","0","1","1"
"23603","1","3","656983","Free","Tales from the Perilous Realm","'Four classic tales from the author of The Hobbit The fat and unheroic Farmer Giles of Ham is called upon to do battle with the dragon Chrysophylax: Niggle the painter sets out to paint the perfect tree: Hobbits, princesses, dwarves and trolls partake in the adventures of Tom Bombadil: and Smith of Wootton Major journeys to the land of Faery via the magical ingredients of a giant cake. This definitive collection of J.R.R. Tolkien's acclaimed short stories and poems reaffirms his status as a master storyteller for readers young and old. FARMER GILES OF HAM 1949 A fabulous tale of the days when giants and dragons walked the kingdom - SUNDAY TIMES LEAF BY NIGGLE 1964 A haunting and successful demonstration of the qualities of faerie - NEW YORK TIMES THE ADVENTURES OF TOM BOMBADIL 1961 Something close to genius - THE LISTENER SMITH OF WOOTTON MAJOR 1967 Whoever reads it at eight will no doubt still be going back to it at eighty - NEW STATESMAN","https://images-na.ssl-images-amazon.com/images/S/compressed.photo.goodreads.com/books/1418794351i/23603.jpg","server_url","upload\J.R.R. Tolkien\Tales_from_the_Perilous_Realm_-_J._R._R._Tolkien.epub","1","0","0.00","0","1","1"
"23762","1","5","13362","Free","Discerning the Voice of God: How to Recognize When God Speaks","From the pen of one who has been where you are: loving God and longing to hear his voice, Priscilla Shirer shares her insights based on practical experience and years of biblical study in this new edition of Discerning the Voice of God . In it she writes: Through His longsuffering and steadfastness, God has invited me to know Him better. And the more intimate I've become with Him, the more acquainted I've become with His voice. He has proven Himself to me not because I'm more special than anyone else, but because He loves proving His Word is true-to all His children. To you. One of Priscilla's bestselling titles, Discerning the Voice of God is now completely revised with updated content and reflection questions. Each section contains insights that will aid you in your desire to hear Him speak: Realize the Way He Speaks, Recognize the Sound of His Voice, Remember What He Wants to Accomplish, and Ready Yourself for Even More. Discover the treasure of recognizing how God keeps in touch with his beloved people and watch as He communicates with you.","https://images-na.ssl-images-amazon.com/images/S/compressed.photo.goodreads.com/books/1388241918i/23762.jpg","server_url","upload\Priscilla Shirer\Discerning_the_Voice_of_God__Ho_-_Priscilla_Shirer.epub","1","0","0.00","0","1","1"
"23777","1","8","13376,13373,13374","Free","Something Borrowed, Something Blue","FOUR WEDDINGS...AND NO FUNERAL! Is there anything more beautiful than a bride? Anything more emotional than a wedding? Here to capture that shimmering excitement, to bring to life the matrimonial mantra of 'Something old, something new,' are four spellbinding novellas by four historical-romance stars. In Something Old, Elaine Barbieri crafts a suspenseful tale of an old grudge-and dangerously arrange an arrogant bachelor father, a mysterious baby nurse, and a motherless newborn into the portrait of a proper South Carolina clan? In Evelyn Rogers Something Borrowed, a pretty widow and a gambler on the lam borrow identities other Something Blue, Bobbi Smith deftly engages a debonair cavalry officer and a feisty saloon girl in a moving tale of sexy steel and heart-melting magnolias. So start reading...and get ready to start humming ""Here Comes the Bride""!","https://images-na.ssl-images-amazon.com/images/S/compressed.photo.goodreads.com/books/1167455509i/23777.jpg","server_url","upload\Elaine Barbieri\Something_Borrowed_Something_B_-_Constance_O_39_Banyon.epub","1","0","0.00","0","1","1"
"24094","1","3","8596","Free","Wolf-Speaker","When humans start cutting down trees and digging holes in peaceful Dunlath Valley, the wolves know that something is wrong. They send a messenger to the only human who will listen -- Daine, a fourteen-year-old girl with the unpredictable power of wild magic. Daine and her closest companions heed the wolves' cry for help. But the challenge they are about to face in the valley is greater than they can possibly imagine...","https://images-na.ssl-images-amazon.com/images/S/compressed.photo.goodreads.com/books/1495451734i/24094.jpg","server_url","upload\Tamora Pierce\Wolf-Speaker_-_Tamora_Pierce.epub","1","0","0.00","0","1","1"
"24244","1","3","12470","Free","The Black Ice","Narcotics office Cal Moore's orders were to look into the city's latest drug killing. Instead, he ends up in a motel room with a fatal bullet wound to the head and a suicide note stuffed in his back pocket.Working the case, LAPD detective Harry Bosch is reminded of the primal police rule he learned long ago: don't look for the facts, but the glue that holds them together.Soon Harry's making some very dangerous connections, starting with a dead cop and leading to a bloody string of murders that wind from Hollywood Boulevard to the back alleys south of the border. Now this battle-scarred veteran will find himself in the centre of a complex and deadly game - one in which he may be the next and likeliest victim.","https://images-na.ssl-images-amazon.com/images/S/compressed.photo.goodreads.com/books/1372241876i/24244.jpg","server_url","upload\Michael Connelly\The_Black_Ice_-_Michael_Connelly.epub","1","0","0.00","0","1","1"
"25352","1","3","14255","Free","Coming Out","Olympia Crawford Rubinstein has a busy legal career, a solid marriage, and a way of managing her thriving family with grace, humor, and boundless energy. With twin daughters finishing high school, a son at Dartmouth, and a kindergartner from her second marriage, there seems to be no challenge to which Olympia cannot rise. Until one sunny day in May, when she opens an invitation for her daughters to attend the most exclusive coming-out ball in New York–-and chaos erupts all around her. One twin’s excitement is balanced by the other’s outrage; her previous husband’s profound snobbism is in sharp contrast to her current husband’s flat refusal to attend. For Olympia’s husband, Harry, whose parents survived the Holocaust, the idea of a blue-blood debutante ball is abhorrent. Her daughter Veronica, a natural-born rebel, agrees–-while Veronica’s identical twin, Virginia, is already shopping for the perfect dress. Then there’s Olympia’s ex, an insufferable snob, who sees the ball as the perfect opportunity for a family feud. And amid all the hubbub, Olympia’s college-age son, Charlie, is facing a turning point in his life–-and may need his mother more than ever. But despite it all, Olympia is determined to steer her family through the event until, just days before the cotillion, things begin to unravel with alarming speed. From a son’s crisis to a daughter’s heartbreak, from a case of the chicken pox to a political debate raging in her household, Olympia is on the verge of surrender. And that is when, in a series of startling choices and changes of heart, family, friends, and even a blue-haired teenager all find a way to turn a night of calamity into an evening of magic. As old wounds are healed, barriers are shattered and new traditions are born, and a debutante ball becomes a catalyst for change, revelation, acceptance, and love. In a novel that is by turns profound, poignant, moving, and warmly funny, Danielle Steel tells the story of an extraordinary family–-finding new ways of letting go, stepping up, and coming out...in the ways that matter most.","https://images-na.ssl-images-amazon.com/images/S/compressed.photo.goodreads.com/books/1386922532i/25352.jpg","server_url","upload\Danielle Steel\Coming_Out_-_Danielle_Steel.epub","1","0","0.00","0","1","1"
"25452","1","2","3275","Free","Dish: The Inside Story on the World of Gossip","Gossip. It's more than just hearsay. society columns, and supermarket tabloids. It has, like it or not, become a mainstay of American pop culture. In Dish, industry insider Jeannette Walls gives this provocative subject its due, offering a comprehensive, serious exploration of gossip and its social, historical, and political significance. Examining the topic from the inside out, Walls looks at the players; the origins of gossip, from birth of People magazine to the death of Lady Di; and how technology including the Internet will continue to change the face gossip. As compelling and seductive as its subject matter, Dish brilliantly reveals the fascinating inner workings of a phenomenon that is definitely here to stay.","https://images-na.ssl-images-amazon.com/images/S/compressed.photo.goodreads.com/books/1388262558i/25452.jpg","server_url","upload\Jeannette Walls\Walls,_Jeannette_-_Dish__how_gossip_became_the_news_and_the_news_became_just_another_show-HarperCollins_Perennial_(2000_2001).epub","1","0","0.00","0","1","1"
"26048","1","3","625","Free","Dream Makers: Untamed / Less of a Stranger","UntamedJo Wilder had the heart of a lion and the temper of a wildcat. And when Keane Prescott crossed her path, she bared her claws. Jo was certain her charming new boss imperiled everything she cared for, but she couldn't deny the attraction between them. Though Keane's kisses left her breathless, it was his tenderness that threatened to tame her heart.Less of a StrangerConfident and colossally arrogant, David Katcherton swept into Megan Miller's life and awakened feelings that had long been lying dormant. But she wasn't about to fall for this irresistible stranger who was after her grandfather's business. As Katch challenged her to fulfill her dreams, he also aroused passions she'd never known before....","https://images-na.ssl-images-amazon.com/images/S/compressed.photo.goodreads.com/books/1388765960i/26048.jpg","server_url","uploads/Nora Roberts/Less_of_a_Stranger_-_Nora_Roberts.epub","1","0","0.00","0","1","1"
"26049","1","3","625","Free","Spellbound","Leave it to number-one bestselling author Nora Roberts to spin a tale that blurs the boundaries between reality and fantasy, modern-day mishaps and ancient curses, obsession and undying passion. She’ll have you cheering for love to win the day as a man and woman discover just how deep their bond lies—and how some dreams are meant to be… While on a much-needed vacation in Ireland, world-famous photographer Calin Farrell is bewitched by the ravishingly beautiful Bryna Torrence, even if he refuses to believe in the spell that has brought them together—and could destroy them both…","https://images-na.ssl-images-amazon.com/images/S/compressed.photo.goodreads.com/books/1389533531i/26049.jpg","server_url","uploads/Nora Roberts/Spellbound_-_Nora_Roberts.epub","1","0","0.00","0","1","1"
"26050","1","3","625","Free","Angels Fall","#1 New York Times-bestselling author Nora Roberts explores the wilds of the Grand Tetons-and the mysteries of love, murder, and madness-in her engrossing and passionate new novel.Reece Gilmore has come a long way to see the stunning view below her. As the sole survivor of a brutal crime back East, she has been on the run, desperately fighting the nightmares and panic attacks that haunt her. Reece settles in Angel's Fist, Wyoming-temporarily, at least-and takes a job at a local diner. And now she's hiked this mountain all by herself. It was glorious, she thought, as she peered through her binoculars at the Snake River churning below.Then Reece saw the man and woman on the opposite bank. Arguing. Fighting. And suddenly, the man was on top of the woman, his hands around her throat . . .Enjoying a moment of solitude a bit farther down the trail is a gruff loner named Brody. But by the time Reece reaches him and brings him to the scene, the pair has vanished. When authorities comb the area where she saw the attack, they find nothing. No signs of struggle. No freshly turned earth. Not even a tire track.And no one in Angel's Fist seems to believe her. After all, she's a newcomer in town, with a reputation for being jumpy and jittery-maybe even a little fragile. Maybe it's time to run again, to move on . . .Reece Gilmore knows there's a killer in Angel's Fist, even if Brody, despite his seeming impatience and desire to keep her at arm's length, is the only one willing to believe her. When a series of menacing events makes it clear that someone wants her out of the way, Reece must put her trust in Brody-and herself-to find out if there is a killer in Angel's Fist before it's too late.","https://images-na.ssl-images-amazon.com/images/S/compressed.photo.goodreads.com/books/1442931263i/26050.jpg","server_url","upload\Nora Roberts\Angels_Fall_-_Nora_Roberts.epub","1","0","0.00","0","1","1"
"26053","1","3","625","Free","Public Secrets","From Nora Roberts, the incomparable New York Times bestselling author of Sanctuary and Montana Sky, comes a mesmerizing story of a woman trapped by a dangerous desire and threatened by a murderous secret, one of Nora Roberts's most popular novels. Emma. Beautiful, intelligent, radiantly talented, she lives in a star-studded world of wealth and privilege. But she is about to discover that fame is no protection at all when someone wants you dead.... All she has to do is close her eyes and she remembers the magical day her father came into her life. She was a frightened, lonely toddler, hiding, always hiding, from her mother's wrath, when Brian McAvoy swept in and took her away. She didn't know then that she was his illegitimate daughter or that she had just been rescued by pop music's rising new star. All she knew was that suddenly she felt safe. And there wasn't only Brian...his new wife became Emma's loving stepmother, his band members became her surrogate uncles, and soon Emma even had a new baby brother to care for. Then just when everything seemed perfect, a horrifying event shattered all their lives: a botched kidnapping attempt, shocking the world, traumatizing Emma, leaving her bereft of her newfound happiness. Yet now, after so many years of pain and guilt, of being overprotected and hounded by the press, Emma finally feels as if she's put the tragedy behind her. A determined, self-sufficient young woman, she has carved out a thrilling career, and even dared to fall rapturously in love. But the man who will become her husband isn't all that he seems. And Emma is about to awaken to the chilling knowledge that the darkest secret of all is the one buried in her mind--a secret that someone may kill to keep. With Public Secrets, Nora Roberts has woven an absorbing tale of a woman you can't help but care for, trapped in a terrifying web of suspense that will keep you reading long into the night.","https://images-na.ssl-images-amazon.com/images/S/compressed.photo.goodreads.com/books/1388333214i/26053.jpg","server_url","upload\Nora Roberts\Public_Secrets_-_Nora_Roberts.epub","1","0","0.00","0","1","1"
"26509","1","3","14255","Free","Lightning","In Lightning, bestselling novelist Danielle Steel tells the story of a woman whose life is changed by one swift, unexpected stroke of fate.As a partner in one of New York's most prestigious law firms, Alexandra Parker barely manages to juggle husband, career, and the three-year-old child she gave birth to at forty. Then lightning strikes - a routine medical check-up turns her world upside down when tests reveal shattering news. Her husband Sam, a Wall Street whiz-kid, is as proud of his long-time marriage to Alex as he is of his successful career - until he is caught off guard by Alex's illness. Terrified of losing his wife and family, Sam fails to provide any kind of emotional support.Almost overnight, Sam takes his distance from Alex, and they become strangers. As lightning strikes them yet again, Sam's promising career suddenly explodes into disaster, and his very life and identity are challenged. With his future hanging in the balance, Alex must decide what she feels for Sam, if life will ever be the same for them again, or if she must move on without him.","https://images-na.ssl-images-amazon.com/images/S/compressed.photo.goodreads.com/books/1167813391i/26509.jpg","server_url","upload\Danielle Steel\Danielle_Steel_-_Lightning_-_1995.epub","1","0","0.00","0","1","1"
"26512","1","3","14255","Free","Impossible","When a high-powered gallery owner collides with a wildly offbeat artist, it’s the perfect recipe for disaster. But in her 63rd bestselling novel, Danielle Steel proves that when two hopelessly mismatched people share a love for art, a passion for each other, and a city like Paris, nothing is truly impossible...or is it?Everything Sasha does is within the boundaries of tradition. Liam is sockless in December. Sasha is widowed, a woman who knows she was lucky enough to be married to the most wonderful man in the world and thankful for every moment they had. Liam is half in and half out of a marriage that only a “wacky” artist could manage, and that his own impossibly impulsive behavior has helped tear apart. But while Sasha has been methodically building her father’s Parisian art gallery into an intercontinental success story, Liam has been growing into one of the most original and striking young painters of his time. So while the two are utterly unalike-–and a nine-year age difference stares them squarely in the face-–the miracle of art brings them crashing together. Now the question is, can Sasha guard her reputation while juggling a secret, somewhat scandalous relationship? And how can Liam, who lives for the moment, put up with a woman who insists on having things her own way, in her own style, and at her own time?For Sasha, it’s a matter of keeping Liam hidden from her grown children and well-heeled clientele as she commutes between New York and Paris and two thriving galleries. For Liam, it’s about creating chaos out of order, bringing out the wild streak that Sasha barely knows she has, of choosing pizza over foie gras, and making love when others are busy making money. That is, until a family tragedy suddenly alters Liam’s life–-and forces a choice and a sacrifice that neither one of them could have expected. But from the snow falling on the Tuileries to the joy of eating ice cream by candlelight, the artist and the art dealer have tasted perfection. And giving up now might just be the most impossible thing of all.With unerring insight into the hearts of men and women–-and into the soul of the artist-–Danielle Steel takes us into a world of glamour and genius, priceless art and dazzling creativity. From the luxurious galleries of Europe to the endless beaches of the Hamptons, Impossible weaves an extraordinary tale of love and compromise, of taking chances and counting blessings. With brilliant color and breathtaking emotion, Danielle Steel has written her most compelling novel to date.From the Hardcover edition.","https://images-na.ssl-images-amazon.com/images/S/compressed.photo.goodreads.com/books/1388331914i/26512.jpg","server_url","upload\Danielle Steel\Impossible_-_Danielle_Steel.epub","1","0","0.00","0","1","1"
"28724","1","3","8685","Free","Four & Twenty Blackbirds","A fine feathered fiend...A magical maniac is loose in Alanda. The victims are always women, always lower-class, and the weapon is always a three-sides stiletto, most often found among church regalia. But the killers are never churchmen, and they always commit suicide immediately after the bloody deed.Tal Rufen is just a simple constable. But he really cares about his job, and when one of these muder/suicides happens on his beat he becomes obsessed. His superiors don't care - the victims will never be missed, and their murderers are already justly dead. But every instinct Tal Rufen has cries out that he has seen only one small piece of a bigger and much nastier puzzle.","https://images-na.ssl-images-amazon.com/images/S/compressed.photo.goodreads.com/books/1388967915i/28724.jpg","server_url","upload\Mercedes Lackey\Four_and_Twenty_Blackbirds_-_Mercedes_Lackey.epub","1","0","0.00","0","1","1"
"28734","1","3","8685","Free","Magic's Price","The final chapter in Mercedes Lackey's spellbinding fantasy trilogy! The Herald-Mage, Vanyel, and his Companion, Yfandes, are alone responsible for saving the once-peaceful kingdom of Valdemar from the forces of a master who wields a dark, forbidding magic. And if either Vanyel or Yfandes falters, both Valdemar and its Herald-Mage must pay the ultimate price.","https://images-na.ssl-images-amazon.com/images/S/compressed.photo.goodreads.com/books/1478489331i/28734.jpg","server_url","upload\Mercedes Lackey\Magic's_Price_-_Mercedes_Lackey.epub","1","0","0.00","0","1","1"
"28760","1","3","8685","Free","Magic's Promise","Groundbreaking epic fantasy series in Mercedes Lackey’s Valdemar universe • Lambda-Award winning novels with heartfelt high adventure and magic   Wild magic is taking its toll on the land. Many Heralds and Herald-Mages have died fighting to preserve the peace. Even Vanyel, the most powerful of the Herald-Mages is almost at the end of his strength, in need of a respite from the dual threats of war and dark magic. But for Vanyel, there can be no rest. Not when his Companion, Yfandes, receives a summons which can’t be ignored — a desperate cry of a magical holocaust in the neighboring kingdom. Almost overwhelmed by the devastations they discover there, Herald-Mage and Companion must try to unravel this tragic mystery. Is the young Prince Tashir, a newly Chosen Herald who can’t control his magic, responsible for the destruction? Or is Tashir a pawn in a deeper, more deadly game—and, if so, will Vanyel be able to find and defeat the true destroyer before this master of dark powers can strike again?","https://images-na.ssl-images-amazon.com/images/S/compressed.photo.goodreads.com/books/1386923597i/28760.jpg","server_url","upload\Mercedes Lackey\Magic's_Promise_-_Mercedes_Lackey.epub","1","0","0.00","0","1","1"
"28762","1","3","8685","Free","The Last Herald-Mage","The Last Herald-Mage contains Magic's Pawn, Magic's Promise and Magic's Price.","https://images-na.ssl-images-amazon.com/images/S/compressed.photo.goodreads.com/books/1389041125i/28762.jpg","server_url","upload\Mercedes Lackey\The_Last_Herald-Mage_Trilogy_-_Mercedes_Lackey.epub","1","0","0.00","0","1","1"
"28921","1","3","4280","Free","The Remains of the Day","Librarian's note: See alternate cover edition of ISBN 0571225381 here.In the summer of 1956, Stevens, a long-serving butler at Darlington Hall, decides to take a motoring trip through the West Country. The six-day excursion becomes a journey into the past of Stevens and England, a past that takes in fascism, two world wars, and an unrealised love between the butler and his housekeeper.","https://images-na.ssl-images-amazon.com/images/S/compressed.photo.goodreads.com/books/1327128714i/28921.jpg","server_url","uploads/Kazuo Ishiguro/Remains_of_the_Day_-_Kazuo_Ishiguro.epub","1","0","0.00","0","1","1"
"30010","1","3","16667","Free","The Complete Stories, Vol. 1","The first volume consists of the stories previously collected in Earth Is Room Enough, Nine Tomorrows, and Nightfall and Other Stories (but not the commentary from Nightfall and Other Stories). Volume One contains the following 48 short stories:- The Dead Past- The Foundation of S. F. Success- Franchise- Gimmicks Three- Kid Stuff- The Watery Place- Living Space- The Message- Satisfaction Guaranteed- Hell-Fire- The Last Trump- The Fun They Had- Jokester- The Immortal Bard- Someday- The Author's Ordeal- Dreaming Is a Private Thing- Profession- The Feeling of Power- The Dying Night- I'm in Marsport Without Hilda- The Gentle Vultures- All the Troubles of the World- Spell My Name with an S- The Last Question- The Ugly Little Boy- Nightfall- Green Patches- Hostess- Breeds There a Man…?- C-Chute- In a Good Cause—- What If—- Sally- Flies- Nobody Here But—- It's Such a Beautiful Day- Strikebreaker- Insert Knob A in Hole B- The Up-to-Date Sorcerer- Unto the Fourth Generation- What Is This Thing Called Love?- The Machine That Won the War- My Son, the Physicist- Eyes Do More Than See- Segregationist- I Just Make Them Up, See!- Rejection Slips.","https://images-na.ssl-images-amazon.com/images/S/compressed.photo.goodreads.com/books/1626010892i/30010.jpg","server_url","upload\Isaac Asimov\the_complete_stories_-_isaac_asimov.epub","1","0","0.00","0","1","1"
"30019","1","5","16667","Free","Isaac Asimov's Guide to Earth and Space","A thrilling nonfiction tour of the cosmos that brings the universe down to Earth, from one of the all-time masters of science fiction. No one makes sense out of science like Isaac Asimov. Are you puzzled by pulsars? Baffled by black holes? Bewildered by the big bang? If so, here are succinct, crystal-clear answers to more than one hundred of the most significant questions about the essential nature of the universe—questions that have fired the imagination since the beginning of history. Over the course of this fantastic voyage, the origins, the discoveries, and the stunning achievements of astronomy will unfold before your eyes. You will experience close encounters with giant planets, exploding stars, distant galaxies, and more. For anyone who has ever asked the ultimate questions, who has ever looked up at the sky and asked What in heaven is going on? , Isaac Asimov’s unique vision, skill, and authority will bring the big picture into focus. “A fine introduction to modern astronomical theory.”— Library Journal","https://images-na.ssl-images-amazon.com/images/S/compressed.photo.goodreads.com/books/1388539083i/30019.jpg","server_url","upload\Isaac Asimov\guide_to_earth_and_space_-_isaac_asimov.epub","1","0","0.00","0","1","1"
"30186","1","3","17015","Free","Divine By Choice","Finally settled into her new world and role as the Goddess Epona s Chosen, Shannon finds herself loving her life of luxury and service more and more each day. Her handsome husband is due to return from his travels soon, and the temple and its people have recovered from the terrible war months before. Even though the evil has been banished from the land and all is calm, Shannon can t seem to shake the cloud of uneasiness (and nausea) she s been feeling, even after she receives the wonderful news of her forthcoming bundle of joy.But when a routine ride through the countryside turns dangerous, Shannon is once again pulled across the divide back to the rolling green of Oklahoma. Sensing the darkness growing in her former world and driven by Epona s steady hand, she must rely on the tempting and sexy Clint Freeman to help her defeat the all-too-familiar evil that lurks in the shadows before she can return to her real home Partholon.","https://images-na.ssl-images-amazon.com/images/S/compressed.photo.goodreads.com/books/1327994550i/30186.jpg","server_url","upload\P.C. Cast\Divine_by_Choice_-_P._C._Cast.epub","1","0","0.00","0","1","1"
"30187","1","3","17015","Free","Divine By Mistake","The most excitement teacher Shannon Parker expected on her summer vacation was a little shopping. But then her latest purchase--a vase with the Celtic goddess Epona on it--somehow switches her into the world of Partholon, where she's treated like a goddess. A very temperamental goddess... It seems that Shannon has stepped into another's role as the Goddess Incarnate of Epona. And while it has some very appealing moments--what woman doesn't like a little pampering now and then?--it also comes with a ritual marriage to a centaur and the threat of war against the evil Fomorians. Oh, and everyone disliking her because they think she's her double.Somehow Shannon needs to figure out how to get back to Oklahoma without being killed, married to a horse or losing her mind... .","https://images-na.ssl-images-amazon.com/images/S/compressed.photo.goodreads.com/books/1359396052i/30187.jpg","server_url","upload\P.C. Cast\Divine_by_Mistake_-_P._C._Cast.epub","1","0","0.00","0","1","1"
"30190","1","3","17015","Free","Goddess of Light","Ancient gods Artemis and Apollo get caught up in a game of love with a mortal woman in this Goddess Summoning novel from #1 New York Times bestselling author P. C. Cast...Tired of dating egomaniacs, interior designer Pamela Gray has nearly given up. She wants to be treated like a goddess—preferably by a god. As she whispers her wish, she unwittingly invokes the goddess Artemis, who has some tricks up her celestial sleeve… Twins Artemis and Apollo have been sent to the kingdom of Las Vegas to test their mettle. Their first assignment: make Pamela’s wish come true. So Artemis volunteers her golden brother. After all, who better than the handsome God of Light to bring love to this lonely woman? It might be a first, but here in Sin City, where life is a gamble, both god and mortal are about to bet on a high-stakes game of love...","https://images-na.ssl-images-amazon.com/images/S/compressed.photo.goodreads.com/books/1392424156i/30190.jpg","server_url","upload\P.C. Cast\Goddess_of_Light_-_P._C._Cast.epub","1","0","0.00","0","1","1"
"30191","1","1","17015","Free","Brighid's Quest","In this follow-up to Elphame's Choice, Brighid flees her centaur clan's rigid traditions and prejudice to find peace and acceptance among the humans of Clan MacCallan. When her family summons her home, Brighid must make a fateful decision.","https://images-na.ssl-images-amazon.com/images/S/compressed.photo.goodreads.com/books/1388187184i/30191.jpg","server_url","upload\P. C. Cast\Brighid_s_Quest_-_P._C._Cast.epub","1","0","0.00","0","1","1"
"30194","1","3","17015","Free","Goddess of Spring","Lina's trendy bakery in Tulsa is proving to be less than lucrative, and she must come up with a plan. When she stumbles upon an Italian Goddess cookbook, Lina can't help but think she's found the answer to her problem—even if it means invoking a goddess to save her business.Soon enough, Lina finds herself face-to-face with Demeter, who has a plan of her own. She proposes that Lina exchange souls with Persephone, the Goddess of Spring, who will breathe new life into the bakery. In return, Lina must set order to the Underworld.Before all this, Lina's problems mostly involved sourdough and second dates. Now that she embodies the enchanting Persephone, Lina has weightier things on her mind—like the formidable task of bringing Spring to a world of spirits. But when the handsome, brooding Hades kindles a spark in her heart, Lina wonders if this Lord of the Underworld might be the man of her dreams.","https://images-na.ssl-images-amazon.com/images/S/compressed.photo.goodreads.com/books/1388187186i/30194.jpg","server_url","upload\P.C. Cast\Goddess_of_Spring_-_P._C._Cast.epub","1","0","0.00","0","1","1"
"30196","1","3","17015","Free","Goddess of the Sea","On the night of her twenty-fifth birthday, alone in her apartment, Air Force Sergeant Christine Canady wished for one thing: a little magic in her life. After drinking way too much champagne, she performed, of all crazy things, a goddess-summoning ritual, hoping that it would somehow make her life a little less ordinary...but she never believed the spell would actually work.When her military plane crashes into the ocean, CC's mission overseas takes an unexpected turn. She awakens to find herself in a legendary time and place where magic rules the land—occupying the body of the mythic mermaid Undine. But there is danger in the waters and the goddess Gaea turns this modern, military gal into a beautiful damsel so that she can seek shelter on land.CC is soon rescued (literally) by a knight in shining armor. She should be falling in love with this dream-come-true, but instead she aches for the sea and Dylan, the sexy merman who has stolen her heart.","https://images-na.ssl-images-amazon.com/images/S/compressed.photo.goodreads.com/books/1389937849i/30196.jpg","server_url","upload\P.C. Cast\Goddess_of_the_Sea_-_P._C._Cast.epub","1","0","0.00","0","1","1"
"30200","1","3","17015","Free","Elphame's Choice","This follow-up to Goddess by Mistake returns to the ancient Greco-Roman civilization of Partholon. Marked from birth as belonging to the Goddess Epona, an isolated Elphame must confront her people's ancient enemies while on a journey of self-discovery.","https://images-na.ssl-images-amazon.com/images/S/compressed.photo.goodreads.com/books/1389937849i/30200.jpg","server_url","upload\P. C. Cast\Elphame_s_Choice_-_P._C._Cast.epub","1","0","0.00","0","1","1"
"30226","1","3","9550","Free","A Stroke of Midnight","I am Meredith Gentry, P.I., solving cases in Los Angeles, far from the peril and deception of my real home–because I am also Princess Meredith, heir to the darkest throne faerie has to offer. The Unseelie Court infuses me with its power. But at what price does such magic come? How much of my human side will I have to give up, and how much of the sinister side of faerie will I have to embrace? To sit on a throne that has ruled through bloodshed and violence for centuries, I might have to become that which I dread the most.Enemies watch my every move. My cousin Cel strives to have me killed even now from his prison cell. But not all the assassination attempts are his. Some Unseelie nobles have waited centuries for my aunt Andais, Queen of Air and Darkness, to become weak enough that she might be toppled from her throne. Enemies unforeseen move against us–enemies who would murder the least among us.The threat will drive us to allow human police into faerie for the first time in our history. I need my allies now more than ever, especially since fate will lead me into the arm of Mistral, Master of Storms, the queen’s new captain of her guard. Our passion will reawaken powers long forgotten among the warriors of the sidhe. Pain and pleasure await me–and danger, as well, for some at that court seek only death.I will find new joys with the butterfly-winged demi-fey. My guards and I will show all of faerie that violence and sex are as popular among the sidhe as they are among the lesser fey of our court. The Darkness will weep, and Frost will comfort him. The gentlest of my guards will find new strength and break my heart. Passions undreamed of await us–and my enemies gather, for the future of both courts of faerie begins to unravel.","https://images-na.ssl-images-amazon.com/images/S/compressed.photo.goodreads.com/books/1400966510i/30226.jpg","server_url","upload\Laurell K. Hamilton\A_Stroke_of_Midnight_-_Laurell_K._Hamilton.epub","1","0","0.00","0","1","1"
"30240","1","3","9550","Free","A Caress of Twilight","“I am Princess Meredith, heir to a throne—if I can stay alive long enough to claim it.”After eluding relentless assassination attempts by Prince Cel, her cousin and rival for the Faerie crown, Meredith Gentry, Los Angeles private eye, has a whole new set of problems. To become queen, she must bear a child before Cel can father one of his own. But havoc lies on the people are dying in mysterious, frightening ways, and suddenly the very existence of the place known as Faerie is at grave risk. So now, while she enjoys the greatest pleasures of her life attempting to conceive a baby with the warriors of her royal guard, she must fend off an ancient evil that could destroy the very fabric of reality. And that’s just her day job. . . .","https://images-na.ssl-images-amazon.com/images/S/compressed.photo.goodreads.com/books/1327877187i/30240.jpg","server_url","upload\Laurell K. Hamilton\A_Caress_of_Twilight_-_Laurell_K._Hamilton.epub","1","0","0.00","0","1","1"
"31242","1","3","239579,227267,3128534","Free","Bleak House","The complex story of a notorious law-suit in which love and inheritance are set against the classic urban background of 19th-century London, where fog on the river, seeping into the very bones of the characters, symbolizes the corruption of the legal system and the society which supports it.“Jarndyce and Jarndyce” is an infamous lawsuit that has been in process for generations. Nobody can remember exactly how the case started but many different individuals have found their fortunes caught up in it. Esther Summerson watches as her friends and neighbours are consumed by their hopes and disappointments with the proceedings. But while the intricate puzzles of the lawsuit are being debated by lawyers, other more dramatic mysteries are unfolding that involve heartbreak, lost children, blackmail and murder.The fog and cold that permeate Bleak House mirror a Victorian England mired in spiritual insolvency. Dickens brought all his passion, brilliance, and narrative verve to this huge novel of lives entangled in a multi-generational lawsuit—and through it, he achieved, at age 41, a stature almost Shakespearean.","https://images-na.ssl-images-amazon.com/images/S/compressed.photo.goodreads.com/books/1280113147i/31242.jpg","server_url","upload\Charles Dickens\Bleak_House_(Oxford_World's_Cla_-_Charles_Dickens.epub","1","0","0.00","0","1","1"
"31244","1","3","239579,4541774","Free","Our Mutual Friend","A satiric masterpiece about the allure and peril of money, Our Mutual Friend revolves around the inheritance of a dust-heap where the rich throw their trash. When the body of John Harmon, the dust-heap’s expected heir, is found in the Thames, fortunes change hands surprisingly, raising to new heights “Noddy” Boffin, a low-born but kindly clerk who becomes “the Golden Dustman.” Charles Dickens’s last complete novel, Our Mutual Friend encompasses the great themes of his earlier works: the pretensions of the nouveaux riches, the ingenuousness of the aspiring poor, and the unfailing power of wealth to corrupt all who crave it. With its flavorful cast of characters and numerous subplots, Our Mutual Friend is one of Dickens’s most complex—and satisfying—novels.","https://images-na.ssl-images-amazon.com/images/S/compressed.photo.goodreads.com/books/1403189244i/31244.jpg","server_url","upload\Charles Dickens\Our_Mutual_Friend_-_Charles_Dickens.epub","1","0","0.00","0","1","1"
"31250","1","3","239579,59894,120480","Free","Little Dorrit","Leather Binding on Spine and Corners with Golden Leaf Printing on round Spine (extra customization on request like complete leather, Golden Screen printing in Front, Color Leather, Colored book etc.) Reprinted in 2018 with the help of original edition published long back [1883]. This book is printed in black & white, sewing binding for longer life, printed on high quality Paper, re-sized as per Current standards, professionally processed without changing its contents. As these are old books, we processed each page manually and make them readable but in some cases some pages which are blur or missing or black spots. If it is multi volume set, then it is only single volume, if you wish to order a specific or all the volumes you may contact us. We expect that you will understand our compulsion in these books. We found this book important for the readers who want to know more about our old treasure so we brought it back to the shelves. Hope you will like it and give your comments and suggestions. - eng, Pages 868. EXTRA 10 DAYS APART FROM THE NORMAL SHIPPING PERIOD WILL BE REQUIRED FOR LEATHER BOUND BOOKS. COMPLETE LEATHER WILL COST YOU EXTRA US$ 25 APART FROM THE LEATHER BOUND BOOKS. {FOLIO EDITION IS ALSO AVAILABLE.} Complete Little Dorrit. With illustrations by J. Mahoney. 1883 Dickens, Charles, -.","https://images-na.ssl-images-amazon.com/images/S/compressed.photo.goodreads.com/books/1496619146i/31250.jpg","server_url","upload\Charles Dickens\Little_Dorrit_-_Charles_Dickens.epub","1","0","0.00","0","1","1"
"31259","1","3","5293","Free","The Bourne Ultimatum","The world's two deadliest spies in the ultimate showdown.At a small-town carnival two men, each mysteriously summoned by telegram, witness a bizarre killing. The telegrams are signed Jason Bourne. Only they know Bourne's true identity and understand the telegram is really a message from Bourne's mortal enemy, Carlos, known also as the Jackal, the world's deadliest and most elusive terrorist. And furthermore, they know that the Jackal wants: a final confrontation with Bourne.Now David Webb, professor of Oriental studies, husband, and father, must do what he hoped he would never have to do again: assume the terrible identity of Jason Bourne. His plan is simple: to infiltrate the politically and economically Medusan group and use himself as bait to lure the cunning Jackal into a deadly trap, a trap from which only one of them will escape.","https://images-na.ssl-images-amazon.com/images/S/compressed.photo.goodreads.com/books/1408928937i/31259.jpg","server_url","upload\Robert Ludlum\The_Bourne_Ultimatum_-_robert_ludlum.epub","1","0","0.00","0","1","1"
"31300","1","3","123715","Free","A Caribbean Mystery","There is no rest or relaxation for Miss Marple. Agatha Christie's most appealing sleuth returns in this classic baffler of a vacation-turned-deadly.Nephew Raymond West has given his favourite aunt a vacation at a beautiful resort in the Caribbean. While there she encounters an old wind-bag. One of his stories is about meeting a murderer. He has a snapshot. Suddenly he hesitates, and gets flustered. By the next morning he is dead, seemingly of natural causes. Miss Marple has doubts.And well she should. Librarian's note: this entry is for the novel, ""A Caribbean Mystery."" Collections and other Miss Marple stories are located elsewhere on Goodreads. The series includes 12 novels and 20 short stories. Entries for the short stories can be found by searching Goodreads for: ""a Miss Marple Short Story.""","https://images-na.ssl-images-amazon.com/images/S/compressed.photo.goodreads.com/books/1309280346i/31300.jpg","server_url","upload\Agatha Christie\A_Caribbean_Mystery_-_Christie,_Agatha.epub","1","0","0.00","0","1","1"
"31330","1","3","7577","Free","The Complete Vampire Chronicles","Lestat, Claudia, Louis, Akasha, Armand, and Memnoch. Your favorite night stalkers are back, and bundled together in one terrific boxed set, that collects Anne Rice's four bestselling titles from her beloved Vampire Chronicles: Interview with the Vampire, The Vampire Lestat, The Queen of the Damned, and The Tale of the Body Thief. It's a set to stir the blood of all fans of the undead.","https://images-na.ssl-images-amazon.com/images/S/compressed.photo.goodreads.com/books/1370918636i/31330.jpg","server_url","upload\Anne Rice\The_Complete_Vampire_Chronicles_-_Anne_Rice.epub","1","0","0.00","0","1","1"
"31332","1","3","7577","Free","The Vampire Armand","In The Vampire Armand, Anne Rice returns to her indomitable Vampire Chronicles and recaptures the gothic horror and delight she first explored in her classic tale Interview with the Vampire (in which Armand, played by Antonio Banderas in the film version, made his first appearance as director of the Théâtre des Vampires).The story begins in the aftermath of Memnoch the Devil. Vampires from all over the globe have gathered around Lestat, who lies prostrate on the floor of a cathedral. Dead? In a coma? As Armand reflects on Lestat's condition, he is drawn by David Talbot to tell the story of his own life.The narrative abruptly rushes back to 15th-century Constantinople, and the Armand of the present recounts the fragmented memories of his childhood abduction from Kiev. Eventually, he is sold to a Venetian artist (and vampire), Marius. Rice revels in descriptions of the sensual relationship between the young and still-mortal Armand and his vampiric mentor. But when Armand is finally transformed, the tone of the book dramatically shifts.Raw and sexually explicit scenes are displaced by Armand's introspective quest for a union of his Russian Orthodox childhood, his hedonistic life with Marius, and his newly acquired immortality. These final chapters remind one of the archetypal significance of Rice's vampires; at their best, Armand, Lestat, and Marius offer keen insights into the most human of concerns.","https://images-na.ssl-images-amazon.com/images/S/compressed.photo.goodreads.com/books/1388355184i/31332.jpg","server_url","upload\Anne Rice\The_Vampire_Armand_-_Anne_Rice.epub","1","0","0.00","0","1","1"
"31336","1","3","7577","Free","The Tale of the Body Thief","In a gripping feat of storytelling, Anne Rice continues the extraordinary Vampire Chronicles that began with the now-classic Interview with the Vampire. For centuries, Lestat—vampire-hero, enchanter, seducer of mortals—has been a courted prince in the dark and flourishing universe of the living dead. Now he is alone. And in his overwhelming need to destroy his doubts and his loneliness, Lestat embarks on the most dangerous enterprise he has undertaken in all the years of his haunted existence. Praise for The Tale of the Body Thief  “Tinged with mystery, full of drama . . . The story is involving, the twists surprising.”—People   “Rice is our modern messenger of the occult, whose nicely updated dark-side passion plays twist and turn in true Gothic form.”—San Francisco Chronicle  “Fast-paced . . . . mesmerizing . . . silkenly sensuous . . . No one writing today matches her deftness with the erotic.”—The Atlanta Journal-Constitution  “Hypnotic . . . masterful.”—CosmopolitanFrom the Paperback edition.","https://images-na.ssl-images-amazon.com/images/S/compressed.photo.goodreads.com/books/1556274035i/31336.jpg","server_url","upload\Anne Rice\The_Tale_of_the_Body_Thief_-_Anne_Rice.epub","1","0","0.00","0","1","1"
"31337","1","3","7577","Free","Blackwood Farm","Lestat is back, saviour and demon, presiding over a gothic story of family greed and hatred through generations, a terrifying drama of blood lust and betrayal, possession and matricide. Blackwood Farm with its grand Southern mansion, set among dark cypress swamps in Louisiana, harbours terrible blood-stained secrets and family ghosts. Heir to them all is Quinn Blackwood, young, rash and beautiful, himself a 'bloodhunter' whom Lestat takes under his wing. But Quinn is in thrall not only to the past and his own appetites but, even more dangerously, to a companion spirit, a 'goblin' succubus who could destroy him and others. Only the unearthly power of Lestat combined with the earthly powers of the Mayfair clan could hope to save Quinn from himself and his ghosts, or to rescue the doomed girl Quinn loves from her own mortality. Shocking, savage and richly erotic, this novel with the deceptively gentle title bring us Anne Rice at her most powerfully disturbing. Here are vampires and witches, men and women, demons and a doppelganger, caught up in a maelstrom of death and destruction, blood and fire, cruelty and fate.","https://images-na.ssl-images-amazon.com/images/S/compressed.photo.goodreads.com/books/1504134720i/31337.jpg","server_url","upload\Anne Rice\Blackwood_Farm_-_Anne_Rice.epub","1","0","0.00","0","1","1"
"31338","1","3","7577","Free","Memnoch the Devil","In the fifth Vampire Chronicle, Lestat is searching for Dora, the beautiful and charismatic mortal daughter of a drug lord. Dora has moved Lestat like no other mortal ever has, and he cannot get her out of his visions. At the same time, he is increasingly aware that the Devil knows who he is and wants something from him. While torn betwen his vampire world and his passion for Dora, Lestat is sucked in by Memnoch, who claims to be the Devil himself. Memnoch presents Lestat with unimagined opportunities: to witness creation, to visit purgatory, to be treated like a prophet. Lestat faces a choice between the Devil or God. Whom does he believe in? Who does he serve? What are the element of religious belief? Lestat finds himself caught in a whirlpool of the ultimate choice","https://images-na.ssl-images-amazon.com/images/S/compressed.photo.goodreads.com/books/1506208231i/31338.jpg","server_url","upload\Anne Rice\Memnoch_the_Devil_-_Anne_Rice.epub","1","0","0.00","0","1","1"
"31341","1","3","7577","Free","Blood And Gold","Here is the gorgeous and sinister story of Marius, patrician by birth, scholar by choice, one of the oldest vampires of them all, which sweeps from his genesis in ancient Rome, in the time of the Emperor Augustus, to his meeting in the present day with a creature of snow and ice. Thorne is a Northern vampire in search of Maharet, his 'maker', the ancient Egyptian vampire queen who holds him and others in thrall with chains made of her red hair, 'bound with steel and with her blood and gold'. When the Visigoths sack his city, Marius is there; with the resurgence of the glory that was Rome, he is there, still searching for his lost love Pandora, but bewitched in turn by Botticelli, the Renaissance beauty Bianca, with her sordid secrets, and the boy he calls Amadeo (otherwise known as the Vampire Armand). Criss-crossing through the stories of other vampires from Rice's glorious Pantheon of the undead, haunted by Pandora and by his alter ego Mael, tracked by the Talamasca, the tale of Marius, the self-styled guardian of 'those who must be kept' is the most wondrous and mind-blowing of them all.","https://images-na.ssl-images-amazon.com/images/S/compressed.photo.goodreads.com/books/1168274792i/31341.jpg","server_url","upload\Anne Rice\Blood_and_Gold_-_Anne_Rice.epub","1","0","0.00","0","1","1"
"31342","1","3","7577","Free","Vittorio, The Vampire","With Pandora , Anne Rice began a magnificent new series of vampire novels. Now, in the second of her New Tales of the Vampires, she tells the mesmerizing story of Vittorio, a vampire in the Italian Age of Gold.Educated in the Florence of Cosimo de' Medici, trained in knighthood at his father's mountaintop castle, Vittorio inhabits a world of courtly splendor and country pleasures - a world suddenly threatened when his entire family is confronted by an unholy power.In the midst of this upheaval, Vittorio is seduced by the vampire Ursula, the most beautiful of his supernatural enemies. As he sets out in pursuit of vengeance, entering the nightmarish Court of the Ruby Grail, increasingly more enchanted (and confused) by his love for the mysterious Ursula, he finds himself facing demonic adversaries, war and political intrigue.Against a backdrop of the wonders - both sacred and profane - and the beauty and ferocity of Renaissance Italy, Anne Rice creates a passionate and tragic legend of doomed young love and lost innocence.","https://images-na.ssl-images-amazon.com/images/S/compressed.photo.goodreads.com/books/1289014320i/31342.jpg","server_url","upload\Anne Rice\Vittorio,_the_Vampire_-_Anne_Rice.epub","1","0","0.00","0","1","1"
"31343","1","3","7577","Free","Pandora","Anne Rice, creator of the Vampire Lestat, the Mayfair witches and the amazing worlds they inhabit, now gives us the first in a new series of novels linked together by the fledgling vampire David Talbot, who has set out to become a chronicler of his fellow Undead.The novel opens in present-day Paris in a crowded café, where David meets Pandora. She is two thousand years old, a Child of the Millennia, the first vampire ever made by the great Marius. David persuades her to tell the story of her life. Pandora begins, reluctantly at first and then with increasing passion, to recount her mesmerizing tale, which takes us through the ages, from Imperial Rome to eighteenth-century France to twentieth-century Paris and New Orleans. She carries us back to her mortal girlhood in the world of Caesar Augustus, a world chronicled by Ovid and Petronius. This is where Pandora meets and falls in love with the handsome, charismatic, lighthearted, still-mortal Marius. This is the Rome she is forced to flee in fear of assassination by conspirators plotting to take over the city. And we follow her to the exotic port of Antioch, where she is destined to be reunited with Marius, now immortal and haunted by his vampire nature, who will bestow on her the Dark Gift as they set out on the fraught and fantastic adventure of their two turbulent centuries together.","https://images-na.ssl-images-amazon.com/images/S/compressed.photo.goodreads.com/books/1390793244i/31343.jpg","server_url","upload\Anne Rice\Pandora_-_Anne_Rice.epub","1","0","0.00","0","1","1"
"31357","1","3","589","Free","Prentice Alvin","The Tales of Alvin Maker series continues in volume three, Prentice Alvin. Young Alvin returns to the town of his birth, and begins his apprenticeship with Makepeace Smith, committing seven years of his life in exchange for the skills and knowledge of a blacksmith. But Alvin must also learn to control and use his own talent, that of a Maker, else his destiny will be unfulfilled.","https://images-na.ssl-images-amazon.com/images/S/compressed.photo.goodreads.com/books/1386745612i/31357.jpg","server_url","upload\Orson Scott Card\Alvin_Maker_3_-_Prentice_Alvin_-_Card,_Orson_Scott.epub","1","0","0.00","0","1","1"
"32499","1","3","721","Free","The Pelican Brief","To Darby Shaw it was no more than a legal shot in the dark, a brilliant guess. To the Washington establishment it was political dynamite. Suddenly Darby is witness to a murder—a murder intended for her. Going underground, she finds there is only one person she can trust—an ambitious reporter after a newsbreak hotter than Watergate—to help her piece together the deadly puzzle. Somewhere between the bayous of Louisiana and the White House's inner sanctums, a violent cover-up is being engineered. For someone has read Darby's brief. Someone who will stop at nothing to destroy the evidence of an unthinkable crime.","https://images-na.ssl-images-amazon.com/images/S/compressed.photo.goodreads.com/books/1389486877i/32499.jpg","server_url","upload\John Grisham\John_Grisham_-_[Novels_01]_-_The_Pelican_Brief_.epub","1","0","0.00","0","1","1"
"32502","1","3","12470","Free","Angels Flight","An activist attorney is killed in a cute little L.A. trolley called Angels Flight, far from Harry Bosch's Hollywood turf. But the case is so explosive--and the dead man's enemies inside the L.A.P.D. are so numerous--that it falls to Harry to solve it. Now the streets are superheating. Harry's year-old Vegas marriage is unraveling. And the hunt for a killer is leading Harry to another high-profile L.A. murder case, one where every cop had a motive. The question is, did any have the guts?","https://images-na.ssl-images-amazon.com/images/S/compressed.photo.goodreads.com/books/1440615586i/32502.jpg","server_url","upload\Michael Connelly\Angels_Flight_-_Michael_Connelly.epub","1","0","0.00","0","1","1"
"32504","1","3","12470","Free","Blood Work","Terry McCaleb, one of the most effective serial-killer investigators in the history of the FBI, hunts down his heart donor's killer. An unputdownable story from the award-winning No. 1 bestselling author.'Blood Work' - that's what Terry McCaleb used to call his job at the FBI. Eight weeks ago he was a dead man, but now someone else's heart is keeping him alive. Then a newspaper report of his brush with death brings him an unwanted visitor. Graciela Rivers reveals to McCaleb that the anonymous donor of his heart was her murdered sister, and that the police investigation into the case is going nowhere. McCaleb feels he has no choice but to take on the investigation.Nothing about the seemingly random killing makes sense. McCaleb realises that someone is watching his every move - someone who has killed before and will kill again...","https://images-na.ssl-images-amazon.com/images/S/compressed.photo.goodreads.com/books/1442528004i/32504.jpg","server_url","upload\Michael Connelly\(Terry_McCaleb_1)_Michael_Connelly_-_Blood_Work-Grand_Central_Publishing_(1998).epub","1","0","0.00","0","1","1"
"32506","1","3","12470","Free","The Poet","Denver crime-beat reporter Jack McEvoy specializes in violent death. So when his homicide detective brother kills himself, McEvoy copes in the only way he knows how--he decides to write the story. But his research leads him to suspect a serial killer is at work--a devious murderer who's killing cops and leaving a trail of poetic clues. It's the news story of a lifetime, if he can get the story without losing his life.","https://images-na.ssl-images-amazon.com/images/S/compressed.photo.goodreads.com/books/1442855718i/32506.jpg","server_url","upload\Michael Connelly\(Jack_McEvoy_1)_Michael_Connelly_-_The_Poet_(1997).epub","1","0","0.00","0","1","1"
"32508","1","3","12470","Free","The Black Echo","For maverick LAPD homicide detective Harry Bosch, the body in the drainpipe at Mulholland Dam is more than another anonymous statistic. This one is personal...because the murdered man was a fellow Vietnam ""tunnel rat"" who had fought side by side with him in a hellish underground war. Now Bosch is about to relive the horror of Nam. From a dangerous maze of blind alleys to a daring criminal heist beneath the city, his survival instincts will once again be tested to their limit. Pitted against enemies inside his own department and forced to make the agonizing choice between justice and vengeance, Bosch goes on the hunt for a killer whose true face will shock him.","https://images-na.ssl-images-amazon.com/images/S/compressed.photo.goodreads.com/books/1344265342i/32508.jpg","server_url","upload\Michael Connelly\The_Black_Echo_-_Michael_Connelly.epub","1","0","0.00","0","1","1"
"32669","1","3","3892","Free","Clear and Present Danger","Colombian drug lords, bored with Uncle Sam's hectoring, assassinate the head of the FBI. The message is clear: Bug off!At what point do these druggies threaten national security? When can a nation act against its enemies? These are questions Jack Ryan must answer because someone has quietly stepped over the line.Does anyone know who the real enemy is? How much action is too much? Which lines have been crossed? Ryan and his ""dark side"", a shadowy field officer known only as Mr. Clark, are charged with finding out. They expect danger from without... but the danger from within may be the greatest of all.","https://images-na.ssl-images-amazon.com/images/S/compressed.photo.goodreads.com/books/1291440438i/32669.jpg","server_url","upload\Tom Clancy\Clear_and_Present_Danger.epub","1","0","0.00","0","1","1"
"32682","1","3","3892","Free","Patriot Games","Tom Clancy's Patriot Games is filled with the exceptional realism and authenticity that distinguished the author's two previous bestsellers, Hunt for Red October and Red Storm Rising. Patriot Games puts us on the cutting edge of another type of war — the international battle of terrorism.
It is fall. Years before the defection of a Soviet submarine will send him hurtling into confrontation with the Soviets, historian, ex-Marine and CIA analyst Jack Ryan is vacationing in London with his wife and young daughter, when a terrorist attack takes place before his eyes. Instinctively, he dives forward to break it up, and is shot. It is not until he wakes up in the hospital that he learns whose lives he has saved -- the Prince and Princess of Wales and their new young son -- and which enemies he has made -- the Ulster Liberation Army, an ultra-left-wing splinter of the IRA.By his impulsive act, he has gained both the gratitude of a nation and then enmity of hits most dangerous men -- men who do not sit on their hate. And in the weeks and months to come, it is Jack Ryan, and his family, who will become the targets of that hate.","https://images-na.ssl-images-amazon.com/images/S/compressed.photo.goodreads.com/books/1328007145i/32682.jpg","server_url","upload\Tom Clancy\Patriot_Games.epub","1","0","0.00","0","1","1"
"32694","1","5","18341,3389","Free","Faithful: Two Diehard Boston Red Sox Fans Chronicle the Historic 2004 Season","Early in 2004, two writers and Red Sox fans, Stewart O'Nan and Stephen King, decided to chronicle the upcoming season, one of the most hotly anticipated in baseball history. They would sit together at Fenway. They would exchange emails. They would write about the games. And, as it happened, they would witness the greatest comeback ever in sports, and the first Red Sox championship in eighty-six years. What began as a Sox-filled summer like any other is now a fan's notes for the ages.","https://images-na.ssl-images-amazon.com/images/S/compressed.photo.goodreads.com/books/1397767278i/32694.jpg","server_url","upload\Stewart O'Nan\Faithful_-_Stephen_King.epub","1","0","0.00","0","1","1"
"33668","1","3","3780,8215","Free","4th of July","The world's bestselling detective series has never been more suspenseful. Trapped in deadly showdowns, courtroom trials, and dangerous secrets, the Women's Murder Club must fight for their lives.In a deadly late-night showdown, San Francisco police lieutenant Lindsay Boxer fires her weapon and sets off a dramatic chain of events that leaves a police force disgraced, a family destroyed, and Lindsay herself at the mercy of twelve jurors. During a break in the trial, she retreats to a picturesque town that is reeling from a string of grisly murders-crimes that bear a link to a haunting, unsolved case from her rookie years.Now, with her friends in the Women's Murder Club, Lindsay must battle for her life on two in a trial rushing to a climax, and against an unknown adversary willing to do anything to hide the truth about the homicides-including kill again?","https://images-na.ssl-images-amazon.com/images/S/compressed.photo.goodreads.com/books/1388186955i/33668.jpg","server_url","upload\James Patterson\4th_of_July_-_James_Patterson.epub","1","0","0.00","0","1","1"
"33672","1","3","3780,27874","Free","Thriller: Stories To Keep You Up All Night","Featuring North America's foremost thriller authors, Thriller is the first collection of pure thriller stories ever published. Offering up heart-pumping tales of suspense in all its guises are thirty-two of the most critically acclaimed and award-winning names in the business. From the signature characters that made such authors as David Morrell and John Lescroart famous to four of the hottest new voices in the genre, this blockbuster will tantalize and terrify.Lock the doors, draw the shades, pull up the covers and be prepared for Thriller to keep you up all night.","https://images-na.ssl-images-amazon.com/images/S/compressed.photo.goodreads.com/books/1390614829i/33672.jpg","server_url","upload\James Patterson\Thriller__Stories_to_Keep_You_U_-_James_Patterson.epub","1","0","0.00","0","1","1"
"34084","1","3","3389,7431","Free","The Waste Lands","Several months have passed, and Roland’s two new tet-mates have become proficient gunslingers. Eddie Dean has given up heroin, and Odetta’s two selves have joined, becoming the stronger and more balanced personality of Susannah Dean. But while battling The Pusher in 1977 New York, Roland altered ka by saving the life of Jake Chambers, a boy who—in Roland’s where and when—has already died. Now Roland and Jake exist in different worlds, but they are joined by the same madness: the paradox of double memories. Roland, Susannah, and Eddie must draw Jake into Mid-World then follow the Path of the Beam all the way to the Dark Tower. But nothing is easy in Mid-World. Along the way our tet stumbles into the ruined city of Lud, and are caught between the warring gangs of the Pubes and the Grays. The only way out of Lud is to wake Blaine the Mono, an insane train that has a passion for riddling, and for suicidal journeys.","https://images-na.ssl-images-amazon.com/images/S/compressed.photo.goodreads.com/books/1532334476i/34084.jpg","server_url","upload\Stephen King\The_Waste_Lands_-_Stephen_King.epub","1","0","0.00","0","1","1"
"34578","1","3","19475,19474","Free","At Sword's Point","When a series of gruesome murders baffles European police, LAPD detective John Drummond risks his own life to stop the killers, a generation of Nazi vampires with a thirst for world domination. Original.","https://images-na.ssl-images-amazon.com/images/S/compressed.photo.goodreads.com/books/1389595187i/34578.jpg","server_url","upload\Katherine Kurtz\At_Sword's_Point_-_Katherine_Kurtz.epub","1","0","0.00","0","1","1"
"34845","1","3","19697","Free","Mortal Fear [Mar 23, 1989] Cook, Robin","A harrowing medical nightmare on the cutting edge of genetic research, Mortal Fear goes into the controversial future of modern medicine. At a large Boston clinic, a world-class biologist stumbles upon a miraculous discovery, a major scientific breakthrough. Soon, healthy, middle-aged patients are dying of old age. And the ultimate experiment in terror begins...","https://images-na.ssl-images-amazon.com/images/S/compressed.photo.goodreads.com/books/1408310576i/34845.jpg","server_url","upload\Robin Cook\Mortal_Fear_-_Robin_Cook.epub","1","0","0.00","0","1","1"
"34897","1","3","6252","Free","The Dragon Reborn","The Dragon Reborn—the leader long prophesied who will save the world, but in the saving destroy it; the savior who will run mad and kill all those dearest to him—is on the run from his destiny.Able to touch the One Power, but unable to control it, and with no one to teach him how—for no man has done it in three thousand years—Rand al'Thor knows only that he must face the Dark One. But how?Winter has stopped the war—almost—yet men are dying, calling out for the Dragon. But where is he?Perrin Aybara is in pursuit with Moiraine Sedai, her Warder Lan, and Loial the Ogier. Bedeviled by dreams, Perrin is grappling with another deadly problem—how is he to escape the loss of his own humanity?Egwene, Elayne and Nynaeve are approaching Tar Valon, where Mat will be healed—if he lives until they arrive. But who will tell the Amyrlin their news—that the Black Ajah, long thought only a hideous rumor, is all too real? They cannot know that in Tar Valon far worse awaits...Ahead, for all of them, in the Heart of the Stone, lies the next great test of the Dragon reborn....","https://images-na.ssl-images-amazon.com/images/S/compressed.photo.goodreads.com/books/1659905781i/34897.jpg","server_url","upload\Robert Jordan\The_Dragon_Reborn_-_Robert_Jordan.epub","1","0","0.00","0","1","1"
"34919","1","3","9629","Free","The Talismans of Shannara","Although some of the goals to keep Shannara safe had been met, the work of Walker Boh, Wren, and Par was not yet done. For The Shadowen still swarmed over the Four Lands, poisoning all with their dark magic. Each Shannaran had a special death waiting for him- at the hands of The Shadowen-unless Par could find a way to free them all with the Sword of Shannara.","https://images-na.ssl-images-amazon.com/images/S/compressed.photo.goodreads.com/books/1168573644i/34919.jpg","server_url","upload\Terry Brooks\The_Talismans_of_Shannara_-_Terry_Brooks.epub","1","0","0.00","0","1","1"
"34988","1","3","9629","Free","The Scions of Shannara","Since the death of Allanon, life in the Four Lands has drastially changed. Yet Par Ohmsford still has some power of the Wishsong. And when a message from the ancient Druid, Allanon, reaches them, Par is ordered to recover the long-lost Sword of Shannara, and the glory that once was the Four Lands....","https://images-na.ssl-images-amazon.com/images/S/compressed.photo.goodreads.com/books/1429347355i/34988.jpg","server_url","upload\Terry Brooks\The_Scions_of_Shannara_-_Terry_Brooks.epub","1","0","0.00","0","1","1"
"35231","1","3","6252","Free","Lord of Chaos","In this sequel to the phenomenal New York Times bestseller The Fires of Heaven, we plunge again into Robert Jordan's extraordinarily rich, totally unforgettable world:On the slopes of Shayol Ghul, the Myrddraal swords are forged, and the sky is not the sky of this world ...In Salidar the White Tower in exile prepares an embassy to Caemlyn, where Rand Al'Thor, the Dragon Reborn, holds the throne -- and where an unexpected visitor may change the world ...In Emond's Field, Perrin Goldeneyes, Lord of the Two Rivers, feels the pull of ta'veren to ta'veren and prepares to march ...Morgase of Caemlyn finds a most unexpected, and quite unwelcome, ally ...And south lies Illian, where Sammael holds sway ...","https://images-na.ssl-images-amazon.com/images/S/compressed.photo.goodreads.com/books/1480096417i/35231.jpg","server_url","upload\Robert Jordan\Lord_of_Chaos_-_Robert_Jordan.epub","1","0","0.00","0","1","1"
"35233","1","3","6252","Free","The Wheel of Time: Boxed Set #1","This premium mass market box set includes the first three volumes of The Wheel of Time®, Robert Jordan's internationally bestselling fantasy series, available with striking new cover art.Since its debut in 1990, The Wheel of Time by Robert Jordan has captivated millions of readers around the globe with its scope, originality, and compelling characters.The Wheel of Time turns and Ages come and pass. What was, what will be, and what is, may yet fall under the Shadow. Let the dragon ride again on the winds of time.This boxed set Book The Eye of the WorldBook The Great HuntBook The Dragon Reborn","https://images-na.ssl-images-amazon.com/images/S/compressed.photo.goodreads.com/books/1429436324i/35233.jpg","server_url","upload\Robert Jordan\The_Wheel_of_Time_Premium_Boxed_Set_-_Robert_Jordan.epub","1","0","0.00","0","1","1"
"35289","1","2","865","Free","The 33 Strategies of War","Strategies of war—and the subtle social game of everyday life—by the bestselling author of The 48 Laws of Power  Robert Greene’s groundbreaking guides, The 48 Laws of Power , The Art of Seduction , and Mastery  espouse profound, timeless lessons from the events of history to help readers vanquish an enemy, ensnare an unsuspecting victim, or become the greatest in your field. In The 33 Strategies of War , Greene has crafted an important addition to this ruthless and unique series.Spanning world civilizations, synthesizing dozens of political, philosophical, and religious texts and thousands of years of violent conflict, The 33 Strategies of War is a comprehensive guide to the subtle social game of everyday life informed by the most ingenious and effective military principles in war. Structured in Greene’s trademark style, The 33 Strategies of War is the I-Ching of conflict, the contemporary companion to Sun Tzu’s The Art of War .Abundantly illustrated with examples from history, including the folly and genius of everyone from Napoleon to Margaret Thatcher, Shaka the Zulu to Lord Nelson, Hannibal to Ulysses S. Grant, as well as movie moguls, Samurai swordsmen, and diplomats, each of the thirty-three chapters outlines a strategy that will help you win life’s wars. Learn the offensive strategies that require you to maintain the initiative and negotiate from a position of strength, or the defensive strategies designed to help you respond to dangerous situations and avoid unwinnable wars. The great warriors of battlefields and drawing rooms alike demonstrate prudence, agility, balance, and calm, and a keen understanding that the rational, resourceful, and intuitive always defeat the panicked, the uncreative, and the stupid. An indispensable book, The 33 Strategies of War provides all the psychological ammunition you need to overcome patterns of failure and forever gain the upper hand.","https://images-na.ssl-images-amazon.com/images/S/compressed.photo.goodreads.com/books/1388491606i/35289.jpg","server_url","upload\Robert Greene\The_33_Strategies_of_War_-_Robert_Greene.epub","1","0","0.00","0","1","1"
"37586","1","3","10896","Free","The Lost Colony","Alternate Cover Edition for ISBN: 9780786849567Ten thousand years ago, humans and fairies fought a great battle for the magical island of Ireland. When it became clear to the fairy families that they could never win, they decided to move their civilisation underground and keep themselves hidden from the humans. All the fairy families agreed on this, except the eighth family, the demons.The demons planned to lift their small island out of time until they had regrouped and were ready to wage war on the humans once more. However, the time spell went wrong, and the island of Hybras was catapulted into Limbo, where it has remained for ten thousand years.Now, the tainted time spell is deteriorating and demons are being sucked back into the present space and time. The fairy Council are naturally concerned about this and are monitoring any materialisations. When the spell’s deterioration accelerates, the materialisations become unpredictable. Even the fairy scientists cannot figure out where the next demon will pop up.But someone can. Artemis Fowl, the teenage criminal mastermind, has solved temporal equations that no normal human should be intelligent enough to understand. But Artemis Fowl is no normal human.So when a confused and frightened demon pops up in a Sicilian theatre, Artemis Fowl is there to meet him. Unfortunately, he is not the only one. A second, mysterious party has also solved the temporal equations, and manages to abduct the demon before Artemis can secure him.This is a disaster for the fairy People, because this demon was no ordinary fairy. He was the last demon warlock, and as such held the key to the survival of the entire demon race.It is up to Artemis and his old comrade, Captain Holly Short to track down the missing demon and rescue him before the time spell dissolves completely and the lost demon colony returns violently to Earth.","https://images-na.ssl-images-amazon.com/images/S/compressed.photo.goodreads.com/books/1522190376i/37586.jpg","server_url","upload\Eoin Colfer\Artemis_Fowl_and_the_Lost_Colon_-_Eoin_Colfer.epub","1","0","0.00","0","1","1"
"37620","1","3","4043","Free","The Leopard Hunts in Darkness","In Manhattan, Craig Mellow is the toast of the literary world, a young writer whose bestselling novels and larger-than-life adventures are fueled by natural-born charisma. But Craig lost a limb and a legacy in Africa. And his heart still clings to the land.A representative of the World Bank recruits Craig to return to his war-torn homeland--to use his knowledge of Zimbabwe's people, languages, and wildlife to stabilize its future. But once he sets foot on the continent, Craig cannot resist what runs in his blood…Soon, this scion of a legendary family is caught in a new era of massive ivory poaching, of tribal warfare waged with modern killing tools, and international politics hardwired directly to Washington and Moscow. With a woman by his side and a traitor behind his back, Craig is about to learn a lesson of a brutal new age--if he can survive Africa one more time.","https://images-na.ssl-images-amazon.com/images/S/compressed.photo.goodreads.com/books/1389328560i/37620.jpg","server_url","upload\Wilbur Smith\The_Leopard_Hunts_in_Darkness_-_Wilbur_Smith.epub","1","0","0.00","0","1","1"
"37622","1","3","4043","Free","Rage","In the second half of the twentieth century, the future bears down on Africa--fueled by the sins of the past and the blood feuds of nations, tribes, and families. For the Courtney family, who have known this continent from the depths of its gold mines to the pinnacle of political power, a time of reckoning is at hand.Shasa Courtney has lived, fought and loved amongst Afrikaners, Englishmen, and natives. His mother is by his side but the rest of the world around him is exploding. Even his family harbors secrets more dangerous than his own worst enemies.Now, a continent is convulsed. Streets teem with protestors. Desperate and devious men forge volatile alliances. And Shasa faces shocking revelations amongst traitors, fugitives, and heroes--leading a beloved country into the flames of civil war…","https://images-na.ssl-images-amazon.com/images/S/compressed.photo.goodreads.com/books/1386923099i/37622.jpg","server_url","upload\Wilbur Smith\Rage_(Courtney_#6)_-_Wilbur_Smith.epub","1","0","0.00","0","1","1"
"38529","1","3","17059","Free","Bite Me If You Can","Once Bitten . . .One minute Leigh is walking home in the early hours of the morning, and the next a vampire is sinking his teeth into her neck. Turns out it was a rogue vampire marked for termination, but it does Leigh little good because the damage's already been done. She's become one of them.Lucian Argeneau, hunter of rogue vampires, has been alive for over two thousand years, and there's very little to excite him anymore. Food has become tasteless, sex is ordinary. Then Leigh drops into his life. Suddenly he finds himself craving coffee . . . and imagining the sassy brunette atop the black satin sheets on his nice big bed. It's Lucian's job now to enlighten Leigh on the inner workings of being immortal . . . and tutoring her is igniting a fire in him that hasn't burned in centuries.But until they stop a renegade bloodsucker from destroying the human race, passion will have to wait!","https://images-na.ssl-images-amazon.com/images/S/compressed.photo.goodreads.com/books/1351280801i/38529.jpg","server_url","upload\Lynsay Sands\Argeneau_16_-_Under_a_Vampire_M_-_Lynsay_Sands.epub","1","0","0.00","0","1","1"
"38548","1","1","17059","Free","Love Bites","True Love: Good From The First Bite...Etienne Argeneau's three hundred years of bachelorhood were at an end. Either that, or he'd be forever alone. He could only ""turn"" one human in his lifetime, and most of his kind reserved that power for creating a life mate. If he turned the wrong woman... But what choice did he have? He had to save Rachel Garrett. He didn't know her very well but the beautiful coroner had saved his life. To save hers he would make her immortal....To The LastRachel Garrett awoke surprised. All she'd wanted was to get off the night shift at the morgue; now here she was, staggering to her feet naked and in a strange place. But everything would be all right. She'd just make like a bat out of-- Then she saw the man of her dreams emerging from his... coffin? And the look in his bright silver eyes said they'd be spending a lot of time together. She just hoped he tasted as good as he looked.","https://images-na.ssl-images-amazon.com/images/S/compressed.photo.goodreads.com/books/1354343261i/38548.jpg","server_url","upload\Lynsay Sands\Argeneau_12_-_The_Renegade_Hunt_-_Lynsay_Sands.epub","1","0","0.00","0","1","1"
"38562","1","3","17059","Free","A Bite to Remember","Rule #1: Never get involved with someone who won't be there for you when the sun comes up.Once bitten, twice shy, and sexy PI Jackie Morrisey wasn't going there again. Vincent Argeneau may be the hottest guy she's ever met, living or dead, but she's here to stop a killer from turning this vampire into dust, not to jump into bed with him.Rule #2: Never kiss a vampire . . . it can be a pain in the neck.Okay, so Vincent's had four hundred years to perfect his kissing skills, and he does look rather tempting when he runs around the house shirtless. He's also charming, protective . . . did we mention he can kiss? Jackie needs to be on her guard, or else she'll have to come up with a new rule: If you're going to fall in love with a vampire, make sure it's a bite to remember.","https://images-na.ssl-images-amazon.com/images/S/compressed.photo.goodreads.com/books/1351280715i/38562.jpg","server_url","upload\Lynsay Sands\A_Bite_To_Remenber_-_Lynsay_Sands.epub","1","0","0.00","0","1","1"
"38568","1","1","17059","Free","A Quick Bite","That hot guy tied to Lissianna Argeneau's bed? He's not dessert - he's the main course!Lissianna has been spending her centuries pining for Mr. Right, not just a quick snack, and this sexy guy she finds in her bed looks like he might be a candidate. But there's another, more pressing issue: her tendency to faint at the sight of blood...an especially annoying quirk for a vampire. Of course it doesn't hurt that this man has a delicious-looking neck. What kind of cold-blooded vampire woman could resist a bite of that?Dr. Gregory Hewitt recovers from the shock of waking up in a stranger's bedroom pretty quickly - once he sees a gorgeous woman about to treat him to a wild night of passion. But is it possible for the good doctor to find true love with a vampire vixen, or will he be just a good meal? That's a question Dr. Greg might be willing to sink his teeth into...if he can just get Lissianna to bite.","https://images-na.ssl-images-amazon.com/images/S/compressed.photo.goodreads.com/books/1410129015i/38568.jpg","server_url","upload\Lynsay Sands\Argeneau_01_-_A_Quick_Bite_-_Lynsay_Sands.epub","1","0","0.00","0","1","1"
"38619","1","1","21748","Free","Magic Bites","Alternate cover edition of ISBN 9780441014897.Ilona Andrews invites you to experience the first novel in the #1 New York Times bestselling series featuring the intriguing fantasy world of mercenary Kate Daniels…When the magic is up, rogue mages cast their spells and monsters appear, while guns refuse to fire and cars fail to start. But then technology returns, and the magic recedes as unpredictably as it arose, leaving all kinds of paranormal problems in its wake.Kate Daniels is a down-on-her-luck mercenary who makes her living cleaning up these magical problems. But when Kate’s guardian is murdered, her quest for justice draws her into a power struggle between two strong factions within Atlanta’s magic circles.The Masters of the Dead, necromancers who can control vampires, and the Pack, a paramilitary clan of shapechangers, blame each other for a series of bizarre killings—and the death of Kate’s guardian may be part of the same mystery. Pressured by both sides to find the killer, Kate realizes she’s way out of her league—but she wouldn’t have it any other way…","https://images-na.ssl-images-amazon.com/images/S/compressed.photo.goodreads.com/books/1331612872i/38619.jpg","server_url","upload\Ilona Andrews\Magic_Bites_-_Ilona_Andrews.epub","1","0","0.00","0","1","1"
"39662","1","3","3389","Free","Different Seasons","Includes the stories “The Body” and “Rita Hayworth and Shawshank Redemption”—set in the fictional town of Castle Rock, MaineA “hypnotic” (The New York Times Book Review) collection of four novellas—including the inspirations behind the films Stand By Me and The Shawshank Redemption—from Stephen King, bound together by the changing of seasons, each taking on the theme of a journey with strikingly different tones and characters.This gripping collection begins with “Rita Hayworth and the Shawshank Redemption,” in which an unjustly imprisoned convict seeks a strange and startling revenge—the basis for the Best Picture Academy Award-nominee The Shawshank Redemption.Next is “Apt Pupil,” the inspiration for the film of the same name about top high school student Todd Bowden and his obsession with the dark and deadly past of an older man in town.In “The Body,” four rambunctious young boys plunge through the façade of a small town and come face-to-face with life, death, and intimations of their own mortality. This novella became the movie Stand By Me.Finally, a disgraced woman is determined to triumph over death in “The Breathing Method.”“The wondrous readability of his work, as well as the instant sense of communication with his characters, are what make Stephen King the consummate storyteller that he is,” hailed the Houston Chronicle about Different Seasons.","https://images-na.ssl-images-amazon.com/images/S/compressed.photo.goodreads.com/books/1329662611i/39662.jpg","server_url","upload\Stephen King\Different_Seasons_-_Stephen_King.epub","1","0","0.00","0","1","1"
"40271","1","3","589","Free","Alvin Journeyman","Alvin Miller, a gifted seventh son of a seventh son, utilizes his skills as a Maker to help create a brighter future for America, but his task is further challenged by his ancient enemy, the Unmaker, who plots to end Alvin's life. 100,000 first printing. $100,000 ad/promo. Tour.","https://images-na.ssl-images-amazon.com/images/S/compressed.photo.goodreads.com/books/1695775300i/40271.jpg","server_url","upload\Orson Scott Card\Alvin_Maker_4_-_Journeyman_-_Card,_Orson_Scott.epub","1","0","0.00","0","1","1"
"40317","1","3","2384","Free","Lean Mean Thirteen","New secrets, old flames, and hidden agendas are about to send bounty hunter Stephanie Plum on her most outrageous adventure yet! MISTAKE #1Dickie OrrStephanie was married to him for about fifteen minutes before she caught him cheating on her with her archnemesis, Joyce Barnhardt. Another fifteen minutes after that, Stephanie filed for divorce, hoping never to see either one of them again.  MISTAKE #2Doing favors for super bounty hunter Carlos Manoso (aka Ranger)Ranger needs Stephanie to meet with Dickie and find out if he’s doing something shady. Turns out, he is. Turns out, Dickie’s also back to doing Joyce Barnhardt. And it turns out Ranger’s favors always come with a price. . . . MISTAKE #3Going completely nutso while doing the favor for Ranger, and trying to apply bodily injury to Dickie in front of the entire office Now Dickie has disappeared, and Stephanie is the natural suspect in his disappearance. Is Dickie dead? Can he be found? And can Stephanie Plum stay one step ahead in this new, dangerous game? Joe Morelli, the hottest cop in Trenton, New Jersey, is also keeping Stephanie on her toes---and he may know more than he’s saying about many things in Stephanie’s life. It’s a cat-and-mouse game for Stephanie Plum wherein the ultimate prize might be her life. With Janet Evanovich’s flair for hilarious situations, breathtaking action, and unforgettable characters, Lean Mean Thirteen shows why no one can beat Evanovich for blockbuster entertainment.","https://images-na.ssl-images-amazon.com/images/S/compressed.photo.goodreads.com/books/1442616484i/40317.jpg","server_url","upload\Janet Evanovich\Lean_Mean_Thirteen_-_Janet_Evanovich.epub","1","0","0.00","0","1","1"
"40331","1","3","2384","Free","To the Nines","Stephanie Plum's got rent to pay, people shooting at her, and psychos wanting her dead every day of the week (much to the dismay of her mother, her family, the men in her life, the guy who slices meat at the deli...oh, the list goes on). An ordinary person would cave under the pressure.But hey, she's from Jersey.Stephanie Plum may not be the best bounty hunter in beautiful downtown Trenton, but she's pretty darn good at turning bad situations her way...and she always gets her man. In To the Nines, her cousin Vinnie (who's also her boss) has posted bail on Samuel Singh, an illegal immigrant. When the elusive Mr. Singh goes missing, Stephanie is on the case. But what she uncovers is far more sinister than anyone imagines and leads to a group of killers who give new meaning to the word hunter.In a race against time that takes her from the Jersey Turnpike to the Vegas Strip, Stephanie Plum is on the chase of her life. The unforgettable characters, nonstop action, high-stakes suspense, and sheer entertainment of To the Nines define Janet Evanovich as unique among today's writers.","https://images-na.ssl-images-amazon.com/images/S/compressed.photo.goodreads.com/books/1169433446i/40331.jpg","server_url","upload\Janet Evanovich\To_the_Nines_-_Janet_Evanovich.epub","1","0","0.00","0","1","1"
"40470","1","3","4178","Free","Cities of the Plain","The concluding volume of the Border trilogy. In this magnificent new novel, the National Book Award-winning author of All the Pretty Horses and The Crossing fashions a darkly beautiful elegy for the American frontier. It is 1952 and John Grady Cole and Billy Parham are working as ranch hands in New Mexico, not far from the proving grounds of Alamogordo and the cities of El Paso and Juarez. Their life is made up of trail drives and horse auctions and stories told by campfire light. They value that life all the more because they know it is about to change forever.The change comes when John Grady falls in love with a beautiful, ill-starred Mexican prostitute and sets in motion a chain of events as violent as they are unstoppable. Haunting in its beauty, filled with sorrow, humor, and awe, Cities of the Plain is a genuine American epic.","https://images-na.ssl-images-amazon.com/images/S/compressed.photo.goodreads.com/books/1581254344i/40470.jpg","server_url","upload\Cormac McCarthy\Cormac_McCarthy_-_Cities_of_the_Plain-Knopf_Doubleday_Publishing_Group_(2010).epub","1","0","0.00","0","1","1"
"41502","1","3","3617","Free","Lord John and the Brotherhood of the Blade","In her much-anticipated new novel, the New York Times bestselling author of the Outlander saga brings back one of her most compelling characters: Lord John Grey--soldier, gentleman, and no mean hand with a blade. Here Diana Gabaldon brilliantly weaves together the strands of Lord John's secret and public lives--a shattering family mystery, a love affair with potentially disastrous consequences, and a war that stretches from the Old World to the New. . . .In 1758, in the heart of the Seven Years' War, Britain fights by the side of Prussia in the Rhineland. For Lord John and his titled brother Hal, the battlefield will be a welcome respite from the torturous mystery that burns poisonously in their family's history. Seventeen years earlier, Lord John's late father, the Duke of Pardloe, was found dead, a pistol in his hand and accusations of his role as a Jacobite agent staining forever a family's honor. Now unlaid ghosts from the past are stirring. Lord John's brother has mysteriously received a page of their late father's missing diary. Someone is taunting the Grey family with secrets from the grave, but Hal, with secrets of his own, refuses to pursue the matter and orders his brother to do likewise. Frustrated, John turns to a man who has been both his prisoner and his confessor: the Scottish Jacobite James Fraser.Fraser can tell many secrets, and withhold many others. But war, a forbidden affair, and Fraser's own secrets will complicate Lord John's quest. Until James Fraser yields the missing piece of an astounding puzzle, and Lord John, caught between his courage and his conscience, must decide whether his family's honor is worth his life.","https://images-na.ssl-images-amazon.com/images/S/compressed.photo.goodreads.com/books/1421850685i/41502.jpg","server_url","upload\Diana Gabaldon\Lord_John_and_the_Brotherhood_o_-_Diana_Gabaldon.epub","1","0","0.00","0","1","1"
"41814","1","5","16667","Free","I. Asimov: A Memoir","Arguably the greatest science fiction writer who ever lived, Isaac Asimov also possessed one of the most brilliant and original minds of our time. His accessible style and far-reaching interests in subjects ranging from science to humor to history earned him the nickname ""the Great Explainer."" I. Asimov is his personal story—vivid, open, and honest—as only Asimov himself could tell it.Here is the story of the paradoxical genius who wrote of travel to the stars yet refused to fly in airplanes; who imagined alien universes and vast galactic civilizations while staying home to write; who compulsively authored more than 470 books yet still found the time to share his ideas with some of the great minds of our century. Here are his wide-ranging thoughts and sharp-eyed observations on everything from religion to politics, love and divorce, friendship and Hollywood, fame and mortality. Here, too, is a riveting behind-the-scenes look at the varied personalities—Campbell, Ellison, Heinlein, Clarke, del Rey, Silverberg, and others—who along with Asimov helped shape science fiction.As unique and irrepressible as the man himself, I. Asimov is the candid memoir of an incomparable talent who entertained readers for nearly half a century and whose work will surely endure into the future he so vividly envisioned.","https://images-na.ssl-images-amazon.com/images/S/compressed.photo.goodreads.com/books/1386922885i/41814.jpg","server_url","upload\Isaac Asimov\IAsimov__A_Memoir_-_Isaac_Asimov.epub","1","0","0.00","0","1","1"
"41818","1","3","16667,23558","Free","Robot Dreams","In a career spanning nearly 50 years, Isaac Asimov - science writer, historian, and futurist - accurately predicted how technological breakthroughs would be developed and utilized, years before they became reality. His foresight envisioned calculators, computerized cars, and advances in the field of robotics as chronicled in such popular books as I, Robot; Robots and Empire; and The Robots of Dawn.Robot Dreams spans the body of his fiction from the 1940s to the mid ’80s, featuring all of the classic Asimovian themes - from the scientific puzzle and the extraterrestrial thriller to the psychological discourse. In addition to the title story (a Locus poll winner and Hugo and Nebula Award finalist), this collection features several of Asimov’s robot tales. A robopsychologist must outwit a machine determined to stay hidden in ""Little Lost Robot""; a woman’s talent for ""Light Verse"" overshadows her true accomplishments with her robot servants; ""The Last Question"" presented to computer after computer over a hundred billion years may remain forever unanswered…and 17 more future visions from the grand master of science fiction.","https://images-na.ssl-images-amazon.com/images/S/compressed.photo.goodreads.com/books/1309206791i/41818.jpg","server_url","upload\Isaac Asimov\robot_dreams_-_isaac_asimov.epub","1","0","0.00","0","1","1"
"41823","1","3","16667","Free","Robot Visions","From Isaac Asimov, the Hugo Award-winning Grand Master of Science Fiction whose name is synonymous with the science of robotics, comes five decades of robot visions: thirty-four landmark stories and essays—including three rare tales—gathered together in one volume. Meet all of Asimov’s most famous creations including: Robbie, the very first robot that his imagination brought to life; Susan Calvin, the original robot psychologist; Stephen Byerley, the humanoid robot; and the famous human/robot detective team of Lije Bailey and R. Daneel Olivaw, who have appeared in such bestselling novels as The Robots of Dawn and Robots and Empire.Let the master himself guide you through the key moments in the fictional history of robot-human relations—from the most primitive computers and mobile machines to the first robot to become a man.(back cover)Contents: Robot Visions • cover and interior artwork by Ralph McQuarrie Introduction: The Robot Chronicles • essay by Isaac Asimov Robot Visions / short story by Isaac Asimov Too Bad! (1989) / short story by Isaac Asimov Robbie (1940) / short story by Isaac Asimov (variant of Strange Playfellow) Reason [Mike Donovan] (1941) / short story by Isaac Asimov Liar! [Susan Calvin] (1941) / short story by Isaac Asimov Runaround [Mike Donovan] (1942) / novelette by Isaac Asimov Evidence [Susan Calvin] (1946) / novelette by Isaac Asimov Little Lost Robot [Susan Calvin] (1947) / novelette by Isaac Asimov The Evitable Conflict [Susan Calvin] (1950) / novelette by Isaac Asimov Feminine Intuition [Susan Calvin] (1969) / novelette by Isaac Asimov The Bicentennial Man (1976) / novelette by Isaac Asimov Someday (1956) / short story by Isaac Asimov Think! (1977) / short story by Isaac Asimov Segregationist (1967) / short story by Isaac Asimov Mirror Image [Elijah Bailey/R. Daneel Olivaw] (1972) / short story by Isaac Asimov Lenny [Susan Calvin] (1958) / short story by Isaac Asimov Galley Slave [Susan Calvin] (1957) / novelette by Isaac Asimov Christmas Without Rodney (1988) / short story by Isaac Asimov Essays by Isaac Asimov: Robots I Have Known (1954); The New Teachers (1976); Whatever You Wish (1977); The Friends We Make (1977); Our Intelligent Tools (1977); The Laws of Robotics (1979); Future Fantastic (1989); The Machine and the Robot (1978); The New Profession (1979); The Robot As Enemy? (1979); Intelligences Together (1979); My Robots (1987); The Laws of Humanics (1987); Cybernetic Organism (1987); The Sense of Humor (1988); Robots in Combination (1988).The volume features many black-and-white illustrations by Ralph McQuarrie.","https://images-na.ssl-images-amazon.com/images/S/compressed.photo.goodreads.com/books/1554365530i/41823.jpg","server_url","upload\Isaac Asimov\robot_visions_-_isaac_asimov_(1).epub","1","0","0.00","0","1","1"
"41899","1","3","19981845,1077326","Free","Fantastic Beasts and Where to Find Them","A copy of Fantastic Beasts and Where to Find Them resides on almost every wizarding household in the country. Now, for a limited period only, Muggles too have the chance to discover where the Quintaped lives, what the Puffskein eats, and why it is best not to leave milk out for a Knarl. Proceeds from the sale of this book will go to improving and saving the lives of children around the world, which means that the dollars and Galleons you exchange for it will do magic beyond the powers of any wizard. If you feel that this is insufficient reason to part with your money, I can only hope most sincerel that passing wizards feel more charitable if they ever see you being attacked by a Manticore. 

-Albus Dumbledore","https://images-na.ssl-images-amazon.com/images/S/compressed.photo.goodreads.com/books/1303738520i/41899.jpg","server_url","upload\Newt Scamander\Fantastic_Beasts_and_Where_to_F_-_J._K._Rowling.epub","1","0","0.00","0","1","1"
"42547","1","5","23924,14555","Free","The Autobiography of Martin Luther King, Jr.","This definitive box set includes all the landmark speeches of the great orator and American leader Martin Luther King, Jr., from his inspirational ""I Have a Dream"" to his firey ""Give Us the Ballot."" Comprised of recordings previously included in A Call to Conscience and A Knock at Midnight, THE ESSENTIAL BOX SET is a must-have for any home, library, or school collection.","https://images-na.ssl-images-amazon.com/images/S/compressed.photo.goodreads.com/books/1386926572i/42547.jpg","server_url","upload\Clayborne Carson\The_Autobiography_of_Martin_Lut_-_Unknown.epub","1","0","0.00","0","1","1"
"42607","1","3","947,8140,569383","Free","As You Like It","Readers and audiences have long greeted As You Like It with delight. Its characters are brilliant conversationalists, including the princesses Rosalind and Celia and their Fool, Touchstone. Soon after Rosalind and Orlando meet and fall in love, the princesses and Touchstone go into exile in the Forest of Arden, where they find new conversational partners. Duke Frederick, younger brother to Duke Senior, has overthrown his brother and forced him to live homeless in the forest with his courtiers, including the cynical Jaques. Orlando, whose older brother Oliver plotted his death, has fled there, too.Recent scholars have also grounded the play in the issues of its time. These include primogeniture, passing property from a father to his oldest son. As You Like It depicts intense conflict between brothers, exposing the human suffering that primogeniture entails. Another perspective concerns cross-dressing. Most of Orlando’s courtship of Rosalind takes place while Rosalind is disguised as a man, “Ganymede.” At her urging, Orlando pretends that Ganymede is his beloved Rosalind. But as the epilogue reveals, the sixteenth-century actor playing Rosalind was male, following the practice of the time. In other words, a boy played a girl playing a boy pretending to be a girl.","https://images-na.ssl-images-amazon.com/images/S/compressed.photo.goodreads.com/books/1561383241i/42607.jpg","server_url","upload\William Shakespeare\As_You_Like_It.ePub","1","0","0.00","0","1","1"
"43615","1","3","3389","Free","The Gunslinger","In the first book of this series, Stephen King introduces readers to one of his most enigmatic heroes, Roland of Gilead, The Last Gunslinger. He is a haunting figure, a loner on a spellbinding journey into good and evil. In his desolate world, which frighteningly mirrors our own, Roland pursues The Man in Black, encounters an alluring woman named Alice, and begins a friendship with the Kid from Earth called Jake. Both grippingly realistic and eerily dreamlike, The Gunslinger leaves readers eagerly awaiting the next chapter.","https://images-na.ssl-images-amazon.com/images/S/compressed.photo.goodreads.com/books/1554220416i/43615.jpg","server_url","upload\Stephen King\The_Gunslinger_-_Stephen_King.epub","1","0","0.00","0","1","1"
"43758","1","3","7577","Free","The Queen of the Damned","Librarian's note: An alternate cover edition can be found hereIn 1976, a uniquely seductive world of vampires was unveiled in the now-classic Interview with the Vampire . . . in 1985, a wild and voluptous voice spoke to us, telling the story of The Vampire Lestat.  In The Queen of the Damned, Anne Rice continues her extraordinary ""Vampire Chronicles"" in a feat of mesmeric storytelling, a chillingly hypnotic entertainment in which the oldest and most powerful forces of the night are unleashed on an unsuspecting world.Three brilliantly colored narrative threads intertwine as the story unfolds:- The rock star known as Vampire Lestat, worshipped by millions of spellbound fans, prepares for a concert in San Francisco.  Among the audience--pilgrims in a blind swoon of adoration--are hundreds of vampires, creatures who see Lestat as a ""greedy fiend risking the secret prosperity of all his kind just to be loved and seen by mortals,"" fiends themselves who hate Lestat's power and who are determined to destroy him . . . - The sleep of certain men and women--vampires and mortals scattered around the world--is haunted by a vivid, mysterious dream: of twins with fiery red hair and piercing green eyes who suffer an unspeakable tragedy.  It is a dream that slowly, tauntingly reveals its meaning to the dreamers as they make their way toward each other--some to be destroyed on the journey, some to face an even more terrifying fate at journey's end . . . - Akasha--Queen of the Damned, mother of all vampires, rises after a 6,000 year sleep and puts into motion a heinous plan to ""save"" mankind from itself and make ""all myths of the world real"" by elevating herself and her chosen son/lover to the level of the gods: ""I am the fulfillment and I shall from this moment be the cause"" . . . These narrative threads wind sinuously across a vast, richly detailed tapestry of the violent, sensual world of vampirism, taking us back 6,000 years to its beginnings.  As the stories of the ""first brood"" of blood drinkers are revealed, we are swept across the ages, from Egypt to South America to the Himalayas to all the shrouded corners of the globe where vampires have left their mark. Vampires are created--mortals succumbing to the sensation of ""being emptied, of being devoured, of being nothing."" Vampires are destroyed.  Dark rituals are performed--the rituals of ancient creatures prowling the modern world.  And, finally, we are brought to a moment in the twentieth century when, in an astonishing climax, the fate of the living dead--and perhaps of the living, all the living--will be decided.From the Hardcover edition.","https://images-na.ssl-images-amazon.com/images/S/compressed.photo.goodreads.com/books/1327871992i/43758.jpg","server_url","upload\Anne Rice\The_Queen_of_the_Damned_-_Anne_Rice.epub","1","0","0.00","0","1","1"
"43763","1","3","7577","Free","Interview with the Vampire","In a darkened room a young man sits telling the macabre and eerie story of his life - the story of a vampire, gifted with eternal life, cursed with an exquisite craving for human blood. Here are the confessions of a vampire. Hypnotic, shocking, and chillingly erotic, this is a novel of mesmerizing beauty and astonishing force --- a story of danger and flight, of love and loss, of suspense and resolution, and of the extraordinary power of the senses. It is a novel only Anne Rice could write.","https://images-na.ssl-images-amazon.com/images/S/compressed.photo.goodreads.com/books/1380631642i/43763.jpg","server_url","upload\Anne Rice\Interview_With_The_Vampire_-_Anne_Rice.epub","1","0","0.00","0","1","1"
"43814","1","3","7577","Free","The Vampire Lestat","'Ah, the taste and feel of blood when all passion and greed is sharpened in that one desire!' a vampire - but very much not the conventional undead, for Lestat is the truly alive. Lestat is vivid, ecstatic, stagestruck, and in his extravagant story he plunges from the lasciviousness of eighteenth-century Paris to the demonic Egypt of prehistory; from fin-de-siecle New Orleans to the frenetic twentieth-century world of rock superstardom - as, pursued by the living and the dead, he searches across time for the secret of his own dark immortality.","https://images-na.ssl-images-amazon.com/images/S/compressed.photo.goodreads.com/books/1347515742i/43814.jpg","server_url","upload\Anne Rice\The_Vampire_Lestat_-_Anne_Rice.epub","1","0","0.00","0","1","1"
"43884","1","3","3441","Free","Phantom","Bestselling author Terry Goodkind's epic Sword of Truth series continues with the next stunning installment, PhantomOn the day she awoke remembering nothing but her name, Kahlan Amnell became the most dangerous woman alive. For everyone else, that was the day that the world began to end.As her husband, Richard, desperately searches for his beloved, whom only he remembers, he knows that if she doesn't soon discover who she really is, she will unwittingly become the instrument that will unleash annihilation. But Kahlan learns that if she ever were to unlock the truth of her lost identity, then evil itself would finally possess her, body and soul.If she is to survive in a murky world of deception and betrayal, where life is not only cheap but fleeting, Kahlan must find out why she is such a central figure in the war-torn world swirling around her. What she uncovers are secrets darker than she could ever have imagined.","https://images-na.ssl-images-amazon.com/images/S/compressed.photo.goodreads.com/books/1574449879i/43884.jpg","server_url","upload\Terry Goodkind\Phantom_-_Terry_Goodkind.epub","1","0","0.00","0","1","1"
"43886","1","3","3441","Free","Debt of Bones","A milestone of storytelling set in the world of The Sword of Truth, Debt of Bones is the story of young Abby's struggle to win the aid of the wizard Zedd Zorander, the most important man alive. Abby is trapped, not only between both sides of the war, but in a mortal conflict between two powerful men. For Zedd, who commands power most men can only imagine, granting Abby's request would mean forsaking his sacred duty. With the storm of the final battle about to break, both Abby and Zedd are caught in a desperate fight to save the life of a child....but neither can escape the shadow of an ancient betrayal. With time running out, their only choice may be a debt of bones. The world-for Zedd, for Abby,for everyone-will never again be the same.","https://images-na.ssl-images-amazon.com/images/S/compressed.photo.goodreads.com/books/1502300279i/43886.jpg","server_url","upload\Terry Goodkind\Debt_of_Bones_-_Terry_Goodkind.epub","1","0","0.00","0","1","1"
"43887","1","3","3441","Free","Chainfire","With Wizard's First Rule and seven subsequent masterpieces, Terry Goodkind has thrilled readers worldwide with the unique sweep of his storytelling. Now Goodkind returns with a new novel of Richard and Kahlan, the beginning of a sequence of three novels that will bring their epic story to its culmination.After being gravely injured in battle, Richard awakes to discover Kahlan missing. To his disbelief, no one remembers the woman he is frantically trying to find. Worse, no one believes that she really exists, or that he was ever married. Alone as never before, he must find the woman he loves more than life itself....if she is even still alive. If she was ever even real.","https://images-na.ssl-images-amazon.com/images/S/compressed.photo.goodreads.com/books/1442855514i/43887.jpg","server_url","upload\Terry Goodkind\Terry_Goodkind_-_09_Chainfire_-_Terry_Goodkind.epub","1","0","0.00","0","1","1"
"43888","1","3","3441","Free","The Sword of Truth, Boxed Set I: Wizard's First Rule, Blood of the Fold, Stone of Tears","The masterpiece from Terry Goodkind that started the New York Times bestselling epic Sword of Truth and became the inspiration behind the TV show Legend of the Seeker. This boxed set includes the first three books: Wizard's First Rule , Stone of Tears , and Blood of the FoldBook 1: Wizard's First RuleIn the aftermath of the brutal murder of his father, a mysterious woman, Kahlan Amnell, appears in Richard Cypher's forest sanctuary seeking help. Richard’s world, his very beliefs, are shattered when ancient debts come due with thundering violence.This is the beginning. One book. One Rule. Witness the birth of a legend.Book 2: Stone of TearsKahlan has at last gained the one goal she had always thought was beyond her grasp ... love. Against all odds, the ancient bonds of secret oaths, and the dark talents of men long dead, Richard has won her heart.Amid sudden and disastrous events, Richard's life is called due to satisfy those treacherous oaths. To save his life, Kahlan must forsake Richard's love and cast him into the chains of slavery, knowing there could be no sin worse than such a betrayal.Book 3: Blood of the FoldIn a world as rich and real as our own, Richard Rahl and Kahlan Amnell stand against the ancient forces which besiege the New World--forces so terrible that when last they threatened, they could only be withstood by sealing off the Old World from whence they came. Now the barrier has been breached, and the New World is again beset by their evil power.","https://images-na.ssl-images-amazon.com/images/S/compressed.photo.goodreads.com/books/1434038782i/43888.jpg","server_url","upload\Terry Goodkind\Blood_of_the_Fold_-_Terry_Goodkind.epub","1","0","0.00","0","1","1"
"43889","1","3","3441","Free","Wizard's First Rule","In the aftermath of the brutal murder of his father, a mysterious woman, Kahlan Amnell, appears in Richard Cypher's forest sanctuary seeking help . . . and more. His world, his very beliefs, are shattered when ancient debts come due with thundering violence. In a dark age it takes courage to live, and more than mere courage to challenge those who hold dominion, Richard and Kahlan must take up that challenge or become the next victims. Beyond awaits a bewitching land where even the best of their hearts could betray them. Yet, Richard fears nothing so much as what secrets his sword might reveal about his own soul. Falling in love would destroy them—for reasons Richard can't imagine and Kahlan dare not say.In their darkest hour, hunted relentlessly, tormented by treachery and loss, Kahlan calls upon Richard to reach beyond his sword—to invoke within himself something more noble. Neither knows that the rules of battle have just changed . . . or that their time has run out.This is the beginning. One book. One Rule. Witness the birth of a legend.","https://images-na.ssl-images-amazon.com/images/S/compressed.photo.goodreads.com/books/1385248539i/43889.jpg","server_url","upload\Terry Goodkind\Wizard's_First_Rule_-_Terry_Goodkind.epub","1","0","0.00","0","1","1"
"43892","1","3","3441","Free","Blood of the Fold","There is an alternate cover edition here.Richard comes to terms with his true identity as a War Wizard. The New World, and all the freedom of humankind, is under threat from the Imperial Order after he had brought down the barrier between the Old and New World. The Imperial Order has already sent delegations and armies into the New World. Richard's only option to stop the invasion is to claim his heritage and unite all free kingdoms and provinces under one rule and one command.","https://images-na.ssl-images-amazon.com/images/S/compressed.photo.goodreads.com/books/1562778918i/43892.jpg","server_url","upload\Terry Goodkind\Blood_of_the_Fold_-_Terry_Goodkind.epub","1","0","0.00","0","1","1"
"43893","1","3","3441","Free","Naked Empire","Beginning with Wizard's First Rule and continuing with six subsequent fantasy masterpieces, Terry Goodkind has thrilled and awed millions of readers worldwide. Now, in Naked Empire, Goodkind returns with a broad-canvas adventure of epic intrigue, violent conflict, and terrifying peril for the beautiful Kahlan Amnell and her husband, the heroic Richard Rahl, the Sword of Truth.Richard Rahl has been poisoned. Saving an empire from annihilation is the price of the antidote. With the shadow of death looming near, the empire crumbling before the invading hordes, and time running out, Richard is offered not only his own life but the salvation of a people, in exchange for delivering his wife, Kahlan, into bondage to the enemy.","https://images-na.ssl-images-amazon.com/images/S/compressed.photo.goodreads.com/books/1388182014i/43893.jpg","server_url","upload\Terry Goodkind\Naked_Empire_-_Terry_Goodkind.epub","1","0","0.00","0","1","1"
"43993","1","3","19696","Free","The Quiet Game","The New York Times bestselling author of Spandau Phoenix and Mortal Fear returns with a rich and atmospheric novel of high suspenseWhen recently widowed Penn Cage leaves Houston with his young daughter and returns to his hometown seeking peace, he finds something very different. Natchez, Mississippi, is the jewel of the antebellum South, a city of old secrets and older money. Upon learning that his father is being blackmailed, Penn finds himself reopening the most highly charged murder case in the town's history, searching for the evidence that could bring down the judge who nearly destroyed his father years ago. As the town closes ranks against him, Penn is joined by Caitlin Masters, a young newspaper publisher, on a deadly quest to find answers to one of the darkest chapters of American history, a quest that pits them against the FBI, a band of brothers still fiercely guarding the tainted legacy of J. Edgar Hoover. But Penn's most dangerous journey must be made alone--into the abiding mystery of his own past, into the mind and heart of a woman he lost twenty years ago, and who still has the power to save or destroy him.","https://images-na.ssl-images-amazon.com/images/S/compressed.photo.goodreads.com/books/1386920855i/43993.jpg","server_url","upload\Greg Iles\Quiet_Game_-_Greg_Iles.epub","1","0","0.00","0","1","1"
"43996","1","3","19696","Free","Dead Sleep","Jordan Glass, a photojournalist on a well-earned vacation, wanders into a Hong Kong art museum and is puzzled to find fellow patrons eyeing her with curiosity. Minutes later, she stumbles upon a gallery containing a one-artist exhibition called ""The Sleeping Women,"" a mysterious series of paintings that has caused a sensation in the world of modern art. Collectors have come to believe that the canvases depict female nudes not in sleep but in death, and they command millions at auction. When Jordan approaches the last work in the series, she freezes. The face in the painting seems to be her own.This unsettling event hurls her back into a nightmare she has fought desperately to put behind her—for, in fact, the face in the painting belongs not to Jordan but to her twin sister, murdered one year ago. At the urging of the FBI, Jordan becomes both hunter and hunted in a duel with the anonymous artist, a gifted murderer who knows the secret history of Jordan's family, and truths that even she has never had the courage to face.","https://images-na.ssl-images-amazon.com/images/S/compressed.photo.goodreads.com/books/1439305513i/43996.jpg","server_url","upload\Greg Iles\Dead_Sleep_-_Greg_Iles.epub","1","0","0.00","0","1","1"
"44011","1","3","11586,18157869","Free","Shield of Thunder","The second exciting novel in the bestselling Troy trilogy. Interlacing myth and history, adventure and love, this is epic storytelling at its best.The war in Troy is looming, and all the kings of the Great Green are gathering, friends and enemies, with their own dark plans of conquest and plunder.Into this maelstrom of treachery and deceit come three travellers — Piria, a runaway priestess nursing a terrible secret, Kalliades, a warrior with a legendary sword, and Banokles who will carve his own legend in the battles to come.Shield of Thunder takes the reader back into the glories and tragedies of Bronze Age Greece, reuniting the characters from Lord of the Silver Bow — the dread Helikaon and his great love, the fiery Andromache, the mighty Hektor, and the fabled storyteller, Odysseus.From the Trade Paperback edition.","https://images-na.ssl-images-amazon.com/images/S/compressed.photo.goodreads.com/books/1327931505i/44011.jpg","server_url","upload\David Gemmell\Shield_of_Thunder_-_David_Gemmell.epub","1","0","0.00","0","1","1"
"44659","1","3","8732","Free","Pawn of Prophecy","BOOK 1 OF THE BELGARIAD, the worldwide bestselling fantasy series by master storyteller David Eddings. Discover the epic story that inspired thousands - from Raymond Feist's The Riftwar Cycle series to George R. R. Martin's A Game of Thrones.A battle is coming......And in that battle shall be decidedthe fate of the worldMyths tell of the ancient wars of Gods and men, and a powerful object - the Orb - that ended the bloodshed. As long as it was held by the line of Riva, it would assure the peace.But a dark force has stolen the Orb, and the prophecies tell of war.Young farm boy Garion knows nothing of myth or fate. But then the mysterious Old Storyteller visits his aunt, and they embark on a sudden journey. Pursued by evil forces, with only a small band of companions they can trust, Garion begins to doubt all he thought he knew...","https://images-na.ssl-images-amazon.com/images/S/compressed.photo.goodreads.com/books/1391346857i/44659.jpg","server_url","upload\David Eddings\Pawn_of_Prophecy_-_David_Eddings.epub","1","0","0.00","0","1","1"
"44687","1","3","8732","Free","Enchanters' End Game","THE DRIVE OF PROPHECYThe quest was over. The Orb of Aldur was restored. And once again, with the crowning of Garion, there was a descendant of Riva Iron-grip to rule as Overlord of the West.But the Prophecy was unfulfilled. In the east, the evil God Torak was about to awaken and seek dominion. Somehow, Garion had to face the God, to kill or be killed. On the outcome of that dread duel rested the destiny of the world. Now, accompanied by his grandfather, the ancient sorcerer Belgarath, Garion headed toward the City of Endless Night, where Torak awaited him.To the south, his fiancée, the princess Ce'Nedra, led the armies of the West in a desperate effort to divert the forces of Torak's followers from the man she loved.The Prophecy drove Garion on. But it gave no answer to the question that haunted him: How does a man kill an immortal God?","https://images-na.ssl-images-amazon.com/images/S/compressed.photo.goodreads.com/books/1217735909i/44687.jpg","server_url","upload\David Eddings\Enchanter's_End_Game_-_David_Eddings.epub","1","0","0.00","0","1","1"
"44688","1","3","8732","Free","Magician's Gambit","BOOK 3 OF THE BELGARIAD, the worldwide bestselling fantasy series by master storyteller David Eddings. Discover the epic story that inspired thousands - from Raymond Feist's The Riftwar Cycle series to George R. R. Martin's A Game of Thrones.Fate leads on...To stranger lands and darker magic...Travelling through ever more dangerous realms, Garion and his companions pursue the stolen Orb. Among them Ce'Nedra, the Imperial Princess - one whose fate seems bound to his.As they get closer to their goal and battle looms, Garion's powers of sorcery - and his spirit - are tested to their limits.","https://images-na.ssl-images-amazon.com/images/S/compressed.photo.goodreads.com/books/1315276590i/44688.jpg","server_url","upload\David Eddings\Magician's_gambit_-_David_Eddings.epub","1","0","0.00","0","1","1"
"45110","1","3","25307","Free","Shaman's Crossing","Nevare Burvelle was destined from birth to be a soldier. The second son of a newly anointed nobleman, he must endure the rigors of military training at the elite King's Cavalla Academy--and survive the hatred, cruelty, and derision of his aristocratic classmates--before joining the King of Gernia's brutal campaign of territorial expansion. The life chosen for him will be fraught with hardship, for he must ultimately face a forest-dwelling folk who will not submit easily to a king's tyranny. And they possess an ancient magic their would-be conquerors have long discounted--a powerful sorcery that threatens to claim Nevare Burvelle's soul and devastate his world once the Dark Evening brings the carnival to Old Thares.","https://images-na.ssl-images-amazon.com/images/S/compressed.photo.goodreads.com/books/1717528829i/45110.jpg","server_url","upload\Robin Hobb\Shaman_s_crossing_-_Robin_Hobb.epub","1","0","0.00","0","1","1"
"45169","1","3","3780,8213","Free","Step on a Crack","Patterson and Ledwidge introduce a new hero in an exciting thriller set in the heart of Manhattan. NYPD detective Michael Bennett is concentrating on getting his family through a particularly difficult Christmas: he and his 10 adopted children are facing the loss to cancer of his brave wife, Maeve. But a major crisis calls him away: the funeral of a former First Lady at St. Patrick's Cathedral goes horribly awry when men storm the church and take hundreds of attendees hostage. Michael is asked to try to reason with a sinister man named Jack. Jack releases all but the most famous people, and makes his demands: he wants several million dollars from each celebrity hostage, including the mayor, a popular comedic actor, a beloved talk show host, and a pop starlet. Once Jack starts killing, Michael realizes he's up against a truly diabolical foe. Patterson has a knack for creating genuinely likable heroes, and Michael fits the bill. As readers rapidly turn the pages to learn how the tense hostage drama plays out, they will also be sympathizing with Michael as he faces the agonizing loss of his wife. Totally gripping and downright impossible to put down, this is a promising start to a potential new series.","https://images-na.ssl-images-amazon.com/images/S/compressed.photo.goodreads.com/books/1442786367i/45169.jpg","server_url","upload\James Patterson\Step_on_a_Crack_-_James_Patterson.epub","1","0","0.00","0","1","1"
"45371","1","5","1462","Free","The Pedant in the Kitchen","The Pedant in the Kitchen is a perfect comfort for anyone who has ever been defeated by a cookbook. The Pedant's ambition is simple. He wants to cook tasty, nutritious food; he wants not to poison his friends; and he wants to expand, slowly and with pleasure, his culinary repertoire","https://images-na.ssl-images-amazon.com/images/S/compressed.photo.goodreads.com/books/1447155503i/45371.jpg","server_url","upload\Julian Barnes\Julian_Barnes_-_The_Pedant_in_the_Kitchen-Atlantic_Books_(2012).epub","1","0","0.00","0","1","1"
"45374","1","5","1462","Free","Something to Declare: Essays on France","Julian Barnes's long and passionate relationship with la belle France began more than forty years ago, and in these essays on the country and the culture he combines a keen appreciation, a seemingly infinite sphere of reference, and prose as stylish as classic haute couture.Barnes's vision of France-""The Land Without Brussels Sprouts""-embraces its vanishing peasantry; its vanished hyper-literate pop singers, Georges Brassens, Boris Vian, and Jacques Brel (""[he] sang at the world as if it… could be saved from its follies and brutalities by his vocal embrace""); and the gleeful iconoclasm of its nouvelle vague cinema (""'The Underpass in Modern French Film' is a thesis waiting to be written"").He describes the elegant tour of France that Henry James and Edith Wharton made in 1907, and the orgy of drugs and suffering of the Tour de France in our own time. An unparalleled connoisseur of French writing and writers, Barnes gives us his thoughts on the prolific and priapic Simenon, on Sand, Baudelaire, and Mallarmé (""If literature is a spectrum, and Hugo hogs the rainbow, then Mallarmé is working in ultra-violet"").In several dazzling excursions into the prickly genius of Flaubert, Barnes discusses his letters; his lover Louise Colet; and his biographers (Sartre's The Family Idiot, ""an intense, unfinished, three-volume growl at Flaubert, is mad, of course""). He delves into Flaubert's friendship with Turgenev; looks at the ""faithful betrayal"" of Claude Chabrol's film version of Madame Bovary; and reveals the importance of the pharmacist's assistant, the most major minor character in Flaubert's great ""if Madame Bovary were a mansion, Justin would be the handle to the back door; but great architects have the design of door-furniture in mind even as they lay out the west wing.""For lovers of France and all things French-and of Julian Barnes's singular wit and intelligence-Something to Declare is an unadulterated joy to read.","https://images-na.ssl-images-amazon.com/images/S/compressed.photo.goodreads.com/books/1170283031i/45374.jpg","server_url","upload\Julian Barnes\Julian_Barnes_-_Something_to_Declare__Essays_on_France_and_French_Culture-Vintage_(2003).epub","1","0","0.00","0","1","1"
"48855","1","5","3720,44566,432799","Free","The Diary of a Young Girl","Discovered in the attic where she spent the final years of her life, Anne Frank’s Diary has become a timeless classic; a powerful reminder of the horrors of war and a moving testament to the resilience of the human spirit.In 1942, as the Nazis occupied Holland, thirteen-year-old Anne Frank and her Jewish family fled their home in Amsterdam and went into hiding. For the next two years, until they were betrayed to the Gestapo, the Franks and another family lived in the cramped “Secret Annexe” of an old office building. Cut off from the outside world, they endured hunger, boredom, the strain of close quarters, and the constant fear of discovery and death.Through it all, Anne documented her experiences in a diary filled with vivid observations. At times thoughtful, poignant, and even unexpectedly funny, her writing offers a remarkable window into the strength and vulnerability of the human spirit. It’s both a compelling self-portrait of a bright, spirited young woman and a heartbreaking glimpse of a life that should have been far longer.","https://images-na.ssl-images-amazon.com/images/S/compressed.photo.goodreads.com/books/1560816565i/48855.jpg","server_url","upload\Anne Frank\The_Diary_of_a_Young_Girl_-_Anne_Frank.epub","1","0","0.00","0","1","1"
"49353","1","3","12470","Free","The Last Coyote","LAPD detective Harry Bosch is down on his luck - his house is condemned in the aftermath of the earthquake, his girlfriend has left him, and he has been suspended for attacking his superior officer. To occupy time he examines the old case files covering a murder which took place on October 28th 1961. The victim was Marjorie Phillips Lowe - his mother...The case forces Bosch to confront the demons of the past, and as he digs deeper into the case, he discovers a trail of cover-ups that lead to the high-ups in the Hollywood Hills...","https://images-na.ssl-images-amazon.com/images/S/compressed.photo.goodreads.com/books/1170358620i/49353.jpg","server_url","upload\Michael Connelly\The_Last_Coyote_-_Michael_Connelly.epub","1","0","0.00","0","1","1"
"50091","1","3","16667","Free","The Complete Robot","THE COMPLETE ROBOT is the definitive anthology of Asimov's stunning visions of a robotic future… In these stories, Isaac Asimov creates the Three Laws of Robotics and ushers in the Robot Age: when Earth is ruled by master-machines and when robots are more human than mankind.Contents 9 • Introduction (The Complete Robot) • (1982) • essay by Isaac Asimov 15 • A Boy's Best Friend • (1975) • short story by Isaac Asimov 19 • Sally • (1953) • short story by Isaac Asimov 41 • Someday • (1956) • short story by Isaac Asimov 55 • Point of View • [Multivac] • (1975) • short story by Isaac Asimov 59 • Think! • (1977) • short story by Isaac Asimov 70 • True Love • (1977) • short story by Isaac Asimov 77 • Robot AL-76 Goes Astray • (1942) • short story by Isaac Asimov 93 • Victory Unintentional • (1942) • short story by Isaac Asimov 117 • Stranger in Paradise • (1974) • novelette by Isaac Asimov 151 • Light Verse • (1973) • short story by Isaac Asimov 157 • Segregationist • (1967) • short story by Isaac Asimov 164 • Robbie • (1940) • short story by Isaac Asimov (variant of Strange Playfellow) 191 • Let's Get Together • (1957) • short story by Isaac Asimov 211 • Mirror Image • [Elijah Bailey / R. Daneel Olivaw] • (1972) • short story by Isaac Asimov 231 • The Tercentenary Incident • (1976) • short story by Isaac Asimov 253 • First Law • [Mike Donovan] • (1956) • short story by Isaac Asimov 257 • Runaround • [Mike Donovan] • (1942) • novelette by Isaac Asimov 280 • Reason • [Mike Donovan] • (1941) • short story by Isaac Asimov 302 • Catch That Rabbit • [Mike Donovan] • (1944) • short story by Isaac Asimov 329 • Liar! • [Susan Calvin] • (1941) • short story by Isaac Asimov 350 • Satisfaction Guaranteed • [Susan Calvin] • (1951) • short story by Isaac Asimov 368 • Lenny • [Susan Calvin] • (1958) • short story by Isaac Asimov 385 • Galley Slave • [Susan Calvin] • (1957) • novelette by Isaac Asimov 427 • Little Lost Robot • [Susan Calvin] • (1947) • novelette by Isaac Asimov 459 • Risk • [Susan Calvin] • (1955) • novelette by Isaac Asimov 490 • Escape! • [Susan Calvin] • (1945) • short story by Isaac Asimov 518 • Evidence • [Susan Calvin] • (1946) • novelette by Isaac Asimov 546 • The Evitable Conflict • [Susan Calvin] • (1950) • novelette by Isaac Asimov 575 • Feminine Intuition • [Susan Calvin] • (1969) • novelette by Isaac Asimov 605 • ... That Thou Art Mindful of Him • (1974) • novelette by Isaac Asimov (variant of —That Thou Art Mindful of Him!) 635 • The Bicentennial Man • (1976) • novelette by Isaac Asimov 683 • A Last Word • (1982) • essay by Isaac Asimov  THE COMPLETE ROBOT is the ultimate collection of timeless, amazing and amusing robot stories from the greatest science fiction writer of all time, offering golden insights into robot thought processes. Asimov's Three Laws of Robotics were programmed into real computers thirty years ago at the Massachusetts Institute of Technology - with surprising results. Readers of today still have many surprises in store...","https://images-na.ssl-images-amazon.com/images/S/compressed.photo.goodreads.com/books/1405467461i/50091.jpg","server_url","upload\Isaac Asimov\the_complete_robot_-_isaac_asimov.epub","1","0","0.00","0","1","1"
"50818","1","3","239579,28581","Free","Selected Short Fiction","Stories of comedy and character from one of Britain's greatest novelistsThis witty and amusing collection of short pieces shows Dickens liberated from the more formal and sustained demands of the novel and experimenting with a diverse range of fictional techniques. In his tales of the supernatural, he creates frighteningly believable, spine-tingling stories of prophetic dreams and visions, as well as more fantastical adventures with goblins and apparitions. Impressionistic sketches combine imaginatively heightened travel journals with wry observations of home and abroad, while in his dramatic monologues, Dickens demonstrates his talent for exploring the secret workings of the human mind. These short works display Dickens's exuberant sense of comedy and character as his imagination is given free rein.For more than seventy years, Penguin has been the leading publisher of classic literature in the English-speaking world. With more than 1,700 titles, Penguin Classics represents a global bookshelf of the best works throughout history and across genres and disciplines. Readers trust the series to provide authoritative texts enhanced by introductions and notes by distinguished scholars and contemporary authors, as well as up-to-date translations by award-winning translators.","https://images-na.ssl-images-amazon.com/images/S/compressed.photo.goodreads.com/books/1397427152i/50818.jpg","server_url","upload\Charles Dickens\Selected_Short_Fiction_-_Charles_Dickens.epub","1","0","0.00","0","1","1"
"50827","1","3","239579,6404","Free","Dombey and Son","Paul Dombey is a wealthy shipping merchant whose wife dies giving birth to their second child, a long-hoped-for son and heir. Young Paul's health is fragile and he dies aged six, dashing his father's hopes...","https://images-na.ssl-images-amazon.com/images/S/compressed.photo.goodreads.com/books/1320513735i/50827.jpg","server_url","upload\Charles Dickens\Dombey_and_Son_(Oxford_World's_-_Charles_Dickens.epub","1","0","0.00","0","1","1"
"51429","1","3","28946,1310149","Free","Rebel Fay","The Noble Dead Saga has been hailed as “fabulous entertainment wrought with mystery, adventure, and sharp-toothed wit.” * Now the “action-packed” ** adventures of Magiere and Leesil continue as they journey into the dangerous and mysterious Elven Territories...Desperate to free his mother from a caste of ruthless elven assassins, Leesil pushes on through the mountains at the height of a harsh winter. Obsession blinds him to reason, and he and his companions — his beloved Magiere, the sage Wynn, and their canine protector, Chap — find their lives at stake under the hardships of the wilderness. Should they survive, they still face the perils of the Elven Territories, a culture of tranquil beauty, savage customs, and deep-rooted hatred and fear of all humankind.Magiere was created with strange powers by a shadowy, long-forgotten enemy of many names — an enemy whom Leesil was trained from childhood to kill. Unbeknownst to them, Chap brought them together at the command of his kin, the Fay, to forge an alliance that might have the power to stand against the forces of dark magics.In the place of his birth, Chap must guard his companions from enemies and allies alike, though he is not always certain which is which. And as they uncover the truth, they discover just how close the enemy has always been...* Mark Anthony, author of The Last Rune series** Midwest Book Review""...a hybrid crossing Tolkienesque fantasy with vampire-infused horror...""    —Publisher's Weekly""A real page-turner for Noble Dead series newcomers and veterans alike.""    —Frieda Murray, Booklist: American Library Association.""Fans of the Hendees' Noble Dead series who have been trying to understand the saga's many unexplained mysteries will be absolutely blown away by the bombshell plot twists revealed in Rebel Fay... Fantasy fans who like their adventures done very rare — fast and bloody &mdash: should definitely check out this addictively readable saga, which seamlessly blends the vampire mythos with high fantasy.""    —Paul Goat Allen, The Barnes & Noble Review","https://images-na.ssl-images-amazon.com/images/S/compressed.photo.goodreads.com/books/1436928714i/51429.jpg","server_url","upload\Barb Hendee\Rebel_Fay_-_Barb_Hendee.epub","1","0","0.00","0","1","1"
"52357","1","3","4699102,29574","Free","Beowulf","Composed toward the end of the first millennium, Beowulf is the elegiac narrative of the adventures of Beowulf, a Scandinavian hero who saves the Danes from the seemingly invincible monster Grendel and, later, from Grendel's mother. He then returns to his own country and dies in old age in a vivid fight against a dragon. The poem is about encountering the monstrous, defeating it, and then having to live on in the exhausted aftermath. In the contours of this story, at once remote and uncannily familiar at the beginning of the twenty-first century, Nobel laureate Seamus Heaney finds a resonance that summons power to the poetry from deep beneath its surface. Drawn to what he has called the ""four-squareness of the utterance"" in Beowulf and its immense emotional credibility, Heaney gives these epic qualities new and convincing reality for the contemporary reader.","https://images-na.ssl-images-amazon.com/images/S/compressed.photo.goodreads.com/books/1327878125i/52357.jpg","server_url","upload\Unknown\Boss_of_Yarrakina_by_Valerie_Pa_-_Unknown.epub","1","0","0.00","0","1","1"
"53538","1","3","30279","Free","The Destiny of the Sword","The Riddle of the GoddessWallie Smith had been dying on another world when the Goddess transferred his mind to the body of the barbarian swordsman Shonsu. Then She gave him the great, magical Sapphire Sword of Chioxin and sent him on a mission.All he had to do was to lead the arrogant band of swordsmen to destroy the sorcerers and their Fire God.Now Wallie discovered that he'd already tried it -- and been hopelessly defeated.A few complications cropped up. Wallie's reputation was in tatters. His best friend and pupil was apparently planning to betray him. And if he won, he would doom all hope of progress and learning in this World of the Goddess -- doom the Goddess Herself.It made an interesting kind of riddle. All he had to do was find the solution -- and survive, if he could!","https://images-na.ssl-images-amazon.com/images/S/compressed.photo.goodreads.com/books/1296945901i/53538.jpg","server_url","upload\Dave Duncan\The_Destiny_of_the_Sword_-_Dave_Duncan.epub","1","0","0.00","0","1","1"
"53539","1","3","30279","Free","Emperor and Clown","A princess and a stableboy? It sounds like the worst sort of hackneyed formula romance. Think again, for ""A Man of His Word"" may well be the most original fantasy you ever read. The magic is unique and applied in unexpected ways, some of which the late Lester del Rey admitted he had not met in fifty years as writer and editor. The world itself is unique--there are no humans in Pandemia, only imps, elves, gnomes, jotnar, and many more, all of whom you will recognize as ""human"". With Inos married to the wrong man and Rap dying in a dungeon, obviously the cause is hopeless. Only Aunt Kade refuses to admit defeat...","https://images-na.ssl-images-amazon.com/images/S/compressed.photo.goodreads.com/books/1391045849i/53539.jpg","server_url","upload\Dave Duncan\Emperor_and_Clown_-_Dave_Duncan.epub","1","0","0.00","0","1","1"
"53542","1","3","30279","Free","The Reaver Road","Omar is the finest storyteller the world has ever known, captivating audiences everywhere, from the campfires of soldier camps to the plush residences of nobility. In times of turmoil, people can still appreciate a good tale that offers respite from their troubles. But as hordes of barbarian soldiers surround the unvanquished city of Zanadon after ravaging the surrounding countryside, few things are certain any longer. Omar has been guided to the city by prophetic dreams, yet finds himself inan increasingly dangerous situation as the people grow more desperate and the gift of a glib tongue turns into a curse.","https://images-na.ssl-images-amazon.com/images/S/compressed.photo.goodreads.com/books/1347613669i/53542.jpg","server_url","upload\Dave Duncan\The_Reaver_Road_-_Dave_Duncan.epub","1","0","0.00","0","1","1"
"53543","1","3","30279","Free","Sky of Swords","The mightiest swordsmen in the realm, are bound by magic to defend their noble wards...to the death.The King's BladesThe unloved child of the unscrupulous King Ambrose,Princess Malinda learned at an early age to fight for what was rightfully hers. Now, with the Kings abrupt death, civil war has become her grim destiny. Making her uncertain way through the blood labyrinth of schemesand betrayals, Malinda can trust none but the Blades of the Royal Guard. But the Blades themselves are in grave peril. And the young Queen faces the most crucialdecision of her life: a choice that will either redeem her kingdom from chaos...or bring ultimate destruction down upon it, her Blades, and herself.","https://images-na.ssl-images-amazon.com/images/S/compressed.photo.goodreads.com/books/1442236243i/53543.jpg","server_url","upload\Dave Duncan\Sky_of_Swords_-_Dave_Duncan.epub","1","0","0.00","0","1","1"
"53544","1","3","30279","Free","The Living God","The sorcerer Zinixo had declared himself the Almighty. Now goblin hordes ravish the Impire. Dragons incinerate entire legions. And the slave-sorcerers of the Covin practice whatever barbarities Zinixo requires. It is only a matter of time before the mad Zinixo is almighty in fact as well as name -- unless Rap of Krasnegar can conjure up a miracle . . .","https://images-na.ssl-images-amazon.com/images/S/compressed.photo.goodreads.com/books/1170427573i/53544.jpg","server_url","upload\Dave Duncan\The_Living_God_-_Dave_Duncan.epub","1","0","0.00","0","1","1"
"53546","1","3","30279","Free","The Reluctant Swordsman","The last thing Wallie Smith remembered was a fog of hospitals, grim-faced doctors, and pain. So when he woke in the body of a barbarian swordsman, attended by a beautiful slave girl and a wizened old priest nattering about the Goddess, he assumed it was a fever-dream.But the World could not be dismissed so lightly. A naked little demigod called Shorty explained that the Goddess needed a swordsman. If Wallie undertook the job and succeeded, all that World had to offer would be his. If he refused, the results would be...unpleasant.Wallie was not convinced, but Shorty was exquisitely persuasive. Soon Wallie found himself bearing a magnificent sword, with no idea how to use it -- and the servants of the Goddess were out to stop him.","https://images-na.ssl-images-amazon.com/images/S/compressed.photo.goodreads.com/books/1388524979i/53546.jpg","server_url","upload\Dave Duncan\The_Reluctant_Swordsman_-_Dave_Duncan.epub","1","0","0.00","0","1","1"
"53625","1","3","3780","Free","Four Blind Mice","Detective Alex Cross is on his way to resign from the Washington, D.C., Police Force when his partner shows up at his door with a case he can't refuse. One of John Sampson's oldest friends, from their days in Vietnam, has been arrested for murder. Worse yet, he is subject to the iron hand of the United States Army. The evidence against him is strong enough to send him to the gas chamber but Sampson is certain his friend has been framed.Drawing on their years of street training and an almost telepathic mutual trust, Cross and Sampson go deep behind military lines to confront the most terrifying-and deadly-killers they have ever encountered.On his visits home, Alex must confront another, more harrowing mystery: what's the matter with Nana Mama?","https://images-na.ssl-images-amazon.com/images/S/compressed.photo.goodreads.com/books/1408929456i/53625.jpg","server_url","upload\James Patterson\Four_Blind_Mice_-_James_Patterson.epub","1","0","0.00","0","1","1"
"53631","1","5","1328","Free","Blind Eye: The Terrifying Story of a Doctor Who Got Away with Murder","A medical thriller from Pulitzer Prize-winning author James B. Stewart about serial killer doctor Michael Swango and the medical community that chose to turn a blind eye on his criminal activities.No one could believe that the handsome young doctor might be a serial killer. Wherever he was hired—in Ohio, Illinois, New York, South Dakota—Michael Swango at first seemed the model physician. Then his patients began dying under suspicious circumstances. At once a gripping read and a hard-hitting look at the inner workings of the American medical system, Blind Eye describes a professional hierarchy where doctors repeatedly accept the word of fellow physicians over that of nurses, hospital employees, and patients—even as horrible truths begin to emerge. With the prodigious investigative reporting that has defined his Pulitzer Prize-winning career, James B. Stewart has tracked down survivors, relatives of victims, and shaken coworkers to unearth the evidence that may finally lead to Swango's conviction.Combining meticulous research with spellbinding prose, Stewart has written a shocking chronicle of a psychopathic doctor and of the medical establishment that chose to turn a blind eye on his criminal activities.","https://images-na.ssl-images-amazon.com/images/S/compressed.photo.goodreads.com/books/1402094722i/53631.jpg","server_url","upload\James B. Stewart\James_B._Stewart_-_Blind_Eye__The_Terrifying_Story_Of_A_Doctor_Who_Got_Away_With_Murder-Simon_&_Schuster_(2000).epub","1","0","0.00","0","1","1"
"53645","1","5","5662","Free","Tender at the Bone: Growing Up at the Table","At an early age, Ruth Reichl discovered that ""food could be a way of making sense of the world. . . . If you watched people as they ate, you could find out who they were."" Her deliciously crafted memoir, Tender at the Bone , is the story of a life determined, enhanced, and defined in equal measure by a passion for food, unforgettable people, and the love of tales well told.  Beginning with Reichl's mother, the notorious food-poisoner known as the Queen of Mold, Reichl introduces us to the fascinating characters who shaped her world and her tastes, from the gourmand Monsieur du Croix, who served Reichl her first soufflé, to those at her politically correct table in Berkeley who championed the organic food revolution in the 1970s.  Spiced with Reichl's infectious humor and sprinkled with her favorite recipes, Tender at the Bone is a witty and compelling chronicle of a culinary sensualist's coming-of-age.","https://images-na.ssl-images-amazon.com/images/S/compressed.photo.goodreads.com/books/1388325309i/53645.jpg","server_url","upload\Ruth Reichl\Ruth_Reichl_-_Tender_at_the_Bone-Random_House_Trade_(1998).epub","1","0","0.00","0","1","1"
"55319","1","5","3098","Free","Doctor Dealer: The Rise and Fall of an All-American Boy and His Multimillion-Dollar Cocaine Empire","Doctor Dealer is the story of Larry Lavin, a bright, charismatic young man who rose from his working-class upbringing to win a scholarship to a prestigious boarding school, earn Ivy League college and dental degrees, and buy his family a house in one of Philadelphia's most exclusive suburbs. But behind the facade of his success was a dark secret -- at every step of the way he was building the foundation for a cocaine empire that would grow to generate over $60 million in annual sales. Award-winning journalist Mark Bowden tells the saga of Lavin's rise and fall with the gripping, novelistic narrative style that won him international acclaim as the author of the New York Times best-seller Black Hawk Down. ""Immensely readable . . . eye-popping . . . a smoothly crafted, exciting, can't-put-it-down book."" -- Louisville New Voice","https://images-na.ssl-images-amazon.com/images/S/compressed.photo.goodreads.com/books/1408265855i/55319.jpg","server_url","upload\Mark Bowden\Mark_Bowden_-_Doctor_Dealer._The_Rise_and_Fall_of_an_All-American_Boy_and_His_Multimillion-Dollar_Cocaine...-Perseus_Books_Group_Grove_Atlantic_Grove_Press,_Black_Cat_(2001).epub","1","0","0.00","0","1","1"
"55398","1","3","31232","Free","House of Chains","An alternate cover edition can be found here.In Northern Genabackis, a raiding party of savage tribal warriors descends from the mountains into the southern flatlands. Their intention is to wreak havoc amongst the despised lowlanders, but for the one named Karsa Orlong it marks the beginning of what will prove to be an extraordinary destiny.Some years later, it is the aftermath of the Chain of Dogs. Tavore, the Adjunct to the Empress, has arrived in the last remaining Malazan stronghold of Seven Cities. New to command, she must hone twelve thousand soldiers, mostly raw recruits but for a handful of veterans of Coltaine's legendary march, into a force capable of challenging the massed hordes of Sha'ik's Whirlwind who lie in wait in the heart of the Holy Desert.But waiting is never easy. The seer's warlords are locked into a power struggle that threatens the very soul of the rebellion, while Sha'ik herself suffers, haunted by the knowledge of her nemesis: her own sister, Tavore.And so begins this awesome new chapter in Steven Erikson's acclaimed Malazan Book of the Fallen.","https://images-na.ssl-images-amazon.com/images/S/compressed.photo.goodreads.com/books/1548490548i/55398.jpg","server_url","upload\Steven Erikson\House_of_Chains_-_Steven_Erikson.epub","1","0","0.00","0","1","1"
"55399","1","3","31232","Free","Gardens of the Moon","Vast legions of gods, mages, humans, dragons and all manner of creatures play out the fate of the Malazan Empire in this first book in a major epic fantasy series from Steven Erikson.The Malazan Empire simmers with discontent, bled dry by interminable warfare, bitter infighting and bloody confrontations with the formidable Anomander Rake and his Tiste Andii, ancient and implacable sorcerers. Even the imperial legions, long inured to the bloodshed, yearn for some respite. Yet Empress Laseen's rule remains absolute, enforced by her dread Claw assassins.For Sergeant Whiskeyjack and his squad of Bridgeburners, and for Tattersail, surviving cadre mage of the Second Legion, the aftermath of the siege of Pale should have been a time to mourn the many dead. But Darujhistan, last of the Free Cities of Genabackis, yet holds out. It is to this ancient citadel that Laseen turns her predatory gaze.However, it would appear that the Empire is not alone in this great game. Sinister, shadowbound forces are gathering as the gods themselves prepare to play their hand...Conceived and written on a panoramic scale, Gardens of the Moon is epic fantasy of the highest order--an enthralling adventure by an outstanding new voice.","https://images-na.ssl-images-amazon.com/images/S/compressed.photo.goodreads.com/books/1548497031i/55399.jpg","server_url","upload\Steven Erikson\Gardens_of_the_Moon_-_Steven_Erikson.epub","1","0","0.00","0","1","1"
"55401","1","3","31232","Free","Deadhouse Gates","In the vast dominion of Seven Cities, in the Holy Desert Raraku, the seer Sha'ik and her followers prepare for the long-prophesied uprising known as the Whirlwind. Unprecedented in size and savagery, this maelstrom of fanaticism and bloodlust will embroil the Malazan Empire in one of the bloodiest conflicts it has ever known, shaping destinies and giving birth to legends . . .Set in a brilliantly realized world ravaged by dark, uncontrollable magic, Deadhouse Gates is a novel of war, intrigue and betrayal confirms Steven Eirkson as a storyteller of breathtaking skill, imagination and originality--a new master of epic fantasy.","https://images-na.ssl-images-amazon.com/images/S/compressed.photo.goodreads.com/books/1385272744i/55401.jpg","server_url","upload\Steven Erikson\Deadhouse_Gates_-_Steven_Erikson.epub","1","0","0.00","0","1","1"
"57011","1","3","989968","Free","Fortress of Ice","Sixteen years have passed since the dramatic events of Fortress of Dragons, and Cefwyn, king at last, must rebuild his devastated kingdom. The embattled ruler is aided by his powerful friend Tristen Sihhe and two surprising allies in a struggle he must win: his two young sons. Elfwyn Aswydd, the bastard son of Cefwyn and the sorceress Tarien Aswydd, has spent years unaware of his parentage, yet now it is his time to emerge and claim the gifted birthright he's been denied for so long.But a dark, sinister magic has crept close to the young man and seized hold of the kingdom. Nothing is as it seems, and the bonds of family strain against the powerful forces that would see them undone. It is up to an embattled four—Elfwyn; his half brother, Aewyn Marhanen; Cefwyn; and Tristen—to unmask and destroy the dark forces that threaten to unhinge the king's peaceful and fragile reign.","https://images-na.ssl-images-amazon.com/images/S/compressed.photo.goodreads.com/books/1437826283i/57011.jpg","server_url","upload\C.J. Cherryh\Fortress_of_Ice_-_C._J._Cherryh.epub","1","0","0.00","0","1","1"
"57012","1","3","989968","Free","Defender","Nearly ten years after the unexpected return of the starship Phoenix, the alien atevi have three functioning space shuttles, and teams of atevi engineers labor in orbit to renovate the space station. But these monumental advances not only add a dangerously powerful third party to an already precarious diplomatic situation, but rouse pro- and anti-space factions in atevi society to incendiary levels. To help negotiate these treacherous diplomatic waters, Tabini-aiji, the powerful head of the atevi's Western Association, has sent the only human he fully trusts into space: his own paidhi, Bren Cameron.However, the threat of possible invasion by hostile aliens who attacked Phoenix's station in a far-off sector of space hangs over them all. And when one of the senior captains of the Phoenix confesses that this station was not completely destroyed, as had been previously thought, the crew mutinies. How can Bren hope to mediate on a station overcome by a rebellious crew intent on taking the Phoenix on a rescue mission back into hostile alien territory?The long-running Foreigner series can also be enjoyed by more casual genre readers in sub-trilogy installments. Defender is the 5th Foreigner book. It is also the 2nd book in the second subtrilogy.","https://images-na.ssl-images-amazon.com/images/S/compressed.photo.goodreads.com/books/1302620825i/57012.jpg","server_url","upload\C.J. Cherryh\Defender_-_C._J._Cherryh.epub","1","0","0.00","0","1","1"
"57013","1","3","989968","Free","Explorer","The sixth novel in Cherryh’s  Foreigner space opera series, a groundbreaking tale of first contact and its consequences…It has been nearly ten years since the starship Phoenix returned to Alpha, the station orbiting the world of the atevi , which had been abandoned following a rift between a faction of the station's inhabitants and the spacers' Pilot's Guild. The unexpected return of the Phoenix has forever changed the lives of both atevi and Mospheirans, for over the ensuing decade, the captains of the Phoenix have brought both species into space. Their motivation seemed Reunion Station, a human station in another sector of space, had been destroyed by aliens.But on his deathbed, the senior captain of the Phoenix admits that he lied to the crew—that Reunion was merely damaged, not destroyed, and many people may have survived. At this disclosure, the crew rebels and forces the Phoenix to undertake a rescue mission to Reunion.Onboard the rescue mission are Bren Cameron, brilliant human paidhi representing the atevi ruler Tabini-aiji, and Tabini's grandmother Ilisidi, a fearsome and ambitious atevi leader with an agenda of her own. Trapped in a distant star system with little fuel left, facing a bellicose alien ship, how can Bren help to avoid interspecies war when the notoriously secretive Pilot's Guild aboard Reunion Station refuse to cooperate, and may have kept the inhabitants of their own station ignorant of their true situation?The long-running Foreigner series can also be enjoyed by more casual genre readers in sub-trilogy installments. Explorer is the 6th Foreigner novel, and the 3rd book in the second subtrilogy.","https://images-na.ssl-images-amazon.com/images/S/compressed.photo.goodreads.com/books/1388355304i/57013.jpg","server_url","upload\C.J. Cherryh\Explorer_-_C._J._Cherryh.epub","1","0","0.00","0","1","1"
"57017","1","3","989968","Free","Fortress in the Eye of Time","Deep in an abandoned, shattered castle, an old man of the Old Magic muttered almost forgotten words. His purpose -- to create out of the insubstance of the air, from a shimmering of light and a fluttering of shadows. that most wonderous of spells, a Shaping. A Shaping in the form of a young man who will be sent east on the road the old was to old to travel. To right the wrongs of a long-forgotten wizard war, and call new wars into being. Here is the long-awaited major new novel from one of the brightest stars in the fantasy and science fiction firmament. C.J.Cherryh's haunting story of the wizard Mauryl, kingmaker for a thousand years of Men, and Tristen, fated to sow distrust between a prince and his father being. A tale as deep as legend and as intimate as love, it tells of a battle beyond Time, in which all Destiny turns on the wheel of an old man's ambition, a young man's innocence, and the unkept promised of a king to come.","https://images-na.ssl-images-amazon.com/images/S/compressed.photo.goodreads.com/books/1388567145i/57017.jpg","server_url","upload\C.J. Cherryh\Fortress_in_the_Eye_of_Time_-_C._J._Cherryh.epub","1","0","0.00","0","1","1"
"57043","1","3","989968","Free","Foreigner","The first book in C.J. Cherryh's eponymous series, Foreigner begins an epic tale of the survivors of a lost spacecraft who crash-land on a planet inhabited by a hostile, sentient alien race.From its beginnings as a human-alien story of first contact, the Foreigner series has become a true science fiction odyssey, following a civilization from the age of steam through early space flight to confrontations with other alien species in distant sectors of space. It is the masterwork of a truly remarkable author.","https://images-na.ssl-images-amazon.com/images/S/compressed.photo.goodreads.com/books/1680461149i/57043.jpg","server_url","upload\C.J. Cherryh\Foreigner_-_C._J._Cherryh.epub","1","0","0.00","0","1","1"
"57044","1","3","989968","Free","Fortress of Owls","""I Dreamed of Owl. That Means Wizardry is Near.""Tristen is a weapon in an ancient war between wizardry and sorcery. He is a summoning and a shaping, brought to life by a wizard. And his sword is a weapon as well. Its keen blade, marked Illusion on one side and Truth on the other, once helped Tristen win the throne of Ylesuin for the young king Cefwyn, gaining Tristen the stewardship of the brave country of Amefel.Tristen's rule in Amefel is blessed with two extraordinary friends: one a stalwart and simple warrior, the other a young rebel with royal blood. But the scarlet banners of war are unfolding again, and far more than a kingdom is at stake. Now Tristen must take up the sword--as well as the Sihhë magic he has forsworn. He is destiny's own, created a combatant in a far older and more fearsome conflict than any ever imagined by mere mortal man. And he is about to do battle once more. . . .Rich with magic, intrigue, and adventure, this high fantasy series from the acclaimed C. J. Cherryh brings to life an enchanting world as real as, yet far more wondrous, than our own.","https://images-na.ssl-images-amazon.com/images/S/compressed.photo.goodreads.com/books/1388504930i/57044.jpg","server_url","upload\C.J. Cherryh\Fortress_of_Owls_-_C._J._Cherryh.epub","1","0","0.00","0","1","1"
"57047","1","3","8685,989968,32262","Free","Troubled Waters","As winter's deadly cold threatens those who dwell on and around Merovingen's dank waterways and dark, twisting byways, the various forces seeking to wrest or retain control of the city are busily plotting new and desperate plans of treacherous betrayal.And seeking a weapon with which to blackmail Thomas Mondragon into doing his bidding, Chance Magruder - ambassador, spy, master assassin, and chief strategist for the fantastical Sword of God - has seized the opportunity to kidnap Altair Jones. But what Magruder doesn't know is that by imprisoning Jones he and his allies in crime, the slavers of Megary, may have unleashed a new force in the power games of Merovingen, a force which, its anger once roused, may prove completely unstoppable in its quest for revenge!Includes:""Troubled Waters"" essay by C.J. Cherryh""A Tangled Web We Weave"" novella by Mercedes Lackey""By a Woman's Hand"" novelette by Nancy Asire""Strange Bedfellows"" novelette by Lynn Abbey""Nessus' Shirt"" novelette by Roberta Rogow""Treading the Maze"" novelette by Leslie FishAfterword: ""Epilogue (Troubled Waters)"" essay by C.J. Cherryh""Raj's Letters (Troubled Waters)"" essay by uncredited""The Prisoner"" novelette by Janet Morris""Saying Yes to Drugs"" novelette by Chris Morris""Merovingian Pharmacology 103, or, Poison in Jest"" essay by uncreditedMerovingian Songs: ""Partners"" poem by Mercedes Lackey and C.J. CherryhMerovingian Songs: ""A Song for Marina"" short fiction by Mercedes Lackey and C.J. Cherryh","https://images-na.ssl-images-amazon.com/images/S/compressed.photo.goodreads.com/books/1363622988i/57047.jpg","server_url","upload\Mercedes Lackey\Troubled_Waters_-_C._J._Cherryh.epub","1","0","0.00","0","1","1"
"57048","1","3","989968","Free","Smuggler's Gold","Spring comes to Merovingen...and plots begin to grow - as tangled as the strange new plants proliferating in tire backwaters of the City of a Thousand Bridges, as dangerous as the ferment of religious mania that threatens hightowners and canalsiders alike...In debt to the hightown Boregys, approached by the Boregys' rivals, and blackmailed by the fanatic Sword of God, Thomas Mondragon faces a narrowing circle of enemies as he is bound still more tightly in the affairs of the great Houses. Even the dark demimonde of the canals has become unfriendly territory for a man the Sword is seeking either to use - or to destroy.","https://images-na.ssl-images-amazon.com/images/S/compressed.photo.goodreads.com/books/1213926413i/57048.jpg","server_url","upload\C.J. Cherryh\Smuggler's_Gold_-_C._J._Cherryh.epub","1","0","0.00","0","1","1"
"57065","1","3","989968","Free","Precursor","National best-selling author and winner of three Hugo Awards, C.J. Cherryh returns to the universe of her acclaimed Foreigner trilogy-with an epic tale of the survivors of a lost spacecraft stranded on a planet inhabited by a hostile, sentient race.The beginning of a second trilogy, Precursor follows a single human delegate living among aliens, who are just gaining access to space....Praise for Precursor...""An addition to Cherryh's superior alien-contact series...Another intriguing human/alien struggle.""-Kirkus Reviews""A powerful look at the effects of alienation on individuals and societies.""-Locus...and C.J. Cherryh's Foreigner Universe:""Superlatively drawn aliens and characterization...a return to the anthropological science fiction in which [Cherryh] has made such a name is a double pleasure.""-Chicago Sun-Times""An incisive study-in-contrast of what it means to be human.""-Library Journal","https://images-na.ssl-images-amazon.com/images/S/compressed.photo.goodreads.com/books/1316468743i/57065.jpg","server_url","upload\C.J. Cherryh\Precursor_-_C._J._Cherryh.epub","1","0","0.00","0","1","1"
"57069","1","3","989968","Free","Fortress of Dragons","The walls between the worlds are down. A new unfolding has begun...It started long ago, as a war between the shadowy Immortals that persists today, as the wizard Mauryl's Shaping confronts the Shadows summoned from Chaos. Tristen is that Shaping. Both more and less than human, he successfully fought sorcery's evil tides, a victory that brought his friend Cefwyn both a kingdom and true love.But the Lines that hold the world in place are shifting again. A ruthless enemy is preparing for battle. Once again, Tristen will take up the sword inscribed with ""Truth"" and ""Illusion"" on its blade. But he faces more than war and a pretender to Cefwyn's throne. The Shadows he sees are straight from Ruin -- a flow of darkness covering the world like ink...Fortress of Dragons  completes the high-fantasy epic begun in Fortress in the Eye of Time and continued in Fortress of Eagles and Fortress of Owls --a powerful tale set in a world of magic, violence, wonder and awe -- a world as vividly real as our own.","https://images-na.ssl-images-amazon.com/images/S/compressed.photo.goodreads.com/books/1316469479i/57069.jpg","server_url","upload\C.J. Cherryh\Fortress_of_Dragons_-_C._J._Cherryh.epub","1","0","0.00","0","1","1"
"57080","1","3","989968","Free","Fortress of Eagles","Tristen is both more and less than a man. A summoning, a shaping, he was brought to life by a wizard, to serve a king yet to be crowned.Now the wizard is dead: a united Ylesuin, and a peace this land has never known. Cefwyn needs his only friend, this young man of mysterious origins who is more brother than vassal. He relies on Tristen, and trusts him though he knows not why, as he plans the war that will bring his dream to pass...or bring ruin upon them all.The eagerly awaited sequel to her acclaimed Fortress in the Eye of Time, C.J. Cherryh's newest high fantasy triumph is an epic saga of destiny and intrigue in a magical world as wondrous, and as real, as our own.","https://images-na.ssl-images-amazon.com/images/S/compressed.photo.goodreads.com/books/1316469440i/57080.jpg","server_url","upload\C.J. Cherryh\Fortress_of_Eagles_-_C._J._Cherryh.epub","1","0","0.00","0","1","1"
"57081","1","3","989968","Free","Angel with the Sword","In a fantastic city of canals, seventeen-year-old gondolier Altair Jones finds herself involved in aristocratic plots and mortal danger when she rescues a man thrown into the canal to drown","https://images-na.ssl-images-amazon.com/images/S/compressed.photo.goodreads.com/books/1213925385i/57081.jpg","server_url","upload\C.J. Cherryh\Angel_With_the_Sword_-_C._J._Cherryh.epub","1","0","0.00","0","1","1"
"57084","1","3","989968","Free","Gate of Ivrel","Scattered about the galaxy were the time-space, gates of a vanished alien race. Long before the rise of the native civilizations, they had terrorized a hundred worlds--not from villainy but from folly. Now the task was to destroy their potency for mischief. This is the story of one such Gate.","https://images-na.ssl-images-amazon.com/images/S/compressed.photo.goodreads.com/books/1213925505i/57084.jpg","server_url","upload\C.J. Cherryh\Gate_of_Ivrel_-_C._J._Cherryh.epub","1","0","0.00","0","1","1"
"57093","1","3","989968","Free","Festival Moon","Merovin, the world the C. J. Cherryh built, a low-tech, inhospitable planet where the human survivors of a colony nearly destroyed by an enigmatic alien menace still dwell, salvaging what they can, while awaiting the return of the alien menace or rediscovery by the Terrans who abandoned them in that long-ago terror.And in Merovingen, the fantastic canal city, where the wealthy and powerful reside in the highest towers, and beggars, spies, thieves and boaters like Altair Jones ply the highly polluted interlacing waterways below, intrigue, thievery and revolution are the very breath of life. And now with the Festival of Scouring approaching, C. J. Cherryh has invited some of today's finest writers into Merovignen, to weave together this tale of Festival Moon, a time of mystery and murder, of power games both high and low, a Festival after which this world will never be quite the same again...","https://images-na.ssl-images-amazon.com/images/S/compressed.photo.goodreads.com/books/1213926120i/57093.jpg","server_url","upload\C.J. Cherryh\Festival_Moon_-_C._J._Cherryh.epub","1","0","0.00","0","1","1"
"57095","1","3","989968,47552663,121072","Free","Fever Season","Carried by the dark, winding waterways of Merovingen, the yearly fever spreads, wreaking havoc with the plots and counter-plot of even the greatest Houses, laying low the likes of such key players in the games of power as Thomas Mondragon himself.And as the fever-fed canal city is brough to the brink of war, and panicked by the threat of the alien sharrh's imminent return, those who prowl both the high ways and the waters below, from Jones to Raj, from Black Cal to Rif, must take up the challenge to keep Merovingen safe from devastating internal treachery...In Angel with the Sword, Hugo Award-winning author C.J. Cherryh introduced readers to Merovingen. Once again, she has assembled a series of closely linked tales by herself and other top writers such as Lynn Abbey and Janet and Chris Morris that continue the wonder of Merovingen.","https://images-na.ssl-images-amazon.com/images/S/compressed.photo.goodreads.com/books/1387739218i/57095.jpg","server_url","upload\C.J. Cherryh\Fever_Season_-_C._J._Cherryh.epub","1","0","0.00","0","1","1"
"57108","1","3","989968","Free","Flood Tide","Cardinal Boregy's murder has proven a catalyst for dangerous new politcal games among the Great Houses. As intrigues begin to unwind, the death toll slowly mounts, shifting control in many of the Houses. To some this seems the perfect opportunity to dispose of Mondragon, and framed for a murder he didn't commit, Thomas will need the help of Jones and all his allies if he is to have any hope of escaping this deadly trap.And with Cardinal Willa Exeter as Boregy's replacement, Revantist fanaticism is strengthening, and Merovingen may soon find itself drowning in an unstoppalbe reign of terror which not even Janist and canaler conspiracies can avert...Includes: ""Flood Tide"" novelette by C.J. Cherryh""The Testing"" novelette by Nancy Asire""Don't Look Back"" novelette by Mercedes Lackey""Walking on the Waves"" novelette by Leslie Fish""Where's the Fire"" short story by Roberta Rogow""Wheels within Wheels"" short story by Bradley H. Sinor""Marriage"" novelette by Lynn Abbey""With Friends Like These"" short story by Mercedes Lackey""Rapproachment"" novella by Janet Morris and Chris MorrisAppendix: ""Merovingian Folklore 102"" essay by Mercedes LackeyAppendix: ""Merovingian Songs"" essay by Mercedes Lackey","https://images-na.ssl-images-amazon.com/images/S/compressed.photo.goodreads.com/books/1213926629i/57108.jpg","server_url","upload\C.J. Cherryh\Flood_Tide_-_C._J._Cherryh.epub","1","0","0.00","0","1","1"
"57122","1","3","989968","Free","Divine Right","As the summer heats up and the tangle-lillies clog the canals, boat traffic slows to a crawl, while rumors of sabotage escalate. But the tangle-lillies are more than a mere nuisance for they have the potential to break the hightowners' long-standing fuel monopoly. As the plants proliferate throughout Merovingen, their spread generates anger among the dissatified canalers and fear in hightown circles.But far more than tangle-lillies threatens the peace of Merovingen. For the Janists have found a long sought means for spreading forbidden technological knowledge to the canalers even as the Nev Hettek agents led by Magruder see their plot to infiltrate and gain control of some of the great Houses place in sudden and unexpected jeopardy. And, with the city's future already in peril, will the discovery of an intelligent, nonhuman native race shift the precarious power balance and spark a long-feared revolt?Includes:""Seeds of Destruction"" novelette by C.J. Cherryh""Run Silent, Run Cheap"" novella by Leslie Fish""Farren's Folly: Meeting of Minds"" short story by Roberta Rogow""Foggy Night"" short story by Bradley H. Sinor""Second Opinion"" novelette by Janet Morris""Red Skies"" novelette by Lynn Abbey""Turning Point"" novelette by Mercedes Lackey""Draw Me a Picture"" novelette by Nancy Asire""Postpartum Blues"" novelette by Chris MorrisAppendix: ""From the Files of Anastasi Kalugin, Advocate Militiar"" short fiction by C.J. CherryhAppendix: ""Index to City Maps"" essay by uncreditedAppendix: ""Merovingian City Maps"" interior artwork by Pat TobinAppendix: ""Merovan Sea Floor and Hemispheric Maps"" interior artwork by Pat Tobin","https://images-na.ssl-images-amazon.com/images/S/compressed.photo.goodreads.com/books/1359155153i/57122.jpg","server_url","upload\C.J. Cherryh\Divine_Right_-_C._J._Cherryh.epub","1","0","0.00","0","1","1"
"57123","1","3","989968","Free","Well of Shiuan","Book by Cherryh, C. J.","https://images-na.ssl-images-amazon.com/images/S/compressed.photo.goodreads.com/books/1213925733i/57123.jpg","server_url","upload\C.J. Cherryh\Well_of_Shiuan_-_C._J._Cherryh.epub","1","0","0.00","0","1","1"
"57153","1","3","989968","Free","Chernevog","A sequel to ""Rusalka"", set in the magical world of pre-Christian Russia. Petyr and Eveshka, now married and living in domestic bliss in Uulemet's cottage, begin to realize that the past is not truly buried. Premonitions lead to a sense of unease that is terrifyingly realized.","https://images-na.ssl-images-amazon.com/images/S/compressed.photo.goodreads.com/books/1213925790i/57153.jpg","server_url","upload\C.J. Cherryh\Chernevog_-_C._J._Cherryh.epub","1","0","0.00","0","1","1"
"57686","1","3","30279","Free","Present Tense","Trapped in an alternate reality where he is pressed into military service, Edward Exeter, who has been declared the world's prophesied liberator, is hunted by the evil Pentathon rulers. Reprint.","https://images-na.ssl-images-amazon.com/images/S/compressed.photo.goodreads.com/books/1391173676i/57686.jpg","server_url","upload\Dave Duncan\Present_Tense_-_Dave_Duncan.epub","1","0","0.00","0","1","1"
"57688","1","3","30279","Free","Mother of Lies","The past fifteen years have not been kind to Celebre, the greatest city on the Florengian face of a dodecahedral world. Its walls have been breached and its Doge humiliated by the evil Bloodlord Stralg; all four of its heirs kidnapped and taken over the Edge to Vigaelia; its Dogaressa forcibly impregnated by Stralg and--when her husband's health begins to fail--left to rule over a city teeming with Stralg's troops. And if you think Stralg is bad, wait until you meet his sister Saltaja, a fanatic who sees no human cost as too great to keep the Hrag dynasty in power and her goddess--evil Xaran, the Mother of Lies--appeased.But there are a few great hopes for the future of the city: the Mutineer, Marno Cavotti, who will not stand to see his hometown destroyed and is massing a powerful liberation movement mere inches beyond Stralg's grasp. And the four heirs of Celebre--each with god-given expertise in their respective fields of artistry, combat, wisdom, or death--are wending their way back over the Edge to their birthplace. Of course, even as Marno and the Celebre children are working towards the common goal of defeating the Hrags, they're all painfully aware that once that hurdle is crossed only one of them can wind up on the throne.Continuing the storyline set out in Children of Chaos , Mother of Lies is a fierce, kinetic romp that will keep readers guessing until the last blow is dealt.","https://images-na.ssl-images-amazon.com/images/S/compressed.photo.goodreads.com/books/1435169351i/57688.jpg","server_url","upload\Dave Duncan\Mother_of_Lies_-_Dave_Duncan.epub","1","0","0.00","0","1","1"
"57690","1","3","30279","Free","The Coming of Wisdom","The Goddess had rescued Wallie Smith from certain death, endowed him with a magnificent new body, and gifted him with the legendary Sapphire Sword of Chioxin. She asked only one service in return...So Wallie became the Goddess' champion -- and promptly found himself on the losing side in a battle against magics far beyond any the priests of the Goddess could hope to summon, After eons of exile, sorcerers walked the World again, claiming lands and souls for their Fire God.Wallie quickly found that swords were no match for spells -- and how could mere mortals prevail against the powers of magic?","https://images-na.ssl-images-amazon.com/images/S/compressed.photo.goodreads.com/books/1386923942i/57690.jpg","server_url","upload\Dave Duncan\The_Coming_of_Wisdom_-_Dave_Duncan.epub","1","0","0.00","0","1","1"
"57691","1","3","30279","Free","Magic Casement","MAN OF HIS WORD A princess and a stableboy? It sounds like the worst sort of hackneyed formula romance. Think again, for ""A Man of His Word"" may well be the most original fantasy you ever read. The magic is unique and applied in unexpected ways, some of which the late Lester del Rey admitted he had not met in fifty years as writer and editor. The world itself is unique - there are no humans in Pandemia, only imps, elves, gnomes, jotnar, and many more, all of whom you will recognize as ""human"". MAGIC CASEMENT In MAGIC CASEMENT the tale begins gently, even slowly, with Inosolan enjoying an idyllic childhood in her father's tiny backwater kingdom, too innocent even to understand that the feelings she shares with her friend Rap are more than friendship. Mystery, menace, and the gods appear in short order, and from then on the story grows in scope and power to straddle the world, and adversity thrusts rapid maturity on Rap and Inos. Populated by unforgettable characters - Aunt Kade, Little Chicken, Doctor Sagorn, and many more - Pandemia is an incredible world of credible people and infinite surprises.","https://images-na.ssl-images-amazon.com/images/S/compressed.photo.goodreads.com/books/1391045845i/57691.jpg","server_url","upload\Dave Duncan\Magic_Casement_-_Dave_Duncan.epub","1","0","0.00","0","1","1"
"57692","1","3","30279","Free","Paragon Lost","Many legends have emerged from the shadows of Ironhall, yet surely none can surpass the greatness and glory predestined for Sir Beaumont—possessor of the purest and strongest of hearts, and a mind as quick, keen, and accurate as his sword. But the day he sets out in the service of the elderly Lord Wassail turns to a black one, and young Beau's journey ends in horror and blood . . . and disgrace. Banished from the King's Blades, he now faces a grim future as a homeless pariah, a creature to be shunned and despised. But redemption can come from unexpected directions and in unrecognizable guises. Approached in secret by the legendary Durendal, now Grand Master of the Order, the dishonored paragon is offered one last chance to win back his weapon and his place among his brothers in arms. But to do so, Beau must ride alone back through the icy gates of Hell . . . and do battle with the Devil himself.","https://images-na.ssl-images-amazon.com/images/S/compressed.photo.goodreads.com/books/1549322286i/57692.jpg","server_url","upload\Dave Duncan\Paragon_Lost_-_Dave_Duncan.epub","1","0","0.00","0","1","1"
"57693","1","3","30279","Free","Faery Lands Forlorn","Inos, the late king's daughter, had been kidnapped through the magic casement even as the Impish legions overrunning her tiny kingdom were storming the castle tower. Now she was a prisoner in a desert land ruled by a dockside whore with a talent for magic and a passion for politics.She little dreamed that the loyal stableboy Rap had jumped through the casement after her. But no one really knew how the magic worked, and Rap found himself not in a desert, but in the steaming jungles of Faerie -- half a world away from Inos!Rap was determined to rescue his beloved queen, and nothing could stop him -- not even the monsters and headhunters of Faerie, or the paranoid machinations of an evil sorcerer...","https://images-na.ssl-images-amazon.com/images/S/compressed.photo.goodreads.com/books/1391045847i/57693.jpg","server_url","upload\Dave Duncan\Faery_Lands_Forlorn_-_Dave_Duncan.epub","1","0","0.00","0","1","1"
"57694","1","3","30279","Free","West of January","Set on a distant planet, far in the future, West of January tells the story of a world in which time moves very slowly. Because it takes a lifetime for each region of the planet to experience dawn, midday and dusk, the planet's population does not remember the catastrophes that occur as the sun moves across the sky - entire civilizations have been scorched into oblivion. The only people who remember the dangers of the past are the planet's ""angels"" - a people who have tried to preserve past technologies to save the planet. This action-filled story of a very strange planet showcases Duncan's remarkable ability to create unique worlds.","https://images-na.ssl-images-amazon.com/images/S/compressed.photo.goodreads.com/books/1347743020i/57694.jpg","server_url","upload\Dave Duncan\West_of_January_-_Dave_Duncan.epub","1","0","0.00","0","1","1"
"57695","1","3","30279","Free","Upland Outlaws","This sequel to ""The Cutting Edge"" sees Shandie, the rightful Imperor, having escaped the clutches of his enemies, but the power-mad Zinixo has placed a magical substitute on the throne. Enter Colvin - the greatest concentration of magic Pandemia has ever known.","https://images-na.ssl-images-amazon.com/images/S/compressed.photo.goodreads.com/books/1412141904i/57695.jpg","server_url","upload\Dave Duncan\Upland_Outlaws_-_Dave_Duncan.epub","1","0","0.00","0","1","1"
"57696","1","3","30279","Free","The Stricken Field","Zinixo, the Almighty, may have overthrown the Impire and crowned himself, but there was revolt in the land. Next to Zinixo's, their forces were paltry, but each rebel leader carried the flame of freedom and was willing to go through any trial to save his people and his land....","https://images-na.ssl-images-amazon.com/images/S/compressed.photo.goodreads.com/books/1170476070i/57696.jpg","server_url","upload\Dave Duncan\The_Stricken_Field_-_Dave_Duncan.epub","1","0","0.00","0","1","1"
"57697","1","3","30279","Free","The Cutting Edge","Beautiful Queen Inos married the loyal stableboy Rap and made him her king. They were very much in love, and they lived happily ever after.Fifteen years went by Rap and Inos were comfortable, secure, and truly happy, raising their family in the little backwater kingdom of Krasnegar, well removed from the hurly-burly of great affairs...But in far-off Hub, the old Imperor's health -- and, some said, his sanity -- deteriorated inexorably. The borderlands were seething, Prince Emshandar -- or Shandie, as Rap knew him -- found himself leading his grandfather's armies into terrible battles where victory and justice hung in gravest doubt.And now the end of the millennium was at hand, ushered in by prophecies of cataclysmic upheaval on a scale never before imagined. All across Pandemia, sensible people tried to dismiss a growing sense of unease as superstitious nonsense.Then a God appeared to Rap and warned him that the prophecies spoke the least of the truth. Devastation was a certainty; total destruction loomed. The very fabric of the world was at risk. And it was all Rap's fault.The lasting in the world Rap had wanted was another adventure. And it might be the last thing he would ever get..","https://images-na.ssl-images-amazon.com/images/S/compressed.photo.goodreads.com/books/1696947334i/57697.jpg","server_url","upload\Dave Duncan\The_Cutting_Edge_-_Dave_Duncan.epub","1","0","0.00","0","1","1"
"57701","1","3","30279","Free","The Cursed","War had killed Gwin's husband, and a plague of star sickness carried off her babies. Desolate, she nursed her stricken neighbors. But the few who would survive the sickness were doomed anyway. Every survivor would be cursed, and each would become outcast, for the curses were more deadly than the plague itself. Some survivors would gain powers of healing--and equally the power to inflict disease at the merest touch. Some would see the future--and it would drive them mad. And some curses were even worse . . . Under the law, no one could shelter the Cursed, but Gwin took in a young girl. Who could predict that her simple act of outlaw kindness would change her life--and her world--forever?THE CURSED is an epic tale of mortals swept up in the maelstrom of destiny, of unforgiving fate, and of new beginnings. Journey with Dave Duncan into the world of THE CURSED.","https://images-na.ssl-images-amazon.com/images/S/compressed.photo.goodreads.com/books/1170476072i/57701.jpg","server_url","upload\Dave Duncan\The_Cursed_-_Dave_Duncan.epub","1","0","0.00","0","1","1"
"57702","1","1","30279,970297","Free","The Hunters' Haunt","A blizzard savaged the mountain peaks, but at an inn called the Hunters' Haunt, travelers found safe refuge, a cozy room, and a roaring fire. All but Omar, the Trader of Tales -- against whom the innkeeper had been nursing a grudge. But before he could pitch Omar out into the storm, his other guests proposed a contest: if Omar could top a roomful of their tallest tales, the storyteller could win his room and board.For Omar the stakes were life and death. That gave the contest some spice.So as winter winds whipped about the little inn, lies and truths and fabulous fabrications swirled before the blazing hearth. The innkeeper and his pretty sister; the merchant and his blushing bride; the dowager and the crusty captain of her guard; the scribe, the maid, the minstrel: they all poured out their tales, and Omar wove them together. Before they knew it, their very lives were intertwined, and their separate stories were spinning relentlessly to a single conclusion no human could have foretold!","https://images-na.ssl-images-amazon.com/images/S/compressed.photo.goodreads.com/books/1347484586i/57702.jpg","server_url","upload\Dave Duncan\The_Hunters'_Haunt_-_Dave_Duncan.epub","1","0","0.00","0","1","1"
"57703","1","3","30279","Free","Shadow","Sald Harl would like nothing more than to soar on the wings of his noble eagle, but his youthful rides in the sky are cut short by an appointment to guard the prince. Sald watches his dreams of flight fade with his name and independence as he takes over his bodyguard duties. During a perilous journey to the edges of the kingdom a dark secret comes to life. Now the great Prince Shadow is accused of treason, and Sald must orchestrate a desperate plan of escape or he will lose the one thing he has been orderedto defend. His only option of freedom is a dangerous flight that no one has ever survived. Once again Sald hopes to feel the freedom of soaring though the air unshackled from servitude.","https://images-na.ssl-images-amazon.com/images/S/compressed.photo.goodreads.com/books/1347627066i/57703.jpg","server_url","upload\Dave Duncan\Shadow_-_Dave_Duncan.epub","1","0","0.00","0","1","1"
"57704","1","3","30279","Free","Lord of the Fire Lands","As unwanted, rebellious boys, they found refuge in Ironhall. . .Years later they emerged as the finest swordsmen in the realm--The Kings BladesOnce bound, a Blade's life is no longer his own. Only death can break the gilded chain of enchantment that binds the bodyguard to the man he is sworn to defend. And never in living memory has a candidate refused the honor of serving his king. . .until now.Young Wasp never intended to be a rebel. Yet, at the sacred ceremony of binding, he follows the lead of his friend Raider, and together they spurn the wishes of King Ambrose himself. Now Raider and Wasp are outlaws hunted by the very Blades whose ranks they were a breath away from entering, and joined together by a destiny that binds them more securely than any knot tradition and sorcery might tie. Amid the turmoil their ""treachery"" has inspired, Wasp and Raider must undertake a desperate journey into the heart of the dreaded Fire Lands. And the outcome of their terrifying confrontation with dark truth and darker magic in this realm of monsters, ghosts, and half-men will ultimately determine the fate of two kingdoms.","https://images-na.ssl-images-amazon.com/images/S/compressed.photo.goodreads.com/books/1390599620i/57704.jpg","server_url","upload\Dave Duncan\Lord_of_the_Fire_Lands_-_Dave_Duncan.epub","1","0","0.00","0","1","1"
"57705","1","3","30279","Free","A Rose-Red City","The city of Mera is a fortress hidden from the rest of humanity, a sanctuary for the diverse group of people rescued from death by the Oracle that rules the city. The Oracle has brought together the citizens of Mera from every land and every time period, protecting them from the ravages of time, death and the evil demon forces that howl outside the city at night. All that the Oracle asks in return is a willingness to aid the rest of humanity, calling the citizens to go forth on various missions of rescue to mortals in need of aid. The Oracle sends Jerry out into the wilderness, accompanied by his ancient Greek friend, Killer, a world-famous lecher and juvenile delinquent with deadly combat skills. There they must rescue a woman named Ariadne, on the run with her children and seeking shelter. But children are not allowed in Mera, and Ariadne will not leave them, while Mera's evil demon enemies move closer and closer to Jerry's and Killer's temporary place of respite.","https://images-na.ssl-images-amazon.com/images/S/compressed.photo.goodreads.com/books/1347556477i/57705.jpg","server_url","upload\Dave Duncan\A_Rose-Red_City_-_Dave_Duncan.epub","1","0","0.00","0","1","1"
"58092","1","3","5329","Free","Eulalia!","Lord Asheye of Salamandastron has a A new Badger Lord must take his place and reign over the legendary badger fortress. But who is this young warrior who shuns both armor and sword? And how is he to be found? Mad Maudie, a feisty haremaid of the Long Patrol, is just the one to track him down. Meanwhile, the unsuspecting future Badger Lord has been captured by a scurrilous group of Sea Raiders led by the infamous fox, Vizka Longtooth, who intends on conquering Redwall Abbey. It is up to our young hero to defend Redwall so that he may fulfill his destiny as leader of Salamandastron.","https://images-na.ssl-images-amazon.com/images/S/compressed.photo.goodreads.com/books/1441748387i/58092.jpg","server_url","upload\Brian Jacques\Eulalia!_-_Brian_Jacques.ePub","1","0","0.00","0","1","1"
"58399","1","5","15151,3503","Free","Dust Tracks on a Road","Dust Tracks on a Road is the bold, poignant, and funny autobiography of novelist, folklorist, and anthropologist Zora Neale Hurston, one of American literature's most compelling and influential authors. Hurston's powerful novels of the South--including Jonah's Gourd Vine and, most famously, Their Eyes Were Watching God--continue to enthrall readers with their lyrical grace, sharp detail, and captivating emotionality. First published in 1942, Dust Tracks on a Road is Hurston's personal story, told in her own words.","https://images-na.ssl-images-amazon.com/images/S/compressed.photo.goodreads.com/books/1675153291i/58399.jpg","server_url","upload\Zora Neale Hurston\Zora_Neale_Hurston,_Maya_Angelou_-_Dust_Tracks_on_a_Road-HarperCollins_Publishers_(1942).epub","1","0","0.00","0","1","1"
"58437","1","3","32968","Free","The Sword","Dain, a half-elven boy, and Alexeika, brave daughter of the rebel leader, are the only ones who can save the kingdom from evil Crown Prince Gavril","https://images-na.ssl-images-amazon.com/images/S/compressed.photo.goodreads.com/books/1309281859i/58437.jpg","server_url","upload\Deborah Chester\The_Sword_-_Deborah_Chester.epub","1","0","0.00","0","1","1"
"58696","1","3","239579,27011,63801","Free","David Copperfield","David Copperfield is the story of a young man's adventures on his journey from an unhappy and impoverished childhood to the discovery of his vocation as a successful novelist. Among the gloriously vivid cast of characters he encounters are his tyrannical stepfather, Mr Murdstone; his brilliant, but ultimately unworthy school-friend James Steerforth; his formidable aunt, Betsey Trotwood; the eternally humble, yet treacherous Uriah Heep; frivolous, enchanting Dora Spenlow; and the magnificently impecunious Wilkins Micawber, one of literature's great comic creations. In David Copperfield - the novel he described as his 'favourite child' - Dickens drew revealingly on his own experiences to create one of the most exuberant and enduringly popular works, filled with tragedy and comedy in equal measure. This edition uses the text of the first volume publication of 1850, and includes updated suggestions for further reading, original illustrations by 'Phiz', a revised chronology and expanded notes. In his new introduction, Jeremy Tambling discusses the novel's autobiographical elements, and its central themes of memory and identity.","https://images-na.ssl-images-amazon.com/images/S/compressed.photo.goodreads.com/books/1461452762i/58696.jpg","server_url","upload\Charles Dickens\David_Copperfield_-_Charles_Dickens.epub","1","0","0.00","0","1","1"
"58890","1","3","8596","Free","Tris's Book","Earthquake damage leaves Winding Circle vulnerable to pirate attack, so everyone - including the young mages-in-training Tris, Briar, Daja, and Sandry - is working to strengthen the community's defenses. When Tris's cousin Aymery comes to visit, he advises the ""weather witch"" to return to the family that exiled her, but she doesn't wish to leave her friends to face the threat without her.As the onslaught begins, two things become terribly clear: The pirates have a powerful new weapon, and they have an accomplice within Winding Circle. But the attackers have failed to reckon with the fury of a young mage betrayed once too often and her very stubborn, very loyal friends....","https://images-na.ssl-images-amazon.com/images/S/compressed.photo.goodreads.com/books/1328860149i/58890.jpg","server_url","upload\Tamora Pierce\Tris_s_Book_-_Tamora_Pierce.epub","1","0","0.00","0","1","1"
"58893","1","3","8596","Free","Briar's Book","Former ""street rat"" Briar leads a comfortable life at Winding Circle Temple, learning plant magic from Rosethorn. But street kids are still his friends, and when one of them gets sick, she turns to Briar for help. When her disease proves beyond even Rosethorn's power, Briar realizes that all of Summersea is in danger.As the mysterious illness spreads, Sandry, Daja, and Tris join Briar and their teachers to fight the epidemic. But just as the situation improves, the unthinkable happens. Will Briar be able to save what he loves most?","https://images-na.ssl-images-amazon.com/images/S/compressed.photo.goodreads.com/books/1481568171i/58893.jpg","server_url","upload\Tamora Pierce\Briar_s_Book_-_Tamora_Pierce.epub","1","0","0.00","0","1","1"
"58894","1","3","8596","Free","Daja's Book","There is an alternate cover edition here.Outcast Trader Daja, along with her fellow mages-in-training, journeys from Winding Circle to the Gold Ridge Mountains, where drought threatens widespread famine. There, Daja creates an astonishing object: a living metal vine, and Daja's dealings with her former people reawaken a longing for familiar ways.Daja must choose - should she return to the Traders or remain with the Winding Circle folk who have become her family?","https://images-na.ssl-images-amazon.com/images/S/compressed.photo.goodreads.com/books/1328860149i/58894.jpg","server_url","upload\Tamora Pierce\Daja_s_Book_-_Tamora_Pierce.epub","1","0","0.00","0","1","1"
"59219","1","3","3389,6941","Free","The Talisman","Two of the world's bestselling authors have combined their unique talents in an unforgettable epic of fantasy, adventure, odyssey - and spine-tingling terror.You are about to take a journey... a terrifying trip across America where young Jack Sawyer is searching for the Talisman, the only thing that can save his dying mother. His quest takes him into the menacing Territories where violence, surprise and the titanic struggle between good and evil reach across a mythic landscape... a journey into the dark heart of horror.","https://images-na.ssl-images-amazon.com/images/S/compressed.photo.goodreads.com/books/1170530286i/59219.jpg","server_url","upload\Stephen King\The_Talisman_-_Stephen_King.epub","1","0","0.00","0","1","1"
"59807","1","3","625","Free","Carnal Innocence","Nora Roberts, bestselling author of The Reef and Genuine Lies, mixes scorching passion with icy suspense in her classic novel of murder and infatuation in a southern town now available in hardcover for the first time.In the small town of Innocence, Mississippi, days are long, nights are fragrant, and secrets are hard to keep. But when a brutal killer starts claiming the lives of the town's most attractive women, lifelong neighbors are forced to wonder if the culprit is a stranger lurking in the bayou...or someone right next door.World-famous concert violinist Caroline Waverly knows nothing of the murders when she arrives in Innocence. Burned out from a childhood lost to endless rehearsals and an all-too-public breakup with the conductor who was her lover, Caroline is looking for a little peace and some time to think. She hopes that a stay at her late grandmother's house the one with a covered porch just made for soft summer nights will provide the tranquillity she needs. But Innocence has something else to offer Caroline: a man named Tucker Longstreet.Blessed with the Longstreet good looks, lazy charm, and family fortune, Tucker is a tall, cool drink of water and he knows it. He likes to keep his romances short and shallow. But one look at Caroline, and Tucker realizes that she is unlike any other woman he's met. Tightly coiled and coolly reserved, Caroline is determined to fight him off. She might be able to do a better job if she hadn't felt an unexpected thrill at his ardent advances...and if she hadn't been so scared after finding a third murder victim in the murky waters behind her home.For Caroline Waverly,a beautiful summer interlude could turn into much more or could stir a killer's crazed dreams. Because there's just one small problem with her new romance: Tucker is the leading suspect in the killings.","https://images-na.ssl-images-amazon.com/images/S/compressed.photo.goodreads.com/books/1349032484i/59807.jpg","server_url","upload\Nora Roberts\Carnal_Innocence_-_Nora_Roberts.epub","1","0","0.00","0","1","1"
"59810","1","3","625","Free","Jewels of the Sun","In her new trilogy, New York Times #1 Best Selling author, Nora Roberts returns to the lush, green hills of Ireland, where love is forever touched by magic - And where the Gallagher siblings explore the depth of their fiery hearts.Determining to reevaluate her life, Jude Murray flees America to take refugee in Faerie Hill Cottage, immersing herself in the study of Irish Folk and discovers hope for the future of the magical past.Finally back home in Ireland after years of traveling, Aidan Gallagher possesses an uncommon understanding of his country's haunting myths. Although he's devoted to managing the family pub, a hint of wildness still glints in his stormy eyes--and in Jude, he sees a woman who can both soothe his heart and stir his blood. And he begins to share the legends of the land with her--while they create a passionate history of their own...","https://images-na.ssl-images-amazon.com/images/S/compressed.photo.goodreads.com/books/1388194052i/59810.jpg","server_url","upload\Nora Roberts\Jewels_of_the_Sun_-_Nora_Roberts.epub","1","0","0.00","0","1","1"
"59814","1","3","625","Free","Brazen Virtue","From #1 New York Times bestselling author Nora Roberts comes a novel that explores the dangerous side of desire, when a mystery writer in search of a little peace and quiet instead finds herself ensnared in the world of a real-life serial killer whose craving for murder stops at nothing . . . and no one.After a demanding book tour, superstar mystery novelist Grace McCabe decides to visit her sister, Kathleen, who’s embroiled in a custody battle after a bitter divorce. Arriving in D.C., Grace is shocked to find Kathleen living in a run-down neighborhood and, hoping to afford a hotshot lawyer, supplementing her meager teacher’s salary by moonlighting as a phone sex operator.According to Kathleen, Fantasy, Inc., guarantees its employees ironclad anonymity. But Grace has her doubts—which are confirmed one horrifying cherry-blossom-scented night when one of Fantasy, Inc.’s operators is murdered. As Grace is drawn to help solve the crime, her life turns into a scene from one of her own books. Yet as one of her biggest fans, investigator Ed Jackson, warns her: This isn’t fiction. Real people die—and Grace could be next. For she’s hoping to trap a killer more twisted than anything she could imagine. And not even Ed may be able to protect her from a rendezvous with lust and death.","https://images-na.ssl-images-amazon.com/images/S/compressed.photo.goodreads.com/books/1562119006i/59814.jpg","server_url","upload\Nora Roberts\2_Brazen_Virtue_-_Nora_Roberts.epub","1","0","0.00","0","1","1"
"59820","1","3","625","Free","Homeport","After an assault at her family home in Maine, Dr. Miranda Jones is determined to put the experience behind her. Distraction comes when she is summoned to Italy—to verify the authenticity of a Renaissance bronze of a Medici courtesan known as The Dark Lady.But instead of cementing Miranda’s reputation as the leading expert in the field, the job nearly destroys it when her professional judgment is called into question. Emotionally estranged from her mother, with a brother immersed in his own troubles, Miranda has no one to turn to...except Ryan Boldari, a seductive art thief whose own agenda forces them into a reluctant alliance.Now it becomes clear that the incident in Maine was not a simple mugging—and that The Dark Lady may possess as many secrets as its beautiful namesake once did. For Miranda, forced to rely on herself—and a partner who offers her both unnerving suspicion and intoxicating passion—the only way home is filled with deception, treachery, and a danger that threatens them all.","https://images-na.ssl-images-amazon.com/images/S/compressed.photo.goodreads.com/books/1440499058i/59820.jpg","server_url","upload\Nora Roberts\Homeport_-_Nora_Roberts.epub","1","0","0.00","0","1","1"
"59822","1","3","625","Free","Face the Fire","Mia Devlin knows what it is like to love with your whole heart - and then watch your love walk away. Years ago, she and Sam Logan shared an incredible bond built on passion, legend, and fate. But then one day he fled Three Sisters Island, leaving her lost in memories of the magic they shared - and determined to live without love.The new owner of the island's only hotel, Sam has returned to Three Sisters with hopes of winning back Mia's affections. He is puzzled when she greets him with icy indifference - for the chemistry between them is still sizzling and true. Angry, hurt, and deeply confused, Mia refuses to admit that a passion for Sam still burns in her heart. But she'll need his help - and his powers - to face her greatest, most terrifying challenge. And as the deadline for breaking a centuries-old curse draws near, they must take the first steps toward destiny - and come together to turn back the dark...","https://images-na.ssl-images-amazon.com/images/S/compressed.photo.goodreads.com/books/1330175555i/59822.jpg","server_url","upload\Nora Roberts\Face_the_Fire_-_Nora_Roberts.epub","1","0","0.00","0","1","1"
"59825","1","3","625","Free","Inner Harbor","Third in the sweeping Chesapeake quartet, about three brothers who come together in a time of need. They honored their father's wish to raise young Seth as their own. And with all of the brothers home again, the Quinn family has never been so strong. But in the months to come, their strength is tested--once again.Phillip Quinn has done everything to make his life seem perfect. With his career on the fast track and a condo overlooking the Harbor, his life on the street is firmly in the past. But one look at Seth and he's reminded of the boy he once was...Phillip intends to fulfill his father's dying request and considers Seth to be a duty. But he never expected he would grow to love Seth, and soon his promise to his father has become more than just an obligation. Seth's future as a Quinn seems assured--until a stranger arrives in town. She claims to be researching St. Christopher's for her new book, but the true objects of study are the Quinns. Her cool reserve intrigues Phillip. He is determined to uncover her motives, but she is holding a secret that has the power to threaten the life the brothers have made for Seth. A secret that could tear the family apart... forever.","https://images-na.ssl-images-amazon.com/images/S/compressed.photo.goodreads.com/books/1399120297i/59825.jpg","server_url","upload\Nora Roberts\Inner_Harbor_-_Nora_Roberts.epub","1","0","0.00","0","1","1"
"59829","1","3","625","Free","Dance Upon the Air","When Nell Channing arrives on charming Three Sisters Island, she believes that she's finally found refuge from her abusive husband - and from the terrifying life she fled so desperately eight months ago . . .But even in this quiet, peaceful place, Nell never feels entirely at ease. Careful to conceal her true identity, she takes a job as a cook at the local bookstore café - and begins to explore her feelings for the island sheriff, Zack Todd. But there is a part of herself she can never reveal to him - for she must continue to guard her secrets if she wants to keep the past at bay. One careless word, one misplaced confidence, and the new life she's so carefully created could shatter completely.Just as Nell starts to wonder if she'll ever be able to break free of her fear, she realizes that the island suffers from a terrible curse - one that can only be broken by the descendants of the Three Sisters, the witches who settled the island back in 1692. And now, with the help of two other strong, gifted women - and the nightmares of the past haunting her every step - she must find the power to save her home, her love . . . and herself . . .","https://images-na.ssl-images-amazon.com/images/S/compressed.photo.goodreads.com/books/1263843885i/59829.jpg","server_url","upload\Nora Roberts\Dance_Upon_the_Air_-_Nora_Roberts.epub","1","0","0.00","0","1","1"
"59840","1","3","14255","Free","Lone Eagle","Danielle Steel's fifty-first bestselling novel tells the story of an extraordinary man, the woman who loved him, and a bond so powerful it could never be broken. It is about finding the courage to let someone you love fly free....The phone call came on a snowy December afternoon. Kate was certain it was Joe, the brilliant, visionary man who had been her soulmate, her driving force since the night they met, almost thirty-four years before. What she got was the one call she had never wanted, and didn't expect.As the snow continued to fall, Kate's mind drifted back, to the moment when she and Joe first met. She had been just seventeen and he was young, powerful, dazzling, and different from any man she'd ever known.It was just days before Christmas, 1940. The war is raging in Europe when Kate Jamison makes her debut in New York City. In a room filled with the scions of East Coast society and the leading political figures of the day, it is Joe Allbright who catches Kate's eye.At twenty-nine, Joe is the brilliant protege of Charles Lindbergh, and already a legend in flying circles for his record-breaking speed and state-of-the-art airplane designs. All Kate sees is a tall, strikingly handsome man who seems at once awkward and larger-than-life, like a shining star--just out of reach. Joe, too, is caught off balance by his response to Kate, seeing in this beautiful young woman vitality and youth, the lifelong soulmate he never expected to find.As the months pass, they will meet again, forging a bond that will set the course of both their lives. Kate will go off to study at Radcliffe. Joe will skyrocket to fame in modern aviation. Joe's planes are his life, his passion. But irresistibly drawn to her, like moth to flame, he always comes back to Kate. Even after the long, dark years of World War II, when Kate was sure she had finally lost him completely, Joe returns. Never willing to stay, always needing to fly away. As planes are for him, Joe is the passion in her life.When the war is over, at twenty-four Kate wants marriage and a family. Joe wants the world, his limitless horizons, and the unique aviation empire he is building. Unwilling to wait any longer, Kate moves on with her life. But when a chance encounter brings them together again, the time has finally come to make a choice, one that will have profound consequences for them both for the rest of their lives.Against a vivid backdrop of war and thrilling innovation, Danielle Steel breathes life into history, weaving an intensely human story that spans three decades, of two intensely different people who, in spite of themselves, are irrevocably woven into the fabric of each other's lives.With rare insight and emotional power, she brings to life a tale of unconditional love, sacrifice, and compromise--the joining of two remarkable halves into a single, far more powerful whole. It is a novel of extraordinary grace and compassion from a master storyteller, perhaps the best story she has told.","https://images-na.ssl-images-amazon.com/images/S/compressed.photo.goodreads.com/books/1320488166i/59840.jpg","server_url","upload\Danielle Steel\Lone_eagle_-_Danielle_Steel.epub","1","0","0.00","0","1","1"
"59843","1","3","14255","Free","The Ring","An ill-fated affair between Kassandra von Gotthard, a married German socialite, and her lover, a Jewish writer, at the beginning of Hitler's ethnic cleansing campaign results in tragedy for Kassandra's children, especially her beautiful daughter Ariana. When her father and brother disappear, Ariana is arrested by the Reich. Facing imprisonment and repeated rape at the hands of unscrupulous soldiers who desire to humble the lovely blond, Ariana jumps at the opportunity to become a cook for a kind Nazi officer. Gradually, the two are able to put the specter of war behind them and fall in love. But calamity strikes again, leaving Ariana alone once more and running for her life. Desperately sick and pregnant, Ariana lands in New York, part of the wave of refugees brought there by relief organizations. Sponsored, then befriended, then betrayed, by the Liebman family, Ariana slowly recovers in time for the Christmas birth of her son. And Noel, a kind man who loves Ariana, gives her the strength to make a life for herself and for him, which she does, finally finding true happiness. Danielle Steel creates a tale of the phases of life and love that we all experience against a brutal background that hopefully will not be experienced ever again. --Alison Trinkle","https://images-na.ssl-images-amazon.com/images/S/compressed.photo.goodreads.com/books/1366088498i/59843.jpg","server_url","upload\Danielle Steel\Danielle_Steel_-_The_Ring_-_1980.epub","1","0","0.00","0","1","1"
"59845","1","3","14255","Free","Journey","Everyone knows Madeleine and Jack Hunter. Maddy is an award-winning TV anchorwoman. Jack is the head of her network. To the world, theirs is a storybook marriage. But behind the doors of their lush Georgetown home a different story emerges.Maddy has always tried to deny Jack's subtle put-downs, control, and jealousy. She has no bruises, only the daggers of fear, humiliation, and isolation--as powerful as the gun or the fist, the wounds as deep. It seems impossible that a woman the nation idolizes lives in degradation and fear. Maddy's secrets are well kept, even from herself.Maddy's healing begins when she joins the First Lady's Commission on Violence Against Women. There, she hears eerily familiar stories from terrified wives and girlfriends. And there she comes to know Bill Alexander, a distinguished diplomat. Bill suspects that something is terribly wrong in Maddy's marriage and begs her to open her eyes.As she takes the first steps toward freedom, a remarkable series of events unfolds... a stranger from Maddy's past reappears... White House headlines bring the nation to a standstill... and a devastating tragedy forces Maddy to realize how much has been taken from her. Faced with the most difficult choice of her life, Maddy finds a strength she never knew she had and a gift that will change her life forever.With wisdom and compassion, bestselling novelist Danielle Steel reminds us that no one is exempt from the effects of abuse, in its subtlest forms. But at its core, Journey is a book about hope, about change, and about daring to be free.","https://images-na.ssl-images-amazon.com/images/S/compressed.photo.goodreads.com/books/1170537049i/59845.jpg","server_url","upload\Danielle Steel\Journey_-_Danielle_Steel.epub","1","0","0.00","0","1","1"
"59851","1","3","14255","Free","Mixed Blessings","After the wedding of Diana Goode and Andrew Douglas, Diana teases that they will make a baby on their honeymoon. But long afterward, she is still not pregnant. As Diana and Andrew wait out each month only to be bitterly disappointed, they are forced to question just how much they are willing to go through to have a baby.Charlie Winwood dreams of a house filled with children. His bride, party-girl actress Barbie Mason, has other ideas. When he discovers he is sterile, Charlie has to rethink his deepest values--and his marriage to a woman who shares none of his dreams.After ten years of living together, Pilar Graham, a prominent Santa Barbara attorney, marries Judge Brad Coleman, who is nineteen years her senior and father of two grown children. They are happy with their comfortable life together, à deux, until Pilar begins to wonder if she will someday regret not having a baby with Brad. Are they crazy to begin now--with Brad about to become a grandfather and Pilar with a busy career, and in her early forties, possibly putting herself at risk?Through the lives of these couples, Danielle Steel shows us the mixed blessings we face as we build our families and live our modern lives. She touches us with the triumphant people who prevail, their victories, their defeats, their tragedies and joys, their compromises, their lives.","https://images-na.ssl-images-amazon.com/images/S/compressed.photo.goodreads.com/books/1170537051i/59851.jpg","server_url","upload\Danielle Steel\Danielle_Steel_-_Mixed_Blessings_-_1992.epub","1","0","0.00","0","1","1"
"59854","1","3","14255","Free","Secrets","The stars of a new TV series called ""Manhattan"" share their secrets with millions. Offstage they are ordinary people with homes and dreams, lives and loves, every bit as real, and as the viewers watch the drama unfold the actors share their passion and pain in the performance of their lives.","https://images-na.ssl-images-amazon.com/images/S/compressed.photo.goodreads.com/books/1472239680i/59854.jpg","server_url","upload\Danielle Steel\Danielle_Steel_-_Secrets_-_1985.epub","1","0","0.00","0","1","1"
"59856","1","3","14255","Free","Remembrance","Her beloved Italian homeland shattered in the wake of World War II, exquisite Serena, Principessa di San Tibaldo, has nothing left except her name, her ancestry... and her heart which she gives completely and forever to Major Brad Fullerton. But not even Brad's ring—or his child—can protect her from the calculating wrath of the powerful Fullerton dynasty, and the woman who will become Serena's bitter enemy. Sweeping from the war-torn palazzos of Rome to the glittering avenues of Manhattan and the glamorous world of high fashion. Here is the vibrant story of one woman's triumphant yet bittersweet journey of the heart.","https://images-na.ssl-images-amazon.com/images/S/compressed.photo.goodreads.com/books/1387727722i/59856.jpg","server_url","upload\Danielle Steel\Danielle_Steel_-_Remembrance_-_1981.epub","1","0","0.00","0","1","1"
"59865","1","3","14255","Free","Ransom","A violent crime brings together four lives in Danielle Steel's sixtieth bestselling novel, the story of a mother's courage, a family's terror, and a triumph of human strength and dignity in the face of overwhelming odds.Outside the gates of a California prison, Peter Morgan is released after four long years and vows to redeem himself in the eyes of the young daughters he left behind. Simultaneously, Carl Waters, a convicted murderer, is set on the path of freedom with him. That night, three hundred miles south in San Francisco, police detective Ted Lee comes home to a silent house; for twenty-nine years, he has been living for his job--and slowly falling out of love with his wife. Across town, in an exclusive Pacific Heights neighborhood, a mother tries to shield her three children from the panic rising within her. Four months after her husband's death, Fernanda Barnes faces a mountain of debt she cannot repay, a world destroyed, and a marriage lost.Within weeks, the lives of these four people will collide in ways none of them could have foreseen. For Fernanda, whose life had once been graced by beautiful homes, security, success, and stunning wealth, the death of her brilliant, brooding husband was already too much to bear. She simply couldn't imagine a greater loss, until a devastating crime rocks her family to its core--and brings Detective Ted Lee into her life.A man of unshakable integrity, Lee will soon become the one person who tries to save Fernanda's family from a terrifying fate. Fernanda must draw on a strength she never knew she had. Racing against time in the underbelly of the criminal world, buffeted by the dark side of power, and unmoored by loss and betrayal, no one can predict where this tragedy will take them.Danielle Steel brilliantly explores the collision of a shocking crime with the ordinary lives of its victims in a novel that mesmerizes from start to finish. Ransom is at once a riveting evocation of life's inexplicable turns of fate and a testament to the human will to survive.","https://images-na.ssl-images-amazon.com/images/S/compressed.photo.goodreads.com/books/1349107492i/59865.jpg","server_url","upload\Danielle Steel\Ransom_-_Danielle_Steel.epub","1","0","0.00","0","1","1"
"59881","1","3","14255","Free","Family Album","Through forty years—from Hollywood's golden days in World War II to the present—Faye Price would create first a career as a legendary actress, then a family, and finally she would realize her dream of becoming one of Hollywood's first woman directors. But nothing was more precious to Faye than her five children. In a changing world, a milieu where family values are constantly challenged from without and within, the Thayers would face the greatest challenges and harshest test a family can endure, to emerge stronger, bound forever by loyalty and love. It is only when Faye is gone that they can each assess how far they have come, and how important their family album is.(","https://images-na.ssl-images-amazon.com/images/S/compressed.photo.goodreads.com/books/1353961070i/59881.jpg","server_url","upload\Danielle Steel\Family_album_-_Danielle_Steel.epub","1","0","0.00","0","1","1"
"59882","1","3","14255","Free","Accident","Although frequent business meetings keep her husband, Brad, away from home, Page Clarke feels blessed with her happy family and comfortable marriage. They have a house near San Francisco and she keeps busy looking after their seven-year-old son, Andy, and their teenage daughter, Allyson. Allyson, at fifteen, is trying her wings and one weekend, instead of an evening with her friend Chloe, the girls lie and go out with two older high school boys. But a Saturday night that was supposed to be fun ends in tragedy when their car collides head-on with another. At the hospital, Page finds Chloe's divorced father, Trygve, and, unable to locate Brad, she leans on his strength throughout the the long hours of tormenting questions. Will Allyson live? Will any of them? Were the teenagers drinking? Using drugs? Who was at fault? And where is her husband? Without Brad by her side Page feels her life start to come apart as she is forced to confront the fact that Allyson may not live, and if she does, she may never be the same again. In an inspiring novel that explores how many people are affected by one tragic accident and how they survive it, Danielle Steel brings us close to the characters whose lives are as familiar as our own... and who live, as we all do, in a world where everything can change in a single moment.","https://images-na.ssl-images-amazon.com/images/S/compressed.photo.goodreads.com/books/1170537130i/59882.jpg","server_url","upload\Danielle Steel\Accident_-_Danielle_Steel.epub","1","0","0.00","0","1","1"
"59904","1","3","14255","Free","Thurston House","Jeremiah Thurston built Thurston House, San Francisco's grandest mansion. When he found himself alone with his infant daughter, Sabrina, he was determined to bring her up to run the biggest mining business in California. Nothing would stop her from taking over his dynasty -- not the San Francisco earthquake, the deadly schemes of a cunning rival, the Great depression, or her own needs and determination as she carries on the traditions established by her father.","https://images-na.ssl-images-amazon.com/images/S/compressed.photo.goodreads.com/books/1170537210i/59904.jpg","server_url","upload\Danielle Steel\Danielle_Steel_-_Thurston_House_-_1983.epub","1","0","0.00","0","1","1"
"59922","1","3","14255","Free","Changes","Top TV anchorwoman Melanie Adams had given up on love after a failed marriage and an unhappy affair. With her two twin teenage children and her television news career, she had no room in her life for a man. Then she met famous heart surgeon Peter Hallam; a widower with three children of his own. Suddenly Melanie was experiencing feelings she thought were forever gone. But two families (one in New York and one in Los Angeles), two exciting careers, and two strong-willed people were challenges that were not easily resolved or handled. And Melanie faced a painful choice between her glamorous life in the public eye, her private life, and the new family they would form. Changes lead each of them to new places, new problems, new people, and the new life they begin.","https://images-na.ssl-images-amazon.com/images/S/compressed.photo.goodreads.com/books/1500847355i/59922.jpg","server_url","upload\Danielle Steel\Changes_-_Danielle_Steel.epub","1","0","0.00","0","1","1"
"61525","1","5","239579,34639","Free","Selected Journalism, 1850-1870","A testament to the energy and creativity of a writer and journalist without equalThroughout his writing career Charles Dickens was a hugely prolific journalist. This volume of his later work is selected from pieces that he wrote after he founded the journal Household Words in 1850, up until his death in 1870. Here subjects as varied as his nocturnal walks around London slums, prisons, theatres and Inns of Court, journeys to the continent and his childhood in Kent and London are captured in remarkable pieces such as 'Night Walks', 'On Strike', 'New Year's Day' and 'Lying Awake'. Aiming to catch the imagination of a public besieged by hack journalism, these writings are an extraordinary blend of public and private, news and recollection, reality and fantastic description. David Pascoe's introduction traces the development of Dickens's career as a journalist and examines his fusion of real events with flights of fancy. This edition also includes explanatory notes, a bibliography and a Dickens chronology.For more than seventy years, Penguin has been the leading publisher of classic literature in the English-speaking world. With more than 1,700 titles, Penguin Classics represents a global bookshelf of the best works throughout history and across genres and disciplines. Readers trust the series to provide authoritative texts enhanced by introductions and notes by distinguished scholars and contemporary authors, as well as up-to-date translations by award-winning translators.","https://images-na.ssl-images-amazon.com/images/S/compressed.photo.goodreads.com/books/1348407872i/61525.jpg","server_url","upload\Charles Dickens\Selected_Journalism_1850-1870_(_-_Charles_Dickens.epub","1","0","0.00","0","1","1"
"61923","1","3","26,11906","Free","First Warning: Acorna's Children","The breathtaking saga of the second generation begins! It is difficult growing up in the shadow of heroes revered throughout the galaxy. But that is the lot of young Khorii -- daughter of the legendary Acorna and her lifemate Aari -- who must now follow her own destiny through a fantastic universe of wonders and perils. On a journey, Khorii's trip is delayed when her ship encounters a derelict spacecraft floating aimlessly among the stars, its crew dead in their seats. Suddenly a planned visit by her parents has turned into a terrifying race against time as a deadly plague spreads relentlessly across the universe. Even the healing powers of the Linyaari cannot slow its horrific advance. And now Khorii, one of the few unaffected by the outbreak, must find an antidote -- before the scourge consumes everyone and everything in its path . . . including those she loves above all others.","https://images-na.ssl-images-amazon.com/images/S/compressed.photo.goodreads.com/books/1433100988i/61923.jpg","server_url","upload\Anne McCaffrey\Acorna's_Children_-_Second_Wave_-_Anne_McCaffrey.epub","1","0","0.00","0","1","1"
"61965","1","3","26","Free","Acorna's Quest","This follow-up to Anne McCaffrey's bestselling Acorna trails the unicorn girl across the galaxy as she searches for her mysterious home and lost people.","https://images-na.ssl-images-amazon.com/images/S/compressed.photo.goodreads.com/books/1215389421i/61965.jpg","server_url","upload\Anne McCaffrey\Acorna's_Quest_-_Anne_McCaffrey.epub","1","0","0.00","0","1","1"
"62233","1","3","9629","Free","The Elves of Cintra","With his groundbreaking New York Times bestseller The Sword of Shannara and its acclaimed sequels, Terry Brooks brought a new audience to epic fantasy. Then he gave the genre a darkly compelling contemporary twist in his trilogy of the Word and the Void. Last year, in Armageddon’s Children, Brooks undertook the stunning chronicle that united two unique worlds. Now that story of clashing forces of darkness and light, of Shannara’s beginnings and the human race’s possible end, marches forward into an unforgettable second volume full of mystery, magic, and momentous events.Across the ruined landscape that is America–hopelessly poisoned, plague-ridden, burned, and besieged by demon armies bent on exterminating all mortal life–two pilgrims have been summoned to serve the embattled cause of good. Logan Tom has journeyed to desolate Seattle to protect a ragged band of street urchins and the being known as “the gypsy morph,” who is both mortal and magical, and destined to save mankind unless he is destroyed. Likewise, Angel Perez has her own quest, one that will take her from the wreckage of Los Angeles to a distant, secret place untouched by the horrors of the nationwide blight–a place where the race of Elves has dwelled since before man existed. But close behind these lone Knights of the Word swarm the ravening forces of the Void. As the menacing thunder of war drums heralds the arrival of the demons and their brutal minions in Seattle, the young survivors who call themselves the Ghosts are forced to brave the dangerous world of gangs, mutants, and worse to escape the invasion. And Logan Tom must infiltrate a refugee compound to rescue Hawk, the leader of the street urchins, who has yet to learn the truth about who and what he is. Meanwhile, Angel Perez has joined an equally urgent mission: to find the Ellcrys, a fabled talisman crucial to protecting the Elven realm against an influx of unspeakable evil from the dread dimension known as the Forbidding. But Angel and her Elf allies must beware–for a demon spy, with a monstrous creature at its command, walks among them.As the legions of darkness draw the noose tighter, and the time of confrontation draws near, those chosen to defend the soul of the world must draw their battle lines and prepare to fight with, and for, their lives. If they fail, humanity falls.","https://images-na.ssl-images-amazon.com/images/S/compressed.photo.goodreads.com/books/1406940629i/62233.jpg","server_url","upload\Terry Brooks\Genesis_of_Shannara_02_-_The_El_-_Terry_Brooks.epub","1","0","0.00","0","1","1"
"62291","1","3","346732","Free","A Storm of Swords","An alternate cover for this ISBN can be found hereHere is the third volume in George R.R. Martin's magnificent cycle of novels that includes A Game of Thrones and A Clash of Kings. Together, this series comprises a genuine masterpiece of modern fantasy, destined to stand as one of the great achievements of imaginative fiction.Of the five contenders for power, one is dead, another in disfavor, and still the wars rage as alliances are made and broken. Joffrey sits on the Iron Throne, the uneasy ruler of the Seven Kingdoms. His most bitter rival, Lord Stannis, stands defeated and disgraced, victim of the sorceress who holds him in her thrall. Young Robb still rules the North from the fortress of Riverrun. Meanwhile, making her way across a blood-drenched continent is the exiled queen, Daenerys, mistress of the only three dragons still left in the world. And as opposing forces manoeuver for the final showdown, an army of barbaric wildlings arrives from the outermost limits of civilization, accompanied by a horde of mythical Others—a supernatural army of the living dead whose animated corpses are unstoppable. As the future of the land hangs in the balance, no one will rest until the Seven Kingdoms have exploded in a veritable storm of swords...","https://images-na.ssl-images-amazon.com/images/S/compressed.photo.goodreads.com/books/1571318786i/62291.jpg","server_url","upload\George R.R. Martin\A_Storm_of_Swords_-_George_R._R._Martin.epub","1","0","0.00","0","1","1"
"62292","1","3","11586","Free","Sword in the Storm","Fierce and proud, the Rigante dwell deep in the green mountain lands, worshiping the gods of air and water, and the spirits of the earth.  Among them lives a warrior who bears the mark of fate. Born of the storm that slew his father, he is Connavar, and tales of his courage spread like wildfire.The Seidh--a magical race as old as time--take note of the young warrior and cast a malignant shadow across his life. For soon a merciless army will cross the water, destroying forever the timeless rhythms of life among the Rigante.Swearing to protect his people, Connavar embarks on a quest that will take him into the heart of the enemy. Along the way, he receives a gift: a sword as powerful and deadly as the Seidh who forged it. Thus he receives a name that will strike fear into the hearts of friend and foe alike--a name proclaiming a glorious and bitter destiny . . .Demonblade.","https://images-na.ssl-images-amazon.com/images/S/compressed.photo.goodreads.com/books/1388378667i/62292.jpg","server_url","upload\David Gemmell\Sword_in_the_Storm_-_David_Gemmell.epub","1","0","0.00","0","1","1"
"63580","1","3","14255","Free","Message From Nam","As a journalist, Paxton Andrews would experience Vietnam firsthand. We follow her from high school in Savannah to college in Berkeley and then to work in Saigon.For the soldiers she knew and met there, Viet Nam would change their lives in ways they could never have imagined. For the men in her life, Viet Nam would change their lives in ways hey could not escape or deny. Peter Wilson, fresh from law school, was a new recruit who would confont his fate in Da Nang. Ralph Johnson, a seasoned AP correspondent, had been in Saigon since the beginning. He knew Vietnam and the war inside out. Bill Quinn, captain of the Cu Chi tunnel rats, was on his fourth tour of duty and it seemed nothing could touch him. Sergeant Tony Campobello had come to Vietnam from the streets of New York to vent a rage that had followed him all the way to Saigon.For seven years  Paxton Andrews would write an acclaimed newspaper column from the front before finally returning to the States and then attending the Paris peace talks. But for her and the men who fought in Viet Nam, life would never be the same again.","https://images-na.ssl-images-amazon.com/images/S/compressed.photo.goodreads.com/books/1338388165i/63580.jpg","server_url","upload\Danielle Steel\Danielle_Steel_-_Message_from_Nam_-_1990.epub","1","0","0.00","0","1","1"
"64524","1","3","589","Free","The Crystal City","Using the lore and the folk-magic of the men and women who settled North America, Orson Scott Card has created an alternate world where magic works, and where that magic has colored the entire history of the colonies. Charms and beseechings, hexes and potions, all have a place in the lives of the people of this world. Dowsers find water, the second sight warns of dangers to come, and a torch can read a person's future---or their heart.In this world where ""knacks"" abound, Alvin, the seventh son of a seventh son, is a very special man indeed. He's a Maker; he has the knack of understanding how things are put together, how to create them, repair them, keep them whole, or tear them down. He can heal hearts as well as bones, he build a house, he can calm the waters or blow up a storm. And he can teach his knack to others, to the measure of their own talent.Alvin has been trying to avert the terrible war that his wife, Peggy, a torch of extraordinary power, has seen down the life-lines of every American. Now she has sent him down the Mizzippy to the city of New Orleans, or Nueva Barcelona as they call it under Spanish occupation. Alvin doesn't know exactly why he's there, but when he and his brother-in-law, Arthur Stuart, find lodgings with a family of abolitionists who know Peggy, he suspects he'll find out soon.But Nueva Barcelona is about to experience a plague, and Alvin's efforts to protect his friends by keeping them healthy will create more danger than he could ever have suspected. And in saving the poor people of the city, Alvin will be put to the greatest test of his life---a test that will draw on all his power. For the time has come for him to turn to his old friend Tenskwa-Tawa, the Red Prophet who controls the lands to the west of the Mizzippy. Now Alvin must take the first steps on the road to the Crystal City that was shown to him in a vision so long ago.","https://images-na.ssl-images-amazon.com/images/S/compressed.photo.goodreads.com/books/1386920797i/64524.jpg","server_url","upload\Orson Scott Card\Alvin_Maker_6_-_The_Crystal_Cit_-_Card,_Orson_Scott.epub","1","0","0.00","0","1","1"
"66106","1","7","25950","Free","Crazy About the Boss","When Jack Valentine was rejected by his father, he headed to New York and made billions. Now the proud Valentines need his money, so he returns to London, with his trusted assistant, to make or break the family.Until London, Maddie enjoyed a professional relationship with her boss. Now something's different. The Jack she knew is nothing like this intoxicating man, with fi re in his eyes and pain in his soul. This Jack is defi nitely someone she could fall for—but this Jack could easily break her heart….","https://images-na.ssl-images-amazon.com/images/S/compressed.photo.goodreads.com/books/1170640028i/66106.jpg","server_url","upload\Teresa Southwick\Crazy_About_The_Boss_-_Teresa_Southwick.epub","1","0","0.00","0","1","1"
"66370","1","3","5858,3389","Free","Rage","A disturbed high-school student with authority problems kills one of his teachers and takes the rest of his class hostage. Over the course of one long, tense and unbearable hot afternoon, Charlie Decker explains what led him to this drastic sequence of events, while at the same time deconstructing the personalities of his classmates, forcing each one to justify his or her existence.","https://images-na.ssl-images-amazon.com/images/S/compressed.photo.goodreads.com/books/1747708915i/66370.jpg","server_url","upload\Richard  Bachman\Rage_-_Stephen_King.epub","1","0","0.00","0","1","1"
"66465","1","3","19697","Free","Marker","With his signature blend of suspense and science, Robin Cook delivers an electrifying page-turner that delves into the murky ethics of developing genomic medicine and modern-day health care.","https://images-na.ssl-images-amazon.com/images/S/compressed.photo.goodreads.com/books/1385148912i/66465.jpg","server_url","upload\Robin Cook\Marker_-_Robin_Cook.epub","1","0","0.00","0","1","1"
"66466","1","3","19697","Free","Crisis","Dr. Robin Cook, the inventor of the medical thriller--and bestselling author of Coma, Abduction, Invasion, Marker, and many other chilling novels--now shows readers a healer's dark side, in the terrifying story of a doctor who plunges into a web of corruption and lies.","https://images-na.ssl-images-amazon.com/images/S/compressed.photo.goodreads.com/books/1437006409i/66466.jpg","server_url","upload\Robin Cook\Crisis_-_Robin_Cook.epub","1","0","0.00","0","1","1"
"66469","1","3","19697","Free","Contagion","One of Cook's most successful—and timely—bestsellers. Contagion is a terrifying cautionary tale for the millennium as a deadly epidemic is spread not merely by microbes—but by sabotage....","https://images-na.ssl-images-amazon.com/images/S/compressed.photo.goodreads.com/books/1389786398i/66469.jpg","server_url","upload\Robin Cook\Contagion_-_Robin_Cook.epub","1","0","0.00","0","1","1"
"66470","1","3","19697","Free","Chromosome 6","Behind the headlines on cloning—Dr. Robin Cook blends fact with fiction in one of his most terrifying bestsellers....Chromosome 6 is a prophetic thriller that challenges the medical ethics of genetic manipulation and cloning in the jungles of equatorial Africa, where one mistake could bridge the gap between man and ape—and forever change the genetic map of our existence....","https://images-na.ssl-images-amazon.com/images/S/compressed.photo.goodreads.com/books/1290140777i/66470.jpg","server_url","upload\Robin Cook\Chromosome_6_-_Robin_Cook.epub","1","0","0.00","0","1","1"
"67939","1","3","656983,25523","Free","Bilbo's Last Song","Bilbo’s Last Song is considered by many to be Tolkien’s epilogue to his classic work The Lord of the Rings. As Bilbo Baggins takes his final voyage to the Undying Lands, he must say goodbye to Middle-earth. Poignant and lyrical, the song is both a longing to set forth on his ultimate journey and a tender farewell to friends left behind.Pauline Baynes’s jewel-like illustrations lushly depict both this final voyage and scenes from The Hobbit, as Bilbo remembers his first journey while he prepares for his last.","https://images-na.ssl-images-amazon.com/images/S/compressed.photo.goodreads.com/books/1388380274i/67939.jpg","server_url","upload\J.R.R. Tolkien\Bilbo's_Last_Song_-_J._R._R._Tolkien.epub","1","0","0.00","0","1","1"
"67996","1","3","656983,9533","Free","The Peoples of Middle-Earth","When J.R.R. Tolkien laid aside The Silmarillion in 1937 the extension of the originall 'mythology' into later Ages of the world had scarcely begun. It was in the Appendices to The Lord of the Rings that there emerged a comprehensive historical structure and chronology of the Second and Third Ages, embracing all the diverse strands that came together in the War of the Ring. The difficulty that he found in providing these Appendices, leading to the delay in the publication of The Return of the King, is well known, but in The Peoples of Middle-earth Christopher Tolkien shows that early forms of these works already existed years before, in essays and records differing greatly from the published forms. He traces the evolution of the Calendars, the Hobbit genealogies, the Westron language or Common Speach (from which many words and names are recorded that were afterwards lost), and the chronological structure of the later Ages.Other writings by J.R.R. Tolkien are included in this final volume of The History of MIddle-earth, chiefly deriving from his last years, when new insights and new constructions still freely arose as he pondered the history that he had created. This book concludes with two soon-abandoned stories, both unique in the setting of time and place: The New Shadow in Gondor of the Fourth Age, and the tale of Tal-elmar, in which the coming of the dreaded Númenórean ships is seen through the eyes of men of Middle-earth in the Dark Years.","https://images-na.ssl-images-amazon.com/images/S/compressed.photo.goodreads.com/books/1365256168i/67996.jpg","server_url","upload\J.R.R. Tolkien\The_Peoples_of_Middle-earth_-_J._R._R._Tolkien.epub","1","0","0.00","0","1","1"
"68428","1","3","38550","Free","Mistborn: The Final Empire","What if the whole world were a dead, blasted wasteland?
MistbornFor a thousand years the ash fell and no flowers bloomed. For a thousand years the Skaa slaved in misery and lived in fear. For a thousand years the Lord Ruler, the ""Sliver of Infinity,"" reigned with absolute power and ultimate terror, divinely invincible. Then, when hope was so long lost that not even its memory remained, a terribly scarred, heart-broken half-Skaa rediscovered it in the depths of the Lord Ruler's most hellish prison. Kelsier ""snapped"" and found in himself the powers of a Mistborn. A brilliant thief and natural leader, he turned his talents to the ultimate caper, with the Lord Ruler himself as the mark.Kelsier recruited the underworld's elite, the smartest and most trustworthy allomancers, each of whom shares one of his many powers, and all of whom relish a high-stakes challenge. Then Kelsier reveals his ultimate dream, not just the greatest heist in history, but the downfall of the divine despot.But even with the best criminal crew ever assembled, Kel's plan looks more like the ultimate long shot, until luck brings a ragged girl named Vin into his life. Like him, she's a half-Skaa orphan, but she's lived a much harsher life. Vin has learned to expect betrayal from everyone she meets. She will have to learn trust if Kel is to help her master powers of which she never dreamed.Brandon Sanderson, fantasy's newest master tale-spinner and author of the acclaimed debut Elantris, dares to turn a genre on its head by asking a simple question: What if the prophesied hero failed to defeat the Dark Lord? The answer will be found in the Mistborn Trilogy, a saga of surprises that begins with the book in your hands. Fantasy will never be the same again.","https://images-na.ssl-images-amazon.com/images/S/compressed.photo.goodreads.com/books/1617768316i/68428.jpg","server_url","upload\Brandon Sanderson\Mistborn__Secret_History_-_Brandon_Sanderson.epub","1","0","0.00","0","1","1"
"68429","1","3","38550","Free","The Well of Ascension","""Description contains spoilers for previous book in the series""The impossible has been accomplished. The Lord Ruler—the man who claimed to be god incarnate and brutally ruled the world for a thousand years—has been vanquished. But Kelsier, the hero who masterminded that triumph, is dead too, and now the awesome task of building a new world has been left to his young protégé, Vin, the former street urchin who is now the most powerful Mistborn in the land, and to the idealistic young nobleman she loves.As Kelsier's protégé and slayer of the Lord Ruler she is now venerated by a budding new religion, a distinction that makes her intensely uncomfortable. Even more worrying, the mists have begun behaving strangely since the Lord Ruler died, and seem to harbor a strange vaporous entity that haunts her.Stopping assassins may keep Vin's Mistborn skills sharp, but it's the least of her problems. Luthadel, the largest city of the former empire, doesn't run itself, and Vin and the other members of Kelsier's crew, who lead the revolution, must learn a whole new set of practical and political skills to help. It certainly won't get easier with three armies - one of them composed of ferocious giants - now vying to conquer the city, and no sign of the Lord Ruler's hidden cache of atium, the rarest and most powerful allomantic metal.As the siege of Luthadel tightens, an ancient legend seems to offer a glimmer of hope. But even if it really exists, no one knows where to find the Well of Ascension or what manner of power it bestows.","https://images-na.ssl-images-amazon.com/images/S/compressed.photo.goodreads.com/books/1619538925i/68429.jpg","server_url","upload\Brandon Sanderson\The_Well_of_Ascension_-_Brandon_Sanderson.epub","1","0","0.00","0","1","1"
"70787","1","3","16667","Free","The Bicentennial Man and Other Stories","Andrew was one of Earth's first house robot domestic servants—smoothly designed and functional. But when Andrew started to develop special talents which exceeded the confines of his allotted positronic pathways, he abandoned his domestic duties in favour of more intellectual pursuits. As time passed, Andrew acquired knowledge, feelings and ambitions way beyond anything ever experienced by any other mechanical men. And he found himself launched on to a career which would bring him fame fortune — and danger. For a robot who wants to be human must also be prepared to die...In the Bicentennial Man, Isaac Asimov returns to his first and most enduring love — robotics. The result is a brilliant book of first-class entertainment and mind-spinning ideas which confirm Asimov's supreme status as Grand Master of science fiction.Content""Feminine Intuition"" (1969)""Waterclap"" (1970) ""That Thou Art Mindful of Him"" (1974)""Stranger in Paradise"" (1974)""The Life and Times of Multivac"" (1975)""The Winnowing"" (1976)""The Bicentennial Man"" (1976)""Marching In"" (1976) ""Old-Fashioned"" (1976)""The Tercentenary Incident"" (1976)""Birth of a Notion"" (1976)Cover Illustration: Don Dixon","https://images-na.ssl-images-amazon.com/images/S/compressed.photo.goodreads.com/books/1307490924i/70787.jpg","server_url","upload\Isaac Asimov\the_bicentennial_man_and_other_stories_-_isaac_asimov.epub","1","0","0.00","0","1","1"
"71771","1","3","5768","Free","The Bastard","One man’s quest for his destiny leads him to the New World and into the heart of the American Revolution. Meet Phillipe Charboneau: the illegitimate son and unrecognized heir of the Duke of Kentland. Upon the Duke’s death, Phillipe is denied his birthright and left to build a life of his own. Seeking all that the New World promises, he leaves London for America, shedding his past and preparing for the future by changing his name to Philip Kent. He arrives at the brink of the American Revolution, which tests his allegiances in ways he never imagined. The first volume of John Jakes’s wildly successful and highly addictive Kent Family Chronicles, The Bastard is a triumph of historical fiction.","https://images-na.ssl-images-amazon.com/images/S/compressed.photo.goodreads.com/books/1441296542i/71771.jpg","server_url","upload\John Jakes\The_Bastard_-_John_Jakes.epub","1","0","0.00","0","1","1"
"71772","1","3","5768","Free","The Seekers","With the end of the colonies' fight for independence begins a new and even more glorious battle to build a new nation. It is an epoch ripe with the passion that only a country in its springtime can inflame, and two young heirs to a family dynasty dare to confront without fear the barbarity of the West -- the Indian resistance, cruel townships, death...Here is a panorama of magnificent action, peopled by, some of the bravest characters of an age. When Abraham Kent falls in love with this step-sister, he sets in motion a fate that will drive a generation westward -- until Amanda. a girl-child with the heart of a woman, seeks the new frontier that is this land's greatest opportunity -- and most awesome dread.","https://images-na.ssl-images-amazon.com/images/S/compressed.photo.goodreads.com/books/1386920179i/71772.jpg","server_url","upload\John Jakes\The_Seekers_-_John_Jakes.epub","1","0","0.00","0","1","1"
"71774","1","3","5768","Free","The Furies","The eight-volume epic of the Kent family continues as a new generation struggles to survive within a nation rife with conflict. Amanda Kent was a woman of great courage, but nothing prepared her for the massacre she witnessed at the Alamo. Now she's returned to Boston to rebuild the Kent legacy.","https://images-na.ssl-images-amazon.com/images/S/compressed.photo.goodreads.com/books/1388629891i/71774.jpg","server_url","upload\John Jakes\The_Furies_-_John_Jakes.epub","1","0","0.00","0","1","1"
"72193","1","3","1077326","Free","Harry Potter and the Philosopher’s Stone","Harry Potter thinks he is an ordinary boy - until he is rescued by an owl, taken to Hogwarts School of Witchcraft and Wizardry, learns to play Quidditch and does battle in a deadly duel. The Reason ... HARRY POTTER IS A WIZARD!","https://images-na.ssl-images-amazon.com/images/S/compressed.photo.goodreads.com/books/1170803558l/72193.jpg","server_url","upload\J.K. Rowling\Harry_Potter_and_the_Philosophe_-_J.K._Rowling.epub","1","0","0.00","0","1","1"
"73699","1","3","625","Free","The Perfect Neighbor","In New York, people were supposed to ignore their neighbours. But that was a rule that Cybil Campbell had never learned. When the sunny brunette knocks on her new neighbour's door, she expected that they would make a connection - after all, she knew everyone else in the apartment block. Preston McQuinn wasn't interested in small talk. He was in Manhattan to finish a job and leave as quickly as possible - until Cybil's sweet nature and big green eyes captured his interest. Cybil was intrigued by her mysterious new acquaintance - but what would she do when she found out he'd been lying to her from the very first moment they met?","https://images-na.ssl-images-amazon.com/images/S/compressed.photo.goodreads.com/books/1389572411i/73699.jpg","server_url","upload\Nora Roberts\The_Perfect_Neighbor_-_Nora_Roberts.epub","1","0","0.00","0","1","1"
"73930","1","3","28083","Free","The Silver Hand","The great king, Meldryn Mawr, is dead, and his kingdom lies in ruins. Treachery and brutality rule the land, and Albion is the scene of an epic struggle for the throne. Lewis Gillies returns as Llew, seeking the true meaning behind a mysterious prophecy - the making of a true king and the revealing of a long awaited champion: Silver Hand.The ancient Celts admitted no spearation between this world and the Otherworld: the two were delicately interwoven, each dependent on the other. The Silver Hand crosses the thin places between this world and that, as Lewis Gillies seeks to learn the secret of the prophecy of The Silver Hand - and to save Albion before it is too late.","https://images-na.ssl-images-amazon.com/images/S/compressed.photo.goodreads.com/books/1438923420i/73930.jpg","server_url","upload\Stephen R. Lawhead\The_Silver_Hand_-_Stephen_R._Lawhead.epub","1","0","0.00","0","1","1"
"73932","1","3","28083","Free","The Paradise War","From the dreaming spires of Oxford, Lewis Gillies drives north to seek a mythical creature in a misty glen in Scotland. Expecting little more than a weekend diversion, Lewis finds himself in a mystical place where two worlds meet, in the time-between-times - and in the heart of a battle between good and evil.The ancient Celts admitted no separation between this world and the Otherworld: the two were delicately interwoven, each dependent on the other. The Paradise War crosses the thin places between this world and that, as Lewis Gillies comes face-to-face with an ancient mystery - and a cosmic catastrophe in the making.","https://images-na.ssl-images-amazon.com/images/S/compressed.photo.goodreads.com/books/1388849618i/73932.jpg","server_url","upload\Stephen R. Lawhead\The_Paradise_War_-_Stephen_R._Lawhead.epub","1","0","0.00","0","1","1"
"74010","1","3","41942","Free","Hell to Pay","In the wake of the war that left the Nightside leaderless, Jeremiah Griffin-one of the last of the immortal human families-plans to fill the power vacuum. But his granddaughter has disappeared, and he wants John Taylor to use his special abilities to find her. Except someone-or something-is blocking Taylor's abilities.","https://images-na.ssl-images-amazon.com/images/S/compressed.photo.goodreads.com/books/1431438104i/74010.jpg","server_url","upload\Simon R. Green\Hell_to_Pay_-_Simon_R._Green.epub","1","0","0.00","0","1","1"
"74033","1","3","17065","Free","Innocent in Death","When history teacher Craig Foster is found dead in his classroom, his young wife is devastated, and his family, friends and colleagues all shocked. The two ten-year old students who discovered his body may be traumatised for life.Magdalena Percell, an old flame of Eve's billionaire husband Roarke, has turned up in New York, and she's anything but innocent. Unfortunately, Roarke seems blind to Magdalena's maniuplations, but not to her shapely figure and flirtatious ways. But Eve will have to put aside her potential heartbreak, for a while at least- because another man has just turned up dead…","https://images-na.ssl-images-amazon.com/images/S/compressed.photo.goodreads.com/books/1425837557i/74033.jpg","server_url","upload\J.D. Robb\Innocent_in_Death_-_J._D._Robb.epub","1","0","0.00","0","1","1"
"74036","1","3","17065","Free","Ceremony in Death","Even in an age of cutting-edge technology, old beliefs die hard...Conducting a top secret investigation into the death of a fellow police officer has Lieutenant Eve Dallas treading on dangerous ground. She must put professional ethics before personal loyalties. But when a dead body is placed outside her home, Eve takes the warning personally. With her husband, Roarke, watching her every move, Eve is drawn into the most dangerous case of her career. Every step she takes makes her question her own beliefs of right and wrong - and brings her closer to a confrontation with humanity's most seductive form of evil...","https://images-na.ssl-images-amazon.com/images/S/compressed.photo.goodreads.com/books/1706584548i/74036.jpg","server_url","upload\J.D. Robb\Ceremony_in_Death_-_J._D._Robb.epub","1","0","0.00","0","1","1"
"74043","1","1","7742","Free","Kissing Sin","Two worlds: vampire and werewolf. Danger has never been so seductive!From Melbourne’s gleaming skyscrapers to its throbbing nightclubs, Riley Jenson’s world is raging with danger and desire. A drop-dead-gorgeous werewolf—with a touch of vamp coursing in her blood—Riley works for an organization created to police the supernatural races. But when she wakes up naked and bruised in a barren alley, she knows only that she must run for her life.Within moments Riley collides with the sexiest man she’s ever seen: steely, seductive Kade, who is fighting a life-and-death battle of his own. With old lovers and enemies gathering around her, Riley knows she is being pursued by a new kind of criminal. Because in Riley’s blood is a secret that could create the ultimate warrior—if only she can survive her own dangerous desires…","https://images-na.ssl-images-amazon.com/images/S/compressed.photo.goodreads.com/books/1406924057i/74043.jpg","server_url","upload\Keri Arthur\Kissing_Sin_-_Keri_Arthur.epub","1","0","0.00","0","1","1"
"74774","1","3","4043","Free","Power of the Sword","Shasa Courtney was groomed by his French-born mother to take control of the Courtney Mining and Finance Company, whose font of wealth was sown deep beneath African soil. But Shasa's brother, Manfred, had been trained by his renegade father to be a hunter--of lions, and of men.As the two boys became men, they took on the extraordinary powers of each parent: Shasa, a man in tune with his continent and its people; Manfred who, like his father, was willing to shape his world with a gun. So when the winds of World War II reached Africa, each brother chose a side…Now, the future of a young nation is being forged amidst a clash of civilizations, ideals, and blood feuds. And as Shasa and Manfred rise to power, a land of beauty and suffering will be remade--for better or for worse--in an image of their own, in Wilbur Smith's Power of the Sword.","https://images-na.ssl-images-amazon.com/images/S/compressed.photo.goodreads.com/books/1390076499i/74774.jpg","server_url","upload\Wilbur Smith\Power_of_the_Sword_-_Wilbur_Smith.epub","1","0","0.00","0","1","1"
"74777","1","3","4043,7820378","Free","The Burning Shore","Centaine de Thiry grew up with privilege, wealth, and freedom on a sprawling French estate. Then war came crashing down around her, and a daring young South African aviator named Michael Courtney stole her heart amidst the destruction. But the tides of fate and battle sent the young woman on a journey across a dangerous sea to the coast of Africa.When Centaine's ship is torpedoed and sunk, she is plunged into a shark-filled sea miles from the unseen shore. And when she reaches land, Centaine puts foot not in the lush world that Michael Courtney described to her, but on the edge of a burning desert--alone and fighting for her life.In a strange world, under a great rushing sky, Centaine sets forth in the company of wandering Bushmen--and then into the arms of a renegade white soldier who may be her savior or destruction. As Michael Courtney's family searches for Centaine, she comes near her promised land--and the untold tragedy and riches that it holds...","https://images-na.ssl-images-amazon.com/images/S/compressed.photo.goodreads.com/books/1388254626i/74777.jpg","server_url","upload\Wilbur Smith\The_Burning_Shore_-_Wilbur_Smith.epub","1","0","0.00","0","1","1"
"76664","1","3","8516","Free","A Spell for Chameleon","Xanth was the enchanted land where magic ruled - where every citizen had a special spell only he could cast. It was a land of centaurs and dragons and basilisks.For Bink of North Village, however, Xanth was no fairy tale. He alone had no magic. And unless he got some - and got some fast! - he would be exiled. Forever!But the Good Magician Humfrey was convinced that Bink did indeed have magic. In fact, both Beauregard the genie and the magic wall chart insisted that Bink had magic. Magic as powerful as any possessed by the King or by Good Magician Humfrey - or even by the Evil Magician TrentBe that as it may, no one could fathom the nature of Bink's very special magic. Bink was in despair. This was even worse than having no magic at all..and he would still be exiled!","https://images-na.ssl-images-amazon.com/images/S/compressed.photo.goodreads.com/books/1476435403i/76664.jpg","server_url","upload\Piers Anthony\A_Spell_for_Chameleon_-_Piers_Anthony.epub","1","0","0.00","0","1","1"
"76867","1","3","12470","Free","A Darkness More Than Night","Terry McCaleb, the retired FBI agent who starred in the bestseller ""Blood Work,"" is asked by the LAPD to help them investigate aseries of murders that have them baffled. They are the kind of ritualized killings McCaleb specialized in solving with the FBI, and he is reluctantly drawn from his peaceful new life back into the horror and excitement of tracking down a terrifying homicidal maniac. More horrifying still, the suspect who seems to fit the profile that McCaleb develops is someone he has known and worked with in the past: LAPD homicide detective Harry Bosch.","https://images-na.ssl-images-amazon.com/images/S/compressed.photo.goodreads.com/books/1437930956i/76867.jpg","server_url","upload\Michael Connelly\A_Darkness_More_Than_Night_-_Michael_Connelly.epub","1","0","0.00","0","1","1"
"77197","1","3","25307","Free","Assassin's Apprentice","In a faraway land where members of the royal family are named for the virtues they embody, one young boy will become a walking enigma.Born on the wrong side of the sheets, Fitz, son of Chivalry Farseer, is a royal bastard, cast out into the world, friendless and lonely. Only his magical link with animals - the old art known as the Wit - gives him solace and companionship. But the Wit, if used too often, is a perilous magic, and one abhorred by the nobility.So when Fitz is finally adopted into the royal household, he must give up his old ways and embrace a new life of weaponry, scribing, courtly manners; and how to kill a man secretly, as he trains to become a royal assassin.","https://images-na.ssl-images-amazon.com/images/S/compressed.photo.goodreads.com/books/1673728072i/77197.jpg","server_url","upload\Robin Hobb\Assassin_s_Apprentice_-_Robin_Hobb.epub","1","0","0.00","0","1","1"
"77264","1","3","3541","Free","Homeland and Other Stories","Homeland and Other Stories offers comic, often heart-warming but always true to life tales told as only the author can, creating a world of love and possibility that listeners will want to take as their own. A rich and emotionally resonant collection of twelve stories of hope, momentary joy, and powerful endurance.","https://images-na.ssl-images-amazon.com/images/S/compressed.photo.goodreads.com/books/1401929008i/77264.jpg","server_url","upload\Barbara Kingsolver\Barbara_Kingsolver_-_Homeland_and_Other_Stories-HarperCollins.epub","1","0","0.00","0","1","1"
"77312","1","3","43835","Free","Raphael","Weakened by his contact with mortals, the Archangel Raphael falls prey to his brother Lucifer, who strips him of his angelic powers. Sold in the Moorish slave markets, confused and humbled by his sudden humanity, Raphael finds his only solace in the friendship of the darkskinned Berber woman Djoura, and the spiritual guardianship of his former pupil Damiano Delstrego.Accompanied by the rakish Gaspare and an ancient black dragon, Damiano's beloved Saara embarks on a quest to rescue Raphael. Their odyssey leads them to a shattering confrontation with the Father of Lies and a transcendent reckoning with destiny.","https://images-na.ssl-images-amazon.com/images/S/compressed.photo.goodreads.com/books/1328988156i/77312.jpg","server_url","upload\R.A. MacAvoy\Raphael_-_R._A._MacAvoy.epub","1","0","0.00","0","1","1"
"77678","1","3","656983,9533","Free","The Lays of Beleriand","The third volume that contains the early myths and legends which led to the writing of J.R.R. Tolkien’s epic tale of war, The Silmarillion.This, the third volume of The History of Middle-earth, gives us a privileged insight into the creation of the mythology of Middle-earth, through the alliterative verse tales of two of the most crucial stories in Tolkien’s world—those of Turien and Luthien. The first of the poems is the unpublished Lay of The Children of Hurin, narrating on a grand scale the tragedy of Turin Turambar. The second is the moving Lay of Leithian, the chief source of the tale of Beren and Luthien in The Silmarillion, telling of the Quest of the Silmaril and the encounter with Morgoth in his subterranean fortress.Accompanying the poems are commentaries on the evolution of the history of the Elder Days, which was much developed during the years of the composition of the two Lays. Also included is the notable criticism in detail of the Lay of Lethian by C.S. Lewis, Tolkien's friend and colleague, who read the poem in 1929. By assuming that this poem is actually a fragment from a past lost in history, Lewis underlined the remarkable power of its author's imaginative talents and academic competence.","https://images-na.ssl-images-amazon.com/images/S/compressed.photo.goodreads.com/books/1374681487i/77678.jpg","server_url","upload\J.R.R. Tolkien\The_Lays_of_Beleriand_(The_Hist_-_J._R._R._Tolkien.epub","1","0","0.00","0","1","1"
"77682","1","3","656983,9533","Free","The Treason of Isengard: The History of The Lord of the Rings, Part Two","The Treason of Isengard is the seventh volume in Christopher Tolkien's History of Middle-earth and the second in his account of the evolution of The Lord of the Rings. This book follows the long halt in the darkness of the Mines of Moria (which ended The Return of the Shadow) and traces the tale into new lands south and east of the Misty Mountains. Tolkien introduces us to Lothlorien, land of the elves, where we meet the Ents, the Riders of Rohan, and Saruman the White in the fortress of Isengard. In brief outlines and penciled drafts dashed down on scraps of paper are the first entry of Galadriel; the earliest ides of the history of Gondor; and the original meeting of Aragorn with Eowyn, its significance destined to be wholly transformed. Conceptions of what lay ahead dissolve as the story takes its own paths, as in the account of the capture of Frodo and his rescue by Sam Gamgee from Minas Morgul, written long before J.R.R. Tolkien actually reached that point in the writing of The Lord of the Rings. A chief feature of the book is a full account of the original Map, with drawings of successive phases, which was long the basis and accompaniment of the emerging geography of Middle-earth. An appendix describes the Runic alphabets of the time, with illustrations of the forms and an analysis of the Runes used in the Book of Mazarbul found beside Balin's tomb in Moria.","https://images-na.ssl-images-amazon.com/images/S/compressed.photo.goodreads.com/books/1594402240i/77682.jpg","server_url","upload\J.R.R. Tolkien\The_History_of_Middle-earth_Vol_-_J._R._R._Tolkien_2.epub","1","0","0.00","0","1","1"
"78180","1","3","721,132953","Free","A Time to Kill","Three CDs, 3 hrs.Performance by Michael BeckIn this searing courtroom drama, best-selling author John Grisham probes the savage depths of racial violence... as he delivers a compelling tale of uncertain justice in a small southern town... Clanton, Mississippi. The life of a ten-year-old girl is shattered by two drunken and remorseless young man. The mostly white town reacts with shock and horror at the inhuman crime. Until her black father acquires an assault rifle -- and takes justice into his own outraged hands. For ten days, as burning crosses and the crack of sniper fire spread through the streets of Clanton, the nation sits spellbound as young defense attorney Jake Brigance struggles to save his client's life...and then his own...","https://images-na.ssl-images-amazon.com/images/S/compressed.photo.goodreads.com/books/1388200299i/78180.jpg","server_url","upload\John Grisham\A_Time_to_Kill__A_Novel_-_John_Grisham.epub","1","0","0.00","0","1","1"
"78411","1","3","36746,44524","Free","The Bad Beginning","Dear Reader,I'm sorry to say that the book you are holding in your hands is extremely unpleasant. It tells an unhappy tale about three very unlucky children. Even though they are charming and clever, the Baudelaire siblings lead lives filled with misery and woe. From the very first page of this book when the children are at the beach and receive terrible news, continuing on through the entire story, disaster lurks at their heels. One might say they are magnets for misfortune.In this short book alone, the three youngsters encounter a greedy and repulsive villain, itchy clothing, a disastrous fire, a plot to steal their fortune, and cold porridge for breakfast.It is my sad duty to write down these unpleasant tales, but there is nothing stopping you from putting this book down at once and reading something happy, if you prefer that sort of thing.With all due respect,Lemony Snicket","https://images-na.ssl-images-amazon.com/images/S/compressed.photo.goodreads.com/books/1436737029i/78411.jpg","server_url","uploads/Lemony Snicket/The_Bad_Beginning__Or,_Orphans!_-_Lemony_Snicket.epub","1","0","0.00","0","1","1"
"79378","1","3","3780","Free","Roses Are Red","In this heart-pounding but touchingly romantic thriller, Detective Alex Cross pursues the most complex and brilliant killer he's ever confronted - mysterious criminal who calls himself the Mastermind.
In a series of crimes that has stunned Washington, D.C., bank robbers have been laying out precise demands when they enter the building - and then killing the bank employees and their families if those instructions are not followed to the letter.Detective Alex Cross takes on the case, certain that this is no ordinary bank robber at work - the pathological need for control and perfection is too great. Cross is in the midst of a personal crisis at home, but the case becomes all-consuming as he learns that the Mastermind is plotting one huge, last, perfect crime.","https://images-na.ssl-images-amazon.com/images/S/compressed.photo.goodreads.com/books/1437948895i/79378.jpg","server_url","upload\James Patterson\Roses_Are_Red_-_James_Patterson.epub","1","0","0.00","0","1","1"
"79379","1","3","3780","Free","Violets Are Blue","Detective Alex Cross must confront his most terrifying nemesis ever-and his own deepest fears-in this electrifying new thriller from the master of suspense, James Patterson.
Alex Cross has never believed in vampires. But when two joggers are found slain in a manner that suggests a macabre ritual, he has to reconsider. Someone believes in vampires enough to have committed a series of bizarre murders that appear to be the work of one. Local police are horrified, and even the FBI is baffled.Cross takes on the case and plunges into a netherworld of secret clubs and role-players, a world full of poseurs and playactors-and someone demented enough to have crossed the line from dark ritual to real blood. At the same time, a lethal super-criminal from Cross's past known as the Mastermind is stalking him, taunting him, and threatening everything he holds dear. Cross has never been closer to defeat, or in greater danger. In a shocking conclusion, Alex Cross must survive a deadly confrontation-only to discover at last the awful secret of the Mastermind.","https://images-na.ssl-images-amazon.com/images/S/compressed.photo.goodreads.com/books/1440196942i/79379.jpg","server_url","upload\James Patterson\Violets_Are_Blue_-_James_Patterson.epub","1","0","0.00","0","1","1"
"80630","1","3","19696","Free","Turning Angel","After winning the most dangerous case of his career, prosecutor Penn Cage decides to remain in his Southern hometown to raise his young daughter in a safe haven. But nowhere is truly safe -- not from long-buried secrets, or murder....When the nude body of prep school student Kate Townsend is found near the Mississippi River, Penn's best friend, Drew Elliott, is desperate for his counsel. An esteemed family physician, Drew makes a shocking confession that could put him on death row. Penn will do all he can to exonerate Drew, but in a town where the gaze of a landmark cemetery statue -- the Turning Angel -- never looks away, Penn finds himself caught on the jagged edge of blackmail, betrayal, and deadly violence.","https://images-na.ssl-images-amazon.com/images/S/compressed.photo.goodreads.com/books/1327877096i/80630.jpg","server_url","upload\Greg Iles\Turning_Angel_-_Greg_Iles.epub","1","0","0.00","0","1","1"
"80631","1","3","19696","Free","Blood Memory","Forensic expert ""Cat"" Ferry has a stellar reputation until a panic attack paralyzes her at a New Orleans murder scene. Praying the attack is a one-time event, she continues working, but when the same killer strikes again - raising fears that a serial killer is at large - Cat blacks out over the victim's mutilated corpse. Suspended from the FBI task force, Cat returns to her hometown of Natchez, Mississippi, to regroup.Though her colleagues know her as a world-class forensic odontologist, Cat lives a secret life. Plagued by nightmares, and deeply involved with a married homicide detective, Cat holds herself together with iron nerves and alcohol, using her work as a substitute for life.But her family's secluded antebellum estate provides no sanctuary. When some of Cat's forensic chemicals are spilled in her childhood bedroom, two bloody footprints are revealed. This discovery sets in motion a quest to piece together Cat's past - buried memories that could tie her father's murder to the grisly deaths occurring in New Orleans in the present. For only by finding this remorseless killer can Cat save her sanity - and her life.","https://images-na.ssl-images-amazon.com/images/S/compressed.photo.goodreads.com/books/1327877256i/80631.jpg","server_url","upload\Greg Iles\Blood_Memory_-_Greg_Iles.epub","1","0","0.00","0","1","1"
"82812","1","3","14255","Free","Irresistible Forces","Danielle Steel's forty-seventh bestselling novel is very much about the tides of our times, changes and responsibilities in the workplace pull two people in different directions, sweeping them into new lives and changed worlds...Irresistible ForcesFor fourteen years, Steve and Meredith Whitman have sustained a marriage of passion and friendship--despite the demands of two all-consuming careers.  Meredith, an investment banker, has achieved partnership in one of Wall Street's top firms.  Steve, a gifted physician, chose an urban trauma ward over the big money he could have earned elsewhere.  The only thing missing in their lives is children.  Steve longs for them.  But Meredith keeps putting off motherhood, saying she isn't ready and doesn't have time.  Not yet.  Especially now that she has been offered an extraordinary opportunity, a chance to reach for the brass ring--in San Francisco, three thousand miles away.  Meredith is thrilled and surprised when Steve urges her to accept a top position at an exciting young high-tech company.  Traditionally, men's careers forces families to move to new cities, compelling their wives to abandon friends, home, and lives to follow.  But Steve is more than willing to uproot himself. Saying he'll join her as he can find a new job himself, they can begin their family at last.Neither Steve nor Meredith had reckoned on the frustrations of a bi-coastal marriage, as Steve's job keeps him in New York for months longer than planned.  Weekends together, their lifeline, fall prey to their hectic schedules.  Alone in San Francisco, Meredith is spending long hours at the office with her boss, charismatic entrepreneur Callan Dow.  Steve working late shifts at the hospital, grabbing an occasional dinner with a new colleague, a doctor raising a daughter on her own.  Almost unnoticed, Steve and Meredith have begun living separate lives in increasingly separate worlds.  And despite the best of intentions, irresistible forces begin to tear their lives and hearts apart.With unerring insight, Danielle Steel explores what happens when lives that fit together like delicately balanced puzzles are shifted, changed, and drift apart.  Only time can tell who and what they will become as life sweeps them onward and deposits them on new, sometimes frightening, and often exciting shores.  Who survives, is at the core of Irresistible Forces.>From the Hardcover edition.","https://images-na.ssl-images-amazon.com/images/S/compressed.photo.goodreads.com/books/1171026175i/82812.jpg","server_url","upload\Danielle Steel\Irresistible_Forces_-_Danielle_Steel.epub","1","0","0.00","0","1","1"
"82814","1","3","14255","Free","Echoes","For the Wittgenstein family, the summer of 1915 was a time of both prosperity and unease, as the guns of war sound in the distance. But for eldest daughter Beata, it was also a summer awakening. By glimmering Lake Geneva, the quiet Jewish beauty met a young French officer and fell in love. Knowing that her parents would never accept her marriage to a Catholic, Beata followed her heart anyway. As the two built a new life together, Beata's past would stay with her in ways she could never have predicted. For as the years pass, and Europe is once again engulfed in war, Beata must watch in horror as Hitler's terror threatens her life and family--even her eighteen-year-old daughter Amadea, who has taken on the vows of a Carmelite nun.For Amadea, the convent is no refuge. As family and friends are swept away without a trace, Amadea is forced in hiding. Thus begins a harrowing journey of survival, as she escapes into the heart of the French Resistance. Here Amadea will find a renewed sense of purpose, taking on the most daring missions behind enemy lines. And it is here, in the darkest moments of fear, that Amadea will feel her mother's loving strength--and that of her mother's mother before her--as the voices of lost loved once echo powerfully in her heart. And here, amid the fires of war, Amadea will meet an extraordinary man, British secret agent Rupert Montgomery. In Colonel Montgomery, Amadea finds a man who will help her discover her place in an unbreakable chain between generations... and between her lost family and her dreams for the future--a future she is only just beginning to imagine: a future of hope rooted in the rich soil of the past.","https://images-na.ssl-images-amazon.com/images/S/compressed.photo.goodreads.com/books/1422945984i/82814.jpg","server_url","upload\Danielle Steel\Echoes_-_Danielle_Steel.epub","1","0","0.00","0","1","1"
"82817","1","3","14255","Free","Zoya","Against the backdrop of the Russian Revolution and World War I Europe, Zoya, young cousin to the Tsar, flees St. Petersburg to Paris to find safety. Her entire world forever changed, she faces hard times and joins the Ballet Russe in Paris. And then, when life is kind to her, Zoya moves on to a new and glittering life in New York. The days of ease are all too brief as the Depression strikes, and she loses everything yet again. It is her career, and the man she meets in the course of it, which ultimately save her, as she rebuilds her life through the war years and beyond. And it is her family that comes to mean everything to her. From the roaring twenties to the 1980's, Zoya remains a rare and spirited woman whose legacy will live on.","https://images-na.ssl-images-amazon.com/images/S/compressed.photo.goodreads.com/books/1171026179i/82817.jpg","server_url","upload\Danielle Steel\Danielle_Steel_-_Zoya_-_1988.epub","1","0","0.00","0","1","1"
"82955","1","3","7184","Free","The Country Girls Trilogy and Epilogue","“Delicious...wholly original...sensitive as a harp string...captures the vigilance of childhood and reproduces, eerily intact, its heightened sensations.” —NewsdayFrom the acclaimed author of Country Girl: A Memoir Kate and Baba are two ambitious Irish country girls in search of life: romantic Kate seeks love, while pragmatic Baba will take whatever she can get. Together they set out to conquer Dublin and the world. Under the big city’s bright lights, they spin their lives into a whirl of comic and touching misadventures, wild flirtations, and reckless passions. But love changes everything. And as their lives take unexpected and separate turns, Baba and Kate must ultimately learn to go it alone.A beautiful portrait of the pain and joy of youth, the ruin of marriage gone wrong, and the ache of lost friendship and love, this trilogy of Edna O’Brien’s remarkable early novels is more than just a harbinger of the stunning and masterly writer she has become.","https://images-na.ssl-images-amazon.com/images/S/compressed.photo.goodreads.com/books/1388276273i/82955.jpg","server_url","uploads/Edna O'Brien/Country_Girls_-_Edna_O'Brien.epub","1","0","0.00","0","1","1"
"84736","1","3","3780","Free","Mary, Mary","FBI Agent Alex Cross is on vacation with his family in Disneyland when he gets a call from the Director. A well-known actress was shot outside her home in Beverly Hills. Shortly afterward, an editor for the Los Angeles Times receives an e-mail describing the murder in vivid details. Alex quickly learns that this is not an isolated incident. The killer, known as Mary Smith, has done this before and plans to kill again.Right from the beginning, this case is like nothing Alex has ever been confronted with before. Is this the plan of an obsessed fan or a spurned actor, or is it part of something much more frightening? Now members of Hollywood's A-list fear they're next on Mary's list, and the case grows by blockbuster proportions as the LAPD and FBI scramble to find a pattern before Mary can send one more chilling update.","https://images-na.ssl-images-amazon.com/images/S/compressed.photo.goodreads.com/books/1388217078i/84736.jpg","server_url","upload\James Patterson\Mary,_Mary_-_James_Patterson.epub","1","0","0.00","0","1","1"
"84777","1","3","12470","Free","City of Bones","Detective Harry Bosch tears open a 20-year-old murder case - with an explosive ending that leave all Bosch fans hungrily awaiting the next instalment.When the bones of a twelve-year-old boy are found scattered in the Hollywood Hills, Harry Bosch is drawn into a case that brings up the darkest memories from his own haunted past. The bones have been buried for years, but the cold case doesn't deter Bosch. Unearthing hidden stories, he finds the child's identity and reconstructs his fractured life, determined that he not be forgotten.At the same time, a new love affair with a female cop begins to blossom for Bosch - until a stunningly blown mission leaves him in more trouble than ever before in his turbulent career. The investigation races to a shocking conclusion and leaves Bosch on the brink of an unimaginable decision.","https://images-na.ssl-images-amazon.com/images/S/compressed.photo.goodreads.com/books/1441057369i/84777.jpg","server_url","upload\Michael Connelly\(Harry_Bosch_8)_Michael_Connelly_-_City_of_Bones-Warner_Books_(2006).epub","1","0","0.00","0","1","1"
"85733","1","3","3780,4255","Free","Beach Road","Tom Dunleavy has a one-man law firm in America's wealthiest resort town: legendary East Hampton. But his job barely keeps him in paper clips. His clients make a living serving the rich. The billionaires and celebrities swarming the beaches already have lawyers on their payroll.Very ExpensiveThen a friend of Tom's is arrested for a triple murder near a movie star's mansion. Tom knows in his gut that Dante Halleyville is innocent. Dante asks him to represent him in what could be the Trial of the Century.Very ExclusiveTom recruits Manhattan superlawyer Kate Costello to help. She's a tough hire, because Kate is his ex-girlfriend, but she agrees. In their search to find who really executed three locals, Tom orchestrates a series of revelations to expose the killer, and what emerges is staggering.Very ExplosiveThe final scenes of this audiobook unveil a truth that will leave readers gasping in shock. Written with the precision that has made James Patterson ""a master of his genre"" (USA Today), Beach Road is his wildest, most thrilling novel ever.","https://images-na.ssl-images-amazon.com/images/S/compressed.photo.goodreads.com/books/1387705973i/85733.jpg","server_url","upload\James Patterson\Beach_Road_-_James_Patterson.epub","1","0","0.00","0","1","1"
"85989","1","3","11654","Free","Princess on the Brink","At last, Mia is a junior. An upperclassperson. So why is it that everything is going so terribly wrong? What is she doing in Intro to Creative Writing? When she has made it through Algebra and Geometry, why must she be faced with Precalculus? All this is nothing compared to the news Michael springs on her, however. Her beloved boyfriend could be leaving for Japan for a year—or more! Precalc has nothing on preparing for the worst separation ever!Turns out there is one way she might convince Michael to stay. But will she? Or won't she? No matter what, Mia seems headed for disaster.","https://images-na.ssl-images-amazon.com/images/S/compressed.photo.goodreads.com/books/1441944648i/85989.jpg","server_url","upload\Meg Cabot\Princess_on_the_Brink_-_Meg_Cabot.epub","1","0","0.00","0","1","1"
"85993","1","3","11654","Free","Party Princess","Princess just want to have fun . . . And Mia does too, despite the fact that the student government over which she presides is suddenly broke. But Grandmere's got a wacky scheme to raise the money, catapult Mia to theatrical fame, and link her romantically with an eligible teen bachelor who's not her boyfriend. No wonder Michael seems to think she's a psycho, or worse: not much fun. Is it possible that Mia, soon-to-be star of the stage, president of the student body, and future ruler of Genovia, doesn't know how to party?","https://images-na.ssl-images-amazon.com/images/S/compressed.photo.goodreads.com/books/1747879247i/85993.jpg","server_url","upload\Meg Cabot\Party_Princess_-_Meg_Cabot.epub","1","0","0.00","0","1","1"
"86424","1","3","3780,8214","Free","Lifeguard","The wildest thriller yet from ""one of America's most influential authors"" (New York Times)...Working as a lifeguard at a luxurious Florida resort, Ned Kelly meets the woman of his dreams. It feels perfect in every way-except that she's used to caviar and Manolo Blahniks, and he's used to burgers and flip-flops.So when Ned's cousin offers to cut him in on a fast break-and-enter job, Ned can't turn it down. The risk is high, and the reward is even greater-$5 million. But the robbery goes devastatingly wrong. Forced to run away from his town and the woman he's fallen in love with, Ned knows that only distance and secrecy can save his life. But who is pursuing him? The FBI? Whoever sabotaged the heist? Or is it all somehow tied in to his new love-and his oldest enemies?","https://images-na.ssl-images-amazon.com/images/S/compressed.photo.goodreads.com/books/1344264201i/86424.jpg","server_url","upload\James Patterson\Lifeguard_-_James_Patterson.epub","1","0","0.00","0","1","1"
"86663","1","3","2384","Free","Ten Big Ones","""I'm Stephanie Plum. My mother says that I'm famous and have to set a good example. She's right, but I'm from Jersey and truth is, I have a hard time getting a grip on the good example thing.""Swing off the Jersey Turnpike and you'll be in bounty hunter Stephanie Plum's neighborhood. You'll know it because all hell will be breaking loose. Not that she looks for trouble - it just seems to follow her. In Ten Big Ones it explodes at a deli, and when Stephanie pegs a robber as a member of a vicious Trenton gang, they peg her as dead. Vice cop Joe Morelli fears she's in way too deep - even with the help of crime-solving, cross-dressing, bus driver Sally Sweet, and Stephanie's friend Lula riding shotgun as backup. With a notorious killer on her tail, Stephanie figures the best hideout is Ranger's secret lair...Original.","https://images-na.ssl-images-amazon.com/images/S/compressed.photo.goodreads.com/books/1171076278i/86663.jpg","server_url","upload\Janet Evanovich\Ten_Big_Ones_-_Janet_Evanovich.epub","1","0","0.00","0","1","1"
"87976","1","3","1879,2769068,162024","Free","The Tower Treasure","The first of an enduring series.The Hardy Boys will soon celebrate their 100th anniversary, but they remain the quintessential mystery and detective stories for younger readers. This first one, 'The Tower Mystery,' introduced the action, mystery, and suspense themes. The boys continue to deliver thrills to this day.It all starts with the boys, Frank and Joe, on their motorcycles delivering important papers to a lawyer in Willowville for their father, Fenton Hardy. He's the well-known private investigator who lives with his family in Bayport. A reckless driver almost forces them over the embankment. It is not long before they find that their friend Chet's yellow jalopy has been stolen, possibly by the same red-haired driver! Stolen loot may be the issue. Later a dying criminal confesses that the loot has been stashed ""in the tower"" and the Hardy Boys make an astonishing discovery.","https://images-na.ssl-images-amazon.com/images/S/compressed.photo.goodreads.com/books/1539191892i/87976.jpg","server_url","upload\Franklin W. Dixon\02-Evil,_Inc_-_Franklin_W._Dixon.epub","1","0","0.00","0","1","1"
"88061","1","5","6356","Free","Dreams from My Father: A Story of Race and Inheritance","In this lyrical, unsentimental, and compelling memoir, the son of a black African father and a white American mother searches for a workable meaning to his life as a black American. It begins in New York, where Barack Obama learns that his father—a figure he knows more as a myth than as a man—has been killed in a car accident. This sudden death inspires an emotional odyssey—first to a small town in Kansas, from which he retraces the migration of his mother’s family to Hawaii, and then to Kenya, where he meets the African side of his family, confronts the bitter truth of his father’s life, and at last reconciles his divided inheritance.","https://images-na.ssl-images-amazon.com/images/S/compressed.photo.goodreads.com/books/1352340675i/88061.jpg","server_url","upload\Barack Obama\Dreams_from_My_Father_-_Barack_Obama.epub","1","0","0.00","0","1","1"
"89160","1","3","17065","Free","Judgment in Death","'She stood in Purgatory and studied death. The blood and the gore of it, the ferocity of its glee. It had come to this place with the wilful temper of a child, full of heat and passion and careless brutality.' In an uptown strip joint a cop is found bludgeoned to death. The weapon's a baseball bat. The motive is a mystery. It's a case of serious overkill that pushes Eve Dallas straight into overdrive. Her investigation uncovers a private club that's more than a hot spot. Purgatory's a last chance for atonement where everyone is judged. Where your ultimate fate depends on your most intimate sins. And where one cop's hidden secrets are about to plunge innocent souls into vice-ridden damnation...","https://images-na.ssl-images-amazon.com/images/S/compressed.photo.goodreads.com/books/1390135645i/89160.jpg","server_url","upload\J.D. Robb\Judgment_in_Death_-_J._D._Robb.epub","1","0","0.00","0","1","1"
"89284","1","5","5856","Free","Assholes Finish First","From the Tucker Max website: What do you do when you've become rich and famous for writing a #1 best-selling book about your drunken, sexual misadventures? I'll tell you what I do: I write another fucking book.This is that book. Assholes Finish First is hilarious in ways you will recognize from I Hope They Serve Beer In Hell, and in other, newer ways you won't. Of course it has all the sex and debauchery you expect from my writing, but with a twist. You already know how I deal with women when I am poor and anonymous. You have no idea how I do it when I have money and fame.It also answers the hard questions you've never thought of asking. What's it like to have sex with a midget? How about two of 'em? What happens when you eat too much beef jerky and then drink a gallon of vegetable juice? Or get head in an X-ray machine? The answers are inside, they are absurd, and they are the product of one man's experiences:My name is still Tucker Max, and I am still an asshole.","https://images-na.ssl-images-amazon.com/images/S/compressed.photo.goodreads.com/books/1389934184i/89284.jpg","server_url","upload\Tucker Max\Assholes_Finish_First.epub","1","0","0.00","0","1","1"
"89552","1","3","44003","Free","The Dragon Revenant","For years the provinces of Deverry have been in turmoil; now the conflict escalates with the kidnapping of Rhodry Maelwaedd, heir to the throne of Aberwyn.  Intent on rescuing him, his beloved Jill and the elven wizard Salamander infiltrate the distant land of Bardex, where Rhodry is held captive.  Tied to Deverry by obligation and circumstance, the immortal wizard Nevyn begins to see that all the kingdom's problems can be traced to a single a master of dark magics, backed by a network of evil that stretches across the sea.  Now Nevyn understands that he too is being lured away to Bardek--and into a subtle, deadly trap designed especially for him.Katharine Kerr's novels of the Kingdom of Deverry unfold in a world of stunning richness and depth.  Her vivid portrayal of characters caught in a complex web of fate and magic captures the imagination with a realism that few can match.  Now she retums to this enchanted kingdom, where the wheels of destiny are tuming anew.","https://images-na.ssl-images-amazon.com/images/S/compressed.photo.goodreads.com/books/1386922177i/89552.jpg","server_url","upload\Katharine Kerr\The_Dragon_Revenant_-_Katharine_Kerr.epub","1","0","0.00","0","1","1"
"89694","1","3","17065,717304","Free","Haunted in Death","Number Twelve is an urban legend in 2060 New York City. The hot club in the 1960s, it is now reported to be haunted?and cursed. Lieutenant Eve Dallas is called there to investigate the apparent murder of Radcliff Hopkins, its new owner and the grandson of the man who made Number Twelve a cultural icon. Several bullets from a banned gun end his dream of returning the building to its former glory. With everyone around her talking about the supernatural, pragmatic Eve won't let rumors of ghosts distract her from hard evidence. The case becomes even more bizarre when it appears to be linked to the suspicious disappearance of a rock star eighty-five years ago. As Eve searches for the connection, logic clashes with the unexplainable. She may be forced to face the threat of something more dangerous than a flesh-and-blood killer.Duration: Approximately 180 min.","https://images-na.ssl-images-amazon.com/images/S/compressed.photo.goodreads.com/books/1171163374i/89694.jpg","server_url","upload\J.D. Robb\Haunted_in_Death_-_J._D._Robb.epub","1","0","0.00","0","1","1"
"91767","1","5","8262","Free","Frida: A Biography of Frida Kahlo","Hailed by readers and critics across the country, this engrossing biography of Mexican painter Frida Kahlo reveals a woman of extreme magnetism and originality, an artist whose sensual vibrancy came straight from her own experiences: her childhood near Mexico City during the Mexican Revolution; a devastating accident at age eighteen that left her crippled and unable to bear children; her tempestuous marriage to muralist Diego Rivera and intermittent love affairs with men as diverse as Isamu Noguchi and Leon Trotsky; her association with the Communist Party; her absorption in Mexican folklore and culture; and her dramatic love of spectacle.Here is the tumultuous life of an extraordinary twentieth-century woman -- with illustrations as rich and haunting as her legend.","https://images-na.ssl-images-amazon.com/images/S/compressed.photo.goodreads.com/books/1407108642i/91767.jpg","server_url","upload\Hayden Herrera\7_Frida_The_Biography_of_Frida_Kahlo_by_Hayden_Herrera_infinityreviews1.epub","1","0","0.00","0","1","1"
"92003","1","3","11590","Free","The Atlas of Middle-Earth","Karen Wynn Fonstad's THE ATLAS OF MIDDLE-EARTH is an essential volume that will enchant all Tolkien fans. Here is the definitive guide to the geography of Middle-earth, from its founding in the Elder Days through the Third Age, including the journeys of Bilbo, Frodo, and the Fellowship of the Ring. Authentic and updated -- nearly one third of the maps are new, and the text is fully revised -- the atlas illuminates the enchanted world created in THE SILMARILLION, THE HOBBIT, and THE LORD OF THE RINGS.Hundreds of two-color maps and diagrams survey the journeys of the principal characters day by day -- including all the battles and key locations of the First, Second, and Third Ages. Plans and descriptions of castles, buildings, and distinctive landforms are given, along with thematic maps describing the climate, vegetation, languages, and population distribution of Middle-earth throughout its history. An extensive appendix and an index help readers correlate the maps with Tolkien's novels.","https://images-na.ssl-images-amazon.com/images/S/compressed.photo.goodreads.com/books/1529947259i/92003.jpg","server_url","upload\Karen Wynn Fonstad\Atlas_Of_Middle_Earth_-_J.R.R.Tolkien.epub","1","0","0.00","0","1","1"
"92057","1","5","17435,17434","Free","The Autobiography of Malcolm X","Alternate cover for ISBN 9780345350688Through a life of passion and struggle, Malcolm X became one of the most influential figures of the 20th Century. In this riveting account, he tells of his journey from a prison cell to Mecca, describing his transition from hoodlum to Muslim minister. Here, the man who called himself ""the angriest Black man in America"" relates how his conversion to true Islam helped him confront his rage and recognize the brotherhood of all mankind. An established classic of modern America, ""The Autobiography of Malcolm X"" was hailed by the New York Times as ""Extraordinary. A brilliant, painful, important book."" Still extraordinary, still important, this electrifying story has transformed Malcolm X's life into his legacy. The strength of his words, and the power of his ideas continue to resonate more than a generation after they first appeared.","https://images-na.ssl-images-amazon.com/images/S/compressed.photo.goodreads.com/books/1434682864i/92057.jpg","server_url","upload\Malcolm X\The_Autobiography_of_Malcolm_X_-_Malcolm_X.epub","1","0","0.00","0","1","1"
"92846","1","3","9629","Free","Antrax","Brave explorers led by the last Druid, Walker Boh, traveled across unknown seas in search of an elusive magic. But now it seems that Walker and his team were lured there for sinister, unforeseen purposes. As the crew aboard the airship Jerle Shannara is being attacked by evil forces, the Druid's protege, Bek Rowe, and his companions are being pursued by the mysterious Ilse Witch. Meanwhile, Walker is alone, caught in a dark maze beneath the ruined city of Castledown, stalked by a hungry, unseen enemy. It is alive, but not human, coveting the magic of Druids, elves, even the Ilse Witch. It hunts men for its own designs. It is Antrax: a spirit that feeds off enchantment and traps the souls of men. And with it, the fate of the Four Lands hangs in the balance.","https://images-na.ssl-images-amazon.com/images/S/compressed.photo.goodreads.com/books/1388210781i/92846.jpg","server_url","upload\Terry Brooks\Voyage_of_Jerle_Shannara_2_Antr_-_Terry_Brooks.epub","1","0","0.00","0","1","1"
"92855","1","3","9629","Free","First King of Shannara","Outcast by the Druids for his devotion to the forbidden art of Magic, Bremen discovers that dark forces are on the move, led by the Warlock Lord, Brona. If the peoples of the Four Lands are to escape eternal subjugation, they must unite. But they need a weapon, something so powerful that the evil Magic of Brona will fail before its might.","https://images-na.ssl-images-amazon.com/images/S/compressed.photo.goodreads.com/books/1171251172i/92855.jpg","server_url","upload\Terry Brooks\First_King_of_Shannara_-_Terry_Brooks.epub","1","0","0.00","0","1","1"
"93726","1","3","11654","Free","Princess in Training","The sixth book in the #1 New York Times bestselling Princess Diaries series by Meg Cabot.Student body president, that is—nominated by her power-mad best friend, Lilly. This is not how Mia imagined kicking off her sophomore year, but as usual, she has bigger problems to worry about, like Geometry. And now that Mia's one true love, Michael, is uptown at college, what's the point of even getting up for school in the morning? But the last straw is what Lana whispers to her on the lunch line about what college boys expect of their girlfriends. . . . Really, it's almost more than a princess in training can bear!","https://images-na.ssl-images-amazon.com/images/S/compressed.photo.goodreads.com/books/1747879173i/93726.jpg","server_url","upload\Meg Cabot\Princess_in_Training_-_Meg_Cabot.epub","1","0","0.00","0","1","1"
"93728","1","3","11654","Free","Princess in Love","In a series of humorous diary entries, a New York City ninth grader agonizes over her love life, final exams, and future role as the princess of Genovia.","https://images-na.ssl-images-amazon.com/images/S/compressed.photo.goodreads.com/books/1271682172i/93728.jpg","server_url","upload\Meg Cabot\Princess_in_Love_-_Meg_Cabot.epub","1","0","0.00","0","1","1"
"93729","1","3","11654","Free","Princess in Waiting","Never before has the world seen such a princess.Nor have her own subjects, for that matter. Mia's royal introduction to Genovia has mixed results: while her fashion sense is widely applauded, her position on the installation of public parking meters is met with resistance.But the politics of bureaucracy are nothing next to Mia's real troubles. Between canceled dates with her long—sought—after royal consort, a second semester of the dreaded Algebra, more princess lessons from Grandmère as a result of the Genovian parking—meter thing, and the inability to stop gnawing on her fingernails, isn't there anything Mia is good at besides inheriting an unwanted royal title?","https://images-na.ssl-images-amazon.com/images/S/compressed.photo.goodreads.com/books/1493531966i/93729.jpg","server_url","upload\Meg Cabot\Princess_in_Waiting_-_Meg_Cabot.epub","1","0","0.00","0","1","1"
"93742","1","3","11654,144279","Free","Perfect Princess","Sleeping Beauty, Victoria, Cleopatra, Snow White, Elizabeth, Pocahontas, Mia Thermopolis: ALL PRINCESSESDo YOU have what it takes to be a princess? PRINCESS MIA will help you find out.Best-selling Princess Diaries author Meg Cabot and acclaimed fashion artist Chesley McLaren team up again to display this clever royal roster of princesses of the world. Big or small, old or new, fact or fiction, our favorite princess Amelia Mignonette Grimaldi Thermopolis Renaldo (aka Mia) will point out why these princesses rule, and how any girl can too!","https://images-na.ssl-images-amazon.com/images/S/compressed.photo.goodreads.com/books/1348587391i/93742.jpg","server_url","upload\Meg Cabot\Perfect_Princess_-_Meg_Cabot.epub","1","0","0.00","0","1","1"
"93743","1","3","11654,144279","Free","Princess Lessons","ALL YOU NEED TO KNOW TO BE A PRINCESS --   OR   JUST LIVE LIKE ONE   Compiled by MIA THERMOPOLIS aka Princess Amelia Mignonette Grimaldi Thermopolis Renaldo of Genovia","https://images-na.ssl-images-amazon.com/images/S/compressed.photo.goodreads.com/books/1348583918i/93743.jpg","server_url","upload\Meg Cabot\Princess_Lessons_-_Meg_Cabot.epub","1","0","0.00","0","1","1"
"95381","1","3","12546","Free","Pale Horse Coming","The Year is 1951. A smooth-talking Chicago lawyer has come to chat with Sam Vincent, a former prosecutor, about a dangerous unknown - a prison for violent black convicts in Thebes, Mississippi, a place of many questions but no answers. Would Sam, a white man and a Southerner, be willing to investigate? When Sam vanishes in the mists and swamps, his old friend Earl Swagger packs his gun and heads to Thebes where he discovers sinister secrets that go far beyond the prison walls. The whole town guards itself from nosy strangers with a private army of brutal, gun-toting, Klan-type thugs and rednecks. After barely escaping, Earl vows to right things and reclaim Thebes from the throes of a sinister conspiracy. But first, he enlists just a little help from his friends. Featuring the same fast-paced action and page-turning thrills that made Hot Springs a heart-stopping bestseller, Pale Horse Coming is a triumphant successor.","https://images-na.ssl-images-amazon.com/images/S/compressed.photo.goodreads.com/books/1315656701i/95381.jpg","server_url","upload\Stephen Hunter\Pale_Horse_Coming_-_Stephen_Hunter.epub","1","0","0.00","0","1","1"
"96485","1","7","12692","Free","The Last Mercenary","THE LAST MERCENARY WAS ABOUT TO RETIRE HIS GUN…
But that was before the virginal beauty from Micah Steele's past was kidnapped by his sworn enemy. Traveling far and wide to rescue Callie Kirby from a dangerous desperado was far less daunting than trying to combat Micah's potent desire for the feisty young woman. Though her beguiling innocence and sassy spirit penetrated Micah's granite heart, bitter discord had shattered their trust and torn them apart. Still, the heavenly taste of Callie's sweetly tempting lips and the heady rush of her satiny-soft body yielding to him so trustingly was slowly driving Micah insane. Was the last mercenary finally ready to claim his bride?","https://images-na.ssl-images-amazon.com/images/S/compressed.photo.goodreads.com/books/1386924751i/96485.jpg","server_url","upload\Diana Palmer\The_Last_Mercenary_-_Diana_Palmer.epub","1","0","0.00","0","1","1"
"96498","1","3","12692","Free","Mercenary's Woman","Book by Diana Palmer","https://images-na.ssl-images-amazon.com/images/S/compressed.photo.goodreads.com/books/1245754395i/96498.jpg","server_url","upload\Diana Palmer\Mercenary's_Woman_-_Diana_Palmer.epub","1","0","0.00","0","1","1"
"96977","1","3","8516","Free","Castle Roogna","Millie, a ghost for 800 years wants only one man--Jonathan, and he's a zombie. To prove himself, Magician Dor volunteers to get the potion that can restore Jonathan to full life. But he has to go back through time to do it, to a peril-haunted, ancient Xanth, where danger lurks at every turn....From the Paperback edition.","https://images-na.ssl-images-amazon.com/images/S/compressed.photo.goodreads.com/books/1388701282i/96977.jpg","server_url","upload\Piers Anthony\Castle_Roogna_-_Piers_Anthony.epub","1","0","0.00","0","1","1"
"96978","1","3","8516","Free","Currant Events","When Clio, the Muse of History, sat down to pen the twenty-eighth volume in the Chronicles of Xanth, she was stunned to discover it was already there! And, what was worse, it was totally unreadable, for the words on its pages were fuzzed beyond comprehension.Vexed and bewildered, and more than a little concerned, Clio resolved to leave the quiet comfort of her study on the slopes of Mount Parnassus, and ask her old friend, the Good Magician Humfrey, to search a solution to her problem in his Book of Answers.But, much to her consternation, Humfrey required her to perform a magical Service before she could acquire her Answer: to rescue Xanth's dragons from the verge of extinction before the delicate balance of its wildlife was permanently thrown out of whack.Her momentous mission lead her to a dangerous Dragon World hidden amongst the Moons of Ida, across a perilous landscape filled with wonder and danger, in search of the fabled Currant, a very rare red berry that might hold the secret she sought.Along the way she acquired a fellowship of companions, including the brave and beautiful Becka Dragongirl, a pair of pocket dragons named Drew and Drusie, a charming young child called Ciriana whose destiny was somehow entwined with hers, and Sherlock, a sweet but homely man from Mundania who might just be a master magician himself.Together they gradually began to unravel the momentous mystery of Xanth's missing history. And Clio began to realize that Sherlock's enchantments had begun to work their way into her heart.","https://images-na.ssl-images-amazon.com/images/S/compressed.photo.goodreads.com/books/1316727875i/96978.jpg","server_url","upload\Piers Anthony\Currant_Events_-_Piers_Anthony.epub","1","0","0.00","0","1","1"
"96979","1","3","8516","Free","Man from Mundania","For a bored, young princess of Xanth, there's nothing more exciting than a Quest. Especially when all you do is sit around Castle Roogna. But when Ivy uses the Heaven Cent, it takes her not to the top of Mount Rushmost, where the winged monsters gather, not to the sea where the merfolk swim--but to Mundania, a world much like our own (that is, boring). It is here that she meets a young college student so dull that he doesn't even believe in magic, or princesses, or Xanth!Does he have a lot to learn.The thrilling climax to the trilogy started in Vale of the Vole and continued in Heaven Cent.","https://images-na.ssl-images-amazon.com/images/S/compressed.photo.goodreads.com/books/1386922210i/96979.jpg","server_url","upload\Piers Anthony\Man_From_Mundania_-_Piers_Anthony.epub","1","0","0.00","0","1","1"
"96980","1","3","8516","Free","Centaur Aisle","Dor agreed to act as King of Xanth so long as Trent was gone for a week. But the weeks passed and Trent did not return. Dor knew he had to rescue his king but with no magic powers, how could it be done...?From the Paperback edition.","https://images-na.ssl-images-amazon.com/images/S/compressed.photo.goodreads.com/books/1179544543i/96980.jpg","server_url","upload\Piers Anthony\Centaur_Aisle_-_Piers_Anthony.epub","1","0","0.00","0","1","1"
"96982","1","3","8516","Free","Cube Route","For nearly three decades, Piers Anthony's bestselling Xanth series has been delighting tens of thousands of fantasy fans around the world. Now, with Cube Route, the series' twenty-seventh adventure, Anthony has penned a tale that adds another dimension to this exciting saga.In the magical land of Xanth, wishes are far more than mere words. So when a Plain Jane called Cube whispers a wistful wish to be beautiful, she finds herself leading a company of colorful companions on a search for the mysterious Cube Route--a perilous path that leads to danger, adventure, and perhaps her heart's desire as well.This curious quest takes them all over Xanth, into the mythical realm of Phaze, and even to our own world, where Cube rescues a beautiful human woman from a very ugly situation, ending at last in a mysterious Counter-Xanth where things can be transformed into their opposites in the wink of an eye.A rollicking tale brimming with laughter, wonder, and enchantment, Cube Route is also a moving exploration of the beauty that dwells within all of us.","https://images-na.ssl-images-amazon.com/images/S/compressed.photo.goodreads.com/books/1388380035i/96982.jpg","server_url","upload\Piers Anthony\Cube_Route_-_Piers_Anthony.epub","1","0","0.00","0","1","1"
"98190","1","5","56409","Free","Bette Davis: A Biography","Drawn largely from conversations with her friends, lovers, fellow actors, and family members, here is the full story of cinematic legend Bette Davis (1908-1989). Leaming chronicles the Academy Award-winner's work in such memorable films as Of Human Bondage, Jezebel, Dark Victory, All About Eve, and Whatever Happened to Baby Jane?, as well as her four unhappy marriages, her notorious legal battle with Warner Bros., and her struggles with both alcoholism and mental illness.","https://images-na.ssl-images-amazon.com/images/S/compressed.photo.goodreads.com/books/1347797397i/98190.jpg","server_url","upload\Barbara Leaming\Bette_Davis_A_Biography.epub","1","0","0.00","0","1","1"
"99085","1","3","5329","Free","Lord Brocktree","The young haremaid Dotti and the badger-warrior Lord Brocktree—unlikely comrades—set out for Salamandastron together, only to discover the legendary mountain has been captured by the wildcat Ungatt Trunn and his Blue Hordes. To face them, the two must rally an army—hares and otters, shrews and moles, mice and squirrels—and execute a plan that makes up in cleverness what it lacks in force.","https://images-na.ssl-images-amazon.com/images/S/compressed.photo.goodreads.com/books/1442624011i/99085.jpg","server_url","upload\Brian Jacques\Lord_Brocktree__A_Tale_From_Red_-_Brian_Jacques.ePub","1","0","0.00","0","1","1"
"99449","1","3","8516","Free","Heaven Cent","In the mind of Xanth's precious shapeshifting Prince Dolph, the perfect way to see the world is to search for the missing sorcerer, Humfrey. Setting off with his faithful companion, Marrow, an enchanted skeleton, Dolph will penetrate an island of illusion, escape a goblin kingdom, outwit a husband-hungry mermaid, save Marrow from bone-starved harpies, and find romance with a slinky snake princess--all on his way to discovering a magic coin with all the answers!","https://images-na.ssl-images-amazon.com/images/S/compressed.photo.goodreads.com/books/1388952917i/99449.jpg","server_url","upload\Piers Anthony\Heaven_Cent_-_Piers_Anthony.epub","1","0","0.00","0","1","1"
"99450","1","3","8516","Free","Isle of View","LovelornLoveworn Love LostPerplexed Prince Dolph, Xanth's precocious shapeshifter, should be in love but isn't. Nonetheless, he must choose between two fiancees--Nada the uninterested and Electra the uninteresting--or all three of them will suffer the most dire consequences. Luckily a convenient catastrophe has popped up to distract Dolph from his dilemma--the foal-napping of young Che Centaur by goblins. And the only one who knows where Che is is a nice but remarkably naive elflike girl named Jenny from the World of Two Moons. If anyone can save the missing centaur...she sure can't.","https://images-na.ssl-images-amazon.com/images/S/compressed.photo.goodreads.com/books/1394119623i/99450.jpg","server_url","upload\Piers Anthony\Isle_of_View_-_Piers_Anthony.epub","1","0","0.00","0","1","1"
"99452","1","3","8516","Free","Ogre, Ogre","Smash, himself, was part ogre. Although ogres were considered so stupid they coud hardly speak, and spent their time eating young girls, seven assorted females had suddenly turned to him for guidance and saftety? In Xanth, one visit to the Good Magician Humfrey worked wonders....From the Paperback edition.","https://images-na.ssl-images-amazon.com/images/S/compressed.photo.goodreads.com/books/1350835009i/99452.jpg","server_url","upload\Piers Anthony\Ogre,_Ogre_-_Piers_Anthony.epub","1","0","0.00","0","1","1"
"100720","1","3","5768","Free","The Titans","Raging with the heartbreaks and tragedies of our nation's darkest hours, this passionate saga follows a dynamic generation of Kents through the hell of Civil War--from New York, where the Kent empire fears destruction...to Washington, where the family is drawn into the rank web of espionage...to the battlefields of the South, where the youngest Kents rally with pride and honor...along a thundering coast where heroes like Lincoln, Grant and Lee, and maniacal blackguards like John Wilkes Booth, touch the Kents--and change them forever.As the story begins, the Kent dynasty has fallen into the hands of the late Amanda's opportunistic son, Louis...and Jephtha Kent has come North, leaving his three sons at home in the South. A nation torn asunder by holocaust and devastation...a family divided by hatred and greed. Where one battle ends, the other begins, in this turbulent, unforgettable, tale of THE TITANS.","https://images-na.ssl-images-amazon.com/images/S/compressed.photo.goodreads.com/books/1386920176i/100720.jpg","server_url","upload\John Jakes\The_Titans_-_John_Jakes.epub","1","0","0.00","0","1","1"
"102856","1","3","17065","Free","Interlude in Death","In early spring of 2059, Lieutenant Eve Dallas is called off planet to face a grueling ordeal - giving a seminar at the largest police conference of the year, to be held in a swanky resort. A resort which just happens to be owned by her husband, Roarke, of course. Even though Eve can't quite see it that way, it's supposed to be at least partly a vacation. But work intrudes in the form of a bloody homicide, and Eve is off and running. The case is complicated by Eve's personal history with the victim - and by the killer's history with Roarke. As danger closes in and the body count rises, Eve must find a way to stop the cycle of violence and revenge, and shove the past back where it belongs.","https://images-na.ssl-images-amazon.com/images/S/compressed.photo.goodreads.com/books/1390188390i/102856.jpg","server_url","upload\J.D. Robb\Interlude_in_Death_-_J._D._Robb.epub","1","0","0.00","0","1","1"
"102857","1","3","17065,625","Free","Born in Death","Eve Dallas has a grisly double homicide to solve when two young lovers-both employees of the same prestigious accounting firm-are brutally killed on the same night. It doesn't leave Eve a lot of leftover time to put together a baby shower for her buddy Mavis, but that's supposedly what friends are for.Now Mavis needs another favor. Tandy Willowby, one of the moms-to-be in Mavis's birthing class, didn't show up for the shower. A recent emigrant from London, Tandy has few friends in New York, and no family-and she was really looking forward to the party. And when Eve enters Tandy's apartment and finds a gift for Mavis's shower wrapped and ready on the table-and a packed bag for the hospital still on the floor next to it-tingling runs up and down her spine.Normally, such a case would be turned over to Missing Persons. But Mavis wants no one else on the job but Eve-and Eve can't say no. She'll have to track Tandy down while simultaneously unearthing the deals and double-crosses hidden in the files of some of the city's richest and most secretive citizens, in a race against this particularly vicious killer. Luckily, her multimillionaire husband Roarke's expertise comes in handy with the number crunching. But as he mines the crucial data that will break the case wide open, Eve faces an all too real danger in the world of flesh and blood.","https://images-na.ssl-images-amazon.com/images/S/compressed.photo.goodreads.com/books/1298297096i/102857.jpg","server_url","upload\J. D. Robb\Born_in_Death_-_J._D._Robb.epub","1","0","0.00","0","1","1"
"103408","1","2","1567,843200","Free","Thinking In Pictures: and Other Reports from My Life with Autism","Temple Grandin, Ph.D., is a gifted animal scientist who has designed one third of all the livestock-handling facilities in the United States. She also lectures widely on autism because she is autistic, a woman who thinks, feels, and experiences the world in ways that are incomprehensible to the rest of us. In this unprecedented book, Grandin writes from the dual perspectives of a scientist and an autistic person. She tells us how she managed to breach the boundaries of autism to function in the outside world. What emerges is the document of an extraordinary human being, one who gracefully bridges the gulf between her condition and our own while shedding light on our common identity.","https://images-na.ssl-images-amazon.com/images/S/compressed.photo.goodreads.com/books/1481150870i/103408.jpg","server_url","upload\Temple Grandin\Temple_Grandin,_Oliver_Sacks_(Foreword_by)_-_Thinking_in_Pictures__And_Other_Reports_from_My_Life_with_Autism-Vintage_(2006).epub","1","0","0.00","0","1","1"
"104080","1","3","60177","Free","The Last Light of the Sun","In his eagerly awaited new novel, Guy Gavriel Kay turns his gaze to the northlands, brilliantly evoking the Viking, Anglo-Saxon and Celtic cultures of a turbulent age.There is nothing soft or silken about the north. The lives of men and women are as challenging as the climate and lands in which they dwell. For generations, the Erlings of Vinmark have taken their dragon-prowed ships across the seas, raiding the lands of the Cyngael and Anglcyn peoples, leaving fire and death behind. But times change, even in the north, and in a tale woven with consummate artistry, people of all three cultures find the threads of their lives unexpectedly brought together...Bern Thorkellson, punished for his father's sins, commits an act of vengeance and desperation that brings him face-to-face, across the sea, with a past he's been trying to leave behind.In the Anglcyn lands of King Aeldred, the shrewd king, battling inner demons all the while, shores up his defenses with alliances and diplomacy-and with swords and arrows-while his exceptional, unpredictable sons and daughters pursue their own desires when battle comes and darkness falls in the woods.And in the valleys and shrouded hills of the Cyngael, whose voices carry music even as they feud and raid amongst each other, violence and love become deeply interwoven when the dragon ships come and Alun ab Owyn, chasing an enemy in the night, glimpses strange lights gleaming above forest pools.Making brilliant use of saga, song and chronicle, Kay brings to life an unforgettable world balanced on the knife-edge of change in The Last Light of the Sun.","https://images-na.ssl-images-amazon.com/images/S/compressed.photo.goodreads.com/books/1408923778i/104080.jpg","server_url","upload\Guy Gavriel Kay\The_Last_Light_of_the_Sun_-_Guy_Gavriel_Kay.epub","1","0","0.00","0","1","1"
"104085","1","3","60177","Free","A Song for Arbonne","Based on the troubadour culture that rose in Provence during the High Middle Ages, this panoramic, absorbing novel beautifully creates an alternate version of the medieval world.The matriarchal, cultured land of Arbonne is rent by a feud between its two most powerful dukes, the noble troubador Bertran de Talair and Urte de Miraval, over long-dead Aelis, lover of one, wife of the other and once heir to the country's throne.To the north lies militaristic Gorhaut, whose inhabitants worship the militant god Corannos and are ruled by corrupt, womanizing King Ademar. His chief advisor, the high priest of Corannos, is determined to eradicate the worship of a female deity, whose followers live to the south.Into this cauldron of brewing disaster comes the mysterious Gorhaut mercenary Blaise, who takes service with Bertran and averts an attempt on his life. The revelation of Blaise's lineage and a claim for sanctuary by his sister-in-law sets the stage for a brutal clash between the two cultures. Intertwined is the tale of a young woman troubadour whose role suggests the sweep of the drama to come.","https://images-na.ssl-images-amazon.com/images/S/compressed.photo.goodreads.com/books/1309212350i/104085.jpg","server_url","upload\Guy Gavriel Kay\A_Song_for_Arbonne_-_Guy_Gavriel_Kay.epub","1","0","0.00","0","1","1"
"104089","1","3","60177","Free","Tigana","A masterful epic of magic, politics, war, and the power of love and hate — from the renowned author of The Fionavar Tapestry and Children of Earth and Sky.Tigana is the magical story of a beleaguered land struggling to be free. It is the tale of a people so cursed by the black sorcery of a cruel despotic king that even the name of their once-beautiful homeland cannot be spoken or remembered... But years after the devastation, a handful of courageous men and women embark upon a dangerous crusade to overthrow their conquerors and bring back to the dark world the brilliance of a long-lost name...Tigana. Against the magnificently rendered background of a world both sensuous and barbaric, this sweeping epic of a passionate people pursuing their dream is breathtaking in its vision, changing forever the boundaries of fantasy fiction.","https://images-na.ssl-images-amazon.com/images/S/compressed.photo.goodreads.com/books/1348738842i/104089.jpg","server_url","upload\Guy Gavriel Kay\Tigana_-_Guy_Gavriel_Kay.epub","1","0","0.00","0","1","1"
"104091","1","3","60177","Free","Lord of Emperors","The Thrilling Sequel To Sailing To SarantiumBeckoned by the Emperor Valerius, Crispin, a renowned mosaicist, has arrived in the fabled city of Sarantium. Here he seeks to fulfill his artistic ambitions and his destiny high upon a dome that will become the emerror's magnificent sanctuary and legacy.But the beauty and solitude of his work cannot protect his from Sarantium's intrigue. Beneath him the city swirls with rumors of war and conspiracy, while otherworldly fires mysteriously flicker and disappear in the streets at night. Valerius is looking west to Crispin's homeland to reunite an Empire -- a plan that may have dire consequences for the loved ones Crispin left behind.In Sarantium, however, loyalty is always complex, for Crispin's fate has become entwined with that of Valerius and his Empress, as well as Queen Gisel, his own monarch exiled in Sarantium herself. And now another voyager -- this time from the east -- has arrived, a pysician determined to make his mark amid the shifting, treachearous currents of passion and violence that will determine the empire's fate.","https://images-na.ssl-images-amazon.com/images/S/compressed.photo.goodreads.com/books/1386922916i/104091.jpg","server_url","upload\Guy Gavriel Kay\Lord_of_Emperors_-_Guy_Gavriel_Kay.epub","1","0","0.00","0","1","1"
"104097","1","3","60177","Free","Sailing to Sarantium","Crispin is a master mosaicist, creating beautiful art with colored stones and glass. Summoned to Sarantium by imperial request, he bears a Queen's secret mission, and a talisman from an alchemist. Once in the fabled city, with its taverns and gilded sanctuaries, chariot races and palaces, intrigues and violence, Crispin must find his own source of power in order to survive-and unexpectedly discovers it high on the scaffolding of his own greatest creation.","https://images-na.ssl-images-amazon.com/images/S/compressed.photo.goodreads.com/books/1328000207i/104097.jpg","server_url","upload\Guy Gavriel Kay\Sailing_to_Sarantium_-_Guy_Gavriel_Kay.epub","1","0","0.00","0","1","1"
"104101","1","3","60177","Free","The Lions of Al-Rassan","The ruling Asharites of Al-Rassan have come from the desert sands, but over centuries, seduced by the sensuous pleasures of their new land, their stern piety has eroded. The Asharite empire has splintered into decadent city-states led by warring petty kings. King Almalik of Cartada is on the ascendancy, aided always by his friend and advisor, the notorious Ammar ibn Khairan — poet, diplomat, soldier — until a summer afternoon of savage brutality changes their relationship forever.Meanwhile, in the north, the conquered Jaddites' most celebrated — and feared — military leader, Rodrigo Belmonte, driven into exile, leads his mercenary company south.In the dangerous lands of Al-Rassan, these two men from different worlds meet and serve — for a time — the same master. Sharing their interwoven fate — and increasingly torn by her feelings — is Jehane, the accomplished court physician, whose own skills play an increasing role as Al-Rassan is swept to the brink of holy war, and beyond.Hauntingly evocative of medieval Spain, The Lions of Al-Rassan is both a brilliant adventure and a deeply compelling story of love, divided loyalties, and what happens to men and women when hardening beliefs begin to remake — or destroy — a world.","https://images-na.ssl-images-amazon.com/images/S/compressed.photo.goodreads.com/books/1659900897i/104101.jpg","server_url","upload\Guy Gavriel Kay\The_Lions_of_Al-Rassan_-_Guy_Gavriel_Kay.epub","1","0","0.00","0","1","1"
"104765","1","3","41942","Free","Hex and the City","John Taylor is the name. I work the Nightside. Only in that dark heart of London where it's always three A.M., where human and inhuman can feed their darkest desires, do I feel at home. Probably because I was born there. What I do is find things--people, objects--and in this case, the truth about the origins of the Nightside. That's what Lady Luck has hired me to investigate. But the more I dig, the more I discover, not about the Nightside but about the great question in my life: exactly who--and what--was my long-vanished mother. Paying jobs are one thing. Personal quests are another. And I've been warned that uncovering the facts about dear old mum could be a very bad thing, not just for the Nightside but for all of existence. Still I can't stop . . . I'm John Taylor. Finding things is who I am. It's what I do. Whatever the consequences . . .","https://images-na.ssl-images-amazon.com/images/S/compressed.photo.goodreads.com/books/1390140819i/104765.jpg","server_url","upload\Simon R. Green\Hex_and_the_City_-_Simon_R._Green.epub","1","0","0.00","0","1","1"
"104790","1","3","947,569383,8140","Free","All's Well That Ends Well","Helena, a ward of the Countess of Rousillion, falls in love with the Countess's son, Bertram. Daughter of a famous doctor, and a skilled physician in her own right, Helena cures the King of France-who feared he was dying-and he grants her Bertram's hand as a reward. Bertram, however, offended by the inequality of the marriage, sets off for war, swearing he will not live with his wife until she can present him with a son, and with his own ring-two tasks which he believes impossible. However with the aid of a bed trick, Helena fulfils his tasks, Bertram realises the error of his ways, and they are reconciled. We are delighted to publish this classic book as part of our extensive Classic Library collection. Many of the books in our collection have been out of print for decades, and therefore have not been accessible to the general public. The aim of our publishing program is to facilitate rapid access to this vast reservoir of literature, and our view is that this is a significant literary work, which deserves to be brought back into print after many decades. The contents of the vast majority of titles in the Classic Library have been scanned from the original works. To ensure a high quality product, each title has been meticulously hand curated by our staff. Our philosophy has been guided by a desire to provide the reader with a book that is as close as possible to ownership of the original work. We hope that you will enjoy this wonderful classic work, and that for you it becomes an enriching experience.","https://images-na.ssl-images-amazon.com/images/S/compressed.photo.goodreads.com/books/1348276791i/104790.jpg","server_url","upload\William Shakespeare\All's_Well.ePub","1","0","0.00","0","1","1"
"104837","1","3","947,8140,281336","Free","Antony and Cleopatra","A romantic tragedy about the relationship between Mark Antony and the Queen of Egypt, including notes and critical commentary.","https://images-na.ssl-images-amazon.com/images/S/compressed.photo.goodreads.com/books/1347795799i/104837.jpg","server_url","upload\William Shakespeare\Antony_and_Cleopatra.ePub","1","0","0.00","0","1","1"
"104896","1","3","11078","Free","The Merlin Effect","Kate Gordon accompanies her father on a quest for a sunken Spanish galleon that contains a treasure beyond price--a mysterious drinking horn which legend states may have been responsible for Merlin's death. Now, to save her father's life, Kate must enter an undersea world of bizarre creatures and terrifying foes, and succeed where Merlin failed.","https://images-na.ssl-images-amazon.com/images/S/compressed.photo.goodreads.com/books/1309204485i/104896.jpg","server_url","upload\T.A. Barron\The_Merlin_Effect_-_T._A._Barron.epub","1","0","0.00","0","1","1"
"105251","1","5","1328","Free","Heart of a Soldier","Heart of a Soldier is the extraordinary story of war, love and comradeship, danger and heroism, told by a Pulitzer Prize winner who is one of our finest writers.  When Rick Rescorla got home from Vietnam, he tried to put combat and death behind him, but he never could entirely. From the day he joined the British Army to fight a colonial war in Rhodesia, where he met American Special Forces' officer Dan Hill who would become his best friend, to the day he fell in love with Susan, everything in his remarkable life was preparing him for an act of generosity that would transcend all that went before.  Heart of a Soldier is a story of bravery under fire, of loyalty to one's comrades, of the miracle of finding happiness late in life. Everything about Rick's life came together on September 11. In charge of security for Morgan Stanley, he successfully got all its 2,700 men and women out of the south tower of the World Trade Center. Then, thinking perhaps of soldiers he'd held as they died, as well as the woman he loved, he went back one last time to search for stragglers.","https://images-na.ssl-images-amazon.com/images/S/compressed.photo.goodreads.com/books/1348219100i/105251.jpg","server_url","upload\James B. Stewart\James_B._Stewart_-_Heart_of_a_Soldier-Simon_&_Schuster_(2009).epub","1","0","0.00","0","1","1"
"105252","1","5","1328","Free","Follow the Story: How to Write Successful Nonfiction","An indispensable guide to nonfiction writing from the Columbia Journalism School professor and Pulitzer Prize–winning journalist behind the bestsellers Blind Eye , Blood Sport , and Den of Thieves .In Follow the Story, bestselling author and journalist James B. Stewart teaches you the techniques of compelling narrative writing, from nonfiction books to articles, feature stories, or memoirs. Stewart provides concrete directions for conceiving, reporting, structuring, and writing nonfiction—techniques that he has used in his own successful books and stories. By using examples from his own work, Stewart illustrates systematically a way of thinking about and executing stories, a method that has helped numerous reporters and Columbia students become better writers.Follow the Story examines in - How an idea is conceived- How to “sell” ideas to editors and publishers- How to report the nonfiction story- Six models that can be used for any nonfiction story- How to structure the narrative story- How to write introductions, endings, dialogue, and description- How to introduce and develop characters- How to use literary devices- Pitfalls to avoidLearn a clear way of looking at the world with the alert curiosity that is the first indispensable step toward good writing.","https://images-na.ssl-images-amazon.com/images/S/compressed.photo.goodreads.com/books/1347388093i/105252.jpg","server_url","upload\James B. Stewart\James_B._Stewart_-_Follow_the_Story-Simon_&_Schuster_Paperbacks.epub","1","0","0.00","0","1","1"
"105574","1","3","27847","Free","Scandal in Spring","An unexpected desire.
Quirky and fun-loving American heiress Daisy Bowman is the last unmarried Wallflower. Her exasperated father has informed her that if she can’t find a husband by the end of her third London season, she will be forced to marry a man she hates—the ruthless entrepreneur Matthew Swift.Daisy is horrified. A Bowman never admits defeat, so she decides to do whatever it takes to marry someone . . . anyone . . . other than Matthew. What she doesn’t count on, however, is Matthew’s unexpected charm, or the blazing sensuality that soon flares beyond both their control. And Daisy discovers that the man she has always hated just might turn out to be the man of her dreams.But when a scandalous secret is uncovered, it could destroy both Matthew and a love more passionate and irresistible than Daisy’s wildest fantasies.","https://images-na.ssl-images-amazon.com/images/S/compressed.photo.goodreads.com/books/1452549904i/105574.jpg","server_url","upload\Lisa Kleypas\Scandal_in_Spring_-_Lisa_Kleypas.epub","1","0","0.00","0","1","1"
"106582","1","3","61693,12275","Free","Forbidden City","A stunning artifact holds the key to an untapped power of global destruction...While working on a dig in the California wilderness, archaeologist-adventurer Annja Creed uncovers evidence of a tragedy that's linked to Chinese miners during the days of the Gold Rush. A sudden attack on the site by shadow figures drives Annja to find the connection to a mysterious buried city in China. Lured by legends of gold, betrayal and the vengeance of a Han Dynasty overlord, Annja travels on the Orient Express, battling avaricious treasure hunters and a modern-day descendant of an ancient league of assassins. Her adversaries will stop at nothing to stake their claim on the fabled lost city, where a Han leader's dark past promises doom for those who dare to reveal its evil power.","https://images-na.ssl-images-amazon.com/images/S/compressed.photo.goodreads.com/books/1388187172i/106582.jpg","server_url","upload\Alex Archer\Forbidden_City_-_Alex_Archer.epub","1","0","0.00","0","1","1"
"106584","1","3","61693,4601681","Free","Solomon's Jar","The Barnes Noble ReviewIn the second installment of Alex Archer's Rogue Angel saga, which features protagonist Annja Creed (spiritual descendant Joan of Arc and her fated successor as ""champion of the good""), the intrepid archeologist sets off to find Solomon's Jar, an invaluable biblical artifact that King Solomon allegedly used to entrap the numerous demons he used to build his temple in Jerusalem. With the help of her enigmatic mentor, a centuries-old man named Roux, Creed sets off to verify if the Jar -- believed to be forever lost at the bottom of the Mediterranean Sea -- was in fact recovered. Following leads from Peru to the Netherlands to Israel to Brazil, Creed struggles to stay one step ahead of gun-toting factions (including Russian mobsters, English cultists, and the fanatical followers of a charismatic kabbalist) bent on finding and exploiting the Jar's supernatural powers. But once Creed locates Solomon's Jar, will its intrinsically evil powers influence her resolve to do God's will?","https://images-na.ssl-images-amazon.com/images/S/compressed.photo.goodreads.com/books/1388506878i/106584.jpg","server_url","upload\Alex Archer\Solomon's_Jar_-_Alex_Archer.epub","1","0","0.00","0","1","1"
"106588","1","3","61693,4601681,12275","Free","Destiny","An ancient order tied to the Vatican…A blood fortune buried in the caves of France…A conspiracy of power, greed and darkest evil…Archaeologist and explorer Annja Creed’s fascination with the myths and mysteries of the past leads her to a crypt in the caves of France, where the terrifying legend of the Beast of Gevaudin hints at the unimaginable. What she discovers is shattering: an artifact that will seal her destiny; a brotherhood of monks willing to murder to protect their secret; and a powerful black-market occultist desperate to put his own claim to centuries-old blood money. Annja embarks on a high-tension race across Europe and history itself, intent on linking the unholy treachery of the ages with the staggering revelations of the present. But she must survive the shadow figures determined to silence her threat to their existence.","https://images-na.ssl-images-amazon.com/images/S/compressed.photo.goodreads.com/books/1406635190i/106588.jpg","server_url","upload\Alex Archer\Destiny_-_Alex_Archer.epub","1","0","0.00","0","1","1"
"107291","1","3","3389","Free","Needful Things","Leland Gaunt opens a new shop in Castle Rock called Needful Things. Anyone who enters his store finds the object of his or her lifelong dreams and desires: a prized baseball card, a healing amulet. In addition to a token payment, Gaunt requests that each person perform a little ""deed,"" usually a seemingly innocent prank played on someone else from town. These practical jokes cascade out of control and soon the entire town is doing battle with itself. Only Sheriff Alan Pangborn suspects that Gaunt is behind the population's increasingly violent behavior.","https://images-na.ssl-images-amazon.com/images/S/compressed.photo.goodreads.com/books/1315767817i/107291.jpg","server_url","upload\Stephen King\Needful_Things_-_Stephen_King.epub","1","0","0.00","0","1","1"
"108942","1","3","5091","Free","Bad Luck and Trouble","From a helicopter high above the empty California desert, a man is sent free-falling into the night…. In Chicago, a woman learns that an elite team of ex–army investigators is being hunted down one by one.... And on the streets of Portland, Jack Reacher—soldier, cop, hero—is pulled out of his wandering life by a code that few other people could understand. From the first shocking scenes in Lee Child’s explosive new novel, Jack Reacher is plunged like a knife into the heart of a conspiracy that is killing old friends…and is on its way to something even worse.A decade postmilitary, Reacher has an ATM card and the clothes on his back—no phone, no ties, and no address. But now a woman from his old unit has done the impossible. From Chicago, Frances Neagley finds Reacher, using a signal only the eight members of their elite team of army investigators would know. She tells him a terrifying story—about the brutal death of a man they both served with. Soon Reacher is reuniting with the survivors of his old team, scrambling to raise the living, bury the dead, and connect the dots in a mystery that is growing darker by the day. The deeper they dig, the more they don’ t know: about two other comrades who have suddenly gone missing—and a trail that leads into the neon of Vegas and the darkness of international terrorism.For now, Reacher can only react. To every sound. Every suspicion. Every scent and every moment. Then Reacher will trust the people he once trusted with his life—and take this thing all the way to the end. Because in a world of bad luck and trouble, when someone targets Jack Reacher and his team, they’d better be ready for what comes right back at them…","https://images-na.ssl-images-amazon.com/images/S/compressed.photo.goodreads.com/books/1441133915i/108942.jpg","server_url","upload\Lee Child\Bad_Luck_and_Trouble_-_Lee_Child.epub","1","0","0.00","0","1","1"
"110430","1","3","63913","Free","Just a Matter of Time","An old lady's will seems to be causing quite a stir. Suddenly everyone wants to get in on the action, everyone that is, including a master forger, a hospital nurse, a young delinquent, a bank executive and, to make matters worse, a professional killer. With such ingredients, a showdown seems inevitable and James Hadley Chase adds enough suspense to keep you guessing right up to the very last page.","https://images-na.ssl-images-amazon.com/images/S/compressed.photo.goodreads.com/books/1171640442i/110430.jpg","server_url","upload\James Hadley Chase\1972_-_Just_a_Matter_of_Time_-_James_Hadley_Chase.epub","1","0","0.00","0","1","1"
"110431","1","3","63913","Free","You Have Yourself A Deal","On a dark, sinister night, a woman is found wandering around Paris' 4th arrondissement suffering from amnesia. This appears at first to be a simple case of a missing person turned up - until the initials of the leading Chinese atomic scientist are found tattooed on her buttock. This is the beginning of a dramatic adventure into the world of international espionage and intrigue with a thrilling and breathtaking conclusion.","https://images-na.ssl-images-amazon.com/images/S/compressed.photo.goodreads.com/books/1171640444i/110431.jpg","server_url","upload\James Hadley Chase\1966_-_You_Have_Yourself_a_Deal_-_James_Hadley_Chase.epub","1","0","0.00","0","1","1"
"110433","1","3","63913","Free","Ace Up My Sleeve","When three very different people come together, all out for the same thing and prepared to go to any lengths to get it, the stakes are likely to be high. But, for a wealthy middle-aged woman, an international lawyer and a young American, games of bluff and counter-bluff quickly develop into a dangerous and deadly battle. As the action hots up, Chase weaves a fast-moving story of blackmail, intrigue and extortion with a hair-raising climax.","https://images-na.ssl-images-amazon.com/images/S/compressed.photo.goodreads.com/books/1171640445i/110433.jpg","server_url","upload\James Hadley Chase\1971_-_An_Ace_Up_My_Sleeve_-_James_Hadley_Chase.epub","1","0","0.00","0","1","1"
"110434","1","3","63913","Free","Have A Change Of Scene","Larry Carr is a diamond expert in need of a break. So when his psychiatrist suggests he has a change of scene, he jumps at the opportunity to move to Luceville, a struggling industrial town, and become a social worker. This, he thinks, will give him all the rest he needs...until he runs into Rhea Morgan, a ruthless, vicious thief who also happens to be extremely attractive. He falls headlong into the criminal world and embarks upon a thrilling, rapid and dastardly adventure in true Hadley Chase style.","https://images-na.ssl-images-amazon.com/images/S/compressed.photo.goodreads.com/books/1171640445i/110434.jpg","server_url","upload\James Hadley Chase\1973_-_Have_a_Change_of_Scene_-_James_Hadley_Chase.epub","1","0","0.00","0","1","1"
"110435","1","3","63913","Free","Ear To The Ground","When a necklace is as beautiful as the Esmaldi necklace with its hundred sparkling diamonds, it is not surprising that it causes powerful emotions. It is an object that people will do anything to obtain – even murder. For Al Barney, general idler and layabout, this comes as no surprise for he knows the peculiar history that the necklace holds – an ancient story of passion, jealousy and hatred. Yet as events unfold, it becomes clear that this violent story is far from over….","https://images-na.ssl-images-amazon.com/images/S/compressed.photo.goodreads.com/books/1171640446i/110435.jpg","server_url","upload\James Hadley Chase\1968_-_An_Ear_to_the_Ground_-_James_Hadley_Chase.epub","1","0","0.00","0","1","1"
"110436","1","3","63913","Free","Guilty Are Afraid","When Jack Sheppey ends up dead in a beach hut in a wealthy town on the coast of the Pacific, his former partner in their detective agency starts a desperate quest to find his killer. But as private investigator Lew Brandon soon learns, this becomes a non-stop, terrifying and deadly hunt that will take him right to the heart of gangster territory.","https://images-na.ssl-images-amazon.com/images/S/compressed.photo.goodreads.com/books/1171640446i/110436.jpg","server_url","upload\James Hadley Chase\1957_-_The_Guilty_Are_Afraid_-_James_Hadley_Chase.epub","1","0","0.00","0","1","1"
"110437","1","3","63913","Free","More Deadly Than The Male","George Fraser is a lonely man, and a bored man. But he has exciting dreams. In his dreams, he lives in a thrilling world of gangsters, guns, fast cars and beautiful women. And of course, in his dreams, he is the toughest gangster of them all. George Fraser prefers his dream world to his real, ordinary life so he begins to boast about it, pretending that he is, in fact, a hardened and ruthless gangster. But George Fraser boasts to the wrong people and suddenly his dream world becomes all too real.","https://images-na.ssl-images-amazon.com/images/S/compressed.photo.goodreads.com/books/1171640447i/110437.jpg","server_url","upload\James Hadley Chase\1946_-_More_Deadly_than_the_Male_-_James_Hadley_Chase.epub","1","0","0.00","0","1","1"
"110438","1","3","63913","Free","Hand Me A Fig Leaf","When Johnny Jackson unaccountably disappears, his grandfather contacts the police for help. As they prove to be uninterested, he turns instead to Colonel Parnell of the Parnell Detective Agency. It seems at first to be a simple case of a missing person but they soon find themselves in the middle of a complicated web of deceit, intrigue and murder.","https://images-na.ssl-images-amazon.com/images/S/compressed.photo.goodreads.com/books/1171640447i/110438.jpg","server_url","upload\James Hadley Chase\1981_-_Hand_Me_a_Fig_Leaf_-_James_Hadley_Chase.epub","1","0","0.00","0","1","1"
"110693","1","3","8732,11358","Free","The Elder Gods","While most continents float freely on the face of Mother Sea, the Land of Dhrall survives anchored by the will of the Gods. All Gods, Elder and Younger, share the people and the land of Dhrall equally. But the one place they never enter is The Wasteland: a barren and hideous wilderness ruled by the Vlagh -- a god-like creature whose young are evil spawn.Now, as the Elder Gods are about to transfer their power to the Younger Gods, the Vlagh plans to take advantage of their weakened state and neutralize them, eventually conquering the world. To do so, it is breeding a terrible force borne of monsters and demons. But one ray of hope shines through the darkness: four children called the Dreamers. They alone hold the power to change the course of history . . . and stop the Vlagh in its quest for total world domination.","https://images-na.ssl-images-amazon.com/images/S/compressed.photo.goodreads.com/books/1386922262i/110693.jpg","server_url","upload\David Eddings\The_Elder_gods_-_David_Eddings.epub","1","0","0.00","0","1","1"
"110694","1","3","8732","Free","Seeress of Kell","Now in the final stages of their quest for his son, Garion and his companions travel to Kell to consult the only undamaged copy of the Malloreon Gospels. For centuries the Seers have guarded this book from the Grolims and even had their wizards put a curse on those who tried to enter Kell.","https://images-na.ssl-images-amazon.com/images/S/compressed.photo.goodreads.com/books/1569076652i/110694.jpg","server_url","upload\David Eddings\The_Seeress_of_Kell_-_David_Eddings.epub","1","0","0.00","0","1","1"
"110947","1","5","1462","Free","Letters from London","A sparkling collection of essays that illustrates the infinite variety of contemporary life in London—from the bestselling, Booker Prize-winning author of The Sense of an Ending, ""an exceptionally accomplished [and] ingenious stylist"" ( The New York Review of Books ).""A splended collection of journalism ... uniformly fine, closely observed and informative."" — The Wall Street JournalWith brilliant wit, idiosyncratic intelligence, and a bold grasp of intricate political realities, the celebrated author of Flaubert's Parrot turns his satiric glance homeward to England.","https://images-na.ssl-images-amazon.com/images/S/compressed.photo.goodreads.com/books/1320489686i/110947.jpg","server_url","upload\Julian Barnes\Julian_Barnes_-_Letters_from_London____-Vintage_(1995).epub","1","0","0.00","0","1","1"
"112803","1","5","5810891,1538425","Free","Gandhi: An Autobiography","Mohandas K. Gandhi is one of the most inspiring figures of our time. In his classic autobiography he recounts the story of his life and how he developed his concept of active nonviolent resistance, which propelled the Indian struggle for independence and countless other nonviolent struggles of the twentieth century.In a new foreword, noted peace expert and teacher Sissela Bok urges us to adopt Gandhi's ""attitude of experimenting, of testing what will and will not bear close scrutiny, what can and cannot be adapted to new circumstances,"" in order to bring about change in our own lives and communities. All royalties earned on this book are paid to the Navajivan Trust, founded by Gandhi, for use in carrying on his work.","https://images-na.ssl-images-amazon.com/images/S/compressed.photo.goodreads.com/books/1320560971i/112803.jpg","server_url","upload\Mahatma Gandhi\An_Autobiography_-_MK_Gandhi.epub","1","0","0.00","0","1","1"
"112879","1","3","65335,65334","Free","Once Upon a Crime","In the long-awaited fourth book in the New York Times bestselling series, the Grimms take on New York City!Surprises abound for Sabrina and Daphne Grimm, fairy-tale detectives extraordinaire. When they venture into the big city, they stumble upon a murder, face betrayal by a friend, and discover an amazing secret about their mother, Veronica.Sabrina just wants to be normal—no detecting, no dangerous escapes, and especially no Everafters. Unfortunately, New York City is a hiding spot for many famous fairy-tale folk. And there’s a murderer in their midst! The girls and their friends must figure out who killed Puck’s father, King Oberon, while coming to terms with their mother’s secret life. Will they stop the murderer before he or she can strike again? And will Sabrina ever accept her family’s destiny?The colorful world of the Grimms expands in new and hilarious directions in Once upon a Crime . Critics and readers alike have embraced the Sisters Grimm series and its independent, quick-thinking heroines.","https://images-na.ssl-images-amazon.com/images/S/compressed.photo.goodreads.com/books/1349015477i/112879.jpg","server_url","upload\Michael Buckley\Once_Upon_a_Crime_-_Michael_Buckley.epub","1","0","0.00","0","1","1"
"113435","1","3","6252","Free","Crossroads of Twilight","In the tenth book of The Wheel of Time from the New York Times #1 bestselling author Robert Jordan, the world and the characters stand at a crossroads, and the world approaches twilight, when the power of the Shadow grows stronger.Fleeing from Ebou Dar with the kidnapped Daughter of the Nine Moons, whom he is fated to marry, Mat Cauthon learns that he can neither keep her nor let her go, not in safety for either of them, for both the Shadow and the might of the Seanchan Empire are in deadly pursuit.Perrin Aybara seeks to free his wife, Faile, a captive of the Shaido, but his only hope may be an alliance with the enemy. Can he remain true to his friend Rand and to himself? For his love of Faile, Perrin is willing to sell his soul.At Tar Valon, Egwene al'Vere, the young Amyrlin of the rebel Aes Sedai, lays siege to the heart of Aes Sedai power, but she must win quickly, with as little bloodshed as possible, for unless the Aes Sedai are reunited, only the male Asha'man will remain to defend the world against the Dark One, and nothing can hold the Asha'man themselves back from total power except the Aes Sedai and a unified White Tower.In Andor, Elayne Trakland fights for the Lion Throne that is hers by right, but enemies and Darkfriends surround her, plotting her destruction. If she fails, Andor may fall to the Shadow, and the Dragon Reborn with it.Rand al'Thor, the Dragon Reborn himself, has cleansed the Dark One's taint from the male half of the True Source, and everything has changed. Yet nothing has, for only men who can channel believe that saidin is clean again, and a man who can channel is still hated and feared-even one prophesied to save the world. Now, Rand must gamble again, with himself at stake, and he cannot be sure which of his allies are really enemies.","https://images-na.ssl-images-amazon.com/images/S/compressed.photo.goodreads.com/books/1647270020i/113435.jpg","server_url","upload\Robert Jordan\Crossroads_of_Twilight_-_Robert_Jordan.epub","1","0","0.00","0","1","1"
