5679963,1,2,1521574,Free,Across the bridge,"Before I met Caroline, I had never dreamt of achieving anything beyond a bicycle and probably a tin-roofed slum. Now I was thinking of cars, bungalows, servants and whatever else Caroline missed by changing sides. But for a poor house-boy who has fallen in love with the beautiful daughter of his civil-servant master, the path to riches is not easy. In desperation Chuma moves from petty crime to a world of gangsters. It is only after much heartache on both sides that the two lovers are united.",https://images-na.ssl-images-amazon.com/images/S/compressed.photo.goodreads.com/books/1463367237i/5679963.jpg,server_url,upload\Mwangi Gicheru\Across_The_Bridge_-_Gicheru_Mwangi.epub,1,,,,1,1
1137812,1,5,12692,Free,Calhoun,Date of 1988 SR# 580. This is a Brand New Copy that may have minor shelf wear - may have age tanning . Ships within 24 hours with delivery confirmation. Purchase three books or more from me and get free upgrade to priority shipping.,https://images-na.ssl-images-amazon.com/images/S/compressed.photo.goodreads.com/books/1244163010i/1137812.jpg,server_url,upload\Diana Palmer\Calhoun_-_Diana_Palmer.epub,1,,,,1,1
136826368,1,2,721,Free,Calico Joe by John Grisham (3-Jan-2013) Paperback,"A surprising and moving novel of fathers and sons, forgiveness and redemption, set in the world of Major League Baseball… Whatever happened to Calico Joe? It began quietly enough with a pulled hamstring. The first baseman for the Cubs AAA affiliate in Wichita went down as he rounded third and headed for home. The next day, Jim Hickman, the first baseman for the Cubs, injured his back. The team suddenly needed someone to play first, so they reached down to their AA club in Midland, Texas, and called up a twenty-one-year-old named Joe Castle. He was the hottest player in AA and creating a buzz. In the summer of 1973 Joe Castle was the boy wonder of baseball, the greatest rookie anyone had ever seen. The kid from Calico Rock, Arkansas dazzled Cub fans as he hit home run after home run, politely tipping his hat to the crowd as he shattered all rookie records. Calico Joe quickly became the idol of every baseball fan in America, including Paul Tracey, the young son of a hard-partying and hard-throwing Mets pitcher. On the day that Warren Tracey finally faced Calico Joe, Paul was in the stands, rooting for his idol but also for his Dad. Then Warren threw a fastball that would change their lives forever… In John Grisham’s new novel the baseball is thrilling, but it’s what happens off the field that makes CALICO JOE a classic.",https://images-na.ssl-images-amazon.com/images/S/compressed.photo.goodreads.com/books/1699156604i/136826368.jpg,server_url,upload\John Grisham\Calico_Joe_-_John_Grisham.epub,1,,,,1,1
126511565,1,2,721,Free,Calico Joe: A Novel by John Grisham,Calico Joe: A father's guilt. A son's redemption.,https://images-na.ssl-images-amazon.com/images/S/compressed.photo.goodreads.com/books/1694845788i/126511565.jpg,server_url,upload\John Grisham\Calico_Joe__A_Novel_-_John_Grisham.epub,1,,,,1,1
29525183,1,1,5900266,Free,Call of the Pack,"[Siren Menage Erotic Paranormal Cowboy Menage a Quatre Romance, M/F/M/M, vampires, werewolves, HEA] As a prosecuting attorney, Emeline Newsom failed to put a criminal behind bars. Disillusioned, she's ready to put her failure behind her and start a new life in the small Georgia town of Fate. Werewolf brothers Tyler and Derek Mitchell and their vampire cousin Evan Grange are ready to commit to one woman--as long as that woman is Emeline. They're taking it easy, winning her over one step at a time, but she keeps pulling away just as they think they've convinced her to be theirs. When Emeline's future is threatened, the men come running. They'll do whatever they can to keep her safe, but can they save her from a danger none of them knew existed? ** A Siren Erotic Romance",https://images-na.ssl-images-amazon.com/images/S/compressed.photo.goodreads.com/books/1458107183i/29525183.jpg,server_url,upload\Jane Jamison\Call_of_the_Pack_-_Jane_Jamison.epub,1,,,,1,1
1137810,1,2,12692,Free,Callaghan's Bride,"Julia 1033Duro como un roble, taciturno como un nubarrón, el ranchero Callaghan Hart maravillaba a las mujeres e intimidaba a los hombres. Así que… ¿cómo era posible que aquella pelirroja hubiera estado a punto de lograr que se pusiera de rodillas?Tess Brady, la nueva cocinera del rancho, era suave como un gatito, delicada como el rocío… y comprendía secretamente a Callagham. Cosa que volvía loco al endurecido vaquero. La juvenil inocencia de Tess lo atraía como fruta prohibida. Quería tocarla, saborearla… hacerla suya. Pero de ningún modo se acostaría con una mujer de ojos brillantes como estrellas cuyos sueños jamás podría colmar. No estaba dispuesto a caer en la trampa del matrimonio. Por muy tentador que fuera el cebo…",https://images-na.ssl-images-amazon.com/images/S/compressed.photo.goodreads.com/books/1390357841i/1137810.jpg,server_url,upload\Diana Palmer\Callaghan's_Bride_-_Diana_Palmer.epub,1,,,,1,1
37840490,1,1,2879706,Free,Shield Knight: Calliande's Tale,"Sixteen years old, Calliande is a new-made Magistria of the Order, a wielder of the powerful magic of the Well of Tarlion. With the hordes of the Frostborn invading the realm of Andomhaim, every one of the Magistri is needed in battle. But Calliande's first battle might also be her last...",https://images-na.ssl-images-amazon.com/images/S/compressed.photo.goodreads.com/books/1515250172i/37840490.jpg,server_url,upload\Jonathan Moeller\Calliande's_Tale_-_Jonathan_Moeller.epub,1,,,,1,1
865732,1,2,13730,Free,Calling All Creeps!,"REACH OUT AND SCARE SOMEONE. . .Ricky Beamer is furious when he gets kicked off the school paper, so he decides to play a joke on Tasha, the bossy editor-in-chief. Just a little joke. Harmless, really.After school one day he sticks a message in the paper. If you're a creep, call Tasha after midnight, it reads.But somehow Ricky's message gets messed up. And now he's getting calls! Strange calls from kids who say they are creeps. Creeps with scaly purple skin. And long sharp fangs. . .",https://images-na.ssl-images-amazon.com/images/S/compressed.photo.goodreads.com/books/1328866137i/865732.jpg,server_url,upload\R.L. Stine\Calling_All_Creeps!_-_R._L._Stine.epub,1,,,,1,1
20452061,1,5,386699,Free,Calming a Demon Heart,"Into the paranormal world: A wounded heart is not easily mended, requiring a soothing, patient hand.Matthew Beakman’s life just got turned upside down. His brother, Marty, stumbled across something strange and fascinating and amazing! Gargoyles exist! Matthew wants to know everything about them. First, though, he wants to find the gargoyle that saved his brother’s life and thank him. Their people’s leader, Maelgwn, points out a blood-red, behemoth of a gargoyle named Vane, then warns Matthew away from him. Never good at following orders—and because he can’t help but find himself intrigued by the huge creature across the room—Matthew tracks Vane down anyway. At first, he’s confused by the way his body responds every time Vane growls at him, until a conversation with Logan makes him suspect that he and Vane are mates. Unfortunately, he also learns Vane went through some extreme torture in the hands of humans. How can he convince the stubborn gargoyle that not all humans are the same?",https://images-na.ssl-images-amazon.com/images/S/compressed.photo.goodreads.com/books/1392445095i/20452061.jpg,server_url,upload\Charlie Richards\Calming_a_Demon_Heart_-_Charlie_Richards.epub,1,,,,1,1
34121119,1,2,721,Free,Camino Island,"#1 NEW YORK TIMES BEST SELLER • “A delightfully lighthearted caper ... [a] fast-moving, entertaining tale.”—Pittsburgh Post-Gazette A gang of thieves stage a daring heist from a secure vault deep below Princeton University’s Firestone Library. Their loot is priceless, but Princeton has insured it for twenty-five million dollars.Bruce Cable owns a popular bookstore in the sleepy resort town of Santa Rosa on Camino Island in Florida. He makes his real money, though, as a prominent dealer in rare books. Very few people know that he occasionally dabbles in the black market of stolen books and manuscripts.Mercer Mann is a young novelist with a severe case of writer’s block who has recently been laid off from her teaching position. She is approached by an elegant, mysterious woman working for an even more mysterious company. A generous offer of money convinces Mercer to go undercover and infiltrate Bruce Cable’s circle of literary friends, ideally getting close enough to him to learn his secrets.But eventually Mercer learns far too much, and there’s trouble in paradise as only John Grisham can deliver it.",https://images-na.ssl-images-amazon.com/images/S/compressed.photo.goodreads.com/books/1488922876i/34121119.jpg,server_url,upload\John Grisham\Camino_Island_-_John_Grisham.epub,1,,,,1,1
208848603,1,2,721,Free,[By John Grisham ] Camino Island: A Novel (Paperback)【2018】by John Grisham (Author),"#1 NEW YORK TIMES BEST SELLER • “A delightfully lighthearted caper ... [a] fast-moving, entertaining tale.”—Pittsburgh Post-Gazette A gang of thieves stage a daring heist from a secure vault deep below Princeton University’s Firestone Library. Their loot is priceless, but Princeton has insured it for twenty-five million dollars.Bruce Cable owns a popular bookstore in the sleepy resort town of Santa Rosa on Camino Island in Florida. He makes his real money, though, as a prominent dealer in rare books. Very few people know that he occasionally dabbles in the black market of stolen books and manuscripts.Mercer Mann is a young novelist with a severe case of writer’s block who has recently been laid off from her teaching position. She is approached by an elegant, mysterious woman working for an even more mysterious company. A generous offer of money convinces Mercer to go undercover and infiltrate Bruce Cable’s circle of literary friends, ideally getting close enough to him to learn his secrets.But eventually Mercer learns far too much, and there’s trouble in paradise as only John Grisham can deliver it.",https://dryofg8nmyqjw.cloudfront.net/images/no-cover.png,server_url,upload\John Grisham\Camino_Island__A_Novel_-_John_Grisham.epub,1,,,,1,1
49123131,1,2,721,Free,Camino Winds,"Welcome back to Camino Island, where anything can happen—even a murder in the midst of a hurricane, which might prove to be the perfect crime . . . Just as Bruce Cable’s Bay Books is preparing for the return of bestselling author Mercer Mann, Hurricane Leo veers from its predicted course and heads straight for the island. Florida’s governor orders a mandatory evacuation, and most residents board up their houses and flee to the mainland, but Bruce decides to stay and ride out the storm. The hurricane is devastating: homes and condos are leveled, hotels and storefronts ruined, streets flooded, and a dozen people lose their lives. One of the apparent victims is Nelson Kerr, a friend of Bruce’s and an author of thrillers. But the nature of Nelson’s injuries suggests that the storm wasn’t the cause of his death: He has suffered several suspicious blows to the head. Who would want Nelson dead? The local police are overwhelmed in the aftermath of the storm and ill equipped to handle the case. Bruce begins to wonder if the shady characters in Nelson’s novels might be more real than fictional. And somewhere on Nelson’s computer is the manuscript of his new novel. Could the key to the case be right there—in black and white? As Bruce starts to investigate, what he discovers between the lines is more shocking than any of Nelson’s plot twists—and far more dangerous.",https://images-na.ssl-images-amazon.com/images/S/compressed.photo.goodreads.com/books/1580242935i/49123131.jpg,server_url,upload\John Grisham\Camino_Winds_-_John_Grisham.epub,1,,,,1,1
30835803,1,2,"15872,465708",Free,Camp Half-Blood Confidential,"In response to an awful camp orientation video created by the god Apollo, Percy Jackson and other residents of Camp Half-Blood answer such questions as “What is this place?” and “Do I get to keep the T-shirt?” Newbies can check out the section on the Divine Cabins, read up on Magical Landmarks, and consult the chapter of Training Arenas. But Camp Half-Blood Confidential explores much more than just the buildings and grounds. It includes info that can only be learned from those who live there.For instance, campers do not always co-exist in peace and harmony. The camp is not run with superior efficiency. Prophecies do not flow forth with great regularity. Sprinkled throughout are stories from heroes who have called Camp Half-Blood home or just passed through on their way to places unknown. Chiron himself introduces the book with a brief history of training based on his millennia of experience. And, of course, there are divine words of wisdom from the god Apollo himself, because . . . well, because the demigod authors would prefer not to be struck down, thank you very much.",https://images-na.ssl-images-amazon.com/images/S/compressed.photo.goodreads.com/books/1692350550i/30835803.jpg,server_url,upload\Rick Riordan\Camp_Half-Blood_-_Rick_Riordan.epub,1,,,,1,1
18043629,1,3,28946,Free,Captives,"Jan, son of Nadia and Cadell, is conscripted along with every able male in Chemestúk by one faction in a rising civil war. Soon after, another faction burns the village to the ground, leaving Jan’s parents and other survivors to seek refuge in an aging keep.Inside the worn and crumbling stronghold, young and long-ago orphaned Julianna hides away with the survivors and Jan’s parents. Left to wonder if he or any others of their men will survive to return home, all she can do is help those around her.When armed deserters come to raid the keep, Julianna is lost in how to best help Nadia and Cadell, the village elders, keep everyone alive. Soon, she faces choices and actions she never would have even considered in better days.Meanwhile, Jan has only his wit and trickery, his charming appeal to women and his violin, all of which he has leaned upon too often in a lazy life. To his shock, he realizes these limited skills are not enough to save him as he is pressed into a forced march toward the front line of a battle.Neither Jan nor Julianna had ever given serious thought to their feelings for each other. Now separated, they both realize they’ve lost someone important. How far are they willing to go and what can they live with, to stay alive and find each other again?About Tales from the world of the Noble Dead SagaNo knowledge of the Noble Dead Saga or other related works by us is necessary to read and enjoy any of these stories in “Tales from the world of the Noble Dead Saga.” Any reader new to this world can step right into it through any one of these short works.Tales are organized into “collections” where all stories therein share a theme and/or premise. Most tales are not sequential and can be read in any order. When one or more link together, subsequent stories will mention “sequel to…” on their covers to guide you.These short works can be your first adventure into our world or something to tide you over in the wait for the next of our novels to be released.—Barb & J.C.",https://images-na.ssl-images-amazon.com/images/S/compressed.photo.goodreads.com/books/1370538092i/18043629.jpg,server_url,upload\Barb Hendee\Captives__Homeward_VI_-_Barb_Hendee.epub,1,,,,1,1
764907,1,5,12692,Free,Carrera's Bride,"In this emotional Long Tall Texans Christmas story, Palmer crafts the passionate story of undercover FBI agent Marcus Carrera, who unexpectedly finds love when he becomes a bodyguard to shy Jacobsville seamstress Delia Mason. Original.",https://images-na.ssl-images-amazon.com/images/S/compressed.photo.goodreads.com/books/1388551195i/764907.jpg,server_url,upload\Diana Palmer\Carrera's_Bride_-_Diana_Palmer.epub,1,,,,1,1
14849327,1,2,41942,Free,Casino Infernale,"Eddie Drood, aka Shaman Bond, and his true love Molly Metcalf — who also happens to be a powerful witch — are attending Casino Infernale, an annual event held by the Shadow Bank, financiers of all global supernatural crime. Their mission: rig the game and bring down the Shadow Bank. But at Casino Infernale, the stakes are high. Winner takes all — and losers give up their souls…",https://images-na.ssl-images-amazon.com/images/S/compressed.photo.goodreads.com/books/1353362475i/14849327.jpg,server_url,upload\Simon R. Green\Casino_Infernale_-_Simon_R._Green.epub,1,,,,1,1
96977,1,2,8516,Free,Castle Roogna,"Millie, a ghost for 800 years wants only one man--Jonathan, and he's a zombie. To prove himself, Magician Dor volunteers to get the potion that can restore Jonathan to full life. But he has to go back through time to do it, to a peril-haunted, ancient Xanth, where danger lurks at every turn....From the Paperback edition.",https://images-na.ssl-images-amazon.com/images/S/compressed.photo.goodreads.com/books/1388701282i/96977.jpg,server_url,upload\Piers Anthony\Castle_Roogna_-_Piers_Anthony.epub,1,,,,1,1
21436,1,2,3780,Free,Cat & Mouse,"Alex Cross is back, and so is a raging and suicidal Gary Soneji.Out of prison and dying from the AIDS virus he contracted there, Soneji wants revenge on Cross before he dies.There's more. We are introduced to a new pair of rivals whose paths cross those of Cross and Soneji. Thomas Augustine Pierce has been chasing his demon, Mr. Smith, since the savage murder of his fiancée. Smith is a unique monster, with interactions between him and his victims so insane, so unimaginable, that he is thought of as ""not of the earth."" Pierce, known in the business as St. Augustine because of his track record for catching killers and his invaluable status to the FBI and Interpol, may even be better than Cross. When things heat up and Alex is in a near-death coma following a strange attack, Pierce goes to Washington to help investigate. But then he is summoned to Paris with a postcard from Smith inviting him to a very special killing.The body count is high, the tension the highest, and the two killers on the loose are watching every move their pursuers make. Who is the cat, and who is the mouse? What and where is the final trap? And who survives?",https://images-na.ssl-images-amazon.com/images/S/compressed.photo.goodreads.com/books/1514315840i/21436.jpg,server_url,upload\James  Patterson\Cat_&_Mouse_-_James_Patterson.epub,1,,,,1,1
26035477,1,6,5900266,Free,Catching Her Tigers,"[Siren Menage Everlasting: Erotic Paranormal Cowboy Menage a Trois Romance, M/F/M, shape-shifters, HEA] When Lisa Ridgeway stumbles upon two children and their mother's dead body, she has no choice but to take the kids with her. In Twisted, she meets two sexy cowboys who are the twins' uncle and his friend. Although she's attracted to the men, she's ready to get out of town - until the children beg her to stay. Weretigers Marrick Kinsale and Craig Westbrook know who killed Marrick's sister, Donna. Marrick's niece and nephew witnessed their father's abuse all too often. Although they sense that Lisa is their intended mate, they have to find the killer before they can claim her. Falling in love with both men and the children, Lisa's caught in the middle. She's protecting the children, but who's protecting her? Should she take the children and run? Are the men really who they say they are? Or is the killer closer than she thinks? ** A Siren Erotic Romance",https://images-na.ssl-images-amazon.com/images/S/compressed.photo.goodreads.com/books/1438654682i/26035477.jpg,server_url,upload\Jane Jamison\Catching_Her_Tigers_-_Jane_Jamison.epub,1,,,,1,1
20452013,1,5,386699,Free,Catting Around,"As an orphan, Chip had never really had a home or even much to call his own. After being adopted, he’d hoped he’d found acceptance. Unfortunately, a year later, he shifted into his bobcat for the first time and his new parents had thought him possessed. Forced to run, Chip lived mostly as an animal for decades. Having grown up alone in foster care, it hadn’t been much different and he hadn’t thought it too bad…until the day he’d been captured and tortured by scientists. Rescued by Kontra and his gang, Chip finally sees the light at the end of the long, lonely tunnel of his life. Scarred, malnourished, and suffering from panic attacks, Chip struggles to get his body and mind back under control. When the gang visits a pride of lion shifters, Chip meets Grimes, who claims they are mates. Can he manage to get past his hang-ups and grab onto the happiness Grimes offers him?",https://images-na.ssl-images-amazon.com/images/S/compressed.photo.goodreads.com/books/1389821976i/20452013.jpg,server_url,upload\Charlie Richards\Catting_Around_-_Charlie_Richards.epub,1,,,,1,1
959111,1,5,12692,Free,Cattleman's Choice,"THE OUTLAW AND THE DEBUTANTEWhen Carson Wayne approached Miss Mandelyn Bush of Charleston with his outlandish proposal, it was My Fair Lady in reverse. The ornery, reclusive cattleman claimed he wanted to learn how to court a lady, and the genteel Miss Bush was the only one equal to the job. Who else would undertake the sentimental education of a confirmed bachelor who slurped his coffee, ate peas on his knife, and regularly indulged in barroom brawls? No other woman dared approach him. And even Mandelyn soon began to wonder whether a few lessons in manners could ever make a gentleman of an outlaw like Carson Wayne.",https://images-na.ssl-images-amazon.com/images/S/compressed.photo.goodreads.com/books/1387731785i/959111.jpg,server_url,upload\Diana Palmer\Cattleman's_Choice_-_Diana_Palmer.epub,1,,,,1,1
13007638,1,2,17065,Free,Celebrity in Death,"Product Description Lieutenant Eve Dallas is no party girl, but she's managing to have a reasonably good time at the celebrity-packed bash celebrating The Icove Agenda, a film based on one of her famous cases. It's a little spooky seeing the actress playing her, who looks almost like her long-lost twin. Not as unsettling, though, as seeing the actress who plays Peabody?drowned in the lap pool on the roof of the director's luxury building. Talented but rude, and widely disliked, K.T. Harris had made an embarrassing scene during dinner. Now she's at the center of a crime scene?and Eve is more than ready to get out of her high heels and strap on her holster, to step into the role she was born to cop. About the Author Under the pseudonym J.D. Robb, Nora Roberts published her first Eve Dallas novel in 1995. With the In Death series, Robb has become one of the biggest thriller writers on earth, with each new novel reaching number one on bestseller charts the world over.",https://images-na.ssl-images-amazon.com/images/S/compressed.photo.goodreads.com/books/1328318908i/13007638.jpg,server_url,upload\J.D. Robb\Celebrity_in_Death_-_J._D._Robb.epub,1,,,,1,1
23614037,1,1,"17065,717304",Free,Celebrity in Death / Delusion in Death 2-in-1 Collection,"Two novels by #1 New York Times bestselling author J. D. Robb
Celebrity in Death
Her career in homicide has taken her into the darkest depths of New York City’s underground—and sometimes Lieutenant Eve Dallas feels more comfortable in those kinds of places than in the high-rise, high-society world of her billionaire husband, Roarke.But while she’s no party girl, she’s managing to have a reasonably good time at the celebrity-packed bash celebrating the debut of The Icove Agenda. This time it’s Eve, not Roarke, who’s a guest of honor, since the film is based on one of her famous cases. Her partner, Peabody, is practically giddy over rubbing shoulders with Hollywood royalty. Eve, on the other hand, is more likely to roll her eyes than have stars in them. But she has to admit it’s a little spooky seeing the actress playing her, who looks almost like her long-lost twin.Not as unsettling, though, as seeing K. T. Harris, the actress who plays Peabody—drowned in the lap pool on the roof of the director’s luxury building. Talented but rude, and widely disliked, K.T. had made an embarrassing scene during dinner. She clearly liked being the center of attention. Now she’s at the center of a crime scene—and Eve is more than ready to get out of her high heels and strap on her holster, to step into the role she was born to play: cop.
Delusion in Death
It was just another after-work happy-hour bar downtown, where business professionals unwound with a few drinks, complained about the boss, maybe hooked up with someone for the night. Until something went terribly wrong.At first it was just a friction in the air. The noise intensified. The crowd seemed oppressive. Some sharp words were exchanged, some pushing and shoving. Then the madness descended. And after twelve minutes of chaos and violence, eighty people lay dead.Eve Dallas is trying to sort out the inexplicable events. Surviving witnesses talk about seeing things—monsters and swarms of bees. They describe sudden, overwhelming feelings of fear and rage and paranoia. When forensics makes its report, the mass delusions make more sense: it appears the bar patrons were exposed to a cocktail of chemicals and illegal drugs that could drive people into temporary insanity—if not kill them outright. But that doesn’t explain who would unleash such horror—or why. Eve’s husband, Roarke, happens to own the bar, yet he’s convinced the attack wasn’t directed at him. It’s bigger than that.And if Eve can’t figure it out fast, it could happen again, anytime, anywhere. Because it’s airborne....",https://images-na.ssl-images-amazon.com/images/S/compressed.photo.goodreads.com/books/1431038803i/23614037.jpg,server_url,upload\J.D. Robb\Celebrity_in_Death_-_J._D._Robb_1.epub,1,,,,1,1
20898478,1,2,"61693,133460",Free,Celtic Fire,"A sword, a stone and a deadly legacy… The theft of a whetstone from a Welsh museum and the murder of a curate during a grave robbery seem, at first, like random crimes. But the troubling deeds are linked by a precarious thread. An unusual collection of rare and scattered British antiquities has become a target—and the relics' value lies in something much more dangerous than money…Annja Creed, archaeologist and host of television's Chasing History's Monsters, is in the U.K. when her mentor, Roux, interrupts her sojourn with news of the thefts. He's certain that the thirteen Treasures of Britain are wanted for their rumored power. Roux tasks Annja with locating and protecting the treasures before the wrong person finds them, meaning she must stand against a woman fueled by madness and the fires of her ancient Celt blood—and a sword as powerful and otherworldly as Annja's own.",https://images-na.ssl-images-amazon.com/images/S/compressed.photo.goodreads.com/books/1394863154i/20898478.jpg,server_url,upload\Alex Archer\Celtic_Fire_-_Alex_Archer.epub,1,,,,1,1
96980,1,2,8516,Free,Centaur Aisle,"Dor agreed to act as King of Xanth so long as Trent was gone for a week. But the weeks passed and Trent did not return. Dor knew he had to rescue his king but with no magic powers, how could it be done...?From the Paperback edition.",https://images-na.ssl-images-amazon.com/images/S/compressed.photo.goodreads.com/books/1179544543i/96980.jpg,server_url,upload\Piers Anthony\Centaur_Aisle_-_Piers_Anthony.epub,1,,,,1,1
74036,1,2,17065,Free,Ceremony in Death,"Even in an age of cutting-edge technology, old beliefs die hard...Conducting a top secret investigation into the death of a fellow police officer has Lieutenant Eve Dallas treading on dangerous ground. She must put professional ethics before personal loyalties. But when a dead body is placed outside her home, Eve takes the warning personally. With her husband, Roarke, watching her every move, Eve is drawn into the most dangerous case of her career. Every step she takes makes her question her own beliefs of right and wrong - and brings her closer to a confrontation with humanity's most seductive form of evil...",https://images-na.ssl-images-amazon.com/images/S/compressed.photo.goodreads.com/books/1706584548i/74036.jpg,server_url,upload\J.D. Robb\Ceremony_in_Death_-_J._D._Robb.epub,1,,,,1,1
18245746,1,5,240840,Free,Chained,"Maggie Jordan is not supposed to be having adventures. Her mission is to go to Gaia, a new, unpopulated world, and study the native life forms there. So how come she finds herself in on the female dominated Yonnie Six instead, rescuing a huge, muscular prisoner? The same prisoner she keeps seeing over and over again in her dreams…Korexiroth—or Kor, as Maggie dubs him, is a slave who spent his life fighting in the savage arenas of the Blood Circuit. He’s got plenty of kills under his belt and more than enough reasons to run as soon as he gets free. But somehow he can’t make himself part from the girl who was brave enough to save him from certain death.Now Maggie and Kor are on the run together, trying desperately to find someone to remove the alien device that was implanted in Maggie as punishment for her thievery of an expensive slave. The device, or “slut button” as it is called, forces Maggie to sexual excesses the shy scientist has never known before—and Kor is the only one who can help her control her new urges.Kor is more than willing to help Maggie satisfy her new sexual hunger but his own appetites are not so easily satiated. For there is a dark secret, a shadow from his past that stalks him and whispers of power beyond belief if only he will give himself over to darkness.  Will they find a way to return Maggie to normal? Will Kor admit how he really feels for her? Or with the shadow from his past succeed is tearing them apart?",https://images-na.ssl-images-amazon.com/images/S/compressed.photo.goodreads.com/books/1385612447i/18245746.jpg,server_url,upload\Evangeline Anderson\Chained_-_Evangeline_Anderson.epub,1,,,,1,1
74976138,1,2,3441,Free,"Chainfire: Chainfire Trilogy, Part 1","From the multiple New York Times bestselling author, Chainfire is the first book in a trilogy within Terry Goodkind's the Sword of Truth series, the basis for the TV show, Legend of the Seeker.With Wizard's First Rule and seven subsequent masterpieces, Terry Goodkind has thrilled readers worldwide with the unique sweep of his storytelling. Now, in Chainfire , Goodkind returns with a new novel of Richard and Kahlan, the beginning of a sequence of novels that will bring their epic story to its culmination.After being gravely injured in battle, Richard awakes to discover Kahlan missing. To his disbelief, no one remembers the woman he is frantically trying to find. Worse, no one believes that she really exists, or that he was ever married. Alone as never before, he must find the woman he loves more than life itself....if she is even still alive. If she was ever even real.",https://images-na.ssl-images-amazon.com/images/S/compressed.photo.goodreads.com/books/1677904849i/74976138.jpg,server_url,upload\Terry Goodkind\Chainfire_-_Terry_Goodkind_1.epub,1,,,,1,1
31953038,1,3,4512224,Free,Chains of Honor: the Prequels,"All three Chains of Honor prequel novellas in 1 boxed set.Previously published as the Swords & Salt Collection, these adventures take place a few months before Warrior Mage and show how Yanko first meets Dak and Lakeo.Tale 1: A Question of HonorWith less than six months until his entrance exams for the famed Nurian warrior-mage academy, Yanko is sent to his uncle’s salt mine for “hardening,” as his father calls it. He expects endless days of physical labor; what he doesn’t expect is to have to choose one of the mine’s prisoners as a sparring partner.Not wanting his uncle to think him a coward, Yanko picks a big scarred man from Turgonia, a land known for its ruthless warriors. Only after his selection does he learn that he’ll be expected to kill his opponent… before his opponent kills him.Tale 2: Labyrinths of the HeartAfter months of working in his uncle’s mine, Yanko longs to see his family and friends again, especially Arayevo, the woman he has adored from afar since he was a boy. When she travels two days and asks to see him, his mind dances at the possibilities.But the mines are busy: there’s a political delegate to humor, a maiden in distress to help, and a wedding that must go perfectly—or else. Yanko will be lucky if he finds a chance to talk to Arayevo before she disappears from his life forever.Tale 3: Death from BelowA visit from Yanko’s older brother is interrupted when an alarm blasts through the mine. Mutilated workers have been found dead in a newly opened tunnel.Yanko has been studying to become a mage, and his brother is a soldier, so they believe they are prepared to deal with this unknown threat, but what awaits them in the subterranean depths is nothing the mine has seen in its hundreds of years of operation.",https://images-na.ssl-images-amazon.com/images/S/compressed.photo.goodreads.com/books/1644289493i/31953038.jpg,server_url,upload\Lindsay Buroker\Chains_of_Honor__The_Prequels_-_Lindsay_Buroker.epub,1,,,,1,1
28246398,1,1,2879706,Free,Champion of the Ghosts,"Sixteen years old, Caina is a student of the Ghosts, the spies and agents of the Emperor of Nighmar, and from them she learns the arts of stealth and infiltration, of disguise and intrigue. If she survives, she will become a nightfighter, one of the elite agents of the Ghosts.For the Empire is in deadly danger, and needs the nightfighters of the Ghosts.Either Caina will become a nightfighter, or the enemies of the Empire will kill her...Originally published as the novellas GHOST DAGGER and GHOST THORNS, and the short stories GHOST CLAWS, GHOST LIGHT, GHOST CLAWS, GHOST OMENS, GHOST UNDYING, THE FALL OF KYRACE, and GHOST ARIA.",https://images-na.ssl-images-amazon.com/images/S/compressed.photo.goodreads.com/books/1450554294i/28246398.jpg,server_url,upload\Jonathan Moeller\Champion_-_Jonathan_Moeller.epub,1,,,,1,1
59922,1,2,14255,Free,Changes,"Top TV anchorwoman Melanie Adams had given up on love after a failed marriage and an unhappy affair. With her two twin teenage children and her television news career, she had no room in her life for a man. Then she met famous heart surgeon Peter Hallam; a widower with three children of his own. Suddenly Melanie was experiencing feelings she thought were forever gone. But two families (one in New York and one in Los Angeles), two exciting careers, and two strong-willed people were challenges that were not easily resolved or handled. And Melanie faced a painful choice between her glamorous life in the public eye, her private life, and the new family they would form. Changes lead each of them to new places, new problems, new people, and the new life they begin.",https://images-na.ssl-images-amazon.com/images/S/compressed.photo.goodreads.com/books/1500847355i/59922.jpg,server_url,upload\Danielle Steel\Changes_-_Danielle_Steel.epub,1,,,,1,1
18144668,1,5,386699,Free,Changing Owen's Mind,"At over four hundred years of age, Xavier Agueda has all but given up hope of finding his beloved, his soul mate. Then Detective Owen Hanson comes to the vampire’s estate to question Xavier’s coven leader’s partner. Owen’s blood calls to him like nothing he’s scented before. When his leader learns that Owen may be his beloved, he helps Xavier plan to meet him again. It takes a couple of weeks, but finally they schedule a BBQ at a mutual friend’s home, giving him the opportunity to see Owen again.Can Xavier convince Owen to accept the attentions of a man? And if so, how will Owen react to learning vampires exist? Reader This story is best read as part of a series. Sequel A Bite of Fulfillment",https://images-na.ssl-images-amazon.com/images/S/compressed.photo.goodreads.com/books/1372729732i/18144668.jpg,server_url,upload\Charlie Richards\Changing_Owen's_Mind_-_Charlie_Richards.epub,1,,,,1,1
40556548,1,5,386699,Free,Channeling the Womanizer's Lust,"Over the last couple of years, Mitch Lindson has watched his buddies fall in love and bond with gargoyles. He’s happy that they’re happy…but he doesn’t understand it. Settling down with one person isn’t even a blip on his radar, yet. On top of that, all gargoyles are male. Mitch used to double date with his friends. He can’t figure out their sudden switch. When the gargoyle Kardamon breaks up his bid to seduce a daughter of one of the paranormals, Mitch is shocked to feel arousal for the male. Confused, he runs. The dreams start shortly thereafter, leaving him horny and dissatisfied. When he discovers he can’t slake his lust in his usual fashion, Mitch’s frustration grows. It doesn’t help that Kardamon manages to seek him out at unexpected times and in secluded places, driving his unexpected and unwanted desire higher. Facing off against Kardamon, can Mitch find a way to get the blue gargoyle out of his system without his life being turned upside down?  Reader Advisory: Lady bits are spoken of in this story, however, no m/f intercourse takes place.",https://images-na.ssl-images-amazon.com/images/S/compressed.photo.goodreads.com/books/1529324536i/40556548.jpg,server_url,upload\Charlie Richards\Channeling_the_Womanizer's_Lust_-_Charlie_Richards.epub,1,,,,1,1
11138230,1,2,"17065,717304",Free,Chaos in Death,"A fantastic Eve Dallas short story set after New York to Dallas.Eve Dallas' latest case is starting off a little more bizarre than usual - a police sketch of a killer based on eye-witness testimony reveals he has green skin, swollen red eyes, goblin ears, and a dislocated jaw-structure that defies the human form. Is it a mask? Is it make-up? Or is the explanation more sinister? Dallas faces off against multiple suspects - all of them students of medicine capable of precisely slicing the ears, noses, and eyes of the three victims. But who had the motive? More importantly, what kind of rogue science are these healers practicing?",https://images-na.ssl-images-amazon.com/images/S/compressed.photo.goodreads.com/books/1316262197i/11138230.jpg,server_url,upload\J.D. Robb\Chaos_in_Death_-_J._D._Robb.epub,1,,,,1,1
229710217,1,5,7235860,Free,"Charge: Electric Series, Book 1","White-hot, blinding, and dangerous.That's exactly what Volt is.He's electric.The first time I met him, my body reacted. It coiled, sizzled, and sparked. I knew I wanted him because he was the first man to make me feel dead and alive at the exact same time.But within a short conversation, I knew he was unattainable.Unavailable.Now we're just friends.But will we stay friends?",https://images-na.ssl-images-amazon.com/images/S/compressed.photo.goodreads.com/books/1742389280i/229710217.jpg,server_url,upload\E.L. Todd\Charge_(Electric_Series_#1)_-_E._L._Todd.epub,1,,,,1,1
6631653,1,3,797534,Free,Chasing Carolyn,"Carolyn had it all. A good life, great friends and family, and a wonderful hobby--running. With her instincts revved to the breaking point, running was her natural release for tension. The tension was caused by the two gorgeous guys who joined her gym and running club. How could she outrun her own instincts when they were screaming for her to pick one of them? Would they ever get tired of Chasing Carolyn?",https://images-na.ssl-images-amazon.com/images/S/compressed.photo.goodreads.com/books/1328333598i/6631653.jpg,server_url,upload\Viola Grace\Chasing_Carolyn_-_Viola_Grace.epub,1,,,,1,1
35059609,1,6,5900266,Free,Chasing Tail,"[Siren Menage Everlasting: Erotic Cowboy Paranormal Menage a Quatre Romance, M/F/M/M, shape-shifter, HEA] Lexi Langdon is an adrenaline junkie who wants to add riding a bull to her list. At last, she meets three rough-and-tumble cowboys who are willing to give her the cowboy experience. Yet to get them to agree to help her, she tells them a little white lie: she's dying. Weretiger brothers Isaac and Tanner Gibb, along with their friend Seth Rinton, tell Lexi ""no way in hell"" to all the dangerous things she wants to do. Yet they finally give in, not only because she's dying, but because she's the woman of their dreams. They'll keep her safe until they can claim her. But how will she react to their secret? Feeling guilty, Lexi wants to tell the men the truth, but is afraid they won't want her any longer. Will they forgive her? Or will she have lost her future on a dare? Note: This book contains double penetration. ** A Siren Erotic Romance",https://images-na.ssl-images-amazon.com/images/S/compressed.photo.goodreads.com/books/1493858579i/35059609.jpg,server_url,upload\Jane Jamison\Chasing_Tail_-_Jane_Jamison.epub,1,,,,1,1
230345241,1,1,"32498,22294257",Free,Chasing the Night,,https://images-na.ssl-images-amazon.com/images/S/compressed.photo.goodreads.com/books/1742968682i/230345241.jpg,server_url,upload\Iris Johansen\Chasing_the_Night_-_Iris_Johansen.epub,1,,,,1,1
25822333,1,6,5900266,Free,Chasing Tiger Tail,"[Siren Menage Everlasting: Erotic Paranormal Cowboy Menage a Trois Romance, M/F/M, shape-shifters, light consensual BDSM, HEA] Danna Harris grew up in a family of weretigers. Too bad she was born human. Instead of hoping for her destined mates to show up like everyone else in Twisted does, she has bigger plans. She'll become an attorney helping shifters with their legal problems. In the meantime, she has to deal with a drunk for a father and a feline bitch for a sister, neither of which is helping to keep their ranch from going under. Weretiger brothers Cam and Phil Nordstrom know Danna's the one. She even admits she's their mate. The attraction and the primal connection between them are real, resulting in some ferocious fur-standing-on-end sex. So why won't she give up her dream of going to law school and stay with them like a good mate should? Will Cam and Phil chase her until they finally wear her down? Or is she the one Chasing Tiger Tail? ** A Siren Erotic Romance",https://images-na.ssl-images-amazon.com/images/S/compressed.photo.goodreads.com/books/1435637329i/25822333.jpg,server_url,upload\Jane Jamison\Chasing_Tiger_Tail_-_Jane_Jamison.epub,1,,,,1,1
8587635,1,3,7581,Free,Checkmate,"A piece of free online fiction available on Kelly Armstrong's website at www.kelleyarmstrong.com.The introduction to the story reads:Short story originally published in SpectraPulse Magazine. In Frostbitten, Elena mentions tracking a killer in Winnipeg. This is that story.",https://dryofg8nmyqjw.cloudfront.net/images/no-cover.png,server_url,upload\Kelley Armstrong\Checkmate_-_Kelley_Armstrong.epub,1,,,,1,1
125546,1,2,13730,Free,Chicken Chicken,"They're baa-ack! Make way for the bestselling children's series of all time! With a fresh new look, GOOSEBUMPS is set to scare a whole new generation of kids. So reader beware—you're in for a scare!Everyone in Goshen Falls knows about weird Vanessa. She dresses all in black. Wears black lipstick. And puts spells on people. At least, that's what they say.Crystal and her brother, Cole, know you can't believe everything you hear. But that was before they made Vanessa mad. Before she whispered that strange warning, ""Chicken chicken.""Because now something really weird has happened. Crystal's lips have turned as hard as a bird's beak. And Cole has started growing ugly white feathers all over his body. . . .",https://images-na.ssl-images-amazon.com/images/S/compressed.photo.goodreads.com/books/1328866050i/125546.jpg,server_url,upload\R.L. Stine\Chicken_Chicken_-_R._L._Stine.epub,1,,,,1,1
1145177,1,2,"28946,1310149",Free,Child of a Dead God,"""Any list of the best writers of vampire novels working today must include the dynamic duo of Barb & J.C. Hendee.""    —Rambles“A mix of The Lord of the Rings and Buffy the Vampire Slayer,”* the Noble Dead Saga has won legions of readers with its epic adventure, bloodthirsty evil, and imaginative characters. At last, long sought secrets will be revealed... and old scores settled.For many months, Magiere and Leesil have searched for a forgotten artifact, even though its purpose has been shrouded in mystery. All Magiere knows is that she must keep the orb from falling into the hands of a murdering Noble Dead: her half brother, Welstiel. And now dreams of a castle locked in ice lead her south, on a journey that has become nothing less than an obsession...Accompanying Magiere and Leesil are the sage Wynn; their canine protector, Chap; and two elven assassins-turned-guardians who must fight their distrust of this sister of the dead. For forces more powerful than they — some may even say fate — are rallying around Magiere, arming her for the conflict to come, because finding the orb may be just the beginning of the challenges that await her.* New York Times bestselling author Kevin J. Anderson""Interspecies distrust, grand ambitions, and the lure of dangerous secrets protected by the undead drive the action in this neat mix of horror with more traditional fantasy elements.""    —Publisher's Weekly",https://images-na.ssl-images-amazon.com/images/S/compressed.photo.goodreads.com/books/1388799978i/1145177.jpg,server_url,upload\Barb Hendee\Child_of_a_Dead_God_-_Barb_Hendee.epub,1,,,,1,1
12968957,1,3,2879706,Free,Child of the Ghosts,"When her life is torn apart by sorcery and murder, young Caina Amalas joins the mysterious Ghosts, the legendary spies and assassins of the Emperor of Nighmar. She learns the secrets of disguise and stealth, of assassination and infiltration.But even that might not be enough to save her.For the evil that destroyed her family seeks to devour the entire world...",https://images-na.ssl-images-amazon.com/images/S/compressed.photo.goodreads.com/books/1368483002i/12968957.jpg,server_url,upload\Jonathan Moeller\Child_of_the_Ghosts_-_Jonathan_Moeller.epub,1,,,,1,1
8845334,1,5,171159,Free,Christmas with her Boss,"Meg Jardine, personal assistant extraordinaire, is convinced she's about to lose her job. Her gorgeous, dark and deeply unimpressed boss, William McMaster, is stranded in Melbourne over Christmas—and it's all her fault! With her heart in her mouth, she invites the intimidating billionaire home for the holiday….At Meg's chaotic, cozy family farm, William's cold reserve begins to melt away. Suddenly they're seeing each other in a whole new light, and country girl Meg has shot straight to the top of William's Christmas list!",https://images-na.ssl-images-amazon.com/images/S/compressed.photo.goodreads.com/books/1348611347i/8845334.jpg,server_url,upload\Marion Lennox\Christmas_with_her_Boss_-_Marion_Lennox.epub,1,,,,1,1
9941652,1,3,797534,Free,Chubby Is The Night,"Max just wanted to have a night out with her cousin and go home. As a plus sized lass, she didn't fit in amongst the tiny blonde gazelles, but protecting her cousin from a perv in the alley changed her fate. In a moment of self-preservation when a man started chewing on her neck, she bit the hand over her mouth, setting a paranormal chemical reaction into play. Now that she is infected with his blood, he either needs to turn her or destroy her. The vampire tribunal chips in with an option for Max. She can rescue their kidnapped Guild Master, and he will decide her fate. Sounds like the best deal of the evening.",https://images-na.ssl-images-amazon.com/images/S/compressed.photo.goodreads.com/books/1381883470i/9941652.jpg,server_url,upload\Viola Grace\Chubby_Is_The_Night_-_Viola_Grace.epub,1,,,,1,1
219041218,1,1,22294257,Free,"Cinderella: Hired by the Prince (Mills & Boon Largeprint Romance) by Marion Lennox (Large Print, 1 Nov 2010) Hardcover",,https://dryofg8nmyqjw.cloudfront.net/images/no-cover.png,server_url,upload\Unknown Author\Cinderella_Hired_by_the_Prince_-_Unknown.epub,1,,,,1,1
10222703,1,5,25950,Free,Cindy's Doctor Charming,"Neonatal specialist Nathan Steele thought he'd found happiness—until tragedy struck. A widower, he wasn't looking for a fairy-tale romance. Then he met a mysteriously familiar woman at a fundraiser who raced away, leaving behind a broken high-heeled shoe—and leaving him determined to know everything about her.Hospital housekeeper Cindy Elliott refused to fall in love—especially with a wealthy doctor who seemed too charming to be true. But one kiss awakened a passion neither of them expected…and now Cindy was expecting the doctor's baby! Earning her trust sure wouldn't be easy, but Nathan was ready to do whatever it took to sweep Cindy off her feet—and carry her into happily ever after.",https://images-na.ssl-images-amazon.com/images/S/compressed.photo.goodreads.com/books/1348406329i/10222703.jpg,server_url,upload\Teresa Southwick\Cindy's_Doctor_Charming_-_Teresa_Southwick.epub,1,,,,1,1
959095,1,2,12692,Free,Circle of Gold,"RUGGED RANCHERSparks flew the moment Kasie Mayfield arrived at Gil Callister's sprawling Montana ranch to temporarily care for his two adorable daughters. Yet never in her wildest dreams did the innocent young woman imagine that her formidable new boss would sweep her off her feet with his potent charm. Before long, she was in love so deeply that it made her heart ache. But how did he feel? The enigmatic rancher was so difficult to read. Still, she couldn't imagine spending her days --- or nights --- with anyone else but Gil. Could Kasie convince the hard-edged widower that a circle of gold ... belonged on her finger?",https://images-na.ssl-images-amazon.com/images/S/compressed.photo.goodreads.com/books/1309096179i/959095.jpg,server_url,upload\Diana Palmer\Circle_of_Gold_-_Diana_Palmer.epub,1,,,,1,1
13706792,1,2,"61693,3406",Free,City of Swords,"In Charlemagne's footsteps, a man who would be Holy Emperor...It was the kind of internet posting guaranteed to attract the attention of the American cable TV show Chasing History's Monsters: ""Dog-headed men sighted by tourists in Avignon."" Drawn to France to explore the myth of Saint Christopher and the cynocephalus, or the dog-headed, archaeologist and television host Annja Creed finds herself repeatedly and inexplicably targeted by vicious mercenaries. Her best defense is to trace this brutal violence back to its source, which she soon discovers to be a millionaire and self-professed descendant of King Charlemagne.Caught up in a romantic and ruthless sixth-century world, the man is convinced that if he collects mankind's most precious and holy swords, he can fulfill his medieval ancestor's failed goal to build the City of God. And he's stealing the priceless relics one by one to arm his modern-day paladins. Now he has his eye on a very special sword--Annja's.And he'll have to kill her to get it.",https://images-na.ssl-images-amazon.com/images/S/compressed.photo.goodreads.com/books/1388448482i/13706792.jpg,server_url,upload\Alex Archer\City_of_Swords_-_Alex_Archer.epub,1,,,,1,1
136939814,1,2,171159,Free,"City Surgeon, Small Town Miracle (Harlequin Medical, 439) by Marion Lennox(January 1, 2010) Paperback","From hot-shot city doc to husband? — When Dr. Maggie Croft decided to have her late husband's baby, she never envisaged combining pregnancy with caring for a small-town community! Chasing her dreams seems to have led her to a dead end. But all that changes when she crashes into the sophisticated Dr. Max Ashton, rounding the corner in his Aston Martin. Max had been heading back to the distraction of city life, but there's something about red-haired, irrepressible Maggie that grabs him and won't let go. Under her warm influence he remembers another time, another Max -- before he'd deliberately locked his heart away....",https://images-na.ssl-images-amazon.com/images/S/compressed.photo.goodreads.com/books/1696725963i/136939814.jpg,server_url,"upload\Marion Lennox\City_Surgeon,_Small_Town_Miracl_-_Marion_Lennox.epub",1,,,,1,1
10439221,1,3,240840,Free,Claimed,"Olivia Waterhouse has just graduated from nursing school and has her whole life ahead of her—until she gets drafted. Problem is, she isn’t being forced into the Army, she’s been chosen as a Kindred bride. The Kindred are huge alien warriors—a race of genetic traders whose population is ninety-five percent male. After saving Earth from the threat of invasion they demand a reward—the right to find brides among the population. The chances of being chosen are about the same as those of winning the lottery—guess it’s just Liv’s lucky day. Baird is a Beast Kindred who recently escaped imprisonment and torture at the hands of the malevolent Scourge. Through the torment and pain only one thing kept him sane—the thought of finding and claiming his bride—Olivia. His need to possess her is a burning intensity that threatens to consume them both.Angry at having her future and her family taken away from her, Liv vows to fight back the only way she can—by resisting. She has one month on the Kindred Mothership with Baird—their claiming period. If she can keep from having bonding sex with him during that time, she can go home and get on with her life on Earth. But Baird isn’t going to make it easy for her. Every week he is allowed to touch Liv more and more intimately and according to the contract she signed, she has to let him. She’s determined to resist him but his touch sets her on fire. And just as she thinks she knows what she wants, a twist of fate and an attack by the faceless Scourge AllFather changes everything…",https://images-na.ssl-images-amazon.com/images/S/compressed.photo.goodreads.com/books/1327942833i/10439221.jpg,server_url,upload\Evangeline Anderson\Claimed_-_Evangeline_Anderson.epub,1,,,,1,1
22472864,1,2,4512224,Free,Claimed,"After years on the hunt, Cedar Kartes is finally within striking distance of Cudgel Conrad, the criminal who slew his brother and framed him for murder. With the help of Kali McAlister, his business partner and the woman he’s mustering the courage to court, he believes he can finally rid the world of a bloodthirsty felon. But nothing is ever easy in the Yukon. The new police commissioner has taken an interest in Cedar’s checkered past, a suspicious newspaperman is trying to make friends with Kali, and Cudgel may be laying traps for Cedar even as Cedar is trying to trap him.",https://images-na.ssl-images-amazon.com/images/S/compressed.photo.goodreads.com/books/1402861020i/22472864.jpg,server_url,upload\Lindsay Buroker\Claimed_-_Lindsay_Buroker.epub,1,,,,1,1
22798113,1,7,"8409671,171159",Free,Claimed: Secret Royal Son,"“So you've finally decided to come back to this country, Lily,” Alex says in a cold tone. I think he still hasn't forgiven me... Eighteen months ago, Lily fell in love with the prince of the Sapphiros kingdom in the Diamond Isles. After a mysterious disappearance, she finally braves the criticism she faces and returns to the island to rescue her son, Michales, who was taken from her at birth and is poised to be the new heir to the kingdom. “This is all wrong—that baby belongs to Alex and me!”",https://images-na.ssl-images-amazon.com/images/S/compressed.photo.goodreads.com/books/1406161033i/22798113.jpg,server_url,upload\Reiko Morisaki\Claimed__Secret_Royal_Son_-_Marion_Lennox.epub,1,,,,1,1
28577238,1,5,386699,Free,Claiming the Hunter,"Jeremiah Tully lost his sister when a shifter attacked them while camping with friends. He blames himself…and rogues, believing they are a danger to society. When he finds a group of like-minded people who call themselves hunters, he joins up and spends three years helping them hunt, capture, and sometimes even kill shifters and vampires. Then a few new guys show up, telling tales of demons, and how they want help capturing some. Jeremiah doesn’t believe their tales, but when the demons attack, Jeremiah quickly turns into a believer. He flees the building, but then is chased down by one of the monsters when he crashes his dirt bike. When he wakes in some kind of clinic run by gargoyles, he thinks he’s a dead man. Instead, he learns that some humans live side by side with the gargoyles as mates, and one of the gargoyles, Grateman, is claiming him. While Jeremiah realizes he does have an odd attraction to Grateman, can a mating between a gargoyle and a hunter really work?",https://images-na.ssl-images-amazon.com/images/S/compressed.photo.goodreads.com/books/1452912941i/28577238.jpg,server_url,upload\Charlie Richards\Claiming_the_Hunter_-_Charlie_Richards.epub,1,,,,1,1
32162830,1,1,5900266,Free,Claiming Their Mate,"[Siren Menage Erotic Paranormal Cowboy Menage a Quatre Romance, M/F/M/M, shape-shifters, HEA] Stella Connor's guilt has driven her away from her job as an EMT. She's running from a past consumed by her failure to save a child and her sister's betrayal. Werewolf brothers Danny, Mike, and Alex Lennox sense the sadness behind Stella's eyes. To claim Stella as their mate, they'll do anything to make her happy. Yet doing so is easier said than done when Stella won't tell them what's wrong. More than one demon is eating at her, but they don't know how to help her put her past behind her and welcome the future they could share. Heartache, pain, and guilt erupt as tragedy strikes. If she can survive, if she can break through the guilt holding her down, will she be able to forgive her sister, too? If she can, can they turn her free to go back to the life she left behind? ** A Siren Erotic Romance",https://images-na.ssl-images-amazon.com/images/S/compressed.photo.goodreads.com/books/1474433442i/32162830.jpg,server_url,upload\Jane Jamison\Claiming_Their_Mate_-_Jane_Jamison.epub,1,,,,1,1
18043687,1,3,28946,Free,Claws,"Tales from the world of the Noble Dead SagaSequel to CaptivesEach autumn, Jan awaits his aunt and uncle’s arrival, so that he can leave with them and enjoy a season on the open road in freedom, earning his keep with his violin. Julianna isn’t looking forward to his absence, and then Jan’s mother asks her to accompany Jan in traveling with their family of the Móndyalítko, the “world’s little children.”Julianna has never set foot outside her home village, but she is eager if a little wary to see more of the world among this strange traveling people. Jan finds a new joy in showing her that world as his buried feelings for her begin to resurface. But when the family reaches their first stop to perform, a bizarre series of attacks suddenly plagues the townspeople.Jan’s ever-traveling family is instantly suspected. In their separate ways, Jan and Julianna throw themselves into growing danger as they strive to find the true culprit. Julianna soon discovers the source of these horrors might too close to the suspicions of the townspeople... close enough that it may be too late to save herself or Jan. [Sequel to Captives; 19k words]About Tales from the world of the Noble Dead SagaNo knowledge of the Noble Dead Saga or other related works by us is necessary to read and enjoy any of these stories. Any reader new to this world can step right into it through any one of these short works.Tales are organized into “collections” where all stories therein share a theme and/or premise. Most tales are not sequential and can be read in any order. When one or more link together, subsequent stories will mention “sequel to…” on their covers to guide you.These short works can be your first adventure into our world or something to tide you over in the wait for the next of our novels to be released.—Barb & J.C.",https://images-na.ssl-images-amazon.com/images/S/compressed.photo.goodreads.com/books/1370539622i/18043687.jpg,server_url,upload\Barb Hendee\Claws__Homeward_VII_-_Barb_Hendee.epub,1,,,,1,1
35883721,1,3,2879706,Free,Hammer Break,"I am in serious trouble. Bad enough that Lord Morvilind is forcing me to work with the Rebels. Even worse, the murderous Rebels want me dead. But this time, the Rebels want me to rob a bank. Specifically, the Royal Bank itself, the best-defended building in North America. And unless I do something really clever, I'm going to take the fall for the heist of the century…",https://images-na.ssl-images-amazon.com/images/S/compressed.photo.goodreads.com/books/1501516559i/35883721.jpg,server_url,upload\Jonathan Moeller\Cloak_Games__Hammer_Break_-_Jonathan_Moeller.epub,1,,,,1,1
17164179,1,2,"61693,12275",Free,Clockwork Doomsday,"A key. An ancient automaton. A race against the devil to the deep blue sea…It started in 48 B.C. when a centurion on a rescue mission for Caesar went down with the ship in a storm. With his last breath, he saw the object of Caesar's seafaring excursion—an accursed, mechanical minotaur—hit bottom…and start to walk away!While taping an episode of Chasing History's Monsters, TV host and archaeologist Annja Creed learns that her sometime friend and protector Garin has acquired an ancient butterfly key artifact, the kind once used to wind automatons, clockwork-style devices. Except, this key comes with a rumor attached, a story that it once worked a god-touched device both rare and unbelievably powerful.No sooner does Garin hold the key than it's snatched from his hands by a freewheeling historian who plays by her own rules. And she wants ultimate power, which could happily include the sword of Joan of Arc. The quest for the key and the mythological automaton reunites Annja, Garin and his old mentor Roux in Genoa, and pits them in a race across Europe to beat a foe as resourceful and skilled as Annja herself.",https://images-na.ssl-images-amazon.com/images/S/compressed.photo.goodreads.com/books/1364139086i/17164179.jpg,server_url,upload\Alex Archer\Clockwork_Doomsday_-_Alex_Archer.epub,1,,,,1,1
140082,1,2,17061,Free,Club Dead,"Things between cocktail waitress Sookie and her vampire boyfriend Bill seem to be going excellently (apart from the small matter of him being undead) until he leaves town for a while. A long while. Bill's sinister boss Eric has an idea of where to find him, whisking her off to Jackson, Mississippi to mingle with the under-underworld at Club Dead. When she finally catches up with the errant vampire, he is in big trouble and caught in an act of serious betrayal. This raises serious doubts as to whether she should save him or start sharpening a few stakes of her own ..",https://images-na.ssl-images-amazon.com/images/S/compressed.photo.goodreads.com/books/1329501590i/140082.jpg,server_url,upload\Charlaine Harris\Club_Dead_-_Charlaine_Harris.epub,1,,,,1,1
21920683,1,3,386699,Free,Coaxing His Skittish Lynx,"For the last twenty-five years, Roland’s Iberian lynx had been used as an attraction in curiosity shows. One night, strangers take him away. Upon waking, he’s disoriented and scared…until he recognizes the scent of his old friend, Vane. Separated when Roland was sold and Vane wasn’t, Vane had since been rescued, and now offers the same freedom to Roland. With the force of Vane’s entire gargoyle clutch behind him, Roland finally feels like he can make a new start. Except, one of the gargoyles claims that they are mates, but Roland can’t sense it, revealing a secret he never wanted exposed.  Tobias is thrilled to discover that Roland is his mate until the lynx shifter denies their bond. When the pretty shifter declares he can’t bond with anyone—and Tobias learns the life-changing reason why—Tobias vows that it doesn’t matter to him. He’ll stand by and care for his mate through any difficulty. His devotion is quickly called into question when dangers from Roland’s past force Tobias to spend time guaranteeing his mate’s safety instead of spending time with Roland. Can Tobias prove to his mate that he truly wants him and doesn’t consider Roland just another duty?",https://images-na.ssl-images-amazon.com/images/S/compressed.photo.goodreads.com/books/1397542966i/21920683.jpg,server_url,upload\Charlie Richards\Coaxing_His_Skittish_Lynx_-_Charlie_Richards.epub,1,,,,1,1
53116581,1,3,7200339,Free,Code Red,"Some women fear the fire. Some women simply become it.Ever since her parents were murdered and their home burned down with her inside it, Amara has been afraid of fire. Now, she'll face the flames again, this time in the form of a supernatural terrorist. A supervillain with the power to burn. But the fire-starter isn't the only one Spectra has to worry about. FEAR still hasn't caught Phantasma, and as the flames lick higher, something just as sinister is closing off her escape. Can the cynical superhero become what she fears most to survive or will fire win again?* * * Experience the full Spectra:Book 1: Spectra: A Cynical SuperheroBook 2: A Gray Area Book 3: A Compression of ColorsBook 4: Blue MurderBook 5: Code RedBook 6: With Flying ColorsBook 7: Green With EnvyBook 8: A Silver TongueBook 9: A Golden OpportunityAnd - enjoy some of my other award-winning series:> The Godhunter Series> The Twilight Court Series> The Spellsinger Series> The Happily Harem After Series",https://images-na.ssl-images-amazon.com/images/S/compressed.photo.goodreads.com/books/1571332121l/53116581.jpg,server_url,upload\Amy Sumida\Code_Red_-_Amy_Sumida.epub,1,,,,1,1
29444443,1,5,386699,Free,Coercing Quinn,"Taolma is a young boa constrictor shifter who has recently been reunited with his father after almost two decades apart. He currently lives with a clutch of gargoyles on the outskirts of a small town, but he doesn’t mind. There’s a massive arboretum to sun in and a pond to swim in, plus plenty of trees to climb. Due to the small town atmosphere, Taolma doesn’t expect to find his mate any time soon. Imagine his surprise, excitement, and disappointment when he walks into a motel room and discovers his mate. Quinn is slender, muscular, and handsome. Oh, and he’s a hunter recovering from claw-wounds received from a gargoyle. Taolma hadn’t planned on settling down any time soon, but the pull to mate is undeniable. Can he figure out how to convince a hunter that not all shifters are evil, come to grips with Fate giving him a mate when so young, and of course convince a man who hates paranormals that they are meant to be together?",https://images-na.ssl-images-amazon.com/images/S/compressed.photo.goodreads.com/books/1461626927i/29444443.jpg,server_url,upload\Charlie Richards\Coercing_Quinn_-_Charlie_Richards.epub,1,,,,1,1
44282321,1,3,"14689889,318719,14417592",Free,Cold Case of the Witch,"Driver’s ed. Deadly clues. And a secret magical society…  It can be tough to get an education at the School of Necessary Magic.  Good thing Raine Campbell is a witch who longs to be an FBI agent. That’s a girl with a dream – if she can live through her school days.  When Raine finds hidden messages and symbols in old yearbooks, it can’t be ignored. Not if she wants everyone at school to stay alive.  Some investigations need the help of trusted friends.  Time to ask for help – it’s going to take everyone in her circle of magical friends to solve this mystery.  Join Raine and her friends as they solve dangerous puzzles and go where the evidence leads them.  COLD CASE OF THE WITCH is the fifth book in the School of Necessary Magic – Raine Campbell series. Scroll up and buy now to join in on the puzzle!  See if you can solve it in time…",https://images-na.ssl-images-amazon.com/images/S/compressed.photo.goodreads.com/books/1551790513i/44282321.jpg,server_url,upload\Judith Berens\Cold_Case_Of_The_Witch_-_Judith_Berens.epub,1,,,,1,1
36633688,1,3,6860531,Free,Coldbloods,Continue Navan and Riley's journey in Book 2 of the Hotbloods series.,https://images-na.ssl-images-amazon.com/images/S/compressed.photo.goodreads.com/books/1511239894i/36633688.jpg,server_url,upload\Bella Forrest\Coldbloods_-_Bella_Forrest.epub,1,,,,1,1
2601509,1,2,12692,Free,Coltrain's Proposal - Pinangan Coltrain,"Dr. Louise Blakely didn't want to love Jeb Coltrain. They were supposed to be partners, running the Jacobsville medical clinic together, but instead, he treated her like the enemy. And yet when Lou tells Jeb that she's leaving, he shocks her by proposing!It wouldn't be a real marriage, of course…at least, that was Jeb's intent. Then he started to get to know Lou, to let down his guard to her warmth and caring, and everything changed. After so many years of conflict, can he prove to Lou that his love is real?",https://images-na.ssl-images-amazon.com/images/S/compressed.photo.goodreads.com/books/1204628724i/2601509.jpg,server_url,upload\Diana Palmer\Coltrain's_Proposal_-_Diana_Palmer.epub,1,,,,1,1
25352,1,2,14255,Free,Coming Out,"Olympia Crawford Rubinstein has a busy legal career, a solid marriage, and a way of managing her thriving family with grace, humor, and boundless energy. With twin daughters finishing high school, a son at Dartmouth, and a kindergartner from her second marriage, there seems to be no challenge to which Olympia cannot rise. Until one sunny day in May, when she opens an invitation for her daughters to attend the most exclusive coming-out ball in New York–-and chaos erupts all around her. One twin’s excitement is balanced by the other’s outrage; her previous husband’s profound snobbism is in sharp contrast to her current husband’s flat refusal to attend. For Olympia’s husband, Harry, whose parents survived the Holocaust, the idea of a blue-blood debutante ball is abhorrent. Her daughter Veronica, a natural-born rebel, agrees–-while Veronica’s identical twin, Virginia, is already shopping for the perfect dress. Then there’s Olympia’s ex, an insufferable snob, who sees the ball as the perfect opportunity for a family feud. And amid all the hubbub, Olympia’s college-age son, Charlie, is facing a turning point in his life–-and may need his mother more than ever. But despite it all, Olympia is determined to steer her family through the event until, just days before the cotillion, things begin to unravel with alarming speed. From a son’s crisis to a daughter’s heartbreak, from a case of the chicken pox to a political debate raging in her household, Olympia is on the verge of surrender. And that is when, in a series of startling choices and changes of heart, family, friends, and even a blue-haired teenager all find a way to turn a night of calamity into an evening of magic. As old wounds are healed, barriers are shattered and new traditions are born, and a debutante ball becomes a catalyst for change, revelation, acceptance, and love. In a novel that is by turns profound, poignant, moving, and warmly funny, Danielle Steel tells the story of an extraordinary family–-finding new ways of letting go, stepping up, and coming out...in the ways that matter most.",https://images-na.ssl-images-amazon.com/images/S/compressed.photo.goodreads.com/books/1386922532i/25352.jpg,server_url,upload\Danielle Steel\Coming_Out_-_Danielle_Steel.epub,1,,,,1,1
51105421,1,3,797534,Free,Cone of Silence,"Going from victim to hero is an agonizing road, but she learns control and skills on her path to vengeance.Maira had just gotten her first job, was getting ready to go to university, and was hoping for a bright future with a good job and a few kids. All of that crashed to a halt on the day her shop came under fire, and she was kidnapped to be tortured for months by a serial killer.Getting free of him was her first true accomplishment as a hero, and she nearly had to kill herself to save other lives. She survived, they survived, and she was given accelerated healing, which activated a gift that no one in her family had ever carried before.Listening to anyone, anywhere was a skill that got boring quickly. Talking into her target’s limbic system and having it reply to her was far more interesting. The mind couldn’t lie, and she used it to her advantage.",https://images-na.ssl-images-amazon.com/images/S/compressed.photo.goodreads.com/books/1562249010l/51105421.jpg,server_url,upload\Viola Grace\Cone_of_Silence_-_Viola_Grace.epub,1,,,,1,1
604803,1,2,3441,Free,Confessor,"Descending into darkness, about to be overwhelmed by evil, those people still free are powerless to stop the coming dawn of a savage new world, while Richard faces the guilt of knowing that he must let it happen. Alone, he must bear the weight of a sin he dare not confess to the one person he loves…and has lost.  Join Richard and Kahlan in the concluding novel of one of the most remarkable and memorable journeys ever written. It started with one rule, and will end with the rule of all rules, the rule unwritten, the rule unspoken since the dawn of history. When next the sun rises, the world will be forever changed.",https://images-na.ssl-images-amazon.com/images/S/compressed.photo.goodreads.com/books/1442796715i/604803.jpg,server_url,upload\Terry Goodkind\Confessor_-_Terry_Goodkind.epub,1,,,,1,1
15707526,1,2,3441,Free,The First Confessor,"In the time before the Confessors, when the world is a dark and dangerous place, where treason and treachery are the rule of the day, comes one heroic woman, Magda Searus, who has just lost her husband and her way in life.",https://images-na.ssl-images-amazon.com/images/S/compressed.photo.goodreads.com/books/1340889153i/15707526.jpg,server_url,upload\Terry Goodkind\Confessor_-_Terry_Goodkind_1.epub,1,,,,1,1
572309,1,2,12692,Free,Connal,"A New York Times Bestselling Author Connal Tremayne lived in torment since he lost his wife in a tragic accident. On the anniversary of that date, he drank to drown the remorse and Pepi Mathews, the daughter of his boss, wanted to help him. However, the young woman had expected to follow him to a bar in Mexico City, and instead he took her to a chapel and asked her to marry him. Pepi played along, feeling safe that the marriage certificate would not be valid in the U.S., but on the following day, she was going to discover that their union was perfectly legal . . .",https://images-na.ssl-images-amazon.com/images/S/compressed.photo.goodreads.com/books/1387705837i/572309.jpg,server_url,upload\Diana Palmer\Connal_-_Diana_Palmer.epub,1,,,,1,1
20656981,1,5,7235860,Free,Connected by the Sea,"Living in paradise, Sydney loves her job, her friends, and her passion for marine biology. Her best friend, Henry, has an invested interest in her, but Sydney never seems to notice. While Henry is the perfect man, she only dates the wrong guys. Her ex-boyfriend cheated on her, broke her heart, and now she’s too shattered to give anyone a chance. Until Coen… A sexy bad boy with a tattoo, he elicits dark desires Sydney hasn’t felt in so long. His intense eyes, the color of the sea, capture her sight, making it impossible to look away. She tries to avoid him, knowing he’s no good for her, but Coen, who always gets what he wants, doesn’t take no for an answer. Will Sydney regret this decision? Or will she find what’s been missing her entire life? The family she lost, the loves she misses, and the trust she never thought she could have for someone else?",https://images-na.ssl-images-amazon.com/images/S/compressed.photo.goodreads.com/books/1391102213i/20656981.jpg,server_url,upload\E.L. Todd\Connected_by_the_Sea_-_E._L._Todd.epub,1,,,,1,1
20656987,1,5,7235860,Free,Connected by the Tide,"While Henry accepts Sydney’s love for Coen, he’s still heartbroken over the loss. If he had just said how he felt to begin with, things could have been different. Now it’s a regret he’ll always have. His home life isn’t perfect either. His sister is lost in her depression, and his brother drowns himself in alcohol. Henry has to stay strong for everyone else. But deep inside, he’s falling apart. Until Ren… Deemed a tomboy by her four brothers, Ren is sexy, cool, and smart. As soon as Henry sets eyes on her, he feels a strong attraction to her. The longer they spend time together, the more Henry falls for her. But there’s one problem. Sydney is still in his heart. Can he move on and pursue a relationship when he feels this way? Will he ever get over Sydney? Will Henry find the happily ever after he deserves?",https://images-na.ssl-images-amazon.com/images/S/compressed.photo.goodreads.com/books/1391102399i/20656987.jpg,server_url,upload\E.L. Todd\Connected_by_the_Tide_-_E._L._Todd.epub,1,,,,1,1
40122012,1,2,17065,Free,Connections in Death,"In this gritty and gripping new novel in the #1 New York Times bestselling series, Eve Dallas fights to save the innocent—and serve justice to the guilty—on the streets of New York.Homicide cop Eve Dallas and her billionaire husband, Roarke, are building a brand-new school and youth shelter. They know that the hard life can lead kids toward dangerous crossroads—and with this new project, they hope to nudge a few more of them onto the right path. For expert help, they hire child psychologist Dr. Rochelle Pickering—whose own brother pulled himself out of a spiral of addiction and crime with Rochelle’s support.Lyle is living with Rochelle while he gets his life together, and he’s thrilled to hear about his sister’s new job offer. But within hours, triumph is followed by tragedy. Returning from a celebratory dinner with her boyfriend, she finds Lyle dead with a syringe in his lap, and Eve’s investigation confirms that this wasn’t just another OD. After all his work to get clean, Lyle’s been pumped full of poison—and a neighbor with a peephole reports seeing a scruffy, pink-haired girl fleeing the scene.Now Eve and Roarke must venture into the gang territory where Lyle used to run, and the ugly underground world of tattoo parlors and strip joints where everyone has taken a wrong turn somewhere. They both believe in giving people a second chance. Maybe even a third or fourth. But as far as they’re concerned, whoever gave the order on Lyle Pickering’s murder has run out of chances…",https://images-na.ssl-images-amazon.com/images/S/compressed.photo.goodreads.com/books/1527709392i/40122012.jpg,server_url,upload\J.D. Robb\Connections_in_Death_-_J._D._Robb.epub,1,,,,1,1
172691,1,2,17065,Free,Conspiracy in Death,"It was always a shock, not the hard one Bowers had hoped for. Eve had seen too much for that. But what one human could do to another was never routine for her. With the precision of a surgeon, a serial killer preys on the most vulnerable of souls of the world's city streets. The first victim: a homeless person, found dead in New York City. No bruises, no signs of a struggle. Just a laser-perfect, fist-sized hole where his heart had once been. Detective Eve Dallas is assigned to investigate. But as she is lured in to a cat-and-mouse game with the killer, Dallas also becomes the focus of an internal investigation. In her mind, Eve feels she has done nothing except irritate some fellow cops with connections in high places. But her struggle to bring a murderer to justice is about to be hindered by the fight to save her career",https://images-na.ssl-images-amazon.com/images/S/compressed.photo.goodreads.com/books/1305124508i/172691.jpg,server_url,upload\J.D. Robb\Conspiracy_in_Death_-_J._D._Robb.epub,1,,,,1,1
7950197,1,5,86756,Free,"Convenient Wife, Pleasured Lady","Daniel Wycliffe, Earl of Stanford, expected Alice Fortesque to be an obedient and biddable wife, not the vivacious beauty demanding he woo her before sharing his bed! Daniel has no intention on falling for his convenient bride, but he needs to produce an heir soon in order to secure his inheritance. He's certain that she won't be able to resist his seductive charms for long...but with Alice determined to accept nothing less than Daniel's love and respect, will he be the one to surrender first?",https://images-na.ssl-images-amazon.com/images/S/compressed.photo.goodreads.com/books/1270149683i/7950197.jpg,server_url,"upload\Carole Mortimer\Convenient_Wife,_Pleasured_Lady_-_Carole_Mortimer.epub",1,,,,1,1
76228144,1,1,22294257,Free,"Content AreaReading and Literacy- Succeeding in Today's Diverse Classrooms, Instructor's Copy, 6th",,https://dryofg8nmyqjw.cloudfront.net/images/no-cover.png,server_url,upload\Unknown Author\Copy_content_-_Unknown.epub,1,,,,1,1
37977756,1,5,2965060,Free,Corey,"A voice from the past cries out for help and Corey finds himself reunited with the only woman who'd ever rocked his world straight off the axis. But twelve years is a long time apart. Both of them have moved on, but, tragically, Angela is no longer the lighthearted woman he once knew and loved.Caught in a nasty divorce and custody battle, Angela will do anything to keep her son with her. After seven years of a rocky marriage, she's only just beginning to figure out what kind of a man her husband truly is.Angela makes it clear to Corey she doesn't want or need his help. She's got her own insurance to secure her case. But Corey is determined to shield his old flame anyway because she doesn't seem to realize her ""insurance"" is more than likely to get her dead sooner rather than later. Given that Corey's up against a man with no intention of letting his son go, it's a race to see who ends up in a casket first.",https://images-na.ssl-images-amazon.com/images/S/compressed.photo.goodreads.com/books/1516133228i/37977756.jpg,server_url,upload\Dale Mayer\Corey_-_Dale_Mayer.epub,1,,,,1,1
43445240,1,5,2965060,Free,Corpse in the Carnations,"Riches to rags. … Chaos calms. … Crime quiets. … But does it really?  After getting involved in two murder cases in the short time she’s lived in picturesque Kelowna, divorcee and gardener Doreen Montgomery has developed a reputation almost as notorious as her Nan’s. The only way to stop people from speculating, is to live a life of unrelieved boredom until the media and the neighbors forget about her. And Doreen aims to do just that with a tour of Kelowna’s famed Carnation Gardens. Plants, more plants, and nothing whatsoever that anyone could object to.  But when she sees a fight between a beautiful young woman and her boyfriend, she can’t help but be concerned. Concerned enough that she follows the couple out of the parking lot and through town. And when gunshots interrupt the placid afternoon, it’s too late to worry about how her nemesis, Corporal Mack Moreau, will feel about her getting involved in yet another of his cases.  With bodies turning up in the carnations, and a connection to a cold case of a missing child from long ago, Doreen has her hands full, not least with trying to keep her involvement in the investigations a secret from her Nan, Mack Moreau, and especially the media. But someone’s keeping up with Doreen’s doings… and that someone can’t afford for her to find the answers to the questions she’s asking.",https://images-na.ssl-images-amazon.com/images/S/compressed.photo.goodreads.com/books/1546458846i/43445240.jpg,server_url,upload\Dale Mayer\Corpse_in_the_Carnations_-_Dale_Mayer.epub,1,,,,1,1
36764131,1,2,3780,Free,Count to Ten: A Private Novel,"#1 BESTSELLING WRITER, #1 BESTSELLING SERIESOne by one, people are missing. Find them before they're dead.Santosh Wagh quit his job as head of Private India after harrowing events in Mumbai almost got him killed. But Jack Morgan, global head of the world's finest investigation agency, needs him back. Jack is setting up a new office in Delhi, and Santosh is the only person he can trust.Still battling his demons, Santosh accepts, and it's not long before the agency takes on a case that could make or break them. Plastic barrels containing dissolved human remains have been found in the basement of a house in an upmarket area of South Delhi. But this isn't just any house, this property belongs to the state government. With the crime scene in lockdown and information suppressed by the authorities, delving too deep could make Santosh a target to be eliminated.",https://images-na.ssl-images-amazon.com/images/S/compressed.photo.goodreads.com/books/1516340432i/36764131.jpg,server_url,upload\James  Patterson\Count_to_Ten__A_Private_Novel_-_James_Patterson.epub,1,,,,1,1
237655985,1,1,"32498,22294257",Free,Countdown,,https://dryofg8nmyqjw.cloudfront.net/images/no-cover.png,server_url,upload\Iris Johansen\Countdown_-_Iris_Johansen.epub,1,,,,1,1
36070947,1,5,386699,Free,Counting on a Crow's Wing,"Lord Elron Paxton is a fae prince—one of many. Bored with the never-ending politics of the Fae Court, he takes a dare to enter the human world. Elron gives his bodyguards the slip, finds a fun gay club, and prepares for a night of revelry. Unfortunately, Elron wakes in a dirty room crowded with other men. He finds himself stuck there for days, weighing the pros and cons of revealing his true nature to a number of humans—something against fae law—just to save himself. When a crow shifter appears outside the window, Elron hopes he’s found an alternate way of saving not only himself, but those stuck in the room with him—even if they do think he’s nuts for talking to a bird. Can he trust the crow to get help before the men who kidnapped everyone sell them on the black market…or will he have to break fae law to save them, sentencing himself to certain death?  Reader This tale speaks of past abuse/rape.",https://images-na.ssl-images-amazon.com/images/S/compressed.photo.goodreads.com/books/1504223293i/36070947.jpg,server_url,upload\Charlie Richards\Counting_on_a_Crow's_Wing_-_Charlie_Richards.epub,1,,,,1,1
25203592,1,2,14255,Free,Country,"Life for Stephanie Adams is all about being a devoted mother. For years, she has kept her unhappy marriage a secret, intent on protecting her children from seeing their family break up. Then Stephanie’s husband dies suddenly, and she sees a chance for everything to be different.Stephanie strives to balance her children’s grief with her desire to move on from the past – but after years of giving up her life for everyone else, what should she do next? A spur-of-the-moment road trip leads her to Las Vegas, the Grand Canyon, and a chance meeting . . . and her whole life changes forever.When Stephanie meets country music megastar Chase Taylor, he opens up his exciting world to her. In Nashville, the music is bittersweet and the lyrics true. Now, Stephanie is no longer the same woman. By seizing the day, she has found a way to be free and happy.But can her family find it in their hearts to let her go?Dancing between the past and present, Country is a moving story of one woman finding the power to seize the day, and finding herself along the way. Carpe diem.Danielle Steel is famous for her inspirational stories about family, love and life. Her novels will be enjoyed by readers of Penny Vincenzi, Jodi Picoult and Diane Chamberlain.",https://images-na.ssl-images-amazon.com/images/S/compressed.photo.goodreads.com/books/1453326563i/25203592.jpg,server_url,upload\Danielle Steel\Country_-_Danielle_Steel.epub,1,,,,1,1
13261497,1,2,12692,Free,Courageous,"The Life of a Paid Mercenarymakes sense to Special Forces Officer Winslow Granger. The jungles of South America may make his former job as a ranch manager for his friend Jay Pendleton look like a cakewalk, but it's nothing that the former Green Beret can't handle.A woman's heart, however - that's dangerous territory. Back in Texas, Grange's biggest problem was avoiding Peg Larson and all the complications being attracted to the daughter of his foreman would entail. Now Grange will need all his training to help General Emilio Machado gain control of the tiny South American nation of Barrera; when Peg arrives unannounced, she's a distraction he can't avoid. She's determined to show Grange she can be useful on and off the battlefield. Once she breaks through his armor, traversing the wilds of the Amazon will prove an easier task than defending himself against her winning charms....",https://images-na.ssl-images-amazon.com/images/S/compressed.photo.goodreads.com/books/1337815178i/13261497.jpg,server_url,upload\Diana Palmer\Courageous_-_Diana_Palmer.epub,1,,,,1,1
20335150,1,3,797534,Free,Courting the Phoenix,"Elly has known she was going to become the phoenix for twelve years. She just didn’t want it to happen quite yet. When she meets Terric in person for the first time, there is no going back. Her transformation is underway. Her body is becoming fire and there is nothing she can do to stop it. Terric has been looking for the phoenix since he felt the first stirrings of her power in the world around him. When he meets Elly and they dance, he knows that she is the one he has been waiting for, but his patience is running out. She demands a proper courtship, and he complies. After all, how long had he already waited?",https://images-na.ssl-images-amazon.com/images/S/compressed.photo.goodreads.com/books/1388260616i/20335150.jpg,server_url,upload\Viola Grace\Courting_the_Phoenix_-_Viola_Grace.epub,1,,,,1,1
143718678,1,1,4699102,Free,Antique Rare Five Little Peppers by Phronsie Pepper (1897) Vintage Book w/Ornate Cover [Hardcover] Unknown,This rare and vintage book is a perfect addition to any bibliophile's collection,https://images-na.ssl-images-amazon.com/images/S/compressed.photo.goodreads.com/books/1697816705i/143718678.jpg,server_url,upload\Unknown\Cover_-_Unknown.epub,1,,,,1,1
138628595,1,1,4699102,Free,"Rare Vintage EVERYWOMAN'S Magazine January 1954 Cover Photo by ALBERT GOMMI14,95 [Paperback] unknown",This rare and vintage book is a perfect addition to any bibliophile's collection,https://images-na.ssl-images-amazon.com/images/S/compressed.photo.goodreads.com/books/1694969144i/138628595.jpg,server_url,upload\Unknown\Cover_-_Unknown_1.epub,1,,,,1,1
11262740,1,2,"61693,313399",Free,Cradle of Solitude,"It was dumb luck that archaeologist Annja Creed happened to be in Paris when the skeletal remains of a Confederate soldier were discovered. This was no ordinary soldier, but the keeper of a treasure that could have affected the outcome of the war. Annja is unraveling a 150-year-old mystery and a trail of clues to the treasure--but she's not the only one. Original.",https://images-na.ssl-images-amazon.com/images/S/compressed.photo.goodreads.com/books/1314730560i/11262740.jpg,server_url,upload\Alex Archer\Cradle_of_Solitude_-_Alex_Archer.epub,1,,,,1,1
41800381,1,5,86756,Free,Craving,"CRAVING (Regency Lovers 3) is the 3rd book in Amazon #1 & USA Today Bestselling Author, Carole Mortimer’s, Regency Lovers Series. Author’s The books in the Regency Lovers series are steaming hot. You have been warned! At the age of seven and twenty, Miss Sophia Marchment, unlike many of her contemporaries, has lived a life of satisfying independence without the restraint of either a husband or male relative. As headmistress of her own school for young ladies in Portsmouth, Sophia is not afraid to share her independent views with ‘her girls’. During a stay in London in which she meets with Magnus Spencer, the Duke Weston and the widowed father of a potential student, Sophia receives several unsigned and threatening letters. Ones in which she is advised to return to her home in Portsmouth or face the consequences. Quite what those consequences might be Sophia has no idea, but nor will she be told what to do by someone who is not even brave enough to sign their own letters. Aged eight and thirty, and single for many years, Magnus Spencer, the Duke of Weston, knows he has grown both cynical and arrogant. Nevertheless he finds himself surprisingly drawn to the beauty and independence of Miss Sophia Marchment. An attraction he has every reason to believe she reciprocates, and yet refuses to act upon. The more Magnus sees Sophia the more his attraction to her deepens, until she is all he can think about. A CRAVING beyond his control. But not everyone feels that same admiration for Sophia and her fiercely independent ways, and when her very life is put in danger it falls to Magnus to protect her. From herself if necessary. Regency Lovers INDECENT (Regency Lovers 1) OBSESSION (Regency Lovers 2) CRAVING (Regency Lovers 3) FORBIDDEN (Regency Lovers 4) More books to come in this HOT new Regency Series. COMING Steele Protectors – A HOT New Contemporary Romantic Suspense Series LOGAN (Steele Protectors 1) Carole Mortimer has written over 240 books in Regency, Contemporary, and Paranormal romance. In 2015 she became the Recipient of the prestigious Romance Writers of America’s Lifetime Achievement Award. She was awarded a Romantic Times Career Achievement Award in 2017. She is an Entertainment Weekly Top 10 Romance Author—ever. A 2014 Romantic Times Pioneer of Romance author. She was also recognized by Queen Elizabeth II in 2012, for her “outstanding service to literature”.",https://images-na.ssl-images-amazon.com/images/S/compressed.photo.goodreads.com/books/1536647032i/41800381.jpg,server_url,upload\Carole Mortimer\Craving_(Regency_Lovers_3)_-_Carole_Mortimer.epub,1,,,,1,1
45894252,1,1,4107685,Free,Craving Him,"This is the sixth book in the Sinful Nights series.Endings always arrived!Yes, Andrea was miserable without Mike, but their steamy affair would have ended eventually. She’d just … hurried the process, knowing that extending the relationship would have caused more pain. So why was he in her office? And how was she going to survive seeing him again?Even after months without him, she still craved his scent, his touch, his kisses! Andrea longed for Mike in ways she hadn’t anticipated when she’d abruptly ended their relationship. Mike watched as Andrea tentatively stepped into her office. She was more beautiful than he remembered, and he was more determined to win her back, to prove that they could work this out. And if it took being sued by a fraudulent woman to prove Mike was sincere, then he’d go through whatever it took to win Andrea back!",https://images-na.ssl-images-amazon.com/images/S/compressed.photo.goodreads.com/books/1558380623i/45894252.jpg,server_url,upload\Elizabeth Lennox\Craving_Him_-_Elizabeth_Lennox.epub,1,,,,1,1
66106,1,5,25950,Free,Crazy About the Boss,"When Jack Valentine was rejected by his father, he headed to New York and made billions. Now the proud Valentines need his money, so he returns to London, with his trusted assistant, to make or break the family.Until London, Maddie enjoyed a professional relationship with her boss. Now something's different. The Jack she knew is nothing like this intoxicating man, with fi re in his eyes and pain in his soul. This Jack is defi nitely someone she could fall for—but this Jack could easily break her heart….",https://images-na.ssl-images-amazon.com/images/S/compressed.photo.goodreads.com/books/1170640028i/66106.jpg,server_url,upload\Teresa Southwick\Crazy_About_The_Boss_-_Teresa_Southwick.epub,1,,,,1,1
2893061,1,5,25950,Free,Tergila-gila Padamu / Crazy for Lovin You,"Sepuluh tahun yang lalu, Mitch Rafferty patah hati karena kekasihnya, Jen Stevens, berselingkuh. Micth bersumpah takkan mau berhubungan lagi dengan keluarga Stevens, apalagi karena ayah Jen tidak pernah menyukainya. Taylor, adik Jen, yang kala itu berusia 14 tahun, diam-diam mencintai kekasih sang kakak. Ia menyatakan cinta dan mencium Mitch, tapi Micth menganggap Taylor cuma gadis cilik. Untuk melupakan kepedihan hatinya, Micth meninggalkan kampung halamannya-Destiny. Kini Mitch pulang ke Destiny setelah menjadi bintang rodeo terkenal. Bagi Taylor, cintanya pada Mitch tidak pernah mati meskipun ia mengira pria itu kembali untuk Jen. Bagi Mitch, cintanya pada Jen telah terkubur lama. Namun dendamnya pada keluarga Stevens membuat Mitch ragu menerima cinta Taylor.",https://images-na.ssl-images-amazon.com/images/S/compressed.photo.goodreads.com/books/1204021488i/2893061.jpg,server_url,upload\Teresa Southwick\Crazy_for_Lovin'_You_-_Teresa_Southwick.epub,1,,,,1,1
42969601,1,2,3441,Free,Crazy Wanda: An Angela Constantine Novella,"Trouble always finds Angela Constantine. And Angela's impulsive, hot-tempered colleague Wanda is about to cause more trouble than anyone could know. Except Angela. She's not like the rest of us. She sees things we don't-she can recognize a killer just by looking in their eyes. And Angela knows that sooner or later, one way or another, everyone pays for their sins. She'll make certain of it. Follow Angela Constantine in this thrilling novella of revenge and justice, as she goes down the rabbit hole after a serial killer in the making.",https://images-na.ssl-images-amazon.com/images/S/compressed.photo.goodreads.com/books/1543366624i/42969601.jpg,server_url,upload\Terry Goodkind\Crazy_Wanda_-_Terry_Goodkind.epub,1,,,,1,1
237996964,1,1,"17065,22294257",Free,Creation In Death,,https://dryofg8nmyqjw.cloudfront.net/images/no-cover.png,server_url,upload\J.D. Robb\Creation_in_Death_-_J._D._Robb.epub,1,,,,1,1
133074896,1,2,13730,Free,Creature Teacher: The Final Exam (Goosebumps: Most Wanted) by R. L. Stine,"The infamous, Most Wanted Goosebumps characters are out on the loose and they're coming after you! Catch them all, undead or alive!It doesn't take long for Tommy to find out he's in big trouble. His whole family is obsessed with winning and he's being sent off to a special camp to help make him into a ""winner."" When Tommy gets there, he sees that something isn't right. All of the kids are so competetive. It's almost like their lives depend on it. Can Tommy survive The Final Exam?",https://images-na.ssl-images-amazon.com/images/S/compressed.photo.goodreads.com/books/1694978282i/133074896.jpg,server_url,upload\R.L. Stine\Creature_Teacher__The_Final_Exa_-_R._L._Stine.epub,1,,,,1,1
817216,1,2,8516,Free,Crewel Lye: A Caustic Yarn,"Jordan was a ghost in Castle Roogna now. Although once he had been the most valorus of knights--that is, until he was betrayed by two wily magicians and the woman he loves. Now, if he only can remember how he was killed, he'll be able to reassemble his body. And he is getting impatient....",https://images-na.ssl-images-amazon.com/images/S/compressed.photo.goodreads.com/books/1388182019i/817216.jpg,server_url,upload\Piers Anthony\Crewel_Lye__A_Caustic_Yarn_-_Piers_Anthony.epub,1,,,,1,1
7172680,1,3,17061,Free,Crimes by Moonlight: Mysteries from the Dark Side,An all-new mystery anthology edited and featuring a new story by #1 New York Times bestselling author Charlaine Harris   Nighttime is the perfect time for the perfect crime. #1 New York Times bestselling author Charlaine Harris edits and contributes an all-new story-set in her Sookie Stackhouse universe-to this anthology from the Mystery Writers of America. Other authors include:  Steve Brewer Dana Cameron Max Allan Collins and Mickey Spillane Barbara D'Amato Brendan DuBois Terrie Farley Moran Jack Fredrickson Parnell Hall Carolyn Hart S. W. Hubbard Toni L. P. Kelner Lou Kemp William Kent Kreuger Harley Jane Kozak Margaret Mahon Martin Meyers Jeffrey Somers Elaine Viets Mike Wiecek,https://images-na.ssl-images-amazon.com/images/S/compressed.photo.goodreads.com/books/1286908410i/7172680.jpg,server_url,upload\Charlaine Harris\Crimes_by_Moonlight__Mysteries_-_Charlaine_Harris.epub,1,,,,1,1
36311867,1,8,3780,Free,Alex Cross Series James Patterson Collection 7 Books Bundle,"Alex Cross Series James Patterson Collection 7 Books Bundle includes books in this collection :- London Bridges, Double Cross, Cross, Mary, Mary, Cat and Mouse, Roses are Red, The Big Bad Wolf. Description:- London Bridges Alex Cross is on vacation when he gets the call. A town in Nevada has been annihilated and the Russian super-criminal known as the Wolf is claiming responsibility. Double Cross Just when Alex Cross's life is calming down, he's drawn back into the game to confront the Audience Killer - a terrifying genius who stages his killings as public spectacles in Washington, DC and broadcasts them live on the net. Cross Alex Cross was a rising star in Washington, DC, Police Department when an unknown shooter killed his wife, Maria, in front of him. Mary, Mary Somebody is intent on murdering Hollywood's A-list. A well-known actress has been shot outside her Beverly Hills home. Shortly afterwards, the Los Angeles Times receives an email describing the murder in vivid detail. It is signed Mary Smith. Cat and Mouse Just as Alex Cross is beginning to feel that life is good and he is finally coming out of the depression he's been in since the death of his wife, he is called to Union Station train terminal - a man is on the loose, firing at random into the swarming crowds of travellers. Roses are Red A series of meticulously planned bank robberies ends in murder, and detective Alex Cross must pit his wits against the bizarre and sadistic mastermind behind the crimes. The Big Bad Wolf Alex Cross's first case since joining the FBI has his new colleagues perplexed. Across the country, men and women are kidnapped in broad daylight and then disappear completely. These people are not being taken for ransom, Alex realizes. They are being bought and sold.",https://images-na.ssl-images-amazon.com/images/S/compressed.photo.goodreads.com/books/1506497497i/36311867.jpg,server_url,upload\James  Patterson\Cross_-_James_Patterson.epub,1,,,,1,1
34202300,1,9,7200339,Free,Cry Werewolf,"The Wolves are being hunted!Vervain Lavine's nine-pointed star is whole again. A victory indeed, except the Godhunter still doesn't know exactly what it's capable of. Distracted by pregnancy issues, she just doesn't have the time to search for answers. But when her Froekn family is attacked, then accused of nefarious deeds themselves, she is thrust down a road which leads her straight to the destiny she's been chosen for. Myth and magic turn against the Godhunter, and the only hope she has of saving those she loves lies in learning secrets of her star.",https://images-na.ssl-images-amazon.com/images/S/compressed.photo.goodreads.com/books/1486588598i/34202300.jpg,server_url,upload\Amy Sumida\Cry_Werewolf_-_Amy_Sumida.epub,1,,,,1,1
96982,1,2,8516,Free,Cube Route,"For nearly three decades, Piers Anthony's bestselling Xanth series has been delighting tens of thousands of fantasy fans around the world. Now, with Cube Route, the series' twenty-seventh adventure, Anthony has penned a tale that adds another dimension to this exciting saga.In the magical land of Xanth, wishes are far more than mere words. So when a Plain Jane called Cube whispers a wistful wish to be beautiful, she finds herself leading a company of colorful companions on a search for the mysterious Cube Route--a perilous path that leads to danger, adventure, and perhaps her heart's desire as well.This curious quest takes them all over Xanth, into the mythical realm of Phaze, and even to our own world, where Cube rescues a beautiful human woman from a very ugly situation, ending at last in a mysterious Counter-Xanth where things can be transformed into their opposites in the wink of an eye.A rollicking tale brimming with laughter, wonder, and enchantment, Cube Route is also a moving exploration of the beauty that dwells within all of us.",https://images-na.ssl-images-amazon.com/images/S/compressed.photo.goodreads.com/books/1388380035i/96982.jpg,server_url,upload\Piers Anthony\Cube_Route_-_Piers_Anthony.epub,1,,,,1,1
27407242,1,5,386699,Free,Curling Up with His Critter,"Lucius is finally feeling confident with his place in his pack. His new alpha and inner circle are fair and kind, and everything his abusive ex-leaders were not. Learning about the world beyond pack lands, Lucius takes online courses to earn his GED, planning to focus further studies in botany. Everything changes when his pack takes in a dozen Angus shifters rescued from a herd in Texas. One of the rescuers who accompanies the shifters is a vampire that makes Lucius’s blood sing. Gypsum Vereen. While Lucius can’t deny his attraction to the male, he’d given up sex when the new alpha took over. His old inner circle had made the act nothing but degrading and painful, and he never wants to experience that again. When Gypsum speaks of making love, can he dredge up enough faith to take a chance and learn the difference?  Reader This novel contains references to past rape.",https://images-na.ssl-images-amazon.com/images/S/compressed.photo.goodreads.com/books/1446401316i/27407242.jpg,server_url,upload\Charlie Richards\Curling_up_with_His_Critter_-_Charlie_Richards.epub,1,,,,1,1
96978,1,2,8516,Free,Currant Events,"When Clio, the Muse of History, sat down to pen the twenty-eighth volume in the Chronicles of Xanth, she was stunned to discover it was already there! And, what was worse, it was totally unreadable, for the words on its pages were fuzzed beyond comprehension.Vexed and bewildered, and more than a little concerned, Clio resolved to leave the quiet comfort of her study on the slopes of Mount Parnassus, and ask her old friend, the Good Magician Humfrey, to search a solution to her problem in his Book of Answers.But, much to her consternation, Humfrey required her to perform a magical Service before she could acquire her Answer: to rescue Xanth's dragons from the verge of extinction before the delicate balance of its wildlife was permanently thrown out of whack.Her momentous mission lead her to a dangerous Dragon World hidden amongst the Moons of Ida, across a perilous landscape filled with wonder and danger, in search of the fabled Currant, a very rare red berry that might hold the secret she sought.Along the way she acquired a fellowship of companions, including the brave and beautiful Becka Dragongirl, a pair of pocket dragons named Drew and Drusie, a charming young child called Ciriana whose destiny was somehow entwined with hers, and Sherlock, a sweet but homely man from Mundania who might just be a master magician himself.Together they gradually began to unravel the momentous mystery of Xanth's missing history. And Clio began to realize that Sherlock's enchantments had begun to work their way into her heart.",https://images-na.ssl-images-amazon.com/images/S/compressed.photo.goodreads.com/books/1316727875i/96978.jpg,server_url,upload\Piers Anthony\Currant_Events_-_Piers_Anthony.epub,1,,,,1,1
22886694,1,3,240840,Free,Cursed,"Commander Stavros Rii of the Kindred is a Sin Eater - thick black lines cover his back and neck causing him to feel the pain of others. It is a curse that threatens to shorten his life and makes him unable to bond with a female - not that he's ever found one he wants to bond with. Until he meets Charlie...Charlie Sayers is an agent with the Earth Protection Bureau - and anti Kindred agency dedicated to ridding the world of the big aliens. Charlie joined the EPB out of a sense of patriotism but she has her own reasons to hate the Kindred.But she has bigger problems than the Kindred at the moment - the Enhanced Ones have come to Earth and they're planning to take over the planet, enslave the inhabitants and strip them of all emotion. Charlie can't have that so she agrees to go undercover with Stavros to find the Heart of Love - an artifact which can destroy their mutual enemy forever.On their dangerous and difficult mission, Charlie learns that going undercover with your worst enemy can rapidly turn him into your best friend... or your lover. Can she hold on to her beliefs and stay true to herself, or will she lose her heart to Stavros? And even if she gives in to desire, will Stav be able to bond her to him?Or are they Cursed to be apart forever?",https://images-na.ssl-images-amazon.com/images/S/compressed.photo.goodreads.com/books/1413343785i/22886694.jpg,server_url,upload\Evangeline Anderson\Cursed_-_Evangeline_Anderson.epub,1,,,,1,1
34111449,1,3,4512224,Free,Cyborg Legacy,"Former Cyborg Corps soldier Jasim Antar was relieved to come out of the war alive and looked forward to switching to a less violent line of work. But nobody wants to hire a brawny cyborg to do anything that doesn’t involve brutalizing people on a daily basis. Stuck working as a debt collector alongside an eccentric pilot who enjoys knitting gifts for her grandkids when she isn’t blowing people up, Jasim longs to find a more peaceful existence.But peace is elusive when you have a violent past. While on a routine mission, Jasim comes across the body of a soldier he served with during the war. He soon learns that someone is murdering former members of the Cyborg Corps, men who should be extremely difficult to kill. And he’s next on the list.Jasim steels himself to reach out to the one person he’s certain can help, his old commander: Colonel Leonidas Adler. Adler is strong, smart, and deadly, good traits to have in an ally. Unfortunately, he remembers Jasim as a misfit rather than a model soldier, and convincing him to join forces may be even tougher than finding and facing the killer.",https://images-na.ssl-images-amazon.com/images/S/compressed.photo.goodreads.com/books/1486181116i/34111449.jpg,server_url,upload\Lindsay Buroker\Cyborg_Legacy_-_Lindsay_Buroker.epub,1,,,,1,1
550844,1,2,"3389,133241",Free,Cycle of the Werewolf,"The first scream came from the snowbound railwayman who felt the fangs ripping at his throat. The next month there was a scream of ecstatic agony from the woman attacked in her snug bedroom. Now scenes of unbelieving horror come each time the full moon shines on the isolated Maine town of Tarker Mills. No one knows who will be attacked next. But one thing is sure. When the moon grows fat, a paralyzing fear sweeps through Tarker Mills. For snarls that sound like human words can be heard whining through the wind. And all around are the footprints of a monster whose hunger cannot be sated... Cycle of the Werewolf.",https://images-na.ssl-images-amazon.com/images/S/compressed.photo.goodreads.com/books/1565642120i/550844.jpg,server_url,upload\Stephen        King\Cycle_of_the_Werewolf_-_Stephen_King.epub,1,,,,1,1
1439453,1,2,"14255,3391806",Free,Daddy,"Oliver Watson's world suddenly dissolves around him when Sarah his wife of eighteen years, returns to Harvard to get her master's degree. Oliver is left on his own, with three children and a freedom he never wanted and doesn't completely understand. His family's needs and demands suddenly consume his life. When Oliver's mother is diagnosed as having Alzheimer's disease and dies soon thereafter, Oliver's father's life is changed as well. Braver than his son with less of a future before him, George Watson, at seventy-two, quickly embraces new relationships and, eventually, a new life. The sudden changes come as a shock to both father and son.  Ben, Oliver's oldest son, rejects his father and reaches outward, under the illusion that he is grown-up and can make it on his own. Melissa, the middle child, blames Oliver for her mother's desertion. And Sam, the ""baby,"" is too shaken to deal with it at all. Now the only parent, ""Daddy"" must somehow cope this, his troubled family and explore a world of new responsibilities, new women, and new experiences. Each of the three men must start a new life: Oliver in New York and then in Los Angeles with his children, once he faces the biggest change in his life; his widowed father with the woman next door; and seventeen-year-old Ben with his girlfriend and baby. Nothing is as it was before... nothing is as they once thought it would be. But in the end, different is better... different is more... for each of them--and especially for ""Daddy,""",https://images-na.ssl-images-amazon.com/images/S/compressed.photo.goodreads.com/books/1183601477i/1439453.jpg,server_url,upload\Danielle Steel\Daddy_-_Danielle_Steel.epub,1,,,,1,1
43445237,1,10,2965060,Free,Dagger in the Dahlias,"Riches to rags. … Chaos quiets. … Crime is circling. … And cold cases never cease …After almost a month in picturesque Kelowna, Doreen Montgomery still can’t keep her notoriety to a minimum or her nose out of other people’s business. Now those suffering from the loss of a loved one seek her out, wanting her help. While the last thing Doreen wants is to have the media discover she’s involved in another cold case, she is already hooked on the details …But even more is going on. News has gotten out that Nan’s old house is brimming over with valuable antiques, antiques Nan collected and left for Doreen, and the seedier elements of their lovely town are circling like vultures. With her animals in full assistant mode, Doreen must investigate the cold case, right the wrongs of the past, and keep her home safe, all while evading the media—and Corporal Mack Moreau.",https://images-na.ssl-images-amazon.com/images/S/compressed.photo.goodreads.com/books/1546458839i/43445237.jpg,server_url,upload\Dale Mayer\Daggers_in_the_Dahlias_-_Dale_Mayer.epub,1,,,,1,1
18061954,1,3,"17061,4381404",Free,Dancers in the Dark,"""Dancers in the Dark"" is set in the Sookieverse and features Sean and Layla. Dancer Layla Rue Le May's childhood prepared her to handle just about anything, including her aloof partner, Sean McClendon, a three-hundred-year-old redheaded vampire. Even so, when she somehow acquires a stalker, Layla Rue is surprised to find that Sean is the only one she can trust....Originally published in Night's Edge (HQN Books, October 2004) ""The Britlingens Go to Hell"" is set in the Sookieverse and features the vampires Dahlia and Taffy. Bodyguards Batanya and Clovache, previously introduced in All Together Dead , battle demons, wolfwomen, and two hellhounds guarding some unusual prisoners.Originally published in Must Love Hellhounds (Berkley, September 2009)",https://images-na.ssl-images-amazon.com/images/S/compressed.photo.goodreads.com/books/1408470735i/18061954.jpg,server_url,upload\Charlaine Harris\Dancers_in_the_Dark_-_Charlaine_Harris.epub,1,,,,1,1
7702619,1,2,12692,Free,Dangerous,"Tall, lean and headstrong, FBI agent Kilraven lives by his own rules. And one of those rules includes keeping his hands off Jacobsville's resident sweetheart, Winnie Sinclair, no matter the temptation. Shy and innocent, Winnie couldn't handle a man like him—a merciless man with a haunted past. And this small town may hold not only the woman he fights to resist, but the answers to a cold case that is very personal to Kilraven….Winnie has had her own share of sorrow and senses Kilraven's pain. Even though she tries to deny it, the gentle 911 operator feels a connection with the darkly handsome agent. When he makes the disturbing discovery that her family's unsavory past might have a bearing on his case, Winnie is determined to help him crack it…and the ice around his heart.As they combine forces in a dangerous investigation, the stakes rise ever higher. Winnie's life is on the line, and she'll need Kilraven more than ever. But if they are to have a future together, her ruthless Texan will need to confront his past and risk it all for their love.",https://images-na.ssl-images-amazon.com/images/S/compressed.photo.goodreads.com/books/1388748072i/7702619.jpg,server_url,upload\Diana Palmer\Dangerous_-_Diana_Palmer.epub,1,,,,1,1
2614534,1,2,"3389,339377,543948",Free,Danse Macabre,"Diable ! Il arrive que nos pas nous mènent en des lieux d'apparence anodine, mais qui cachent des secrets qu'il vaudrait mieux laisser enfouis. Maudit soit Jerusalem's Lot et son église impie, profanée par le Ver !Vampires, croque-mitaines ou fils du cosmos, dieu Pan obscène ou dieu du Maïs sénile et jaloux... Ces êtres d'une autre époque ou d'autres dimensions frappent sans scrupules et tuent. Mais n'est-ce pas dans l'ordre des choses ?Et si les objets familiers qui accompagnent notre quotidien se mettaient à nous vouloir du mal ? Soldats de plomd, camions roulant à tombeau ouvert, bulldozers ou repasseuses... A coup sûr le Malin est à l'oeuvre !Reste l'irrationnel à l'état pur. La bière avariée qui vous transforme en matière grise, ou ce mystérieux printemps des baies qui souffle un vent de folie sur le campus...Chacune de ces nouvelles est un reflet troublant de l'imaginaire de King...",https://images-na.ssl-images-amazon.com/images/S/compressed.photo.goodreads.com/books/1332548970i/2614534.jpg,server_url,upload\Stephen        King\Danse_Macabre_-_Stephen_King.epub,1,,,,1,1
52120889,1,3,14689889,Free,Dark Reunion,"Sometimes even a Brownstone needs to get away from it all. Did the bad guys not get the memo? Alison Brownstone is on vacation. Do not disturb.Oh they disturbed.But when your mom is Shay Carson and she makes two requests of you, you take them seriously. 1. Go on a father-daughter bounty hunt. 2. Go on vacation. How can Alison say no? She can’t.Two Brownstone’s on a bounty. That dude’s going down hard. One and done. The second task takes our Drow princess away from the home base.It’s not like Seattle will burn down because Alison isn’t there, right?Finally convinced, Mason and Alison take a road trip to a resort built around a kemanaYour standard magicals at play until Alison is accused of streaking through the gardens and even accused of murder. Wait till Shay finds out.It’s not paranoia if someone is really out to get you.It’s time to clear Alison’s name and find out who’s behind the violence at the resort before someone else ends up dead.Join the investigation in Dark Reunion.",https://images-na.ssl-images-amazon.com/images/S/compressed.photo.goodreads.com/books/1575965886l/52120889.jpg,server_url,upload\Judith Berens\Dark_Reunion_-_Judith_Berens.epub,1,,,,1,1
52232167,1,9,7200339,Free,Dark Star,"Let your dark light shine.After dealing with the Finnish Gods and their magic-stealing machine, Vervain thought that she could rest easy. But her enemies have reached beyond the grave to hurt her. The Godhunter has been poisoned. Tainted by magic. Her trinity star infected by evil. Freed from fate, she finds her power magnified beyond godhood and starts down a path that threatens to separate her from everyone she loves. As evil consumes her, Vervain must find the strength to fight the greatest enemy she has ever faced; herself.",https://images-na.ssl-images-amazon.com/images/S/compressed.photo.goodreads.com/books/1566338396l/52232167.jpg,server_url,upload\Amy Sumida\Dark_Star_-_Amy_Sumida.epub,1,,,,1,1
39863403,1,2,32498,Free,Dark Tribute,"New York Times bestseller Iris Johansen is back with another high octane thriller that will leave your mind racing and your heart pounding. Despite her tragic childhood, violin prodigy Cara Delaney has finally found peace in her career as a professional musician and stability in her relationship with her guardians, forensic sculptor Eve Duncan and ex-Navy SEAL Joe Quinn. If only Jock Gavin, Cara's lifelong friend and a man with his own twisted history, would even talk to her, everything would be perfect.But the carefully constructed life Cara has built for herself is suddenly threatened when she is kidnapped by a mysterious man from her grandfather's past, setting off a violent chain of events that puts everyone Cara loves in danger. Will Cara become a tribute to her family's dark past, or will she be able to keep herself and her loved ones alive?Praise for Iris Johansen: ""A tantalizing puzzle...fans of paranormal suspense will be rewarded."" --Publishers Weekly""A fun read filled with plenty of action and mystery...Eve Duncan did not disappoint!"" --Criminal Element on Shattered Mirror""A fun plot...charming."" --Kirkus on Shattered Mirror",https://images-na.ssl-images-amazon.com/images/S/compressed.photo.goodreads.com/books/1526189859i/39863403.jpg,server_url,upload\Iris Johansen\Dark_Tribute_(Eve_Duncan_#24)_-_Iris_Johansen.epub,1,,,,1,1
15730675,1,3,7581,Free,Darkest Powers Bonus Pack 2,"Contains two companion stories to the Darkest Powers trilogy.Belonging (the novella set after The Reckoning), Derek's werewolf family comes to claim him. Narrated by Derek.Facing Facts (short story set after The Reckoning), Tori discovers who her father is, and Chloe deals with a vengeful ghost. Narrated by Chloe. Appearing in Enthralled",https://images-na.ssl-images-amazon.com/images/S/compressed.photo.goodreads.com/books/1348697300i/15730675.jpg,server_url,upload\Kelley Armstrong\Darkest_Powers_Bonus_Pack_2_-_Kelley_Armstrong.epub,1,,,,1,1
51841062,1,3,6860531,Free,Darklight,"""Vampires don’t exist. At least, not anymore...""I celebrated when vampires were declared extinct.Those beasts had preyed on humanity for millennia, committing senseless, brutal murders. Like the rest of my colleagues at the Occult Bureau, I looked forward to a world where we could all sleep at night—where constant cover-up jobs were no longer required to keep the public calm and unaware.But the end of vampires wasn’t the end of our problems. It was only the beginning.Other blood-sucking creatures began to lurk in the night. As soon as I turned twenty-one, I became a ground agent at the Bureau because I wanted—no, needed—to join the fight.And then Dorian Clave burst into my life—turning everything I thought I knew into quicksand. Vampires like him were killers who devoured humanity’s inner darkness until shadows danced beneath their skin. Yet there was more to him than that.He showed me that light cannot exist without the dark, and that trying to fight this balance would have consequences our human minds couldn’t even comprehend.Because sometimes darkness needs to exist.",https://images-na.ssl-images-amazon.com/images/S/compressed.photo.goodreads.com/books/1564077367l/51841062.jpg,server_url,upload\Bella Forrest\Darklight_-_Bella_Forrest.epub,1,,,,1,1
3084734,1,5,86756,Free,Darkness Into Light,"Danny doesn't know the man she's flirting with is actually her new boss, wealthy tycoon Pierce Sutherland! Now a man's career is on the line and it's all Danny's fault. Yet brooding Pierce has a proposition for her: if she spends the weekend in his bed, he'll let the man keep his job… But innocent Danny is looking for emotional intimacy—as well as sinful seduction!—and after the tragic death of his wife, can Pierce ever lower his barriers again…?",https://images-na.ssl-images-amazon.com/images/S/compressed.photo.goodreads.com/books/1307207422i/3084734.jpg,server_url,upload\Carole Mortimer\Darkness_Into_Light_-_Carole_Mortimer.epub,1,,,,1,1
22093446,1,5,12692,Free,Darling Enemy,"Love clashTeddi Whitehall longed to escape her hectic life as a New York model, and a summer in the wilds of Canada with her best friend's family sounded perfect. But arrogant rancher Kingston Devereaux seemed intent on making her feel anything but welcome.Teddi knew King was convinced she was nothing but a glamorous city girl. She also knew that the truth wasn't about to change his mind. So why did she feel so alive when he was near?Giving her heart to a man who despised her was bad enough. But why did she have to go and fall in love with her best friend's brother?",https://images-na.ssl-images-amazon.com/images/S/compressed.photo.goodreads.com/books/1400162730i/22093446.jpg,server_url,upload\Diana Palmer\Darling_Enemy_-_Diana_Palmer.epub,1,,,,1,1
864806,1,2,14255,Free,Dating Game,"In her 57th bestselling novel, Danielle Steel brilliantly chronicles the roller-coaster ride of dating the second time around—and tells a captivating story of the surprises one woman encounters when she’s thrust into the terrifying, exhilarating world of the Dating Game .Paris Armstrong never saw it coming. With two grown children and a lovely home in Connecticut, Paris was happy with her marriage, her family, her life. So when her husband of twenty-four years said they needed to talk, Paris couldn’t imagine what he was about to say.“I want a divorce,” Peter tells her. Just like that, the husband she adored had dumped her for a younger woman. And just like that, Peter and his thirty-one-year-old lover had made their plans for their future, leaving Paris to pick up the pieces of a shattered life. Within days, Peter was gone. And Paris was left to figure out how she intended to get through the next day, let alone the rest of her life.The task could not have been more painful. First came the tears. Then the excruciating attempts by well-meaning friends to “fix her up” with men who paled in comparison to Peter. Worse yet, she still loved him. Finally, Paris realized she was in a fight for her very survival. Drastic measures were called for. Even her shrink agreed. It was time to move—as far away as possible, just after Peter remarried. Paris had never felt, or been, more alone.Saying good-bye to the world she knew and loved, Paris heads west, to San Francisco, and discovers being single in a world full of men who were too young, too old, too married, or too good to be true. For Paris, the list seemed endless...the charming commitment-phobe...the drunken Neanderthal...the young Frenchman—so adorably sexy she almost forgot about his age, and did, for a while. With her dating track record veering between disappointing and disastrous, and her daughter now engaged to a man Paris’s age, Paris finally comes to the conclusion that romance is not in her future. That’s when her small circle of offbeat, loving friends becomes more important than ever before. And a decision Paris makes only for herself changes her life once more. The secret, she discovers finally, is in finding the gifts in life’s unexpected twists and turns, and turning despair into freedom and loss into joy.In a poignant, wickedly funny novel about getting dumped and getting over it, about tackling life with both courage and laughter, Danielle Steel explores what it means to start over, whether you wanted to or not, and finding something better than you had before.",https://images-na.ssl-images-amazon.com/images/S/compressed.photo.goodreads.com/books/1320402760i/864806.jpg,server_url,upload\Danielle Steel\Dating_Game_-_Danielle_Steel.epub,1,,,,1,1
9436108,1,5,171159,Free,Dating the Millionaire Doctor,"Veterinarian Tori Nicholls lost everything when wildlife raged through her small Australian town. The community is slowly recovering, but Tori doesn't feel she'll ever live again.Until, while reluctantly speed dating, she meets New York doctor Jake Hunter. He's caring, he's gorgeous…and he's just passing through. A no-commitment fling could be exactly what Tori needs to reignite her passion for life.But some commitments aren't planned. Their one wonderful night has resulted in pregnancy—giving Tori a second chance at happiness. Can an Australian country girl renew her life with a Manhattan millionaire…and their baby?",https://images-na.ssl-images-amazon.com/images/S/compressed.photo.goodreads.com/books/1285974233i/9436108.jpg,server_url,upload\Marion Lennox\Dating_the_Millionaire_Doctor_-_Marion_Lennox.epub,1,,,,1,1
22206985,1,3,790143,Free,Daughter of Moth,"I am broken. I am lost.  Our world has fallen still. One half lies drenched in eternal daylight, the other cloaked in endless night. Our people are divided, some living under the sun, the others hidden in shadow. All is light or darkness. All is the sun or the moon.  All but me.  My father was born in the never-ending sunlight of the west. My mother is a daughter of darkness. I am split in two. Like the moth of our forests, one wing white and the other black, I am torn.  I am a child of dusk, a stranger in both day and night. I am alone. This is my story.",https://images-na.ssl-images-amazon.com/images/S/compressed.photo.goodreads.com/books/1400515531i/22206985.jpg,server_url,upload\Daniel Arenson\Daughter_of_Moth_-_Daniel_Arenson.epub,1,,,,1,1
23013978,1,3,61693,Free,Day of Atonement,"A reckoning that will destroy them allTrials, persecutions, false accusations, the Inquisition; for archaeologist and TV host Annja Creed, the current episode they're taping for her show is a fascinating one. But while Annja is filming the last segment in France, a vicious accident nearly kills her. It looks to be unintentional until a man calling himself Cauchon claims responsibility.The name Cauchon strikes a chord in the exceptionally; some might say unnaturally long memory of Annja's friend and mentor Roux. Discovering the old man's secret years ago, Cauchon wanted to blackmail Roux before fate put the matter to rest. Or so Roux thought. Now this powerful fanatic has turned from seeking out the divine to meting out justice. Vengeance. And he will single-handedly resurrect the violence of the Inquisition to ensure that Annja and her friend are judged and found guilty. With so much at stake, Annja may soon find that friendship can be fatal.",https://images-na.ssl-images-amazon.com/images/S/compressed.photo.goodreads.com/books/1422848555i/23013978.jpg,server_url,upload\Alex Archer\Day_of_Atonement_-_Alex_Archer.epub,1,,,,1,1
573326,1,2,32498,Free,Dead Aim,"A celebrated photojournalist, Alex Graham has recorded some of the most tragic and heartbreaking of stories, but her latest assignment has forced her across a dangerous line. At a dam collapse in Arapahoe Junction, Colorado, Alex witnesses a conspiracy that will shock the nation. For the collapse of the Arapahoe Dam was not an accident. The official story is just a cover-up for a truth so frightening, so unthinkable, that anyone who threatens to reveal it must be silenced. Forever. Alex's only ally is an ex-covert commando with a checkered past, a price on his head and a deadly assassin at his heels. What happens when a reporter does more than just report? What happens when she becomes involved in the story? She ends up marked for death by an enemy who never misses, by those who've already got her centred...dead aim.",https://images-na.ssl-images-amazon.com/images/S/compressed.photo.goodreads.com/books/1356454976i/573326.jpg,server_url,upload\Iris Johansen\Dead_Aim_-_Iris_Johansen.epub,1,,,,1,1
5161066,1,2,17061,Free,Dead and Gone,"The vamps have been out for years, and now the weres and shifters have decided to follow the lead of the undead and reveal their existence to the ordinary world. Sookie Stackhouse already knows about them, of course - her brother turns into a panther at the full moon, she's friend to the local were pack, and Sam, her boss at Merlotte's bar, is a shapeshifter.The great revelation goes well at first - then the horribly mutilated body of a were-panther is found in the parking lot of Merlotte's, and Sookie agrees to use her telepathic talent to track down the murderer. But there is a far greater danger than this killer threatening Bon Temps: a race of unhuman beings, older, more powerful, and far more secretive than the vampires or the werewolves, is preparing for war. And Sookie is an all-too-human pawn in their ages-old battle...",https://images-na.ssl-images-amazon.com/images/S/compressed.photo.goodreads.com/books/1388186195i/5161066.jpg,server_url,upload\Charlaine Harris\Dead_and_Gone_-_Charlaine_Harris.epub,1,,,,1,1
128246765,1,2,17061,Free,Dead As A Doornail by Charlaine Harris (11-Feb-2010) Paperback,"When Sookie's brother Jason's eyes start to change, she knows he's about to turn into a were-panther for the first time. But her concern becomes cold fear when a sniper sets his deadly sights on the local changeling population--and Jason's new panther brethren suspect he may be the shooter. Now, Sookie has until the next full moon to find out who's behind the attacks, unless the killer decides to find her first.",https://images-na.ssl-images-amazon.com/images/S/compressed.photo.goodreads.com/books/1696739685i/128246765.jpg,server_url,upload\Charlaine Harris\Dead_as_a_Doornail_-_Charlaine_Harris.epub,1,,,,1,1
21798827,1,2,17061,Free,Dead But Not Forgotten,"There’s more to Sookie Stackhouse than you ever knew…The #1 New York Times bestselling Sookie Stackhouse novels by Charlaine Harris spawned a hit TV show and captivated fans around the world—including other authors. Now this group of writers, specifically chosen by Charlaine, pays tribute to “the southern, mind-reading belle who gets mixed up in the world of vampires and magical creatures” (The Kansas City Star) with a collection of fifteen all-new stories about your favorite residents of Bon Temps. With contributions by Rachel Caine Dana Cameron Bill Crider MaryJanice Davidson Leigh Evans Christopher Golden Nancy Holder Dean James Toni L. P. Kelner Jonathan Maberry Jeff Mariotte Seanan McGuire Suzanne McLeod Nicole Peeler Jeanne C. Stein",https://images-na.ssl-images-amazon.com/images/S/compressed.photo.goodreads.com/books/1396636248i/21798827.jpg,server_url,upload\Charlaine Harris\Dead_But_Not_Forgotten_-_Charlaine_Harris.epub,1,,,,1,1
140089,1,2,17061,Free,Dead Over Heels,"What's the world coming to - when you can't relax with an ice-cold beverage in your own backyard without a body falling from the sky and landing in your garden? Part-time librarian and frequent amateur investigator Roe Teagarden has good reason to ask herself this question when the remains of one of the Lawrenceton, Georgia police department's finest catapults into her flower bed one beautiful sunny morning. Roe's friend and bodyguard, the long-legged, bikini-clad Angel Youngblood, is mowing the grass and Roe is reclining on a lounger when a small red-and-white plane flies low overhead and drops its unlikely debris more or less at Roe's feet. Roe's husband of two years, wealthy businessman Martin Bartell, immediately wonders if the killer chose his dumping place to send some kind of message to Roe. And the mystery deepens when two federal agents arrive in town to investigate the murder. It's only when Madeleine the cat provides a clue that Roe and Martin realize Roe herself may be in danger and that using Roe's yard as a temporary landfill for dead bodies was no accident.",https://images-na.ssl-images-amazon.com/images/S/compressed.photo.goodreads.com/books/1375777249i/140089.jpg,server_url,upload\Charlaine Harris\Dead_Over_Heels_-_Charlaine_Harris.epub,1,,,,1,1
131442291,1,2,17061,Free,True Blood 4 Dead to the World by Charlaine Harris (3-Jul-1905) Paperback,"Sookie Stackhouse is a cocktail waitress in Bon Temps, Louisiana. She has only a few close friends, because not everyone appreciates Sookie’s she can read minds. That’s not exactly every man’s idea of date bait – unless they’re undead; vampires and the like can be tough to read. And that’s just the kind of guy Sookie’s been looking for. Maybe that’s why, when she comes across a naked vampire, she doesn’t just drive on by. He hasn’t got a clue who he is, but Sookie Eric looks just as scary and sexy – and dead – as ever. But now he has amnesia, he’s sweet, vulnerable, and in need of Sookie’s help – because whoever took his memory now wants his life.",https://images-na.ssl-images-amazon.com/images/S/compressed.photo.goodreads.com/books/1697535381i/131442291.jpg,server_url,upload\Charlaine Harris\Dead_to_the_World_-_Charlaine_Harris.epub,1,,,,1,1
301082,1,2,17061,Free,Dead Until Dark,Sookie Stackhouse is just a small-time cocktail waitress in small-town Louisiana. Until the vampire of her dreams walks into her life-and one of her coworkers checks out....Maybe having a vampire for a boyfriend isn't such a bright idea.,https://images-na.ssl-images-amazon.com/images/S/compressed.photo.goodreads.com/books/1468560853i/301082.jpg,server_url,upload\Charlaine Harris\Dead_Until_Dark_-_Charlaine_Harris.epub,1,,,,1,1
193546864,1,2,17061,Free,Deadlocked by Charlaine Harris,"Growing up with telepathic abilities, Sookie Stackhouse realized early on that there are things she'd rather not know. An now that she's an adult, she also realizes that some things she knows about, she'd rather not see--like Eric Northman feeding off another woman. A younger one.There's a thing or two she'd like to say about that, but she has to keep quiet--Felipe de Castro, the vampire king of Louisiana (and Arkansas and Nevada), is in town. It's the worst possible time for a human body to show up in Eric's front yard--especially the body of the woman whose blood he just drank.Now it's up to Sookie and Bill, the official Area Five investigator, to solve the murder. Sookie thinks that, at least this time, the dead girl's fate has nothing to do with her. But she is wrong. She has an enemy, one far more devious than she would ever suspect, who's set out to make Sookie's world come crashing down.",https://images-na.ssl-images-amazon.com/images/S/compressed.photo.goodreads.com/books/1699375101i/193546864.jpg,server_url,upload\Charlaine Harris\Deadlocked_-_Charlaine_Harris.epub,1,,,,1,1
26785437,1,3,797534,Free,"Dear Santa, Get Bent!","Dasher gains life as a human, but she is missing a connection. She wants a mate and is willing to do whatever it takes to find one. One of nine reindeer that pulls Santa’s sleigh, Dasher wants nothing more than to find a partner, a mate, someone to be with. With the restrictions in the workshop, she has only one choice—she goes to the human world and starts trying men on for size. The down side to mating with a human is that they don’t remember her the following day. The depressing point is that none of them have the stamina to keep up with her and there are no second chances. Every time is the first time with a human. When she is assigned to a shop that needs an emergency audit, she enjoys the thrill of digging through the messy paperwork, and she has plans for the proprietor. One time might be enough if it was with him. Argus has been sent to bring back a reindeer, but the woman with smoldering dark eyes is more than he was banking on. She seems nice, but he wants her naughty.",https://images-na.ssl-images-amazon.com/images/S/compressed.photo.goodreads.com/books/1442807001i/26785437.jpg,server_url,"upload\Viola Grace\Dear_Santa,_Get_Bent!_-_Viola_Grace.epub",1,,,,1,1
34273229,1,3,41942,Free,Death Shall Come,"Ishmael Jones is faced with a dead body and a missing mummy in this highly entertaining, genre-blending mystery.
  Death shall come on swift wings to whoever desecrates this tomb ...  Ishmael Jones and his partner Penny have been summoned to remote Cardavan House, home of the world's largest private collection of Ancient Egyptian artefacts, for the unveiling of George Cardavan's latest acquisition: a bone fide Egyptian mummy.  When a bloodstained body is discovered beside the empty sarcophagus, Ishmael is dismissive of the theory that the mummy's curse is to blame. Instead he sets out to uncover the human killer responsible. But how can Ishmael explain the strange, shuffling footsteps that creep along the corridors? Who is playing games with them ... and why?",https://images-na.ssl-images-amazon.com/images/S/compressed.photo.goodreads.com/books/1494017765i/34273229.jpg,server_url,upload\Simon R. Green\Death_Shall_Come_-_Simon_R._Green.epub,1,,,,1,1
7102544,1,3,"17061,81016,28550",Free,Death's Excellent Vacation,"Because everyone - and everything - needs a break from the routine, Charlaine Harris and Toni L. P. Kelner return with an all-new story collection of postcards from the edge of the paranormal world...It really can be an endless summer - if you're immortal. Though a vampire would be ill-advised to take a cruise to Bermuda, the possibilities for getting away from it all - and maybe snacking on some unsuspecting tourist - are many...Sookie Stackhouse and her vampire friend Pam take a weekend getaway to Mississippi in #1 New York Times bestselling author Charlaine Harris's ""Two Blondes."" And when they end up in a shady gentleman's club, to escape in one piece they need to do something that wasn't on their itinerary - something involving a stage, a pole, and very little clothing.New York Times bestselling author Katie MacAlister's ""The Perils of Effrijim"" follow a demon whose vacation in Paris is disrupted when he's banished to another plane, thus kicking off a crazy dimension-hopping road trip across Europe.Protecting an heiress from supernatural hit men isn't Cat and Bones's idea of a relaxing vacation in New York Times bestselling author Jeaniene Frost's ""One for the Money,"" but it could get worse. And it does - when Cat's mother shows up.With ten more original tales, editors Harris and Kelner bring together a stellar collection of tour guides who offer vacations frightening, funny, and touching - for the fanged, the furry, the demonic, and the grotesque.",https://images-na.ssl-images-amazon.com/images/S/compressed.photo.goodreads.com/books/1261410663i/7102544.jpg,server_url,upload\Charlaine Harris\Death's_Excellent_Vacation_-_Charlaine_Harris.epub,1,,,,1,1
629068,1,2,41942,Free,Deathstalker,"Owen Deathstalker, last of the infamous warrior Clan, always considered himself more of a writer than a fighter, preferring his history books to making any actual history with a sword. But books won’t protect him from Her Imperial Majesty Lionstone XIV, who just Outlawed and condemned Owen to death, without any explanation, reason, or warning. No wonder she’s called the Iron Bitch.Now, on the run from Imperial starcruisers, shady mercenaries, and just about everyone else in the Empire, Owen’s options are limited. Though the name Deathstalker still commands respect in certain quarters, out on the Rim, Owen is lucky he can cobble together a makeshift team of castoffs, including an ex-pirate, a cyborg, and a bounty hunter. But allies won’t be enough to save him.If he’s to live, Owen can either run forever…or take down the corrupt Empire. To do that, he’ll need the fabled Darkvoid Device—an artifact dating back to the first Deathstalker and perhaps the only weapon powerful enough to help this ragtag rebellion win. The time has come for Owen to finally embrace his Deathstalker heritage…and all the blood and death that go along with it.Deathstalker is the first book in New York Times bestselling author Simon R. Green’s beloved space opera series.",https://images-na.ssl-images-amazon.com/images/S/compressed.photo.goodreads.com/books/1257708375i/629068.jpg,server_url,upload\Simon R. Green\Deathstalker_-_Simon_R._Green.epub,1,,,,1,1
629069,1,2,41942,Free,Deathstalker Coda,"More than two centuries ago, angry and grief-stricken after losing Owen Deathstalker, Hazel d'Ark entered the Madness Maze-- which fed off her raw emotions and transformed her into the Terror, a force capable of devouring galaxies. To stop her, the recently resurrected Owen must use the powers he gained during his own stay in the Madness Maze-- and go back in time to prevent Hazel's transformation.Now, without Owen to guide him, Lewis Deathstalker has no choice but to assume command of an Imperial fleet loyal to the Deathstalker legacy and lead it to victory over Finn Durandal, the despot who seized the throne. Lewis knows that he has been branded a traitor by the Empire. But when he learns that Finn has executed his entire family, his mission to overthrow his former friend's tyranny is second to his desire for revenge...",https://images-na.ssl-images-amazon.com/images/S/compressed.photo.goodreads.com/books/1390255863i/629069.jpg,server_url,upload\Simon R. Green\Deathstalker_Coda_-_Simon_R._Green.epub,1,,,,1,1
509326,1,2,41942,Free,Deathstalker Destiny,"Owen Deathstalker’s greatest love—Hazel d’Ark—has been abducted by the Blood Runners, a culture dedicated to the extremes of genetic experimentation. Stranded in a mission on Lachrymae Christi, Owen busies himself with the task of ensuring the survival of the leper colony living there, awaiting an opportunity to rescue Hazel…or avenge her death.",https://images-na.ssl-images-amazon.com/images/S/compressed.photo.goodreads.com/books/1388401467i/509326.jpg,server_url,upload\Simon R. Green\Deathstalker_Destiny_-_Simon_R._Green.epub,1,,,,1,1
498513,1,2,41942,Free,Deathstalker Honor,"Owen Deathstalker became a hero after the great rebellion against the tyranny of Lionstone XIV, and now political factions are quarreling over who will replace the deposed Empress. But Humanity faces an even greater threat: an encroaching invasion fleet of alien origin...",https://images-na.ssl-images-amazon.com/images/S/compressed.photo.goodreads.com/books/1328043173i/498513.jpg,server_url,upload\Simon R. Green\Deathstalker_Honor_-_Simon_R._Green.epub,1,,,,1,1
629075,1,2,41942,Free,Deathstalker Legacy,"It has been two hundred years since Owen Deathstalker fell, dying to save the Empire and all Humanity. Now it is a Golden Age for for men, for aliens and for the AIs of Shub. But one evil man has determined to bring it all crashing down, and now the Terror has finally arrived, threatening them all with extinction. The old heroes have become legends, and the cry goes out for new heroes. It's time for the latest Deathstalker, Lewis, to do his bit. Unfortunately, he and his companions, a diva, a conman, a homicidal psychopath and a reptiloid, have been outlawed and declared traitors. Deathstalker luck. Always bad. Unless Lewis Deathstalker can defy the odds to get to the Madness Maze and tread the same dangerous path to glory that his ancestor did, the Golden Age is about to be wiped out for ever. Together with Humanity . . .",https://images-na.ssl-images-amazon.com/images/S/compressed.photo.goodreads.com/books/1176485095i/629075.jpg,server_url,upload\Simon R. Green\Deathstalker_Legacy_-_Simon_R._Green.epub,1,,,,1,1
618194,1,2,41942,Free,Deathstalker Rebellion,"New York Times bestselling author Simon R. Green continues his compelling space opera with the second novel in the Deathstalker series.Owen Deathstalker--outlawed, with a price on his head and the blood of a mighty warrior lineage in his veins--had no choice but to embrace a dangerous destiny. With nothing to lose, only he had the courage to take up arms against Queen Lionstone XIV.Now as he gathers his unlikely allies--the legendary washed-up hero Jack Random, the beautiful pirate Hazel d'Arc, the original Deathstalker long since presumed dead, and the alien Hadenmen whose purposes no human can discern--the eyes of the downtrodden are upon him while the freedom of a galaxy hangs in the balance...",https://images-na.ssl-images-amazon.com/images/S/compressed.photo.goodreads.com/books/1388467739i/618194.jpg,server_url,upload\Simon R. Green\Deathstalker_Rebellion_-_Simon_R._Green.epub,1,,,,1,1
963623,1,2,41942,Free,Deathstalker Return,"Lewis Deathstalker abandoned his place as Paragon and Imperial Champion for the love of Jesmine Flowers, the King's intended. Both have been branded traitors to the Empire and are now traveling in more notorious cicles-- with immoral gladiator Rose Constantine, con man Brett Random, and alien reptiloid Saturday.While Lewis is rooting out Finn Durandal, a real traitor to the Empire, he finds he has a greater threat to face. The Terror that was prophesied to destroy all Humanity is encroaching. Prophecy also dictates that the only one capable of stopping it is a legend who disappeared more than two hundred years ago-- Owen Deathstalker. Now Lewis and his companions embark on a quest to find Owen, who Lewis believes-- must believe-- isn't dead at all...",https://images-na.ssl-images-amazon.com/images/S/compressed.photo.goodreads.com/books/1442466223i/963623.jpg,server_url,upload\Simon R. Green\Deathstalker_Return_-_Simon_R._Green.epub,1,,,,1,1
618195,1,2,"41942,5515028",Free,Deathstalker War,"Owen Deathstalker's rebellion continues to strike out against Imperial tyranny, taking the battle straight to the Empire's heart on the planet of Golgotha, but the cunning Empress isn't about to surrender without a fight...",https://images-na.ssl-images-amazon.com/images/S/compressed.photo.goodreads.com/books/1348453069i/618195.jpg,server_url,upload\Simon R. Green\Deathstalker_War_-_Simon_R._Green.epub,1,,,,1,1
130369533,1,2,3441,Free,"Debt of Bones (Sword of Truth Prequel Novel) by Goodkind, Terry (November 1, 2004) Mass Market Paperback","A milestone of storytelling set in the world of The Sword of Truth, Debt of Bones is the story of young Abby's struggle to win the aid of the wizard Zedd Zorander, the most important man alive.Abby is trapped, not only between both sides of the war, but in a mortal conflict between two powerful men. For Zedd, who commands power most men can only imagine, granting Abby's request would mean forsaking his sacred duty. With the storm of the final battle about to break, both Abby and Zedd are caught in a desperate fight to save the life of a child...but neither can escape the shadow of an ancient betrayal.With time running out, their only choice may be a debt of bones. The world-for Zedd, for Abby, for everyone-will never again be the same.Discover why millions of readers the world over have elevated Terry Goodkind to the ranks of legend.",https://dryofg8nmyqjw.cloudfront.net/images/no-cover.png,server_url,upload\Terry Goodkind\Debt_of_Bones_-_Terry_Goodkind_1.epub,1,,,,1,1
133243400,1,2,7581,Free,Deceptions: A Cainsville Novel,"TRUST NO ONEOlivia Jones is desperate for the truth. The daughter of convicted serial killers, she has begun to suspect that her parents are innocent of their crimes. But who can she trust, in a world where betrayal and deception hide in every shadow?RISK EVERYTHINGLiv does have one secret weapon: a mysterious sixth sense that helps her to anticipate danger. The trouble is, this rare power comes with its own risks. There are dark forces that want to exploit Liv's talents - and will stop at nothing to win her to their side.FACE THE TRUTHNow Liv must decide, before it's too late. Who does she love? Who is really on her side? And can she save herself without burning down everything that matters most?",https://images-na.ssl-images-amazon.com/images/S/compressed.photo.goodreads.com/books/1696880778i/133243400.jpg,server_url,upload\Kelley Armstrong\Deceptions__A_Cainsville_Novel_-_Kelley_Armstrong.epub,1,,,,1,1
17450558,1,2,4512224,Free,Decrypted,"Professor Tikaya Komitopis knew that bringing Admiral Rias Starcrest home to meet her family wouldn’t be easy, not when he led the fleet that decimated her nation during the war. She isn’t surprised when people believe she’s been brainwashed, that Rias is still loyal to the empire, and that he has nefarious plans for her homeland. She is, however, surprised when Rias’s designs to build a submarine lead them to stumble across an ancient secret shrouded in mystery, time, and lies.If revealed, this secret could mean devastation for Tikaya’s entire nation. It could also mean choosing between her people... and the man she loves.Decrypted is the sequel to Encrypted and is loosely tied in with the author's ""Emperor's Edge"" series.",https://images-na.ssl-images-amazon.com/images/S/compressed.photo.goodreads.com/books/1362043465i/17450558.jpg,server_url,upload\Lindsay Buroker\Decrypted_-_Lindsay_Buroker.epub,1,,,,1,1
42842888,1,5,2965060,Free,Deep Beneath,"You might think you know what lurks below, … but do you really?A kayaking incident off Seattle’s shores sends Whimsy into a coma, where her nightmares are a revolving repeat of her drowning. She wakes to life on an isolated island, involving her strange savior, two dogs with unique identities, and voices, sounds, emotions that aren’t hers alone.To a mystery that makes no sense …Samson heard the cry to save the woman washed onto his shores, and the dogs were already on the job before he arrived. But he had no idea how much impact this woman would make in his life … and his brother’s.However, the mystery is so much bigger than him and her …Plus another element is involved. A research group has been illegally conducting tests on the tectonic plates, … with unexpected consequences … deep beneath.",https://images-na.ssl-images-amazon.com/images/S/compressed.photo.goodreads.com/books/1554783079i/42842888.jpg,server_url,upload\Dale Mayer\Deep_Beneath_-_Dale_Mayer.epub,1,,,,1,1
15738951,1,2,5091,Free,Deep Down,"Summoned by Military Intelligence to Washington, D.C., Reacher is sent undercover. The assignment that awaits him: The army is meeting with its Capitol Hill paymasters for classified talks on a new, state-of-the-art sniper rifle for U.S. forces. But vital details about the weapon are leaking—straight from the Capitol and probably into the hands of unidentified foreign arms dealers. The prospect of any and every terrorist, mercenary, or dictator’s militia getting their hands on the latest superior firepower is unthinkable. That’s where Reacher comes in. His task: infiltrate the top-secret proceedings and smoke out the mole. His target: a quartet of high-powered Army political liaison officers—all of them fast-track women on their way to the top. According to his bosses, it’s a zero-danger mission. No need to draw a gun . . . just chat over drinks. But Reacher knows that things are rarely what they seem. And he’s learned the hard way never to underestimate an opponent. Or four. Lessons that will come in handy when he starts digging for the truth—and gets his hands a lot dirtier than he expected.",https://images-na.ssl-images-amazon.com/images/S/compressed.photo.goodreads.com/books/1373921650i/15738951.jpg,server_url,upload\Lee Child\Deep_Down_-_Lee_Child.epub,1,,,,1,1
125539,1,2,13730,Free,Deep Trouble,"In Deep Trouble, find out why Billy Deep and his sister, Sheena, are afraid of dark lagoons, coral reefs, and anything that appears to be half-human, half-fish!",https://images-na.ssl-images-amazon.com/images/S/compressed.photo.goodreads.com/books/1391558289i/125539.jpg,server_url,upload\R.L. Stine\Deep_Trouble_-_R._L._Stine.epub,1,,,,1,1
125661,1,2,13730,Free,Deep Trouble II,THE FISH ARE BITING...EVERYONE!Billy Deep and his sister Sheena are spending another summer in the Caribbean on their uncle's totally cool floating lab. The weather is beautiful. And there are lots of neat places to go swimming and snorkelling.Billy and Sheena are great swimmers. But even great swimmers get into trouble-especially this year. This year there's something really scary going on under the sea. The fish all seem to be growing. Bigger and bigger. Into monster-sized sea creatures. With monster-sized appetites...,https://images-na.ssl-images-amazon.com/images/S/compressed.photo.goodreads.com/books/1614040298i/125661.jpg,server_url,upload\R.L. Stine\Deep_Trouble_II_-_R._L._Stine.epub,1,,,,1,1
140079,1,2,17061,Free,Definitely Dead,"Since Louisiana cocktail waitress Sookie Stackhouse has so few living relatives, she hates to lose one - even her cousin Hadley, undead consort of the vampire Queen of Louisiana. Hadley's left everything she has to Sookie, but claiming that inheritance has a high risk factor. Some people don't want her looking too deeply into Hadley's past, or Hadley's possessions. And they're prepared to do anything in their power to stop her. Whoever it is, they're definitely dangerous - and Sookie's life is definitely on the line...",https://images-na.ssl-images-amazon.com/images/S/compressed.photo.goodreads.com/books/1468562748i/140079.jpg,server_url,upload\Charlaine Harris\Definitely_Dead_-_Charlaine_Harris.epub,1,,,,1,1
13545532,1,2,86756,Free,Defying Drakon,"Drakon Lyonedes has it all: power, wealth, sex appeal… and any woman he wants! Until the beautiful Gemini Bartholomew steps into his life, that is…Confronting him over his plan to turn her family home into a hotel, Gemini intrigues Drakon. The problem? Long-term just isn't in this infamously arrogant tycoon's vocabulary—and Gemini is a virgin who surely wants more than one night of sizzling, scorching passion…?She's determined to defy him, but whose willpower will prove the strongest?",https://images-na.ssl-images-amazon.com/images/S/compressed.photo.goodreads.com/books/1334227563i/13545532.jpg,server_url,upload\Carole Mortimer\Defying_Drakon_-_Carole_Mortimer.epub,1,,,,1,1
10417468,1,3,7581,Free,Demonology,"No Longer Available online
About Talia and her son Adam. Adam's mother discovers what he is.Now included in Otherworld Nights",https://images-na.ssl-images-amazon.com/images/S/compressed.photo.goodreads.com/books/1297202662i/10417468.jpg,server_url,upload\Kelley Armstrong\Demonology_-_Kelley_Armstrong.epub,1,,,,1,1
15453,1,2,8516,Free,Demons Don't Dream,"Beloved by millions of readers around the world, Piers Anthony's Xanth novels are among the most popular fantasy adventures ever published. Demons Don't Dream begins a thrilling new Xanth sequence, as a pair of young adventurers play for the highest stakes of all: the future of Xanth--and of Earth as well!Drawn into Xanth by a harmless-looking computer game, two young people find themselves competing for a precious prize: Dug, who is beguiled by a beautiful serpent-princess, and Kim, who discovers her favorite fantasy realm has suddenly become frighteningly real.In a desperate race against time, Dug and Kim battle their way across the wondrous, perilous land of Xanth, testing their courage against dozens of fearsome obstacles (and their wits against a host of outrageous puns!) But when treachery, danger, and deceit place Xanth itself in peril, Dug and Kim learn that some things are more important than winning or losing.A breathtaking, madcap quest filled with fearsome monsters and far-fetched fun, Demons Don't Dream is vintage Xanth, an unforgettable escapade from fantasy's most imaginative storyteller.",https://images-na.ssl-images-amazon.com/images/S/compressed.photo.goodreads.com/books/1428584785i/15453.jpg,server_url,upload\Piers Anthony\Demons_Don't_Dream_-_Piers_Anthony.epub,1,,,,1,1
5679963,1,2,1521574,Free,Across the bridge,"Before I met Caroline, I had never dreamt of achieving anything beyond a bicycle and probably a tin-roofed slum. Now I was thinking of cars, bungalows, servants and whatever else Caroline missed by changing sides. But for a poor house-boy who has fallen in love with the beautiful daughter of his civil-servant master, the path to riches is not easy. In desperation Chuma moves from petty crime to a world of gangsters. It is only after much heartache on both sides that the two lovers are united.",https://images-na.ssl-images-amazon.com/images/S/compressed.photo.goodreads.com/books/1463367237i/5679963.jpg,server_url,upload\Mwangi Gicheru\Across_The_Bridge_-_Gicheru_Mwangi.epub,1,,,,1,1
1137812,1,5,12692,Free,Calhoun,Date of 1988 SR# 580. This is a Brand New Copy that may have minor shelf wear - may have age tanning . Ships within 24 hours with delivery confirmation. Purchase three books or more from me and get free upgrade to priority shipping.,https://images-na.ssl-images-amazon.com/images/S/compressed.photo.goodreads.com/books/1244163010i/1137812.jpg,server_url,upload\Diana Palmer\Calhoun_-_Diana_Palmer.epub,1,,,,1,1
136826368,1,2,721,Free,Calico Joe by John Grisham (3-Jan-2013) Paperback,"A surprising and moving novel of fathers and sons, forgiveness and redemption, set in the world of Major League Baseball… Whatever happened to Calico Joe? It began quietly enough with a pulled hamstring. The first baseman for the Cubs AAA affiliate in Wichita went down as he rounded third and headed for home. The next day, Jim Hickman, the first baseman for the Cubs, injured his back. The team suddenly needed someone to play first, so they reached down to their AA club in Midland, Texas, and called up a twenty-one-year-old named Joe Castle. He was the hottest player in AA and creating a buzz. In the summer of 1973 Joe Castle was the boy wonder of baseball, the greatest rookie anyone had ever seen. The kid from Calico Rock, Arkansas dazzled Cub fans as he hit home run after home run, politely tipping his hat to the crowd as he shattered all rookie records. Calico Joe quickly became the idol of every baseball fan in America, including Paul Tracey, the young son of a hard-partying and hard-throwing Mets pitcher. On the day that Warren Tracey finally faced Calico Joe, Paul was in the stands, rooting for his idol but also for his Dad. Then Warren threw a fastball that would change their lives forever… In John Grisham’s new novel the baseball is thrilling, but it’s what happens off the field that makes CALICO JOE a classic.",https://images-na.ssl-images-amazon.com/images/S/compressed.photo.goodreads.com/books/1699156604i/136826368.jpg,server_url,upload\John Grisham\Calico_Joe_-_John_Grisham.epub,1,,,,1,1
29525183,1,1,5900266,Free,Call of the Pack,"[Siren Menage Erotic Paranormal Cowboy Menage a Quatre Romance, M/F/M/M, vampires, werewolves, HEA] As a prosecuting attorney, Emeline Newsom failed to put a criminal behind bars. Disillusioned, she's ready to put her failure behind her and start a new life in the small Georgia town of Fate. Werewolf brothers Tyler and Derek Mitchell and their vampire cousin Evan Grange are ready to commit to one woman--as long as that woman is Emeline. They're taking it easy, winning her over one step at a time, but she keeps pulling away just as they think they've convinced her to be theirs. When Emeline's future is threatened, the men come running. They'll do whatever they can to keep her safe, but can they save her from a danger none of them knew existed? ** A Siren Erotic Romance",https://images-na.ssl-images-amazon.com/images/S/compressed.photo.goodreads.com/books/1458107183i/29525183.jpg,server_url,upload\Jane Jamison\Call_of_the_Pack_-_Jane_Jamison.epub,1,,,,1,1
1137810,1,2,12692,Free,Callaghan's Bride,"Julia 1033Duro como un roble, taciturno como un nubarrón, el ranchero Callaghan Hart maravillaba a las mujeres e intimidaba a los hombres. Así que… ¿cómo era posible que aquella pelirroja hubiera estado a punto de lograr que se pusiera de rodillas?Tess Brady, la nueva cocinera del rancho, era suave como un gatito, delicada como el rocío… y comprendía secretamente a Callagham. Cosa que volvía loco al endurecido vaquero. La juvenil inocencia de Tess lo atraía como fruta prohibida. Quería tocarla, saborearla… hacerla suya. Pero de ningún modo se acostaría con una mujer de ojos brillantes como estrellas cuyos sueños jamás podría colmar. No estaba dispuesto a caer en la trampa del matrimonio. Por muy tentador que fuera el cebo…",https://images-na.ssl-images-amazon.com/images/S/compressed.photo.goodreads.com/books/1390357841i/1137810.jpg,server_url,upload\Diana Palmer\Callaghan's_Bride_-_Diana_Palmer.epub,1,,,,1,1
37840490,1,1,2879706,Free,Shield Knight: Calliande's Tale,"Sixteen years old, Calliande is a new-made Magistria of the Order, a wielder of the powerful magic of the Well of Tarlion. With the hordes of the Frostborn invading the realm of Andomhaim, every one of the Magistri is needed in battle. But Calliande's first battle might also be her last...",https://images-na.ssl-images-amazon.com/images/S/compressed.photo.goodreads.com/books/1515250172i/37840490.jpg,server_url,upload\Jonathan Moeller\Calliande's_Tale_-_Jonathan_Moeller.epub,1,,,,1,1
865732,1,2,13730,Free,Calling All Creeps!,"REACH OUT AND SCARE SOMEONE. . .Ricky Beamer is furious when he gets kicked off the school paper, so he decides to play a joke on Tasha, the bossy editor-in-chief. Just a little joke. Harmless, really.After school one day he sticks a message in the paper. If you're a creep, call Tasha after midnight, it reads.But somehow Ricky's message gets messed up. And now he's getting calls! Strange calls from kids who say they are creeps. Creeps with scaly purple skin. And long sharp fangs. . .",https://images-na.ssl-images-amazon.com/images/S/compressed.photo.goodreads.com/books/1328866137i/865732.jpg,server_url,upload\R.L. Stine\Calling_All_Creeps!_-_R._L._Stine.epub,1,,,,1,1
20452061,1,5,386699,Free,Calming a Demon Heart,"Into the paranormal world: A wounded heart is not easily mended, requiring a soothing, patient hand.Matthew Beakman’s life just got turned upside down. His brother, Marty, stumbled across something strange and fascinating and amazing! Gargoyles exist! Matthew wants to know everything about them. First, though, he wants to find the gargoyle that saved his brother’s life and thank him. Their people’s leader, Maelgwn, points out a blood-red, behemoth of a gargoyle named Vane, then warns Matthew away from him. Never good at following orders—and because he can’t help but find himself intrigued by the huge creature across the room—Matthew tracks Vane down anyway. At first, he’s confused by the way his body responds every time Vane growls at him, until a conversation with Logan makes him suspect that he and Vane are mates. Unfortunately, he also learns Vane went through some extreme torture in the hands of humans. How can he convince the stubborn gargoyle that not all humans are the same?",https://images-na.ssl-images-amazon.com/images/S/compressed.photo.goodreads.com/books/1392445095i/20452061.jpg,server_url,upload\Charlie Richards\Calming_a_Demon_Heart_-_Charlie_Richards.epub,1,,,,1,1
34121119,1,2,721,Free,Camino Island,"#1 NEW YORK TIMES BEST SELLER • “A delightfully lighthearted caper ... [a] fast-moving, entertaining tale.”—Pittsburgh Post-Gazette A gang of thieves stage a daring heist from a secure vault deep below Princeton University’s Firestone Library. Their loot is priceless, but Princeton has insured it for twenty-five million dollars.Bruce Cable owns a popular bookstore in the sleepy resort town of Santa Rosa on Camino Island in Florida. He makes his real money, though, as a prominent dealer in rare books. Very few people know that he occasionally dabbles in the black market of stolen books and manuscripts.Mercer Mann is a young novelist with a severe case of writer’s block who has recently been laid off from her teaching position. She is approached by an elegant, mysterious woman working for an even more mysterious company. A generous offer of money convinces Mercer to go undercover and infiltrate Bruce Cable’s circle of literary friends, ideally getting close enough to him to learn his secrets.But eventually Mercer learns far too much, and there’s trouble in paradise as only John Grisham can deliver it.",https://images-na.ssl-images-amazon.com/images/S/compressed.photo.goodreads.com/books/1488922876i/34121119.jpg,server_url,upload\John Grisham\Camino_Island_-_John_Grisham.epub,1,,,,1,1
49123131,1,2,721,Free,Camino Winds,"Welcome back to Camino Island, where anything can happen—even a murder in the midst of a hurricane, which might prove to be the perfect crime . . . Just as Bruce Cable’s Bay Books is preparing for the return of bestselling author Mercer Mann, Hurricane Leo veers from its predicted course and heads straight for the island. Florida’s governor orders a mandatory evacuation, and most residents board up their houses and flee to the mainland, but Bruce decides to stay and ride out the storm. The hurricane is devastating: homes and condos are leveled, hotels and storefronts ruined, streets flooded, and a dozen people lose their lives. One of the apparent victims is Nelson Kerr, a friend of Bruce’s and an author of thrillers. But the nature of Nelson’s injuries suggests that the storm wasn’t the cause of his death: He has suffered several suspicious blows to the head. Who would want Nelson dead? The local police are overwhelmed in the aftermath of the storm and ill equipped to handle the case. Bruce begins to wonder if the shady characters in Nelson’s novels might be more real than fictional. And somewhere on Nelson’s computer is the manuscript of his new novel. Could the key to the case be right there—in black and white? As Bruce starts to investigate, what he discovers between the lines is more shocking than any of Nelson’s plot twists—and far more dangerous.",https://images-na.ssl-images-amazon.com/images/S/compressed.photo.goodreads.com/books/1580242935i/49123131.jpg,server_url,upload\John Grisham\Camino_Winds_-_John_Grisham.epub,1,,,,1,1
17453042,1,3,386699,Free,Breaking the Playboy's Curse,"Vail Tamang is a playboy. He’s never claimed to be anything else. What he does claim is that he doesn’t want a mate. The truth is a little more sinister. When he scents Draven Mansetti, Tim’s half-vampire, half-warlock mentor, he realizes his worst fear has come true. Draven is his mate. Vail tries to avoid the man, but Draven manages to track him down anyway. He’s left with no choice and shares a family secret. His family line is cursed. Can Draven convince Vail that some curses can be broken? Or will Vail walk away before giving them a chance?",https://images-na.ssl-images-amazon.com/images/S/compressed.photo.goodreads.com/books/1362147114i/17453042.jpg,server_url,upload\Charlie Richards\Breaking_the_Playboys_Curse_-_Charlie_Richards.epub,1,,,,1,1
45894251,1,1,4107685,Free,Carried Away,"This is the fifth book in the Sinful Nights series.Not trusting love, Penny is wary of Deputy Louis’ attentions.The men in her past have abused her trust to the point where she’s unwilling to believe in men any longer. But somehow, Louis’s smiles and his charm slowly inch past her defenses. Is there any way to guard her heart against him? Not really – especially when he’s so good to her twin boys. Louis always thought that Penny was pretty, but as she takes on a new job, she blossoms with confidence. Finally, he convinces her to take a chance on him … and he carries her away … literally! Enjoy this short novella about Penny and Louis, two characters that you met in the Sinful Nights series!",https://images-na.ssl-images-amazon.com/images/S/compressed.photo.goodreads.com/books/1558380622i/45894251.jpg,server_url,upload\Elizabeth Lennox\Carried_Away_-_Elizabeth_Lennox.epub,1,,,,1,1
23820727,1,1,1160213,Free,Casacelli Brides,"THE BILLIONAIRE'S CHRISTMAS REVENGE Infidelity tore Bianca and Niko's marriage to shreds. But now, Bianca needs a favour, and the only man she can turn to is her ex-husband. He's already broken her heart once. Can she trust him again? ALL SHE WANTS FOR CHRISTMAS The widowed Lady Elizabeth Sanderson is no longer interested in men. Her life is ordered, calm and boring: just the way she likes it. So why can't she stop thinking about billionaire bad boy Antonio Casacelli, and the way his body seems to call to hers? THE TYCOON'S CHRISTMAS CAPTIVE The last thing Marcos Casacelli needs is a ward to babysit, especially not one as spoiled and indulged as the Hollywood starlet Kat Van Buren.Kat's not just running from any scandal or heartbreak, though. Her life is at stake, and the one man who can protect her seems to hate her with a passion. THE SHEIKH'S CHRISTMAS MISTRESS Charlotte Faber falls head over heels with The Sheikh Malik Desara the moment she sees him. She thinks he loves her, too, until he propositions her... to be his mistress! How can she accept? How can she refuse?",https://images-na.ssl-images-amazon.com/images/S/compressed.photo.goodreads.com/books/1426766678i/23820727.jpg,server_url,upload\Clare   Connelly\Casacelli_Brides_-_Clare_Connelly.epub,1,,,,1,1
39399230,1,1,4107685,Free,Caught,"Ms. Scarlett was making her crazy! Marilee knew that Ms. Scarlett and her grey haired posse were organizing all of the pranks that kept happening in town. But why was it that, every time Marilee tried to hide the pranks, the annoying, all-seeing and irritating Emerson, the new sheriff, arrived with his brooding eyes and annoyingly broad shoulders?! It was almost as if the man had a sixth sense for when she was going to make a fool of herself and he showed up to enjoy the show! Emerson thought Marilee was adorable and sexy and…odd. But he couldn’t resist her. All of those lush curves and gorgeous smiles. He might not understand the lovely Marilee, but he was falling for her. And he wasn’t sure he cared!",https://images-na.ssl-images-amazon.com/images/S/compressed.photo.goodreads.com/books/1521900842i/39399230.jpg,server_url,upload\Elizabeth Lennox\Caught_-_Elizabeth_Lennox.epub,1,,,,1,1
165252540,1,11,126130,Free,The rustle of bamboo,"Book by Conway, Celine",https://dryofg8nmyqjw.cloudfront.net/images/no-cover.png,server_url,upload\Celine Conway\Celine_Conway_the_rustle_of_bam_-_Unknown.epub,1,,,,1,1
39942370,1,1,4107685,Free,Charmed,"To flirt or to slap? It all started so…innocently? Mischievously is probably a better word. Skye fell in love. Hard! Mark was big and tall, muscular and charming. In bed he made her scream. Out of bed, he made her laugh. He was the perfect guy! But…he was a SWAT team member. He dove into the most dangerous situations without a second thought. So far, he’d come out of each mission alive, but…what about that one time when he didn’t? Skye was in too deep. She needed out. She loved Mark too much to wait around for that phone call. Mark woke up one morning, diamond ring in his pocket…only to find Skye gone. Not just gone, but he couldn’t find her. Until fates conspired and he moved from New York to LowPoint, Kentucky. He not only found the woman he couldn’t forget, but he also discovered that he was about to be a dad. Of babies! Yes, plural! Twins! Could they figure out how to move forward? Could Skye learn to live with the danger of his occupation?",https://images-na.ssl-images-amazon.com/images/S/compressed.photo.goodreads.com/books/1524665330i/39942370.jpg,server_url,upload\Elizabeth Lennox\Charmed_-_Final_All_Others_EPUB_-_Elizabeth_Lennox.epub,1,,,,1,1
45913098,1,5,386699,Free,"Checks, Balances, and Manipulation","Jared Templeton has been mated to his wolf shifter, Carson Angeni, for over a decade. Having spent the first half of his adult life as a high-paid assassin, Jared thought he’d struck a decent balance with pack life. Everything changes when their beta takes a position on the Shifter Council. That forces Alpha Declan to hold a challenge for a new Stone Ridge pack beta, which draws in unfamiliar wolves. The way one of the contestants—Larson—watches Jared arouses his suspicions, but he tells himself he’s being paranoid. Jared wasn’t being paranoid, and Declan’s daughter Sara is kidnapped. Even though they manage to save her, Jared still blames himself and acts rashly in an attempt to catch the culprits. His choice puts not only him but Carson in a tight spot with their alpha and a few others in the pack. Will Jared remember that pack is there for each other and aren’t just people to protect? Or will Jared’s past catching up with him create too big a wedge to overcome?",https://images-na.ssl-images-amazon.com/images/S/compressed.photo.goodreads.com/books/1558439687i/45913098.jpg,server_url,"upload\Charlie Richards\Checks,_Balances,_and_Manipulat_-_Charlie_Richards.epub",1,,,,1,1
40526232,1,5,1160213,Free,Claiming his Secret Baby,"“Our marriage will be different. It isn’t a love match. We both know what we’re getting.” His words were like little stones landing against her sides. “Oh?” He angled his head thoughtfully. “We’re giving our son a family. You’re gaining true financial security. I’m gaining a wife on my arm and in my bed.” He shrugged. “It’s a perfect marriage of convenience.” A frisson of warning danced down her spine. The clinical assessment should have been reassuring. After all, boundaries were good, delineations were helpful. But there was danger everywhere. Danger in the way he spoke so casually of a loveless marriage, when she had already seen how easy it was to fall in love with him. But this was different. She knew who he was now, and what he was capable of. The stars had fallen from her eyes and she saw it all clearly. She wouldn’t love him again. And she’d never trust him with her heart; not for a billion pounds.     One night and a lifetime of consequences...   A wild weekend of passion with powerful Xavier Salbatore had broken impressionable young Ellie's heart. She'd loved him madly, but then she'd discovered he was engaged to be married and she'd run a mile!  A bad car accident robbed the ruthless Spanish billionaire of so much. With a failed marriage and the discovery that he'd cheated on his wife and fathered a son with his mistress, Xavier is determined to put his life back together - even if it means marrying the woman who hid their child from him. A woman he'll never forgive!  Ellie knows she needs to keep Xavier at arm's length to avoid being hurt. She vows she won't respond to him, but night by night he wears away her defences, leaving her as powerless and lost to him as ever before...  An emotional story of mistakes, betrayal and the high cost of forgiveness, CLAIMING HIS SECRET BABY is book three in The Evermore Series.",https://images-na.ssl-images-amazon.com/images/S/compressed.photo.goodreads.com/books/1528948019i/40526232.jpg,server_url,upload\Clare   Connelly\Claiming_his_Secret_Baby_-_Clare_Connelly.epub,1,,,,1,1
32570507,1,5,7235860,Free,Combust,"Volt was finally mine—but now it’s over.Out of thin air, he turned into the biggest jerk on the planet and treated me like I was nothing. His behavior went on for a week, without explanation, until the truth finally came out. He saw Mr. Davidson kiss me, and instead of giving me a chance to explain what happened, he lost his mind.By the time the truth comes out, I already see Volt with new eyes. I see a version of him I don’t like, see how cold and cruel he can be. Despite our ironclad relationship, he didn’t trust me whatsoever, didn’t even give a chance to explain what really happened. He acted like a child—and I don’t want to be in a relationship with a child.Volt finally wears me down, finally convinces me to give him another try. But then I introduce him to my childhood friend Sara…and I know there’s no coming back from this one.Volt and I may right for each other—but destiny has other plans.Pick up the next installment of this contemporary romance series now by clicking the BUY NOW button at the top of this page. This second chance romance with angst is also available in Kindle Unlimited!",https://images-na.ssl-images-amazon.com/images/S/compressed.photo.goodreads.com/books/1476158639i/32570507.jpg,server_url,upload\E.L. Todd\Combust_(Electric_Series_#4)_-_E._L._Todd.epub,1,,,,1,1
22564886,1,5,7235860,Free,Come What May,"The story of the gang continues. Scarlet and Sean prepare for the arrival of their baby. Sean is adamant about getting Scarlet everything she needs, including a new car and a maid. But she isn’t exactly happy about either one. The tension continues with Diane until another blow out ensues. Torn, Sean must figure out what to do to keep his family together.Cortland finally opens up to Monnique and tells her the truth about Scarlet. But she doesn’t react in a way he expects. Knowing Cortland better than anyone, Monnique asks the question he dreads. Was he in love with Scarlet? The answer will change their relationship forever.Ryan’s shop is booming with business. Unable to handle it on his own, he decides to hire employees. The success of the shop is keeping him away from home and Janice. And his woman isn’t happy about that.Mike still searches for love in the hope of finding a woman like his brother’s wife. And when he meets Cassandra, an accountant for the company, Mike immediately becomes tongue tied. Strong, elegant, and cool, Cassandra immediately captures his attention. For the first time, he asks a woman on a date, and for the first time, he hopes for a second one.Another hilarious and heartwarming installment of the Forever and Always Series.",https://images-na.ssl-images-amazon.com/images/S/compressed.photo.goodreads.com/books/1403493820i/22564886.jpg,server_url,upload\E.L. Todd\Come_What_May_-_E._L._Todd.epub,1,,,,1,1
38356985,1,5,386699,Free,Comforting His Restless Stallion,"Baron and his friend plan a coup, staged in hopes of a better future, but it all goes horribly wrong. He is caught, and his friend is killed. When Baron refuses to rat out his buddy’s wife and daughter’s location, he’s tortured for his silence. Left hanging in his chains for several days, Baron expects death. Instead, he’s rescued by a stranger who assures him that his friend’s loved ones are well. Baron asks to be taken to them and ends up at the estate of a gargoyle clutch. Baron’s surprise is compounded when Conchlin walks in with his evening meal…and Baron recognizes the small, bright-orange gargoyle as his mate. While Baron wants the man, he doesn’t think he can give Conchlin everything he needs to complete their bond. Before Baron has even had a chance to heal and find out, Conchlin’s past comes back to haunt him, putting their mating in jeopardy. Baron realizes it’s not all about him. Will standing beside Conchlin and supporting him through adversity be enough for them to find their future together?",https://images-na.ssl-images-amazon.com/images/S/compressed.photo.goodreads.com/books/1517863202i/38356985.jpg,server_url,upload\Charlie Richards\Comforting_his_Restless_Stallio_-_Charlie_Richards.epub,1,,,,1,1
17713501,1,3,386699,Free,Compromises for His Moose,"On the Road: Life is full of compromises, but the best ones allow you to end up in a better place than where you started.  When Adam Kingston decides to enjoy a cat nap in tiger form, he never thought he’d be woken by the cries of young moose shifters, nor did he expect to need to save them from a douchy wolf shifter and his buddies. The day takes a turn for the better when he’s pleasantly surprised to discover the moose’s brother, Noah Oleander, is his mate. Except Noah is in the closet, is the legal guardian for his two siblings, and is on the run for attacking his alpha’s son. Can Adam get Noah to stick around long enough to find a way to help him? Or, will Noah decide it’s easier to grab his siblings and keep on running?",https://images-na.ssl-images-amazon.com/images/S/compressed.photo.goodreads.com/books/1364822995i/17713501.jpg,server_url,upload\Charlie Richards\Compromises_For_His_Moose_-_Charlie_Richards.epub,1,,,,1,1
212457984,1,1,22294257,Free,The Character And Greatness Of Winston Churchill Hero In A Time of Crisis,,https://dryofg8nmyqjw.cloudfront.net/images/no-cover.png,server_url,upload\Unknown Author\Crisis_of_Character_-_Unknown.epub,1,,,,1,1
7335350,1,1,1982,Free,Crocodile Creek,"What did he really want from her?After six years away, Keri returned to the vast Australian cattle station of Kinga Downs to study the dangerous giant crocodiles. She was happy to spend time with Robyn, a dear friend, but seeing the arrogant station owner, Ben Champion, was another matter. Because of her long-past relationship with his ne'er-do-well brother, Ben had once labeled Keri a gold digger. Unfortunately , his opinion hadn't changed. And then he came up with a startling proposition. One that made the threat of crocodiles seem mild in comparison.",https://images-na.ssl-images-amazon.com/images/S/compressed.photo.goodreads.com/books/1677799269i/7335350.jpg,server_url,upload\Valerie Parv\Crocodile_Creek_by_Valerie_Parv_-_Unknown.epub,1,,,,1,1
462379,1,2,4766,Free,The Crystal Gryphon,"When Ulm is invaded, a young boy who carries the curse of his ancestors discovers a crystal gryphon which helps him save the kingdom",https://images-na.ssl-images-amazon.com/images/S/compressed.photo.goodreads.com/books/1360078801i/462379.jpg,server_url,upload\Andre Norton\Crystal_Gryphon__-_Andre_Norton.epub,1,,,,1,1
35406205,1,5,2965060,Free,Dakota's Delight,"Welcome to Dakota's Delight, book 9 in Heroes for Hire, reconnecting readers with the unforgettable men from SEALs of Honor in a new series of action packed, page turning romantic suspense that fans have come to expect from USA TODAY Bestselling author Dale Mayer.When a young woman darts into traffic and into Dakota’s path, life takes a dark turn for both of them.Bailey, recovering from the loss of her husband, retreated from life. Going to work and coming home was the extent of her days and weeks. Until she walks into work early one morning, witnesses a murder and flees into traffic, nearly getting killed. The near death experience awakens the spark of life inside of her. So does the man in the car. A different kind of a spark.For her safety, Dakota persuades her to move into the compound with him and the rest of the Legendary family while they track down the killers.Bailey is forced to accept Dakota’s help. But can she stay safe long enough for the police to track down the killer? Or is the man who almost ran her over going to steal her heart?",https://images-na.ssl-images-amazon.com/images/S/compressed.photo.goodreads.com/books/1497177132i/35406205.jpg,server_url,upload\Dale Mayer\Dakota's_Delight_-_Dale_Mayer.epub,1,,,,1,1
25459765,1,5,4107685,Free,Dancing with the Dangerous Prince,"Ciara shivered when she felt his eyes upon her. She trembled when she looked upon him as well. When they found themselves in the woods, alone and tempted, she fought the feeling…but it was pointless. The allure of the man was just too strong. So she was going to ride the wave of passion this captivating man offered, and ignore the consequences until she had to go back to her own world.Zoran couldn’t believe the beauty that he found in the woods. Normally, his one-week respite from his official responsibilities as Prince of Larcatia was a time of isolation and contemplation. Now his only contemplation was how to get to know the lovely wood nymph better. And isolation was the furthest thing from his mind.So when their time together was over, it was shocking to find out that they were actually both royalty in neighboring countries! And even more unbelievable, that they were both obligated to marry someone else! To hell with royal obligations! Zoran would make Ciara his wife.",https://images-na.ssl-images-amazon.com/images/S/compressed.photo.goodreads.com/books/1432819797i/25459765.jpg,server_url,upload\Elizabeth Lennox\Dancing_with_the_Dangerous_Prin_-_Elizabeth_Lennox.epub,1,,,,1,1
7295361,1,2,"164307,30279",Free,Daughter of Troy,"The rightful-born queen of Lyrnessos, Briseis watched helplessly from the battlements as her husband and brothers were crushed by the invincible army of King Agamemnon. Taken into slavery, the proud, beautiful seer became the prize of Prince Achilles, the conquering Greeks' mightiest hero. But passion forged chains stronger than any iron, binding the hearts of captive and captor with a love that knew no equal, and when Troy fell, great Achilles promised his beloved Briseis would reign at his side as queen of Thessaly. Yet the jealousy of a ruthless king and the whims of the capricious deities would deny the lovers their happiness. As the flames of war rose higher around them, the prophetess vowed to save the beloved warrior for whom her dark gift foretold doom -- even if it meant defying the gods themselves.",https://images-na.ssl-images-amazon.com/images/S/compressed.photo.goodreads.com/books/1348902038i/7295361.jpg,server_url,upload\Sarah B. Franklin\Daughter_of_Troy_-_Dave_Duncan.epub,1,,,,1,1
33572589,1,2,3441,Free,Death's Mistress,"Death's Mistress: Sister of Darkness will launch The Nicci Chronicles, Terry Goodkind's entirely new series with a cast of characters centered on one of his best-loved characters in the now-concluded Sword of Truth.One-time lieutenant of the evil Emperor Jagang, known as Death s Mistress and the Slave Queen, the deadly Nicci captured Richard Rahl in order to convince him that the Imperial Order stood for the greater good. But it was Richard who converted Nicci instead, and for years thereafter she served Richard and Kahlan as one of their closest friends and one of their most lethal defenders.Now, with the reign of Richard and Kahlan finally stabilized, Nicci has set out on her own for new adventures. One of her jobs will be to keep her travelling companion, the unworldly prophet Nathan, out of trouble. But her real task will be to scout the far reaches of Richard Rahl s realm. This will take her and Nathan to visit the mysterious witch-woman Red, to tangle with the street life of the port city of Tanimura, to fight lethal battles on the high seas, and ultimately to a vast magical confrontation far from home with the future of life itself, in the Old World and the New, at stake.Full of life and story, this is a sweeping, engaging tale in the grand Goodkind manner.",https://images-na.ssl-images-amazon.com/images/S/compressed.photo.goodreads.com/books/1506438692i/33572589.jpg,server_url,upload\Terry Goodkind\Death's_Mistress_Sister_of_Dar_-_Terry_Goodkind.epub,1,,,,1,1
1183823,1,2,"4766,12350",Free,Derelict for Trade,"In this brand-new space thriller, the Solar Queen is in real trouble. After saving thousands of lives in a near disaster, the crew are heroes, and they're ready to cash in their newfound celebrity for some profitable trade. But when they come out of hyper and almost crash into a deserted ship, they nearly find themselves dead on arrival.Luckily, the derelict has fuel enough to get both ships to the nearest port - an eerily beautiful space habitat. Three races, human, Kanddoyd, and Shver, share the facilities; but a fourth species - bureaucrats - nearly scuttles the Queen's crew and their claim to the derelict.What started out as a lucky stop at the habitat turns into a series of treacherous misadventures as an alien stowaway, a gang of intergalactic spacejackers, and an ultraviolent clan of aliens threaten to make this the Solar Queen's final run.",https://images-na.ssl-images-amazon.com/images/S/compressed.photo.goodreads.com/books/1391115550i/1183823.jpg,server_url,upload\Andre Norton\Derelict_for_Trade_-_Andre_Norton.epub,1,,,,1,1
2875303,1,5,19687,Free,Desire for Revenge,"Sarah believed in love at first sightOne enchanted evening at a masquerade ball Sarah French fell in love with a sapphire-eyed stranger. ""I want to make love to you,"" he murmured.As if in a dream Sarah answered, ""I want it, too...."" And that night for the first time Sarah experienced the delights of passion and tenderness. But before Joss wakened, she disappeared, frightened by the return of reality.Sarah returned to London to her work as an editor, convinced that she would never see her dream lover again. Until she met her new boss, Joshua Howard, and had to face his furious sapphire eyes.",https://images-na.ssl-images-amazon.com/images/S/compressed.photo.goodreads.com/books/1249174401i/2875303.jpg,server_url,upload\Penny Jordan\Desire_For_Revenge_-_Penny_Jordan.epub,1,,,,1,1
106588,1,2,"61693,4601681,12275",Free,Destiny,"An ancient order tied to the Vatican…A blood fortune buried in the caves of France…A conspiracy of power, greed and darkest evil…Archaeologist and explorer Annja Creed’s fascination with the myths and mysteries of the past leads her to a crypt in the caves of France, where the terrifying legend of the Beast of Gevaudin hints at the unimaginable. What she discovers is shattering: an artifact that will seal her destiny; a brotherhood of monks willing to murder to protect their secret; and a powerful black-market occultist desperate to put his own claim to centuries-old blood money. Annja embarks on a high-tension race across Europe and history itself, intent on linking the unholy treachery of the ages with the staggering revelations of the present. But she must survive the shadow figures determined to silence her threat to their existence.",https://images-na.ssl-images-amazon.com/images/S/compressed.photo.goodreads.com/books/1406635190i/106588.jpg,server_url,upload\Alex Archer\Destiny_-_Alex_Archer.epub,1,,,,1,1
48892666,1,9,7200339,Free,Destiny Descending,"Fate is a fickle thing.The Godhunter has managed to piss off an entire pantheon and now, the Mesopotamians are coming for her. Even worse, their leader wields an ancient artifact that can rewrite destiny. With her star still on the mend, Vervain knows this is the worst time for another war but a confrontation seems unavoidable. She must find a way to battle the God of Light before her destiny descends into darkness.",https://images-na.ssl-images-amazon.com/images/S/compressed.photo.goodreads.com/books/1574164796i/48892666.jpg,server_url,upload\Amy Sumida\Destiny_Descending_-_Amy_Sumida.epub,1,,,,1,1
7712788,1,5,86756,Free,Devil Lover,"A marriage for revenge…Powerful Greek magnate, Andreas Vatis has every reason to hate Regan. Not only is his pride severely wounded, but because of her father's actions, he lost something much more valuable. Before he passed away, Regan's father seduced Andreas's wife and ran off with her—and Andreas's means to continue the Vatis empire…Now Andreas is determined to take his revenge from Regan—with the ruthless demand that she replace what her father deprived him of—a wife and an heir!",https://images-na.ssl-images-amazon.com/images/S/compressed.photo.goodreads.com/books/1635743812i/7712788.jpg,server_url,upload\Carole Mortimer\Devil_Lover_-_Carole_Mortimer.epub,1,,,,1,1
24611529,1,2,17065,Free,Devoted in Death,"Eve Dallas tracks a couple whose passion is fueled by cold brutality in the newest crime thriller from the #1 New York Times–bestselling author of Obsession in Death and Festive in Death. When Lieutenant Eve Dallas examines a body in a downtown Manhattan alleyway, the victim’s injuries are so extensive that she almost misses the clue. Carved into the skin is the shape of a heart—and initials inside reading E and D . . .Ella-Loo and her boyfriend, Darryl, had been separated while Darryl was a guest of the state of Oklahoma, and now that his sentence has been served they don’t ever intend to part again. Ella-Loo’s got dreams. And Darryl believes there are better ways to achieve your dreams than working for them. So they hit the road, and when their car breaks down in Arkansas, they make plans to take someone else’s. Then things get messy and they wind up killing someone—an experience that stokes a fierce, wild desire in Ella-Loo. A desire for Darryl. And a desire to kill again.As they cross state lines on their way to New York to find the life they think they deserve, they will leave a trail of evil behind them. But now they’ve landed in the jurisdiction of Lieutenant Dallas and her team at the New York Police and Security Department. And with her husband, Roarke, at her side, she has every intention of hunting them down and giving them what they truly deserve . . .",https://images-na.ssl-images-amazon.com/images/S/compressed.photo.goodreads.com/books/1424833636i/24611529.jpg,server_url,upload\J.D. Robb\Devoted_in_Death_-_J._D._Robb.epub,1,,,,1,1
5391115,1,3,7581,Free,The Awakening,"If you had met me a few weeks ago, you probably would have described me as an average teenage girl - someone normal. Now my life has changed forever and I’m as far away from normal as it gets. A living science experiment - not only can I see ghosts, but I was genetically altered by a sinister organization called Edison Group. What does that mean? For starters. I'm a teenage necromancer whose powers are out of control: I raise the dead without even trying. Trust me, that is not a power you want to have. Ever.Now I’m running for my life with three of my supernatural friends - a charming sorcerer, a cynical werewolf, and a disgruntled witch - and we have to find someone who can help us before the Edison Group finds us first. Or die trying.",https://images-na.ssl-images-amazon.com/images/S/compressed.photo.goodreads.com/books/1478986806i/5391115.jpg,server_url,upload\Kelley Armstrong\The_Awakening_-_Kelley_Armstrong.epub,1,,,,1,1
2800905,1,3,7581,Free,The Summoning,"Chloe Saunders used to have a relatively normal life.But now she finds herself in the middle of some really strange situations because:~She suddenly starts seeing dead people.~She gets locked up in a group home for unstable teens.~The group home isn't what it seems. My name is Chloe Saunders and my life will never be the same again.All I wanted was to make friends, meet boys, and keep on being ordinary. I don't even know what that means anymore. It all started on the day that I saw my first ghost—and the ghost saw me.Now there are ghosts everywhere and they won't leave me alone. To top it all off, I somehow got myself locked up in Lyle House, a ""special home"" for troubled teens. Yet the home isn't what it seems. Don't tell anyone, but I think there might be more to my housemates than meets the eye. The question is, whose side are they on? It's up to me to figure out the dangerous secrets behind Lyle House... before its skeletons come back to haunt me.",https://images-na.ssl-images-amazon.com/images/S/compressed.photo.goodreads.com/books/1478986944i/2800905.jpg,server_url,upload\Kelley Armstrong\The_Summoning_-_Kelley_Armstrong.epub,1,,,,1,1
42739210,1,5,2965060,Free,Dezi's Diamond,"When opposites attract... anything can happen... Dezi was a plain-and-simple type of guy. He loved working for Levi's company and had enjoyed the jobs he'd been given so far. When a businesswoman contacted Ice over, well, ice, ... things got interesting.Diamond was an exclusive jewelry designer, born and raised in the industry, working within her father's diamond company. When a custom-designed item was checked before shipment, she realized the piece wasn't her workmanship. Somehow someone had forged her work and had slipped it in the shipment as a replacement.However, the theft and forgery quickly escalate to kidnapping and armed robbery. Dezi and Diamond need to figure this out fast, before something else gets added to the list: murder.",https://images-na.ssl-images-amazon.com/images/S/compressed.photo.goodreads.com/books/1541789743i/42739210.jpg,server_url,upload\Dale Mayer\Dezi's_Diamond_-_Dale_Mayer.epub,1,,,,1,1
413814,1,2,"28946,1310149",Free,Dhampir,"She hunts the realm’s most dangerous game.Her fees are exorbitant.She’s worth every coin she receives.Or is she?Magiere has earned a reputation as the most formidable vampire slayer in the land. Villagers far and wide welcome her with both awe and disdain — grateful to her for ridding their towns of the undead menace, but finding themselves made poorer for their salvation. Magiere knows she’s dealing with simple folk, who only wish to have their superstitions silenced, and sees nothing wrong with exploiting them for profit.Now, tired of the game, Magiere and her partner, the half-elf Leesil, are ready to hang up their weapons and settle down in a place they can finally call home. But their newfound peace will not last — for Magiere has come to the attention of a trio of powerful and dangerous vampires who know her true identity — and fear the birthright that flows through her veins. And they will stop at nothing to keep Magiere from fulfilling her destiny.",https://images-na.ssl-images-amazon.com/images/S/compressed.photo.goodreads.com/books/1388202584i/413814.jpg,server_url,upload\Barb Hendee\Dhampir_-_Barb_Hendee.epub,1,,,,1,1
220969,1,2,5091,Free,Die Trying,"Alternate cover for this ISBN can be found hereIn a Chicago suburb, a dentist is met in his office parking lot by three men and ordered into the trunk of his Lexus. On a downtown sidewalk, Jack Reacher and an unknown woman are abducted in broad daylight by two men - practiced and confident - who stop them at gunpoint and hustle them into the same sedan. Then Reacher and the woman are switched into a second vehicle and hauled away, leaving the dentist bound and gagged inside his car with the woman's abandoned possessions, two gallons of gasoline. . . and a burning match. The FBI is desperate to rescue the woman, a Special Agent from the Chicago office, because the FBI always - always - takes care of its own, and because this woman is not just another agent. Reacher and the woman join forces, against seemingly hopeless odds, to outwit their captors and escape. But the FBI thinks Jack is one of the kidnappers - and when they close in, the Bureau snipers will be shooting to kill.",https://images-na.ssl-images-amazon.com/images/S/compressed.photo.goodreads.com/books/1377633008i/220969.jpg,server_url,upload\Lee Child\Die_Trying_-_Lee_Child.epub,1,,,,1,1
129523,1,2,"17065,625",Free,Divided in Death,"Reva Ewing, a former member of the Secret Service and a security specialist for Roarke Enterprises, is a prime suspect in a double homicide. She had every reason to want to kill her husband, the renowned artist Blair Bissel. Not only was he having an affair, he was having it with her best friend.But Lieutenant Eve Dallas, who's on the case, believes Reva is innocent. Eve's instincts tell her that the murder scene looks too perfectly staged, the apparent answers too obvious. And when she digs for more, she discovers that at nearly the exact time a kitchen knife was jammed into the victim's ribs, the passcode to his art studio was changed - and all of the data on his computer deliberately corrupted.To Roarke, it's the computer attack that poses the real threat. Signs show that this is the nightmare his company has secretly been preparing for. He and Reva have been under a code-red government contract to develop a program that would shield against a new breed of hackers, the Doomsday Group. These techno-terrorists with brilliant minds and plenty of financial backing hack into systems, steal data, and corrupt computer units on a large scale - and kill anyone who gets too close.Eve and Roarke must infiltrate an extraordinarily secretive government agency to expose the corruption at its core, before the virus spreads from one office to a corporation to the entire country.",https://images-na.ssl-images-amazon.com/images/S/compressed.photo.goodreads.com/books/1389938707i/129523.jpg,server_url,upload\J.D. Robb\Divided_in_Death_-_J._D._Robb.epub,1,,,,1,1
2836426,1,2,171159,Free,Doctor on Loan,"As Briman Island's only doctor, Christie works day and night to care for the isolated islanders. She knows that getting married would mean abandoning them...but one stormy night Christie saves a stranger's life - and her life changes forever...The stranger is Dr. Hugo Tallent! A specialist from Brisbane, he offers Christie the help she badly needs. Hugo loves the island, and it's not long before he loves Christie, too. But she won't leave - and there are reasons that he can't stay...",https://images-na.ssl-images-amazon.com/images/S/compressed.photo.goodreads.com/books/1341779636i/2836426.jpg,server_url,upload\Marion Lennox\Doctor_On_Loan_-_Marion_Lennox.epub,1,,,,1,1
1207348,1,12,3389,Free,Dolores Claiborne / Nightmares and Dreamscapes,,https://images-na.ssl-images-amazon.com/images/S/compressed.photo.goodreads.com/books/1677792178i/1207348.jpg,server_url,upload\Stephen        King\Dolores_Claiborne_-_Stephen_King.epub,1,,,,1,1
13665420,1,5,386699,Free,Dominating the Wolf,"When Eli escorts an injured shifter to Stone Ridge territory for medical treatment, he arrives in town suffering from motion sickness. The last thing he wants is to meet his mate while praying to the procelain god, but that's exactly what happens. To make matters worse, being ill messes up Eli's senses and he doesn't recognize the cute sub as his mate right away, sending the other man running.When Eli catches up with Sam, it doesn't take him long to realize the wolf shifter has been burned badly in a past relationship. Can he figure out a way to earn Sam's trust? Or will his mate run a second time?",https://images-na.ssl-images-amazon.com/images/S/compressed.photo.goodreads.com/books/1339803337i/13665420.jpg,server_url,upload\Charlie Richards\Dominating_the_Wolf-_Kontra_Men_-_Charlie_Richards.epub,1,,,,1,1
50167544,1,9,7200339,Free,Doppelganger Dirge,"There are some things that even a song can't fix.Ever since Lucifer tried to ease his ache for Elaria by altering human women to look like her, there have been doppelgangers of the Spellsinger on Earth. Now, those Elaria-look-alikes are dying, murdered by assassins who are most likely after Elaria. But assassins are the least of her worries. Greek Gods are disappearing and it looks as if Apollo's warning of Poseidon conquering the Beneath might not be so farfetched after all. As doppelgangers start dropping like flies, the Spellsinger must find a way to save herself and the entire world. Again.",https://images-na.ssl-images-amazon.com/images/S/compressed.photo.goodreads.com/books/1577729027i/50167544.jpg,server_url,upload\Amy Sumida\Doppelganger_Dirge_-_Amy_Sumida.epub,1,,,,1,1
217303390,1,2,32498,Free,Double Blind: A Novel,"Kendra Michaels, formerly blind and now a hired gun for law enforcement agencies who relies on her razor-sharp powers of observation, is reluctant to help the FBI with the most recent case they’ve brought to her. But then she hears the the body was found just blocks away from Kendra’s condo. The young woman was carrying an envelope with Kendra’s name on it, and inside was an SD card with what appears to be an innocuous video of a wedding reception. The woman died trying to get the video to Kendra, but for what purpose? Before Kendra and the FBI can answer that question, the bride is abducted from her suburban home.And so the hunt is on for a killer whose nightmarish plan is slowly becoming clear. A plan that involves a powerful law firm and a multi-billion dollar corporation. As the body count rises, Kendra joins forces with private investigator Jessie Mercado and agent-for-hire Adam Lynch to stop the plot as it grows ever closer to its terrifying conclusion.In Double Blind, Iris and Roy Johansen deliver an emotional, gripping new entry in the bestselling Kendra Michaels series.",https://images-na.ssl-images-amazon.com/images/S/compressed.photo.goodreads.com/books/1723141310i/217303390.jpg,server_url,upload\Iris Johansen\Double_Blind--A_Novel_-_Iris_Johansen.epub,1,,,,1,1
365090,1,2,41942,Free,Down Among the Dead Men,"“Ten years have passed since the Demon War. The Forest's scars are slowly healing, the Darkwood is still and silent, and few demons ever venture out of the endless night. But in a clearing not far from the Darkwood boundary, in a darkness where a sun has never risen and a moon has never shone, an ancient evil stirs in its sleep and dreams foul dreams.""And with those words, New York Times bestselling author Simon R. Green begins the third of his Forest Kingdom novels, a classic sword-and-sorcery quest of four Rangers, three outlaws, and one Infernal Device that could reawaken a Beast that's best left sleeping. Travel along with Duncan MacNeil, the witch Constance, Jessica Flint and Giles Dancer as they -- and their buried secrets -- go down among the dead men on the adventure of a lifetime.",https://images-na.ssl-images-amazon.com/images/S/compressed.photo.goodreads.com/books/1389663225i/365090.jpg,server_url,upload\Simon R. Green\Down_Among_the_Dead_Men_-_Simon_R._Green.epub,1,,,,1,1
12150580,1,2,"346732,12052,17061",Free,Down These Strange Streets,"In this collection of urban fantasy stories, editors George R. R. Martin and Gardner Dozois explore the places where mystery waits at the end of every alley and where the things that go bump in the night have something to fear...In “Death by Dahlia,” #1 New York Times bestselling author Charlaine Harris takes vampire Dahlia Lynley-Chivers to a lavish party that turns deadly. And with so many creatures of the night in attendance, Dahlia will have a hard time identifying the most likely suspect!#1 New York Times bestselling author Patricia Briggs thrills in “In Red, with Pearls,” as a werewolf PI races to crack a case involving zombies, witches, and the most horrifying creatures of them all—lawyers.In “Lord John and the Plague of Zombies,” New York Times bestselling author Diana Gabaldon follows Lord John as he journeys to the beautiful but faintly sinister island paradise of Jamaica, where he’s soon investigating a mystery with no shortage of spiders, snakes, revolutionaries, and, of course, zombies.With these and thirteen more original tales, Down These Strange Streets takes you to the cities where fantasy and mystery collide and where private eyes who have seen it all find something lurking that is stranger still...",https://images-na.ssl-images-amazon.com/images/S/compressed.photo.goodreads.com/books/1328305221i/12150580.jpg,server_url,upload\George R.R. Martin\Down_These_Strange_Streets_-_Charlaine_Harris.epub,1,,,,1,1
27270742,1,2,41942,Free,Dr. DOA,"""""A literary love letter to the spy thrillers of the '60s mashed up with every sort of paranormal weirdness under the sun,"" the Secret Histories Novels by New York Times bestselling author Simon R. Green leave readers shaken and stirred by the supernatural adventures of Eddie Drood-- From the New York Times bestselling author of From a Drood to a Kill comes the next Secret Histories adventure...The name is Drood, Eddie Drood, also known as Shaman Bond. My family has been safeguarding humanity for generations, facing the hidden horrors of the world so you can sleep at night and remain oblivious to the existence of the monstrous nightmares that walk and stalk among us. Speaking of predatory night terrors, there is a man who gets away with murder. A man who specializes in removing the problems from other people's lives by killing the people who cause those problems. He operates from the darkest shadows of the hidden world, coming and going unseen. No one knows who he is, just his nom de Dr. DOA. Somehow this demented doc poisoned me. I don't know how he did it, when or where, but whatever is coursing through my veins seems to be immune to magic cures and treatments. But that's not going to stop me from finding him and whoever hired him and giving them both a taste of their own medicine...""--",https://images-na.ssl-images-amazon.com/images/S/compressed.photo.goodreads.com/books/1460024990i/27270742.jpg,server_url,upload\Simon R. Green\Dr._Doa_-_Simon_R._Green.epub,1,,,,1,1
149102256,1,1,22294257,Free,Dracula (Wordsworth Classics),,https://images-na.ssl-images-amazon.com/images/S/compressed.photo.goodreads.com/books/1698011973i/149102256.jpg,server_url,upload\Unknown Author\Dracula_-_Unknown.epub,1,,,,1,1
42631609,1,3,797534,Free,Dragon Astray,"Trained, stalked, and marked for death was not her plan for the day. Time for a road trip to clear her head.   Trin has trained to be stealthy, trained to defend herself, but when a bounty on her head threatens the safety of her friends, she has to get out of town. Visiting a friend and mixing business with her escape, she learns that dragons mixing their bloodlines may be more common than anyone thought. She spends enough time in Breaker City ordering tea and ceramics to figure out what she wants to do next, and what she wants to do is find out who and where she came from. Learning the details of her family tree leaves her shaken, but nothing can hold her back when it comes to following her instincts. Not even the very folk she came to meet.",https://images-na.ssl-images-amazon.com/images/S/compressed.photo.goodreads.com/books/1541386453i/42631609.jpg,server_url,upload\Viola Grace\Dragon_Astray_-_Viola_Grace.epub,1,,,,1,1
372020,1,2,"4766,66724",Free,Dragon Blade: The Book of the Rowan,"Over a year has passed since the defeat of the Great Foulness, and the ravaged earth has begun to heal. Lost for generations, the signet rings of the Four Great Houses---Oak, Yew, Ash, and Rowan---have been restored to their rightful heirs. And Ashen NordornQueen, mistress of the Land of Ever Snow, looks forward to a life of peace and happiness with her beloved husband and their newborn son---only to learn that an ancient evil still threatens all that she holds dear.The Mother Ice Dragon, the fearsome progenitor of her deadly breed, has awakened from slumber to menace the world anew. Legend holds that only the Dragon Blade, forged from the scales of her vanquished mate, can slay the deadly female dragon, but the Dragon Blade has been lost for ages.As Ashen embarks on a perilous quest to find the mystic sword, she leaves her castle and homeland in the care of her closest friends, including Rannore, Lady of the Rowan, who soon faces danger of a different sort....Dragon Blade continues the saga begun in To the King a Daughter and continued in Knight or Knave and A Crown Disowned.",https://images-na.ssl-images-amazon.com/images/S/compressed.photo.goodreads.com/books/1312037675i/372020.jpg,server_url,upload\Andre Norton\Dragon_Blade__The_Book_of_the_R_-_Andre_Norton.epub,1,,,,1,1
52755956,1,3,797534,Free,Dragon Defiant,"Born nameless in a tank, they try and make her into a weapon, but she chooses defiance.Eltrinia sounds like a good name, and Lem comes naturally. After falling through the sky during a lightning storm, Eltrinia is free of the tube that they grew her in, and while she doesn’t yet know her name, she knows that she needs to get in touch with society.A fisherman and his wife take her in, and a shore patrolman offers to take her to safety, but minimal contact with him tells her all she needs to know. The valley wants her back, she is expensive, and they have scouts looking everywhere for her. Her captor thinks he is in charge, but that is when he meets the lightning.After that, things get a little blurry.",https://images-na.ssl-images-amazon.com/images/S/compressed.photo.goodreads.com/books/1567062283l/52755956.jpg,server_url,upload\Viola Grace\Dragon_Defiant_-_Viola_Grace.epub,1,,,,1,1
48805534,1,3,797534,Free,Dragon Denied,"Thrown from the life she thought she knew, Zzara has to restart her existence with no mother, no father, as a dragon denied.Zzara was excited and happy on the day it all fell apart. Her father had married another dragon, and the new lady of the house had no interest in his mistress living on her new property.Her mother takes her own life, her father is trying to pretend that she doesn’t exist, but that is not something Zzara is willing to tolerate. Not anymore. The investigators bring her to her father’s house, and Zzara makes sure that her father’s new wife understands what her threats brought about.She flees to the desert, a plan to start over at Rekker City, but she takes a few days to mourn. A hidden child, she had never had a plan for a life away from her mother. She meets those who are willing to help her make those first steps, and then, she is off and running.Word 26100",https://images-na.ssl-images-amazon.com/images/S/compressed.photo.goodreads.com/books/1573771352i/48805534.jpg,server_url,upload\Viola Grace\Dragon_Denied_-_Viola_Grace.epub,1,,,,1,1
48632545,1,3,797534,Free,Dragon Designed,"Working out tension during some light espionage seems like the thing to do while pondering her future.   Eltrinia has been progressing. She is the master of the on-loan gallery, she takes tours of all ages around, and she has been recruited for operative training at the capital. Learning combat tactics in sparring matches with Trin is bizarrely fun. It is like looking into a tinted mirror. When she finally gets clearance for her first mission, she is paired with Inoth and must wait for her paperwork before she can go and play spy. They finally make their way to their assignment. It turns out that he gets to be himself, and she has to pretend to be an airhead. Yay. Inoth has been working on getting closer to Eltrinia, but circumstances and the dragon senator have been very effective at keeping them apart. When he volunteered to be her partner, there were a few snickers, but no one knew Eltrinia like he did. There was no doubt about it, he had gotten the pick of the trainees. She had skills that even he didn’t know about, but he was willing to learn.",https://images-na.ssl-images-amazon.com/images/S/compressed.photo.goodreads.com/books/1572355331i/48632545.jpg,server_url,upload\Viola Grace\Dragon_Designed_-_Viola_Grace.epub,1,,,,1,1
43699790,1,3,797534,Free,Dragon Engaged,"Her aunt is her roommate, assassins are closing in, and she still needs a dress for the dragon ball. Buckle up.   After finding out where she actually came from, Trin is now trying to hide from the family who wants her genes for analysis and who wants her aunt Meadra back. Hiding in Breaker City works for a while, but when kidnappers and assassins threaten those who have tried to keep them safe, Trin decides that a return to the capitol is what she needs. She knows where everything is and how to defend herself in the place she grew up. Hiding with friends is far superior to hiding alone. Apraxa is back from the sea kingdom, and she has no inclination to return for the present. Her mother is abusive, and her fiancé is a bit of a jerk. She joins their merry band and heads out with them to the dragon ball. If she can’t get over her fiancé, perhaps there is another dragon who would do as well. Meadra needs a mate for security, Apraxa needs one to spite her fiancé, and Trin is going to destroy any dragoness who gets near Brommin before she can. That nerd is hers!",https://images-na.ssl-images-amazon.com/images/S/compressed.photo.goodreads.com/books/1548376189i/43699790.jpg,server_url,upload\Viola Grace\Dragon_Engaged_-_Viola_Grace.epub,1,,,,1,1
15435,1,2,8516,Free,Dragon on a Pedestal,"There is trouble in Xanth again. The Gap Dragon had escaped and was ravaging across the land, the forget-spell was causing mass amnesia, three-year-old Ivy was headed right for a hungry dragon. Could things get any worse? Probably....From the Paperback edition.",https://images-na.ssl-images-amazon.com/images/S/compressed.photo.goodreads.com/books/1166672843i/15435.jpg,server_url,upload\Piers Anthony\Dragon_on_a_Pedestal_-_Piers_Anthony.epub,1,,,,1,1
37539796,1,2,4512224,Free,Dragon Storm,"Born with a secret power he must hide…  Telryn “Trip” Yert has always been a little odd, with hunches that are too accurate to explain. Magic is feared and forbidden in Iskandia, so he’s struggled his whole life to hide his eccentricities. As a boy, he was forced to watch his mother’s execution. Her crime? Witchcraft.  Understandably, Trip wants nothing to do with the power that lurks within him, always threatening to reveal itself. Instead, he dedicates himself to serving as an officer in the king’s army, to battling pirates and imperial conquerors. He longs to become a soldier as respected and renowned as the legendary General Zirkander.  But his country is in need of more than a soldier.  After disappearing for over a thousand years, dragons have returned to the world. A few of them are willing to be allies to mankind, as they were millennia before, but far more want to destroy or enslave humans and claim the world for themselves.  There are few people left with the power to fight dragons. For reasons he doesn’t understand, Trip may be one of those people. But if he chooses to learn more about his heritage and the power he can wield, he risks losing everyone he loves and everything he longs to be.",https://images-na.ssl-images-amazon.com/images/S/compressed.photo.goodreads.com/books/1513308832i/37539796.jpg,server_url,upload\Lindsay Buroker\Dragon_Storm_-_Lindsay_Buroker.epub,1,,,,1,1
44719347,1,3,797534,Free,Dragon Undone,"Inheritor of a family vendetta, getting revenge on the dragons has side effects that raise a lot of questions.All Aeli wanted was revenge for her father. She planned and schemed in secret, finally carrying out a plot that she had designed as a disgruntled teen.She takes the spell to the dragon council and lets the ball go, shattering, spreading the banishment spell, and kicking all the dragons out of the city in one large cascade.Imagine her surprise when she gets sucked out into the open wasteland outside the city, and the dragons know who is responsible for her plight.Councillor Kreelo comes to her rescue and flies her to safety where she comes to grips with what her banishment means and how it will affect her life. She had no idea she was a dragon and thinks it is ridiculous, but how else would the spell grab her.She needs to undo the spell so she can return to normal. If anyone in Rekker City will accept her apology.",https://images-na.ssl-images-amazon.com/images/S/compressed.photo.goodreads.com/books/1554138907i/44719347.jpg,server_url,upload\Viola Grace\Dragon_Undone_-_Viola_Grace.epub,1,,,,1,1
713235,1,2,"13730,1713675",Free,"Dudes, the School Is Haunted!","Joe Sweety is the worst kind of bully -- big, mean, and always ready to use his fists. Chipmunk is the shiest, clumsiest kid at Rotten School. When Chipmunk is paired with Joe on the class trip, things get ugly -- and fast! Chipmunk spills his apple juice on Joe, he barfs on Joe, and he pulls down Joe's pants. All accidents, of course. But does Joe care? No way! He is out to get Chipmunk! Bernie Bridges can't stand to see Chipmunk, one of his Rotten House guys, bullied by big, mean Sweety. So it's payback time -- and Bernie has a spook-tacular plan. It turns out that Sweety is scared of ghosts. Petrified! Bernie decides it's time for the Haunting of Joe -- with spooky messages on the computer, green protoplasm in his room, and a body-wrap in an eerie cocoon. Will Bernie's payback work? Will it scare Joe into niceness?",https://images-na.ssl-images-amazon.com/images/S/compressed.photo.goodreads.com/books/1348803667i/713235.jpg,server_url,"upload\R.L. Stine\Dudes,_the_School_Is_Haunted!_-_R._L._Stine.epub",1,,,,1,1
41642516,1,1,2879706,Free,Shield Knight: Duel,"Long before he became the Shield Knight, Ridmark Arban was a young Swordbearer in the court of the lord of the Northerland. And when savage orcs descend upon the people of the Northerland, Ridmark must fight in their defense, or fall upon the field of battle...",https://images-na.ssl-images-amazon.com/images/S/compressed.photo.goodreads.com/books/1535976145i/41642516.jpg,server_url,upload\Jonathan Moeller\Duel_-_Jonathan_Moeller.epub,1,,,,1,1
36070953,1,5,386699,Free,Earning His Stallion's Trust,"Nolan had screwed up by hitting on the wrong human—a mated human. In his mind, it’s just one more mistake in a long line of screw-ups. After years of hiding his sexuality, the wrong shifter spotted him with a guy in town. He’d been driven from his herd—earning a life-changing injury in the process. Nolan no longer has a sense of smell. Due to that, he hadn’t been able to scent the humans in the area when he’d shifted to stretch his horse’s legs. He’d been captured and tortured by psychotic humans for months. After over a month of living and recuperating with gargoyles at their massive estate, he’s approached by a gargoyle…one that claims they are mates. While Nolan finds Craven super sexy, he doesn’t know if he can trust it. He can’t smell Craven, after all. Would tasting his blood be different…or would that just be one more screw-up to add to his growing list?",https://images-na.ssl-images-amazon.com/images/S/compressed.photo.goodreads.com/books/1506735371i/36070953.jpg,server_url,upload\Charlie Richards\Earning_his_Stallion's_Trust_-_Charlie_Richards.epub,1,,,,1,1
43597702,1,13,790143,Free,Earth Machines,"Machines.They fly our starships. Mine our asteroids. Connect us to one another. They serve us without question.But what if the machines rebelled?We call it the Singularity. The day the machines wake up. A day that can destroy humanity.Marco and Addy are heroes, veterans of the Alien Wars. Today they are civilians, married, and peacefully raising a family.That peace will soon shatter.For years, Marco and Addy fought aliens, terrors from deep space. But how can they fight Earth's machines, an enemy humanity itself created?",https://images-na.ssl-images-amazon.com/images/S/compressed.photo.goodreads.com/books/1547704569i/43597702.jpg,server_url,upload\Daniel Arenson\Earth_Machines_-_Daniel_Arenson.epub,1,,,,1,1
34548159,1,13,790143,Free,Earth Reborn,"For years, they stalked us. Kidnapped us. Dissected us. For years, we feared them. Some call them ""gray aliens."" Some claim they crashed in Roswell. Others say they're just a myth. But legends often spring from terrifying truths. There are monsters in the dark. And their evil knows no bounds. We've faced aliens before. But nothing like this. This enemy is stronger, smarter, and crueler by far. And they want to kill us all. But we refuse to fall. We will muster all our courage. All our strength. We will tell the ""Earth will rise!""",https://images-na.ssl-images-amazon.com/images/S/compressed.photo.goodreads.com/books/1489368594i/34548159.jpg,server_url,upload\Daniel Arenson\Earth_Reborn_-_Daniel_Arenson.epub,1,,,,1,1
45865113,1,13,790143,Free,Earth Unleashed,"It begins. The final battle between man and machine. Earth burns. The Dreamer, a cruel artificial intelligence, brutalizes our world. His robots reduce our cities to ash. His cyborgs march by the millions. Humanity is now an endangered species. But we still fight! A band of heroes undertakes a dangerous quest. Some call it a suicide mission. They fly to a computerized world, deep in space, where the Dreamer dwells. There humanity will face an electric god. There we will fall . . . or rise higher than ever before.",https://images-na.ssl-images-amazon.com/images/S/compressed.photo.goodreads.com/books/1558097511i/45865113.jpg,server_url,upload\Daniel Arenson\Earth_Unleashed_-_Daniel_Arenson.epub,1,,,,1,1
129518909,1,2,"5091,238243",Free,Echo Burning by Lee Child Unabridged CD Audiobook,Unabridged CD Audiobook 11 CDs / 13 hours long Narrated by Dick Hill,https://dryofg8nmyqjw.cloudfront.net/images/no-cover.png,server_url,upload\Lee Child\Echo_Burning_-_Lee_Child.epub,1,,,,1,1
82814,1,2,14255,Free,Echoes,"For the Wittgenstein family, the summer of 1915 was a time of both prosperity and unease, as the guns of war sound in the distance. But for eldest daughter Beata, it was also a summer awakening. By glimmering Lake Geneva, the quiet Jewish beauty met a young French officer and fell in love. Knowing that her parents would never accept her marriage to a Catholic, Beata followed her heart anyway. As the two built a new life together, Beata's past would stay with her in ways she could never have predicted. For as the years pass, and Europe is once again engulfed in war, Beata must watch in horror as Hitler's terror threatens her life and family--even her eighteen-year-old daughter Amadea, who has taken on the vows of a Carmelite nun.For Amadea, the convent is no refuge. As family and friends are swept away without a trace, Amadea is forced in hiding. Thus begins a harrowing journey of survival, as she escapes into the heart of the French Resistance. Here Amadea will find a renewed sense of purpose, taking on the most daring missions behind enemy lines. And it is here, in the darkest moments of fear, that Amadea will feel her mother's loving strength--and that of her mother's mother before her--as the voices of lost loved once echo powerfully in her heart. And here, amid the fires of war, Amadea will meet an extraordinary man, British secret agent Rupert Montgomery. In Colonel Montgomery, Amadea finds a man who will help her discover her place in an unbreakable chain between generations... and between her lost family and her dreams for the future--a future she is only just beginning to imagine: a future of hope rooted in the rich soil of the past.",https://images-na.ssl-images-amazon.com/images/S/compressed.photo.goodreads.com/books/1422945984i/82814.jpg,server_url,upload\Danielle Steel\Echoes_-_Danielle_Steel.epub,1,,,,1,1
222845,1,2,"4766,12350",Free,Echoes in Time,"Having revitalized the classic Solar Queen series to critical acclaim, Andre Norton and Sherwood Smith now turn their storytelling talents to Norton's popular Time Traders series.Time agents Ross Murdock and Eveleen Riorden are recalled from their honeymoon to take part in a dangerous find a team of Russian scientists who have vanished without a trace from a research mission in the past of a far-off planet. Along with a team of Russian time Agents with their own mysterious agenda and Saba, a new agent teamed with Gordon Ashe, they leap into the alien world's distant history.There they encounter several alien races, whose appearance, language, and customs are almost incomprehensibly strange. Something changed this world, and music seems the only tool that might prove a key to unlocking the planet's secrets.But as they try to decipher a digital alien Rosetta stone, time is running out for their mission. Ross now knows what happened to the missing scientists--but can he save his team before they too vanish forever?This thrilling adventure of a desperate race against treacherous time itself is a tale filled with excitement and wonder in the grand Time Traders tradition.",https://images-na.ssl-images-amazon.com/images/S/compressed.photo.goodreads.com/books/1388332481i/222845.jpg,server_url,upload\Andre Norton\Echoes_in_Time_-_Andre_Norton.epub,1,,,,1,1
23293232,1,3,4615377,Free,Edge of Darkness,"Past secrets have come back to haunt the residents of Freak House and their visitors. With the help of a 300 year-old ghost, Charity, Samuel and their friends peel back the layers of lies and deception to reveal the terrible events of 1867 that changed everything. At the heart of it all is a page of spells and two missing men.But as they draw closer to answers, Charity pushes Samuel further away. Desperate to win her love, he hovers on the brink of madness and misery. One small push might send him over the edge. The sensational conclusion to the Second Freak House Trilogy is full of twists, turns and heart wrenching moments that will stay with you long after you reach The End.",https://images-na.ssl-images-amazon.com/images/S/compressed.photo.goodreads.com/books/1412162001i/23293232.jpg,server_url,upload\C.J. Archer\Edge_of_Darkness_-_C.J._Archer.epub,1,,,,1,1
20452038,1,5,386699,Free,Educating the Platypus,"Enjoying a last hoo-rah before another tough year of college begins, Kai Sudderson and his friends vacation in Kansas. He takes advantage of the secluded pond system behind his rented cabin to go swimming…in his platypus form. Living with his aunt and uncle, Kai had never met anyone else with the ability to turn into an animal. That is, until he gets himself snared in a beaver trap and a penguin shifter rescues him. Unable to pass up the opportunity for not only knowledge but medical treatment, Kai accompanies his new friend home. There, he meets Dorian Yaris, who—despite being so much older and having such a serious disposition—calls to Kai like no other. When Dorian explains about mates, will Kai consider the bonding thing with someone so obviously different or will he deny everything and return to his former life?",https://images-na.ssl-images-amazon.com/images/S/compressed.photo.goodreads.com/books/1394899619i/20452038.jpg,server_url,upload\Charlie Richards\Educating_the_Platypus_-_Charlie_Richards.epub,1,,,,1,1
125580,1,2,13730,Free,Egg Monsters from Mars,"Disgusted by his bratty kid sister's demand for an egg hunt as part of a birthday celebration, Dana Johnson is amazed when he finds a football-sized, purple-veined egg that hatches a terrifying surprise",https://images-na.ssl-images-amazon.com/images/S/compressed.photo.goodreads.com/books/1328867784i/125580.jpg,server_url,upload\R.L. Stine\Egg_Monsters_From_Mars_-_R._L._Stine.epub,1,,,,1,1
13589141,1,2,8685,Free,Elemental Magic: All-New Tales of the Elemental Masters,"In 2001, Mercedes Lackey published The Serpent's Shadow, the story of a pioneering woman doctor in an alternative Edwardian London where elemental magic is real, and is monitored by the members of an elite yet secret organization of Elemental Masters. This book began a series of novels set in an alternate Britain where certain gifted individuals wield the powers of the elements: earth, air, fire, and water, for good or ill. The headquarters of this secret organization is London's White Lodge, and it is led by the aristocratic and powerful David Alderscroft, a Fire Master of unrivaled abilities known to insiders as ""The Wizard of London."" From his seemingly traditional men's club in the city, Lord Alderscroft and his fellow Masters monitor the magical doings in their realm, and find, guide, protect, and train all those in the British Isles who are born with the ability to control the elements. Be they commoners, women, or those not completely human, these Masters set aside the rigid customs of their day to help those gifted with magic.Inspired by this magically parallel turn-of-the-century Britain, other time travelers have followed Mercedes Lackey to this universe to add their gifts to this rich world. Join Tanya Huff, Diana Paxson, Fiona Patton, Elisabeth Waters, and others in the very first anthology of the Elemental Masters, including a never before published story by the real head of the White Lodge — Mercedes Lackey.",https://images-na.ssl-images-amazon.com/images/S/compressed.photo.goodreads.com/books/1348617362i/13589141.jpg,server_url,upload\Mercedes Lackey\Elemental_Magic_-_Mercedes_Lackey.epub,1,,,,1,1
59594737,1,1,3389,Free,The Bazaar of Bad Dreams / Elevation,"Please Note That The Following Individual Books As Per Original ISBN and Cover Image In this Listing shall be Dispatched 'Salem's LotBilly Summers [Hardcover]Stephen King 2 Books Collection Set ('Salem's Lot, Billy Summers [Hardcover]):'Salem's Ben Mears has returned to Jerusalem’s Lot in hopes that exploring the history of the Marsten House, an old mansion long the subject of rumor and speculation, will help him cast out his personal devils and provide inspiration for his new book. But when two young boys venture into the woods, and only one returns alive, Mears begins to realize that something sinister is at work—in fact, his hometown is under siege from forces of darkness far beyond his imagination. And only he, with a small group of allies, can hope to contain the evil that is growing within the borders of this small New England town.Billy Summers [Hardcover]:Billy Summers is a man in a room with a gun. He’s a killer for hire and the best in the business. But he’ll do the job only if the target is a truly bad guy. And now Billy wants out. But first there is one last hit. Billy is among the best snipers in the world, a decorated Iraq war vet, a Houdini when it comes to vanishing after the job is done. So what could possibly go wrong? This spectacular can’t-put-it-down novel is part war story, part love letter to small town America and the people who live there, and it features one of the most compelling and surprising duos in King fiction, who set out to avenge the crimes of an extraordinarily evil man.",https://images-na.ssl-images-amazon.com/images/S/compressed.photo.goodreads.com/books/1636676683i/59594737.jpg,server_url,upload\Stephen        King\Elevation_-_Stephen_King.epub,1,,,,1,1
11003,1,2,2384,Free,Eleven on Top,"Stephanie Plum is thinking her career as a fugitive apprehension agent has run its course. She's been shot at, spat at, cussed at, fire-bombed, mooned, and attacked by dogs. Stephanie thinks it's time for a change. So she quits. She wants something safe and normal. But the kind of trouble she had at the bail bonds office can't compare to the kind of trouble she finds herself facing now...Stephanie is stalked by a maniac returned from the grave for the sole purpose of putting her into a burial plot of her own. He's killed before, and he'll kill again if given the chance. Caught between staying far away from the bounty hunter business and staying alive, Stephanie reexamines her life and the possibility that being a bounty hunter is the solution rather than the problem. After disturbingly brief careers at the button factory, Kan Klean Dry Cleaners, and Cluck-in-a-Bucket, Stephanie takes an office position in security, working for Ranger, the sexiest, baddest bounty hunter and businessman on two continents. Tempers and temperatures rise as competition ratchets up between the two men in her life -- her on-again, off-again boyfriend, tough Trenton cop Joe Morelli, and her boss, Ranger. Can Stephanie Plum take the heat? Can you?",https://images-na.ssl-images-amazon.com/images/S/compressed.photo.goodreads.com/books/1166394806i/11003.jpg,server_url,upload\Janet Evanovich\Eleven_on_Top_-_Janet_Evanovich.epub,1,,,,1,1
34745681,1,3,7200339,Free,Elf-Shot,"Seren's heart is in their sights.   Moire Thorn, once a Countess of Unseelie, is now a fugitive of the Fairy Realm. Her niece, Princess Seren Firethorn, has made it her mission to find Moire, and bring her to justice. This mission becomes even more imperative when Moire forms an alliance with the elves, using their magical arrows to attack humans. As Seren searches for the elusive Thorn in her side, she uncovers shocking truths. Loyalties are questioned, and hearts are challenged. From elf-shot to the arrows of love, it seems that everyone is aiming for Seren. But some wounds make you stronger, and the Twilight Princess is about to discover where her strengths really lie, and how many shots her heart can take.   Reverse Harem readers are sure to be thrilled by this latest installment in the Twilight Court Series! Scroll up and snag your copy now!",https://images-na.ssl-images-amazon.com/images/S/compressed.photo.goodreads.com/books/1491017058i/34745681.jpg,server_url,upload\Amy Sumida\Elf-Shot_Book_6_in_The_Twilight_-_Amy_Sumida.epub,1,,,,1,1
159169480,1,1,22294257,Free,Australia: In Bed with a Sheikh!: The Sheikh's Seduction / The Sheikh's Revenge / Traded to the Sheikh (Special Releases) by Emma Darcy,,https://images-na.ssl-images-amazon.com/images/S/compressed.photo.goodreads.com/books/1697948960i/159169480.jpg,server_url,upload\Unknown Author\Emma_Darcy_-Traded_To_The_Sheik_-_Unknown.epub,1,,,,1,1
13508535,1,1,36734,Free,The Emma Darcy Collection: The Wrong Mirror / The Unpredictable Man,"The Wrong MirrorKaren had to hate Hal Chissolm - he had deprived her twin sister of everything she should have had. He should have been a callous monster, but he didn't act like one, and it left Karen confused. Not for long, however. For when it came to dealing with her, Hal was a callous monster, cutting away all the foundations on which she had built her life. She hated him fiercely, but she could not escape him. And the question slowly arose ... did she really want to?The Unpredictable ManLyn was tired of being the unloved daughter, and when her aunt left her a legacy instead of her glamorous sister Delvene, she was determined to make use of the chance to live her own life. Then she discovered that Aunt Henrietta had left her as a legacy - to the outrageous, unpredictable Peter Kelso, the man who delighted in shocking Sydney's high society to the core. He seemed determined to help her, whether she wanted it or not, and made it clear that he wanted to be more than just her friend ...",https://images-na.ssl-images-amazon.com/images/S/compressed.photo.goodreads.com/books/1519855276i/13508535.jpg,server_url,upload\Emma Darcy\Emma_Darcy_The_Wrong_Mirror_-_Unknown.epub,1,,,,1,1
1137806,1,2,12692,Free,Emmett,"Após ser deixado pela esposa, Emmett Deverell ficou sozinho com seus três filhos. Mas, depois de sofrer um acidente em um rodeio, percebeu que precisaria de auxílio. E a única pessoa disposta a ajudá-lo era Melody Cartman. Melody adora as crianças e logo se torna indispensável em sua vida. Mas o que ela realmente deseja é conquistar o pai delas e fazer parte da família para sempre. (Destinos 83)",https://images-na.ssl-images-amazon.com/images/S/compressed.photo.goodreads.com/books/1239481261i/1137806.jpg,server_url,upload\Diana Palmer\Emmett_-_Diana_Palmer.epub,1,,,,1,1
19083069,1,2,790143,Free,Empires of Moth,"We are in darkness. We are alone.  They came from the lands of light. They came with torches, with lanterns, with the banners of the sun. The children of endless day—they came to banish the darkness.  And they came to kill.  We are the children of never-ending night. We are the dwellers of shadow. In the light of our enemy, we are dying.  We were born in darkness. We must cast out the light. This is our story.",https://images-na.ssl-images-amazon.com/images/S/compressed.photo.goodreads.com/books/1385905606i/19083069.jpg,server_url,upload\Daniel Arenson\Empires_of_Moth_-_Daniel_Arenson.epub,1,,,,1,1
1137764,1,2,12692,Free,Enamored,"Believing he would never again see the wife who betrayed him, Diego Laremos, a dangerous and passionate man with few friends and unwillingness to trust, is stunned when he learns that she and a mysterious little boy need his help. Reprint.",https://images-na.ssl-images-amazon.com/images/S/compressed.photo.goodreads.com/books/1235316368i/1137764.jpg,server_url,upload\Diana Palmer\Enamored_-_Diana_Palmer.epub,1,,,,1,1
16134259,1,2,4512224,Free,Enigma,"After surviving ancient booby traps, deadly puzzles, and torture-happy imperial marines, cryptanalyst Tikaya Komitopis can’t wait to return home, even if that means explaining to her family how she came to love Fleet Admiral Rias Starcrest, the empire’s most notorious commander and the man responsible for the decimation of her people during the war.Tikaya and Rias believe they’ll have several calm weeks at sea to mull over the problem of irate citizens and horrified parents, but the ship they board is on the run. The captain has acquired a mysterious stolen artifact… and the owners want it back. When he learns of Tikaya’s background, he urges her to decode its secrets, implying her life—and everyone else’s—might be forfeit if she fails.Engima is a 15,000-word short story set after the events in Encrypted.",https://images-na.ssl-images-amazon.com/images/S/compressed.photo.goodreads.com/books/1352260533i/16134259.jpg,server_url,upload\Lindsay Buroker\Enigma_-_Lindsay_Buroker.epub,1,,,,1,1
43673649,1,5,386699,Free,Enlightening the Lab Assistant,"Just a little Love One demon’s quest to win his amina’s affection brings him into contact with someone who’s a danger to paranormals everywhere.While out on assignment to collect a human’s soul, Lindemere catches the scent of his amina, his soul, the person meant to be his reward for a thousand years of service to his master, the Horseman of Death. Distracted, he ends up in a trap meant for a gargoyle. While Lindemere could have easily gotten away, he decides to play along in hopes of getting a chance to speak with and perhaps woo his human. Before he even has the opportunity to learn the sweet-smelling man’s name, Lindemere’s master comes for him. During the course of the fight, Lindemere’s amina is injured, so he takes him to the demon realm to heal…and also in the hopes of beginning their bond. When the human wakes, Iago reveals that he considers paranormals selfish and prideful, an elitist race, and they should share their secrets of healing and longevity with mankind. Can Lindemere discover the source of Iago’s suppositions and find a way to change his mind, or will Iago refuse his suit in protest of what he considers paranormals’ slight against humanity?",https://images-na.ssl-images-amazon.com/images/S/compressed.photo.goodreads.com/books/1548136994i/43673649.jpg,server_url,upload\Charlie Richards\Enlightening_the_Lab_Assistant_-_Charlie_Richards.epub,1,,,,1,1
36620607,1,5,386699,Free,Enticing his Navy Seal,"When a Shifter Council hearing proves corruption in the council, Councilman Regales Colearian takes it as a personal affront. Deciding to take matters into his own hands, he handles all grievances himself. That includes going to Stone Ridge to meet the shifters impacted by the scientists the wolf pack has been fighting against. Once there, he runs across the last person he ever thought he’d meet—his mate, Armand Theodore Conway—who happens to be a human male. Regales learns that Theo knows about paranormals, but has no interest in bonding with one. Theo is a Navy Seal and has seen so much depravity he feels tainted by it. Plus, Theo isn’t gay. While Regales has never considered himself gay either, at over four hundred years old, he’s been alone a long, long time. He knows claiming Theo will turn his life upside down, but it’ll be worth it. Stepping out of his own comfort zone isn’t easy, so can Regales manage to convince Theo to give a stuck-in-his-ways bear shifter a chance?",https://images-na.ssl-images-amazon.com/images/S/compressed.photo.goodreads.com/books/1513389274i/36620607.jpg,server_url,upload\Charlie Richards\Enticing_his_Navy_Seal_-_Charlie_Richards.epub,1,,,,1,1
36506195,1,7,"647703,19687",Free,Equal Opportunities,"Having grown up in an orphanage, Kate Oakley is afraid of love and she always puts her job first. One day, she receives sad news that her best friend, who also grew up in the orphanage, was in an accident and died, leaving her baby behind. Without hesitation Kate decides to adopt the orphaned boy, but raising a baby while running a company isn’t so easy. She decides to hire the babysitter recommended by her friend. And when he shows up at her door, he turns out to be absolutely gorgeous! But Kate has yet to learn who this Rick Evans really is…and why he is there.",https://images-na.ssl-images-amazon.com/images/S/compressed.photo.goodreads.com/books/1509404737i/36506195.jpg,server_url,upload\Misao Hoshiai\Equal_Opportunities_-_Penny_Jordan.epub,1,,,,1,1
10417528,1,3,7581,Free,Escape,Eve’s incarceration at the compound.Available free online,https://images-na.ssl-images-amazon.com/images/S/compressed.photo.goodreads.com/books/1297203338i/10417528.jpg,server_url,upload\Kelley Armstrong\Escape_-_Kelley_Armstrong.epub,1,,,,1,1
6193425,1,2,19687,Free,Escape From Desire,"Escape From Desire by Penny Jordan released on Dec 24, 1982 is available now for purchase.",https://images-na.ssl-images-amazon.com/images/S/compressed.photo.goodreads.com/books/1419700502i/6193425.jpg,server_url,upload\Penny Jordan\Escape_from_Desire_-_Penny_Jordan.epub,1,,,,1,1
8647413,1,5,4107685,Free,Escaping A Royal Wedding,"First Story in the Royal Cordova Family trilogy!Princess Anastasia Elisia Marquenda of Cordova is horrified when she is told that, despite a decade long betrothal, her wedding date to the arrogant, womanizing, domineering Prince Erik Marcus Phillips of Montbain is three weeks in the future! She decides that she should have a little freedom as well. Escaping from her gilded cage for only a few hours to purchase a cup of coffee is exciting. And when she runs into the most handsome man she's ever met in her life? It only gets better. Freedom, and love, can be quite addictive. But what to do about the engagement to a man she loathes versus the man she's fallen in love with?",https://images-na.ssl-images-amazon.com/images/S/compressed.photo.goodreads.com/books/1349893949i/8647413.jpg,server_url,upload\Elizabeth Lennox\Escaping_A_Royal_Wedding_-_Elizabeth_Lennox.epub,1,,,,1,1
6120387,1,2,61693,Free,Eternal Journey,"It was just an ordinary dig... until they saw something extraordinaryAfter shooting an episode of Chasing History's Monsters at a dig in Australia, Annja Creed is left feeling mildly unimpressed. The artifacts being uncovered are considered fringe by experts who doubt their authenticity. Annja is disappointed by the general lack of mystery involved. But her boredom is quickly replaced with fear when all that's left of her cameraman is a drop of blood on his hotel-room carpet.As she looks for her friend, Annja narrowly escapes an attack by gunmen. She realizes her cameraman must have captured the image of something so valuable that someone would kill them for just having dared look at it. When it becomes clear that everyone on the dig is at risk, Annja begins to think they're in danger not because of what they saw, but who….",https://images-na.ssl-images-amazon.com/images/S/compressed.photo.goodreads.com/books/1347521185i/6120387.jpg,server_url,upload\Alex Archer\Eternal_Journey_-_Alex_Archer.epub,1,,,,1,1
1832858,1,2,"17065,717304",Free,Eternity in Death,"When club-hopping bad girl Tiara Kent is found dead in her plush Manhattan apartment, the killing has all the earmarks of a vampire attack. The ever-practical Lieutenant Eve Dallas has to deal with superstitious cops carrying garlic and stakes, as well as the ever-hysterical press. None of the wealthy young victim's friends seem to know much about the Dark Prince she has been secretly seeing. The chase to stop him before he kills again will lead Eve and her team into areas of the city that not even the most intrepid cop wants to visit, and into the very heart of darkness.",https://images-na.ssl-images-amazon.com/images/S/compressed.photo.goodreads.com/books/1347602121i/1832858.jpg,server_url,upload\J.D. Robb\Eternity_in_Death_-_J._D._Robb.epub,1,,,,1,1
125648048,1,2,32498,Free,Hunting Eve (An Eve Duncan Novel) by Iris Johansen,"She was taken for a reason. Chosen for her skills as a forensic sculptor. Abducted by the deranged father of a serial killer and forced to reconstruct his dead son's skull from bone fragments. Now Eve Duncan has escaped her captor―and she's running for her life. Alone. Unarmed. In the mountains of Colorado, Eve must use all of her strength, courage, and wits to survive this madman's obsession. But Jim Doane is not the only player in the game. While Joe Quinn, Jane MacGuire, and Kendra Michaels search for Eve in the abandoned mining town that could be her ultimate refuge―or her grave―a stranger with ties to her long-ago past is closing in, circling like a wolf, and HUNTING EVE.",https://images-na.ssl-images-amazon.com/images/S/compressed.photo.goodreads.com/books/1699791348i/125648048.jpg,server_url,upload\Iris Johansen\Eve_-_Iris_Johansen.epub,1,,,,1,1
695340,1,5,86756,Free,Everlasting Love,"He needed her, but he'd never love herSeeing Dr. Marcus Hamilton again was an ordeal for Olivia. He had always been the proudest, most self-assured man she'd ever known. That's what made his reaction to his sudden blindness all the more disturbing.When Olivia tried to help him, he directed every bit of his rage toward her, using every weapon he could think of to cause her pain, too. Yet he was blind to the one weapon that could destroy her--her love for him.For Marcus didn't even remember the impressionable student nurse he'd had a meaningless fling with years ago.",https://images-na.ssl-images-amazon.com/images/S/compressed.photo.goodreads.com/books/1321332228i/695340.jpg,server_url,upload\Carole Mortimer\Everlasting_Love_-_Carole_Mortimer.epub,1,,,,1,1
30625374,1,3,4615377,Free,Evermore,"This is an alternate cover edition for B00AGX677G When ghosts begin to disappear from the Otherworld, Emily Chambers and her friends must hunt down those responsible before every last spirit, including Jacob Beaufort, is destroyed and Emily's livelihood along with them. But there is one thing stopping them - Jacob's killer.Weakened and fading fast, the ghost of Jacob Beaufort is determined to save Emily from a bleak and uncertain future. With her family facing financial ruin and the Otherworld in chaos, he knows her only hope is to wed Theo. As lives and afterlives hang in the balance, Emily is forced to make the ultimate sacrifice, or lose everything she loves.",https://images-na.ssl-images-amazon.com/images/S/compressed.photo.goodreads.com/books/1465977512i/30625374.jpg,server_url,upload\C.J. Archer\Evermore_-_C.J._Archer.epub,1,,,,1,1
24695661,1,5,7235860,Free,Everything and More,"Cayson is livid with Skye for what she’s done. It’s not something small that can be swept under the rug. It’s not something he can just let go. What she did was unforgivable and wrong on so many levels. But he can’t deny the truth. He still loves her. But will it be enough?Silke gets tired of dealing with Arsen and his insecurities. Every step they take forward, they take eight backward. But she has faith in him that he’ll change his ways. But how long can she hold onto that belief?Conrad loves the close relationship he has with Beatrice. But he can’t deny he wants more. He doesn’t just want to be her friend. He wants all of her, every night, until the sun burns out. When he gives in to his need, he kisses her like he’s always wanted. She returns the embrace and gives Conrad exactly what he wants. But where will it lead?Theo and Alex love their new relationship. Sparks fly as kisses are shared, and Theo begins to question his sanity. How could he not have fallen for her in the beginning? As things heat up, their relationship takes an unexpected direction. Then Alex does something Theo is unsure he can forgive.",https://images-na.ssl-images-amazon.com/images/S/compressed.photo.goodreads.com/books/1441239281i/24695661.jpg,server_url,upload\E.L. Todd\Everything_and_More_-_E._L._Todd.epub,1,,,,1,1
43695398,1,10,2965060,Free,Evidence in the Echinacea,"Riches to rags. ... Controlling to chaos. ... But murder ... well maybe …Doreen’s success at solving murders has hit the newswires across the country, but all Doreen wants is to be left alone. She has antiques to get to the auction house and a relationship with Corporal Mack Moreau to work out, not to mention a new friendship to nurture with Penny, Doreen’s first friend in Kelowna, and Doreen doesn’t want to ruin things.But when a surprise accusation won’t leave Doreen alone—about Penny’s late husband George’s death and made by one of the men Doreen helped put away—she thinks that maybe it can’t hurt to just take a quick look into her new friend’s past.Before Doreen knows it, she’s juggling a cold case, a closed case, and a possible mercy killing … along with cultivating her relationships with Penny, Mack, and Doreen’s pets: Mugs, the basset hound; Goliath, the Maine coon cat, and Thaddeus, the far-too-talkative African gray parrot. And while Mack should be used to Doreen’s antics by now, when she dives into yet another of his cases it’s becoming increasingly hard to take ...",https://images-na.ssl-images-amazon.com/images/S/compressed.photo.goodreads.com/books/1548329996i/43695398.jpg,server_url,upload\Dale Mayer\Evidence_in_the_Echinacea_-_Dale_Mayer.epub,1,,,,1,1
15746918,1,5,240840,Free,Exiled,"A timid priestess turned Mistress...A proud warrior posing as her slave...Will their love blossom on the savage world where domination, submission, and kinky sex are the order of the day?Or will Lissa be Exiled from the one male she loves above all others?",https://images-na.ssl-images-amazon.com/images/S/compressed.photo.goodreads.com/books/1353542932i/15746918.jpg,server_url,upload\Evangeline Anderson\Exiled_-_Evangeline_Anderson.epub,1,,,,1,1
11746513,1,2,2384,Free,Explosive Eighteen,"Bounty hunter Stephanie Plum’s life is set to blow sky high when international murder hits dangerously close to home, in this dynamite novel by Janet Evanovich. Before Stephanie can even step foot off Flight 127 from Hawaii to Newark, she’s knee deep in trouble. Her dream vacation turned into a nightmare, she’s flying back to New Jersey solo, and someone who sounds like Sasquatch is snoring in row 22. Worse still, her seatmate never returned to the plane after the L.A. layover. Now he’s dead, in a garbage can, waiting for curbside pickup. His killer could be anyone. The FBI, the fake FBI, and guns-for-hire are all looking for a photograph the dead man was supposed to be carrying. Only one other person has seen the missing photograph—Stephanie Plum. Now she’s the target, and she doesn’t intend to end up in a garbage can. With the help of an FBI sketch artist Stephanie re-creates the person in the photo. Unfortunately the first sketch turns out to look like Tom Cruise, and the second sketch like Ashton Kutcher. Until Stephanie can improve her descriptive skills, she’ll need to watch her back. Over at the Bail Bonds Agency it’s business as usual—until the bonds bus serving as Vinnie’s temporary HQ goes up in smoke, Stephanie’s wheelman, Lula, falls in love with their “largest” FTA yet, lifetime arch nemesis Joyce Barnhardt moves into Stephanie’s apartment, and everyone wants to know what happened in Hawaii?! Morelli, Trenton’s hottest cop, isn’t talking about Hawaii. Ranger, the man of mystery, isn’t talking about Hawaii.  And all Stephanie is willing to say about her Hawaiian vacation is . . . It’s complicated.From the Hardcover edition.",https://images-na.ssl-images-amazon.com/images/S/compressed.photo.goodreads.com/books/1407001977i/11746513.jpg,server_url,upload\Janet Evanovich\Explosive_Eighteen_-_Janet_Evanovich.epub,1,,,,1,1
10390153,1,3,790143,Free,Eye of the Wizard,"On the longest night of the year, a dark wizard murders a knight and his wife. The knight's children survive and swear revenge. Sam and Jamie vow to become knights like their father. Neev, the middle child, vows to become a wizard. Five years later, things look grim. Sam is useless with the sword. Jamie is denied knighthood because she's a girl. Neev cannot cast a spell without growing donkey ears, a monkey tail, or an elephant trunk. The siblings feel like failures. That's when the dark wizard strikes again. Are the siblings powerful enough to defeat him? Or will they too die at his hands?",https://images-na.ssl-images-amazon.com/images/S/compressed.photo.goodreads.com/books/1333589172i/10390153.jpg,server_url,upload\Daniel Arenson\Eye_of_the_Wizard_-_Daniel_Arenson.epub,1,,,,1,1
42419797,1,5,386699,Free,Fae on a Roll,"Prudhoe Rison is a specially trained fae enforcer and had been sent to the human realm to search for a missing prince. After completing that task, he should have returned home, but feeling a pull to stay, he’s remained for several weeks. Wandering the town to discover the source of the sensation has proven fruitless…until he drives past the library. The pull he’s been feeling intensifies, and he follows it into the building. There he meets Korvyn Peruke—his paramour—the other half of his soul. Prudhoe is drawn to Korvyn’s friendly disposition and outgoing personality. Even though the human is wheelchair-bound, it doesn’t stop Korvyn from enjoying life.  At first, Korvyn doesn’t understand why the serious and handsome Prudhoe is taking an interest in him—until he puts two and two together. A visit from a fae enforcer alerts Prudhoe that people in his own realm are talking about him. It also tells Korvyn—who already knows about paranormals—that Prudhoe is something other. Can Prudhoe keep Korvyn safe when trouble from the fae realm comes calling, or will he have to make the ultimate sacrifice to keep Korvyn safe?",https://images-na.ssl-images-amazon.com/images/S/compressed.photo.goodreads.com/books/1540270797i/42419797.jpg,server_url,upload\Charlie Richards\Fae_On_A_Roll_-_Charlie_Richards.epub,1,,,,1,1
44323827,1,3,7200339,Free,Fairy Rings and Dragon Kings,"Never step in a fairy ring.  Those sweet little mushroom rings that seem so harmless are actually patches of Fairy bleeding over into our world. Under Council Law, these rings are pieces of Fairy, and anything that happens within them are outside of Extinguisher jurisdiction. So, when humans start disappearing and a connection is made to fairy-rings, the Human Council's hands are tied. The Extinguishers can't protect humans who willingly enter Fairy... but Ambassador Seren Firethorn can. Seren is called in to investigate, and what begins as a case of missing persons progresses into something that may change her life forever.",https://images-na.ssl-images-amazon.com/images/S/compressed.photo.goodreads.com/books/1552247509i/44323827.jpg,server_url,upload\Amy Sumida\Fairy_Rings_and_Dragon_Kings_(B_-_Amy_Sumida.epub,1,,,,1,1
44323519,1,3,7200339,Free,Fairy-Struck,"I met him at the end of my sword.Not the most romantic of introductions but it suited us. We're both warriors; he's a lord of the Wild Hunt of Fairy, and I'm an extinguisher—a psychic soldier trained from birth to protect our world from his kind. Attraction arced between us like lightning. I saw it in his eyes, watched them shift from frigid silver to molten metal. Despite all of that, I knew it could go nowhere. Fairies killed my mother and her death nearly destroyed my father. Then there's the fact that extinguishers don't date outside our society. A human would be bad enough, but a fairy? That's not just frowned upon, it's forbidden. We cannot be together. It's impossible. And that's fine. I've got bigger things to worry about. Like my new charge: a dryad who just informed us of a fairy plot to exterminate the human race. I'll focus on her and ignore the wild thrumming of my blood every time I look at him. I'm a professional; I can handle one arrogant, annoying, stubborn, dangerously sexy fairy hunter who won't stop staring at me as if I'm already his. I'm not one of his delicate, Fey ladies, longing to swoon into his arms. I carry an iron sword and iron is poison to Fairies. If he gets too close, he'll be the one swooning.The Twilight Court is a slow-build Reverse Harem, Urban, Paranormal, Fantasy Series full of Fairies, psychic warriors, witches, and shapeshifters!",https://images-na.ssl-images-amazon.com/images/S/compressed.photo.goodreads.com/books/1552244746i/44323519.jpg,server_url,upload\Amy Sumida\Fairy-Struck_-_Amy_Sumida.epub,1,,,,1,1
135944493,1,1,3441,Free,Terry Goodkind Set (3) Wizard's First Rule ~ the Pillars of Creation ~ Faith of the Fallen,,https://images-na.ssl-images-amazon.com/images/S/compressed.photo.goodreads.com/books/1698084265i/135944493.jpg,server_url,upload\Terry Goodkind\Faith_of_the_Fallen_-_Terry_Goodkind_1.epub,1,,,,1,1
9323973,1,1,4340042,Free,"Books by Stephen King: On Writing, Danse Macabre, Secret Windows, Faithful","This is nonfiction commentary. Purchase includes a free trial membership in the publisher's book club where you can select from more than a million books without charge. Chapters: On Writing, Danse Macabre, Secret Windows, Faithful. Source: Wikipedia. Free updates online. Not illustrated. Excerpt: Danse Macabre (1981) is a non-fiction book by Stephen King, about horror fiction in print, radio, film and comics, and the genre's influence on United States popular culture. It was republished on February 23, 2010 with an additional new essay entitled ""What's Scary."" Danse Macabre examines the various influences on King's own writing, and important genre texts of the 19th and 20th centuries. Danse Macabre explores the history of the genre as far back as the Victorian era, but primarily focuses on the 1950s to the 1970s (roughly the era covering King's own life). King peppers his book with informal academic insight, discussing archetypes, important authors, common narrative devices, ""the psychology of terror,"" and his key theory of ""Dionysian horror."" Stephen Kings novel The Stand was translated to Spanish language as ""La Danza de la Muerte"" (which means ""Danse Macabre"") generating confusion between the two books. In the introduction, King credits Bill Thompson, the editor of his first five published novels, and later editor at Doubleday, as being the inspiration for its creation. Thompson ultimately convinced King that if he wrote such a genre survey, he would no longer have to answer tedious, repetitive interview questions on the topic. Despite using King's college teaching notes as the backbone of the text, Danse Macabre has a casual, non-linear writing style. King begins by explaining why he wrote the book, and then creates a template for descriptions of his macabre subject, a template which he calls Tales of the Tarot. The chapter actually has nothing to do with the familiar tarot card deck. Rather, King borrows the term to d...More: http: //booksllc.net/?id=1299648",https://images-na.ssl-images-amazon.com/images/S/compressed.photo.goodreads.com/books/1348444111i/9323973.jpg,server_url,upload\Books LLC\Faithful_-_Stephen_King.epub,1,,,,1,1
9285855,1,5,4107685,Free,Falling For The Boss,"Welcome to the second story in the Attracelli Family Series!Thomas Attracelli is trying to interview the lovely Victoria Anderson to fill a critical role on his team. Unfortunately, the more he talks to her, the more he wants her in his bed, not on his team. Her delicate beauty and soul stirring smile would distract him and create a problem on the team. Finding out she has a fiance puts her out of his grasp and he relents, allowing her to join his team.Victoria Anderson's life was predictable, stable....boring. She wants just one last adventure before she settles down with her fiance. What she doesn't anticipate is the need that Thomas evokes within her, causing a yearning she's never experienced before, never even knew could exist. The only problem? Victoria realizes that she's ""The Other Woman"". Trying to do the right thing and stay out of the picture nearly destroys her, but she can't share Thomas with someone else.",https://images-na.ssl-images-amazon.com/images/S/compressed.photo.goodreads.com/books/1349895501i/9285855.jpg,server_url,upload\Elizabeth Lennox\Falling_for_the_Boss_-_Elizabeth_Lennox.epub,1,,,,1,1
9525559,1,2,61693,Free,False Horizon,"A small Nepali man melts into shadows. A cutthroat crime lord is looking for a miraculous cure. And a map to an impossible dream and a mythic paradise is pointing the way.Archaeologist Annja Creed is in Katmandu, awash in its scents, sounds and liveliness. But this is no sightseeing trip. An old friend is in possession of a map that leads to a place that lies outside our world. But the map is known to one other--a vicious man who has Annja and her companions right where he wants them. Her hand forced, Annja sets out in search of the fabled Shangri-La--an expedition of danger and subversion.And her journey will end only with triumph...or tragedy.",https://images-na.ssl-images-amazon.com/images/S/compressed.photo.goodreads.com/books/1347563798i/9525559.jpg,server_url,upload\Alex Archer\False_Horizon_-_Alex_Archer.epub,1,,,,1,1
59881,1,2,14255,Free,Family Album,"Through forty years—from Hollywood's golden days in World War II to the present—Faye Price would create first a career as a legendary actress, then a family, and finally she would realize her dream of becoming one of Hollywood's first woman directors. But nothing was more precious to Faye than her five children. In a changing world, a milieu where family values are constantly challenged from without and within, the Thayers would face the greatest challenges and harshest test a family can endure, to emerge stronger, bound forever by loyalty and love. It is only when Faye is gone that they can each assess how far they have come, and how important their family album is.(",https://images-na.ssl-images-amazon.com/images/S/compressed.photo.goodreads.com/books/1353961070i/59881.jpg,server_url,upload\Danielle Steel\Family_album_-_Danielle_Steel.epub,1,,,,1,1
132845729,1,2,14255,Free,Family Ties by Danielle Steel,"Annie Ferguson was a bright young Manhattan architect. Talented, beautiful, just starting out with her first job, new apartment and boyfriend, she had the world in the palm of her hand--until a single phone call altered the course of her life forever. Overnight, she became the mother to her sister's three orphaned children, keeping a promise she never regretted making, even if it meant putting her own life indefinitely on hold.Now, at forty-two, as independent as ever, with a satisfying career and a family that means everything to her, Annie is comfortable being single and staying that way. She appears to have no time for anything else. With her nephew and nieces now young adults and confronting major challenges of their own, Annie is navigating a parent's difficult passage between lending them a hand and letting go, and suddenly facing an empty nest. The eldest, twenty-eight-year-old Liz, an overworked, struggling editor in a high-powered job at Vogue, has never allowed any man to come close enough to hurt her. Ted, at twenty-four a serious and hardworking law student, is captivated by a much older, much more experienced woman with children, who is leading him much further than he wants to go. And the youngest, twenty-one-year-old Katie--impulsive, artistic, rebellious--is an art student about to make a choice that will lead her to an entirely different world she is in no way prepared for but determined to embrace.Then, just when least expected, a chance encounter changes Annie's life yet again in the most unexpected direction of all.From Manhattan to Paris and all the way to Tehran, Family Ties is a novel that reminds us how challenging and unpredictable life can be, and that the powerful bonds of family are the strongest of all.",https://images-na.ssl-images-amazon.com/images/S/compressed.photo.goodreads.com/books/1696336529i/132845729.jpg,server_url,upload\Danielle Steel\Family_Ties_(2010)_-_Danielle_Steel.epub,1,,,,1,1
3084743,1,5,86756,Free,Fantasy Girl,"""I always get what I want.""Adam Thornton's words struck fear into Natalie's heart. For the survival of her modeling agency depended on keeping him and his company happy. Her own sister--Thornton's Cosmetics' Dream Girl--had put her firm in jeopardy.And Adam Thornton, her irate client, was not a man to be trifled with.Ruthless in business, he was also dangerous to love, as Natalie discovered. For what he wanted most of all was Natalie--as his mistress!",https://images-na.ssl-images-amazon.com/images/S/compressed.photo.goodreads.com/books/1528495474i/3084743.jpg,server_url,upload\Carole Mortimer\Fantasy_Girl_-_Carole_Mortimer.epub,1,,,,1,1
22877461,1,1,"17065,717304",Free,Fantasy in Death / Indulgence in Death,"Two J. D. Robb titles together in one collection.Fantasy in DeathBart Minnock, founder of the computer gaming giant U-Play, enters his private room, and eagerly can’t wait to lose himself in an imaginary world, to take on the role of a sword-wielding warrior king, in his company’s latest top-secret project, Fantastical. The next morning, he is found in the same locked room, in a pool of blood, his head separated from his body. It is the most puzzling case Lieutenant Eve Dallas has ever faced, and it is not a game.... She is having as much trouble figuring out how Bart Minnock was murdered as determining who did the murdering. The victim’s girlfriend seems sincerely grief-stricken, and his quirky but brilliant partners at U-Play appear shocked as well. No one seems to have had a problem with the enthusiastic, high-spirited millionaire. Of course, success can attract jealousy, and gaming, like any business, has its fierce rivalries and dirty tricks―as Eve’s husband, Roarke, one of U-Play’s competitors, knows well. But Minnock was not naive, and he knew how to fight back in the real world as well as the virtual one. Eve and her team are about to enter the next level of police work, in a world where fantasy is the ultimate seduction―and the price of defeat is death.Indulgence in DeathWhen a murder disrupts the Irish vacation she is taking with her husband, Roarke, Eve realizes that no place is safe―not an Irish wood or the streets of the manic city she calls home. But nothing prepares her for what she discovers upon her return to the cop shop in New York City.... A driver for a top-of-the-line limousine service is found dead―shot through the neck with a crossbow. The car was booked by an executive at a venerable security company whose identity had been stolen. Days later, a stunning, high-priced escort is found killed at Coney Island, a bayonet stuck in her heart. And again, the trail leads to a CEO whose information has been hijacked. With a method established, but no motive to be found, Eve begins to fear that she has come across that most dangerous of criminals, a thrill killer, but one with a taste for the finer things in life―and death. Eve does not know where or when the next kill will be, or that her investigation will take her to the rarefied circle that Roarke travels in―and into the perverted heart of madness....",https://images-na.ssl-images-amazon.com/images/S/compressed.photo.goodreads.com/books/1410824956i/22877461.jpg,server_url,upload\J.D. Robb\Fantasy_in_Death_-_J._D._Robb.epub,1,,,,1,1
1527018,1,1,1982,Free,Far from Over,"Adrian Cole was alive!Adrian Cole, her estranged husband, had been missing for six years. His reappearance had turned Jessie's world upside down. First she had to accept that Adrian was actually alive, then she had to deal with the realities of their former relationship.Jessie knew that there was no way she could keep him from coming back into her life--a life that now included her six-year-old son, Sam.But how would Adrian react when he discovered that the child he contemptuously dismissed as belonging to one of her lovers, was really his ... ?",https://images-na.ssl-images-amazon.com/images/S/compressed.photo.goodreads.com/books/1463844542i/1527018.jpg,server_url,upload\Valerie Parv\Far_From_Over_by_Valerie_Parv_-_Unknown.epub,1,,,,1,1
15464,1,2,8516,Free,Faun & Games,"The miraculous and mirth-filled land of Xanth holds many marvels. But now an extraordinary new aspect of this remarkable realm unfolds as young Forrest Faun’s quest takes him to a tiny planet hidden in the heart of Xanth. There, with a delightful “day mare” as his constant companion, Forrest will find more marvels then he ever dreamed of.",https://images-na.ssl-images-amazon.com/images/S/compressed.photo.goodreads.com/books/1388380039i/15464.jpg,server_url,upload\Piers Anthony\Faun_and_Games_-_Piers_Anthony.epub,1,,,,1,1
1880894,1,2,86756,Free,Fear of Love,"Fiction, Romance, Contemporary",https://images-na.ssl-images-amazon.com/images/S/compressed.photo.goodreads.com/books/1423140117i/1880894.jpg,server_url,upload\Carole Mortimer\Fear_Of_Love_-_Carole_Mortimer.epub,1,,,,1,1
2292384,1,2,2384,Free,Fearless Fourteen,"Personal vendettas, hidden treasure, and a monkey named Carl will send bounty hunter Stephanie Plum on her most explosive adventure yet.The Crime: Armed robbery to the tune of nine million dollarsDom Rizzi robbed a bank, stashed the money, and did the time. His family couldn't be more proud. He always was the smart one.The Cousin: Joe MorelliJoe Morelli, Dom Rizzi, and Dom's sister, Loretta, are cousins. Morelli is a cop, Rizzi robs banks, and Loretta is a single mother waiting tables at the firehouse. The all-American family.The Complications: Murder, kidnapping, destruction of personal property, and acid refluxLess than a week after Dom's release from prison, Joe Morelli has shadowy figures breaking into his house and dying in his basement. He's getting threatening messages, Loretta is kidnapped, and Dom is missing.The Catastrophe: MoonmanMorelli hires Walter ""Mooner"" Dunphy, stoner and ""inventor"" turned crime fighter, to protect his house. Morelli can't afford a lot on a cop's salary, and Mooner will work for potatoes.The Cupcake: Stephanie PlumStephanie and Morelli have a long-standing relationship that involves sex, affection, and driving each other nuts. She's a bond enforcement agent with more luck than talent, and she's involved in this bank-robbery-gone-bad disaster from day one.The Crisis: A favor for RangerSecurity expert Carlos Manoso, street name Ranger, has a job for Stephanie that will involve night work. Morelli has his own ideas regarding Stephanie's evening activities.The Conclusion: Only the fearless should read Fourteen.Thrills, chills, and incontinence may result.",https://images-na.ssl-images-amazon.com/images/S/compressed.photo.goodreads.com/books/1442967398i/2292384.jpg,server_url,upload\Janet Evanovich\Fearless_Fourteen_-_Janet_Evanovich.epub,1,,,,1,1
698138,1,14,19687,Free,Fight for Love,"She had come to take his inheritance. Natasha Ames wasn't surprised that Jay Travers resented her presence on his family's Texas ranch. Not after she learned that his grandfather, who had met Natasha on a trip to England, had left her half of his property in his will. Natasha didn't know why the shrewd old Texan had made such a bequest to a virtual stranger, but she was determined not to leave until she found out. It wasn't easy living with Jay's hostility — especially when Natasha found herself falling in love with the harsh rancher.",https://images-na.ssl-images-amazon.com/images/S/compressed.photo.goodreads.com/books/1303068217i/698138.jpg,server_url,upload\Penny Jordan\Fight_for_Love_-_Penny_Jordan.epub,1,,,,1,1
25368412,1,5,4107685,Free,Fighting with the Infuriating Prince,"Jalayla couldn’t believe the arrogance of the man! To actually order her around? How rude! But beneath the surface of her anger towards the handsome prince, there was a simmering heat, an uninvited fascination with the man that she couldn’t seem to fight. Every time he touched her, every time he even looked at her, she felt that strange sensation.Tasir wanted to fire her at first sight. She argued with him about everything and challenged him in ways that no other woman dared. So why did he want to pick the woman up and make love to her? Initially, he didn’t know that the lovely woman with fiery eyes and a sensuous figure was the one and only Princess Jalayla. Once he did, he was determined that he would have her for his own.So what’s a man to do when he finds out that the woman of his dreams is promised to marry another man?",https://images-na.ssl-images-amazon.com/images/S/compressed.photo.goodreads.com/books/1431418131i/25368412.jpg,server_url,upload\Elizabeth Lennox\Fighting_with_the_Infuriating_P_-_Elizabeth_Lennox.epub,1,,,,1,1
49381850,1,3,6860531,Free,Finch Merlin and the Djinn’s Curse,"The lost city lies beyond a locked gateway. But the key is not what it seems…Now a map-maker extraordinaire, Finch must find the place Erebus so desperately seeks—although the “how” and “why” remain unclear. And a certain vengeful Necromancer is bent on beating Erebus to the punch, and he’d be more than happy to make Finch collateral damage.With his friends’ lives on the line, Finch will fall back on his old trickster ways to get his hands on the gateway’s key. In secret, he plans to uncover a loophole, a way to end his servitude for good. The answer might lie in Erebus’s past servants and their storied history with the djinn...The djinn have lost their connection to Erebus, and Raffe doesn’t know how much longer he can cope before his alter ego goes insane. That’s the only reason he agrees to travel halfway across the world to find answers for Finch. Raffe aches to end the djinn curse that threatens his future with Santana, but he’d have to achieve the impossible: separate himself from the demon within.Buy now.*Beware of spoilers in the reviews below that are without spoiler alerts.*",https://images-na.ssl-images-amazon.com/images/S/compressed.photo.goodreads.com/books/1567264972l/49381850.jpg,server_url,upload\Bella Forrest\Finch_Merlin_and_the_Djinn's_Cu_-_Bella_Forrest.epub,1,,,,1,1
13352695,1,3,386699,Free,Finding Balance,"Out of the cage: Sometimes you don’t need a leash to bind two being together.Todd Abernathy spent three weeks in a cage. Experimented on by scientists, he retreated deep into his wolf to survive. The night of his rescue, the scent of his mate was the only thing that convinced him to return to human form. Small for a wolf shifter, it didn’t surprise Todd when his brother Phillip insisted on joining the local wolf pack with him. His larger, younger half-brother had felt responsible for him since puberty. But Phillip couldn’t help him find the mate he’d scented, and when Todd finally figured out that Detective Lyle Sullivan was the man he was searching for, the human had been captured by the same men who’d experimented on Todd.Lyle’s escape almost comes too late, because the experiments done to him scramble his DNA, nearly killing him. The only way to save Lyle is to complete the experimental procedure the scientists started on him. Todd’s relief that the recovering Lyle recognizes him as his mate is short-lived. Lyle starts exhibiting increasingly aggressive and dangerous tendencies. Can Todd find a way to help his mate accept what’s happening to him and teach him how to co-exist with the new creature living inside his mind? Or will Lyle lose himself to the beast and force his friends to put him down?",https://images-na.ssl-images-amazon.com/images/S/compressed.photo.goodreads.com/books/1325433792i/13352695.jpg,server_url,upload\Charlie Richards\Finding_Balance_-_Charlie_Richards.epub,1,,,,1,1
6508316,1,3,797534,Free,Finding Fiona,"Fiona Blanchard has a talent. Finding. It is her passion and her life. From working with audit teams to locating lost children, nothing escapes her talent. Nothing except the one child she can't find. Wandering from his campsite less than twelve hours before, little Seth is lost. Fiona joins the searchers to find him, and finds only that the child has been used as bait by an elf who wants her for himself. Seth is freed, but Fiona is imprisoned. She faces unending attempts of courtship and se",https://images-na.ssl-images-amazon.com/images/S/compressed.photo.goodreads.com/books/1328318583i/6508316.jpg,server_url,upload\Viola Grace\Finding_Fiona_-_Viola_Grace.epub,1,,,,1,1
457457,1,2,14255,Free,Fine Things,"Smart, likable, Bernie Fine was the wonder boy of  Wolff's, New York's most glamorous department  store. A senior VP moving up, he arrives in San  Fransisco to open a West Coast store. His career is  skyrocketing, but his life is lacking a center.  When he looks into the wide, innocent eyes of  five-year-old Jane O'Reilly, and then into the equally  enchanting eyes of her mother, Liz, Bernie knows  he has found what he has been looking for. Bernie  thought he had found love to last a lifetime, but  when Liz is stricken with cancer shortly after the birth of  their first child, time becomes  painfully short. Alone with two children, Bernie  must face the loss and learn how to move on. New  people, new experiences, a new life alone with two  kids. He meets it with courage and humor, and  learns some of life's hard but precious lessons as he  does.From the Hardcover edition.",https://images-na.ssl-images-amazon.com/images/S/compressed.photo.goodreads.com/books/1320501112i/457457.jpg,server_url,upload\Danielle Steel\Fine_things_-_Danielle_Steel.epub,1,,,,1,1
6048530,1,2,2384,Free,Finger Lickin' Fifteen,"Unbuckle your belt and pull up a chair. It's the spiciest, sauciest, most rib-sticking Plum yet.Recipe for disaster: Celebrity chef Stanley Chipotle comes to Trenton in a barbecue cookoff and loses his head - literally.Throw in some spice: Bail bonds office worker Lula is witness to the crime, and the only one she'll talk to is Trenton cop Joe Morelli.Pump up the heat: Chipotle's sponsor is offering a million-dollar reward to anyone who can provide information leading to the capture of the killers.Stir the pot: Lula recruits bounty hunter Stephanie Plum to help find he killer and collect the moolah.Add a secret ingredient: Stephanie Plum's Grandma Mazur. Enough said.Bring to a boil: Stephanie Plum is working overtime tracking felons for the bonds office at night and snooping for security expert Carlos Manoso, aka Ranger, during the day. Can Stephanie hunt down two killers, a traitor, and five skips, keep her grandmother out of the sauce, and solve Ranger's problems and not jump his bones?Warning: Habenero hot. So good you'll want seconds.",https://images-na.ssl-images-amazon.com/images/S/compressed.photo.goodreads.com/books/1442966437i/6048530.jpg,server_url,upload\Janet Evanovich\Finger_Lickin'_Fifteen_-_Janet_Evanovich.epub,1,,,,1,1
6747066,1,14,19687,Free,Fire With Fire,"It occurred to him that he could use herEmma had always played the role of dependable older sister, so it was not surprising that after smashing up Drake Harwood's brand-new Ferrari, Camilla, unable to pay, expected Emma to bail her out.But the shrewd and attractive entrepreneur saw a way of capitalizing on her predicament. He exacted a highly unusual, and very personal payment that cost Emma her career as a London TV newscaster--to say nothing of her pride.Emma was prepared to fight fire with fire--never thinking that, for her, Drake Harwood was as lethal as dynamite!",https://images-na.ssl-images-amazon.com/images/S/compressed.photo.goodreads.com/books/1308320082i/6747066.jpg,server_url,upload\Penny Jordan\Fire_With_Fire_-_Penny_Jordan.epub,1,,,,1,1
1717985,1,2,790143,Free,Firefly Island,"King Sinther, his flesh made of stone, tyrannizes the enchanted Firefly Island. Swords and arrows break against him. Armies crash before him. All of Firefly Island, a land of magic and mystery, suffers under his cruelty. But one girl, a simple slave girl, has magic that can stop him. Whatever Aeolia feels, she can make others feel: joy, sadness, hunger... even pain. If she hurt herself and shared the pain, she could hurt the mad stone king. Can Aeolia escape King Sinther's assassins, defeat him, and save Firefly Island?",https://images-na.ssl-images-amazon.com/images/S/compressed.photo.goodreads.com/books/1187337613i/1717985.jpg,server_url,upload\Daniel Arenson\Firefly_Island_-_Daniel_Arenson.epub,1,,,,1,1
462478,1,2,"4766,259377",Free,Firehand,"Ross Murdoch was a petty criminal when he first time-traveled. Now he is a hero, about to face a time-traveling band of predatory aliens, the same ones who made his hand a charred ruin. With a small but loyal force, they face a much larger foe. They need a hero. They need Firehand. Can Ross live up to the legend he's created?",https://images-na.ssl-images-amazon.com/images/S/compressed.photo.goodreads.com/books/1312302372i/462478.jpg,server_url,upload\Andre Norton\Firehand_-_Andre_Norton.epub,1,,,,1,1
22522077,1,2,"28946,1310149",Free,First and Last Sorcerer,"National bestselling authors Barb and J. C. Hendee present the newest breathtaking chapter in the epic Noble Dead saga....Waylaid in their quest for the orb of the Air, Magiere, Leesil, Chap, and Wayfarer have all been wrongly imprisoned. But it is Magiere, the dhampir, who suffers the most as a cloaked interrogator employs telepathic torture.Arriving at the Suman port city in search of Magiere, Wynn Hygeorht and her companions—including vampire Chane Andraso—seek out Domin Ghassan il’Sänke for assistance, which proves no easy task. The domin is embroiled in a secret hunt for a spectral undead with the power to invade anyone living and take the body as its host.Even if Wynn can manage to free her friends from prison, battling this entirely new kind of undead hidden inside host bodies may be a challenge none of them can survive....",https://images-na.ssl-images-amazon.com/images/S/compressed.photo.goodreads.com/books/1405864185i/22522077.jpg,server_url,upload\Barb Hendee\First_and_Last_Sorcerer_-_Barb_Hendee.epub,1,,,,1,1
150124,1,5,86756,Free,"First Love, Last Love","One night with her playboy boss…
Alexander Blair is definitely the wrong man for Lauri. Not only is he a shameless playboy with a revolving door to his bedroom, he's also older than her—and her boss! He's everything that Lauri doesn't want. Yet the undeniable attraction between them is almost too strong to resist…So when Alexander suggests that the best way to get over their desire is to give in to it, it sounds like a reasonable theory… But, in practice, their passion for each other doesn't work that way!",https://images-na.ssl-images-amazon.com/images/S/compressed.photo.goodreads.com/books/1244874531i/150124.jpg,server_url,"upload\Carole Mortimer\First_Love,_Last_Love_-_Carole_Mortimer.epub",1,,,,1,1
126430120,1,2,14255,Free,First Sight by Danielle Steel,"NEW YORK TIMES BESTSELLERParis, L.A., and the world of ready to wear fashion provide rich backdrops for Danielle Steel’s deeply involving story of a gifted designer whose talent and drive have brought her everything—except the ability to erase her past and trust relationships. FIRST SIGHT   New York. London. Milan. Paris. Fashion Week in all four cities. A month of endless interviews, parties, and unflagging work and attention to detail at the semiannual ready to wear fashion shows—the famous prêt-à-porter. At the center of the storm and avalanche of work is American Timmie O’Neill, whose renowned line, Timmie O, is the embodiment of casual chic, in fashion and for the home. She has created a business that inspires, fills, and consumes her life. With an unerring instinct for what the next trend will be, an innate genius for business, tireless labor, and sheer fearlessness, starting from nothing, over two decades Timmie has built an international empire that has brought her enormous satisfaction and success. In a world where humility and compassion are all too rare, her humor, kindness, integrity, and creativity are inspirational. Yet as blessed as she feels by her success, Timmie harbors the private wounds of a devastating childhood and past tragedy. She is too smart, too experienced, and too hurt to want much in her personal life beyond a succession of convenient, very limited relationships. Always willing to take risks in business, she never risks her heart. But despite her well-ordered and highly controlled world, it turns out that Timmie O’Neill is not immune to magic when it strikes. And it strikes in Paris during Paris Fashion Week, when an intriguing Frenchman comes into her life when she gets sick. At first, Timmie and Jean-Charles Vernier are only patient and physician. They become confidants and friends, corresponding at a safe distance between Paris and Los Angeles once she goes home. There is every reason why they must remain apart. But neither can deny their growing friendship and the electricity that sparks whenever they meet. First Sight is as complex and compelling as modern life itself. Careers, families, histories, losses, duty, obligation, and fear of losing control and getting hurt. It is a tale of daring to take risks, and losing control just enough to have a life, when the opportunity presents itself. When two very different worlds and strong-willed people collide, everything changes in an instant, as they confront the age-old question of whether to lay oneself bare and risk intimacy—or not. Are they brave enough to face what comes next? And will they do it together or apart?",https://dryofg8nmyqjw.cloudfront.net/images/no-cover.png,server_url,upload\Danielle Steel\First_Sight_-_Danielle_Steel.epub,1,,,,1,1
266350,1,2,14255,Free,Five Days in Paris,"Danielle Steel rewards her fans yet again with this magical story of two people from very different worlds who, by chance, meet in Paris, and are forever changed. Simultaneous hardcover release from Delacorte Press. 4 cassettes.",https://images-na.ssl-images-amazon.com/images/S/compressed.photo.goodreads.com/books/1173276763i/266350.jpg,server_url,upload\Danielle Steel\Five_Days_in_Paris_-_Danielle_Steel.epub,1,,,,1,1
9045547,1,3,790143,Free,Flaming Dove,"The battle of Armageddon was finally fought... and ended with no clear victor. Upon the mountain, the armies of Hell and Heaven beat each other into a bloody, uneasy standstill, leaving the Earth in ruins. Armageddon should have ended with Heaven winning, ushering in an era of peace. That's what the prophecies said. Instead, the two armies--one of angels, one of demons--hunker down in the scorched planet, lick their wounds, and gear up for a prolonged war with no end in sight. In this chaos of warring armies and ruined landscapes, Laila doesn't want to take sides. Her mother was an angel, her father a demon; she is outcast from both camps. And yet both armies need her, for with her mixed blood, Laila can become the ultimate spy... or ultimate soldier. As the armies of Heaven and Hell pursue her, Laila's only war is within her heart--a struggle between her demonic and heavenly blood.",https://images-na.ssl-images-amazon.com/images/S/compressed.photo.goodreads.com/books/1327885090i/9045547.jpg,server_url,upload\Daniel Arenson\Flaming_Dove_-_Daniel_Arenson.epub,1,,,,1,1
10954141,1,2,4512224,Free,Flash Gold,"Eighteen-year-old Kali McAlister enters her steam-powered ""dogless sled"" in a race, intending to win the thousand-dollar prize and escape remote Moose Hollow forever. The problem? Fortune seekers and airship pirates are after her for the secret to flash gold, her late father's alchemical masterpiece. With her modified rifle and a pocketful of home-made smoke bombs, Kali wouldn't normally hide from a confrontation, but taking on a whole airship single-handedly is a daunting task. Unfortunately, the other racers won't assist her--they're too busy scheming ways to sabotage her unorthodox sled.When a sword-slinging stranger shows up, wanting to hire on as her protector, she's sure he has ulterior motives, but he's the only one interested in helping her. The question is...why?Details: an 18,000-word (75 page) steampunk novella set in the Yukon during the gold rush era.",https://images-na.ssl-images-amazon.com/images/S/compressed.photo.goodreads.com/books/1301658323i/10954141.jpg,server_url,upload\Lindsay Buroker\Flash_Gold_-_Lindsay_Buroker.epub,1,,,,1,1
35144442,1,5,2965060,Free,Flynn's Firecracker,"Some jobs are more pleasant than others... Flynn agrees to do a security job for Levi as a trial run for more work. Looking after Anna and her animal shelter is a breeze. Trouble free. Until he leaves... Having Flynn around was both good and bad. To have the help at the shelter was huge, but they drew sparks just being around each other. She tells herself she's relieved when he's gone but when a dead man shows up, she'd do anything to have him back. Someone is after Flynn... and he doesn't care who he kills in the process...",https://images-na.ssl-images-amazon.com/images/S/compressed.photo.goodreads.com/books/1494902914i/35144442.jpg,server_url,upload\Dale Mayer\Flynn's_Firecracker__A_SEALs_of_-_Dale_Mayer.epub,1,,,,1,1
6423187,1,2,61693,Free,Footprints,"When her longtime friend claims to have evidence of Big Foot's existence, archaeologist Annja Creed can't resist checking it out for herself—she's been debating the subject for years. Annja's curiosity leads her deep into the woods of the Pacific Northwest, to meet Jenny where the supposed trail has been left by the one and only Sasquatch.But when Annja arrives at the destination, a group of armed thugs warn her to leave the area, and her friend is nowhere to be found. Now the search for Sasquatch turns into a rescue mission, and Annja has only her instincts to guide her in a forest full of predators, scavengers and spirits. And someone, or something, does not want her there….",https://images-na.ssl-images-amazon.com/images/S/compressed.photo.goodreads.com/books/1347528933i/6423187.jpg,server_url,upload\Alex Archer\Footprints_-_Alex_Archer.epub,1,,,,1,1
29444420,1,5,386699,Free,For the Love of a Wolf,"Stake Dolan has worked as a firefighter for almost a decade. He knows he’s loud, brash, and occasionally abrasive, not that he tries to be. Sometimes, he just blurts stuff out without thinking. His thoughtless words get him in trouble, and the chief orders him to help with the clean-up of some of the local hiking trailheads. At one of them, Dolan meets Cecil Rochette. The friendly man makes a pass at him, but Dolan quickly shuts him down. A few of his fellow firefighters are gay, but he is not. Still, while he doesn’t know why, there’s something about the guy that arouses him. When Cecil keeps popping up in his path, interrupting his life, he begins to wonder what it’d be like to give in to the mischievous man’s advances. Will doing something so different be worth the price, especially when no one has been able to tolerate his mouth for long?",https://images-na.ssl-images-amazon.com/images/S/compressed.photo.goodreads.com/books/1459663892i/29444420.jpg,server_url,upload\Charlie Richards\For_the_Love_of_a_Wolf_-_Charlie_Richards.epub,1,,,,1,1
106582,1,2,"61693,12275",Free,Forbidden City,"A stunning artifact holds the key to an untapped power of global destruction...While working on a dig in the California wilderness, archaeologist-adventurer Annja Creed uncovers evidence of a tragedy that's linked to Chinese miners during the days of the Gold Rush. A sudden attack on the site by shadow figures drives Annja to find the connection to a mysterious buried city in China. Lured by legends of gold, betrayal and the vengeance of a Han Dynasty overlord, Annja travels on the Orient Express, battling avaricious treasure hunters and a modern-day descendant of an ancient league of assassins. Her adversaries will stop at nothing to stake their claim on the fabled lost city, where a Han leader's dark past promises doom for those who dare to reveal its evil power.",https://images-na.ssl-images-amazon.com/images/S/compressed.photo.goodreads.com/books/1388187172i/106582.jpg,server_url,upload\Alex Archer\Forbidden_City_-_Alex_Archer.epub,1,,,,1,1
16147634,1,2,721,Free,Ford Country Stories,Collection of short stories,https://dryofg8nmyqjw.cloudfront.net/images/no-cover.png,server_url,upload\John Grisham\Ford_Country_-_John_Grisham.epub,1,,,,1,1
224773386,1,1,721,Free,Ford County: Stories,"In his first collection of short stories John Grisham takes us back to Ford County, Mississippi, the setting of his first novel, A Time to Kill. Wheelchair-bound Inez Graney and her two older sons, Leon and Butch, take a bizarre road trip through the Mississippi Delta to visit the youngest Graney brother, Raymond, who's been locked away on death row for eleven years. It could well be their last visit.Mack Stafford, a hard-drinking and low-grossing run-of-the-mill divorce lawyer gets a miracle phone call with a completely unexpected offer to settle some old, forgotten cases for more money than he has ever seen. Mack is suddenly bored with the law, fed up with his wife and his life, and makes drastic plans to finally escape.Quiet, dull Sidney, a data collector for an insurance company, perfects his blackjack skills in hopes of bringing down the casino empire of Clanton's most ambitious hustler, Bobby Carl Leach, who, among other crimes, has stolen Sidney's wife.Three good ol' boys from rural Ford County begin a journey to the big city of Memphis to give blood to a grievously injured friend. However, they are unable to drive past a beer store as the trip takes longer and longer.The Quiet Haven Retirement Home is the final stop for the elderly of Clanton. It's a sad, languid place with little controversy, until Gilbert arrives. Posing as a lowly paid bedpan boy, he is in reality a brilliant stalker with an uncanny ability to sniff out the assets of those ""seniors"" he professes to love.Clanton is rocked with the rumor that the gay son of a prominent family has finally come home, to die. Of AIDS. Fear permeates the town as gossip runs unabated.Featuring a cast of characters you'll never forget, these stories bring Ford County to vivid and colorful life. Often hilarious, frequently moving, this collection makes it abundantly clear why John Grisham is our most popular storyteller.",https://images-na.ssl-images-amazon.com/images/S/compressed.photo.goodreads.com/books/1738327645i/224773386.jpg,server_url,upload\John Grisham\Ford_County__Stories_-_John_Grisham.epub,1,,,,1,1
51208654,1,3,797534,Free,Forecast,"Seeing her own future takes on new intensity when she is ordered to become a hero.Lore began life on a restrictive world where her options for a future were rapidly running out. With the help of family, she escaped and started a new life with her son.Six years later, the world and organization that gave her sanctuary wants something from her. They want her gift to work for them.Seeing the details of her entire future and history has always been something to adapt to. Using it for the greater good is something she does on the sly, and crafting suits for heroes is something she does for family.Her life is full, but it is about to become everything she ever imagined. She has seen it all happening, after all.Word 16300",https://images-na.ssl-images-amazon.com/images/S/compressed.photo.goodreads.com/books/1561610893l/51208654.jpg,server_url,upload\Viola Grace\Forecast_-_Viola_Grace.epub,1,,,,1,1
32721961,1,5,7235860,Free,Forever and Ever: Volume 23,Volume Twenty-Three of the Forever and Ever Series  The epic conclusion to the Forever and Ever Series.  Will Roland be saved?  Will the gang get their happily ever after?,https://images-na.ssl-images-amazon.com/images/S/compressed.photo.goodreads.com/books/1477088252i/32721961.jpg,server_url,upload\E.L. Todd\Forever_and_Ever__Volume_23_-_E._L._Todd.epub,1,,,,1,1
32067229,1,1,7235860,Free,Forever and Ever: Volume Three,"Trinity and Slade are finally together, and their secret is out in the open. But how will the rest of the gang react to their newly announced love? Cayson and Skye take it the easiest since they already knew about it, but what about everyone else?  Roland is a closet writer. Writing stories from the heart is all he’s ever known. He’s much deeper than people realize. When he confesses the truth to his mother, she takes a look at his stories. What will her response be?  Cayson awaits his letters from medical school, knowing when he receives them he’ll have a decision to make. Skye is his whole world. What would life be without her? Will that guide him on his path? Or will it destroy him?  Book Five of the Forever and Ever Series.",https://images-na.ssl-images-amazon.com/images/S/compressed.photo.goodreads.com/books/1474156038i/32067229.jpg,server_url,upload\E.L. Todd\Forever_and_Ever__Volume_Three_-_E._L._Todd.epub,1,,,,1,1
25771425,1,5,7235860,Free,Forever Is Not Enough,"Conrad finally convinces Lexie that he should meet her parents. But when that moment comes, he understands why she was so hesitant about it—and her parents have nothing to do with it. Jared has a visitor in his office above the bar. She’s an old flame, a woman he used to cheat on his wife with. Just looking at her makes him feel sick. Even though he’s free to do whatever he wants, he refuses to touch a woman. Anytime he thinks about it, he just hates himself more. Sean does the interview and photo shoot for the magazine, but he requires one condition before he commits to it. Without it, nothing will fall through. Abby’s teacher makes another move, and Arsen just brushes it off. There’s nothing he can do to change the situation so he keeps it to himself. But when Silke asks him about it, what will he do? Skye has her bridal shower, but it’s not nearly as exciting as the one Slade hosted. And she and Cayson are approved for their house. Everything seems to be coming together. But when they sign the mortgage papers, they realize something if off.",https://images-na.ssl-images-amazon.com/images/S/compressed.photo.goodreads.com/books/1441239284i/25771425.jpg,server_url,upload\E.L. Todd\Forever_Is_Not_Enough_-_E._L._Todd.epub,1,,,,1,1
25053219,1,5,7235860,Free,Forever With You,"Clementine joins Ward in London, where she stays at his townhouse for a week. During her stay, she meets an unexpected guest while Ward is at work, and it creates an awkward situation.Slade confronts Trinity about their situation, and an angry argument breaks out. Slade says he’s given Trinity everything he has and marriage is just a meaningless piece of paper. Trinity feels differently, and their argument continues indefinitely. How will they resolve their fight?Arsen works at the shop until Ryan finally decides he’s ready to manage it on his own. Reluctant at first, he eventually takes control and realizes he can handle the business. That leaves one step in his plan. He has to see his daughter and get her back into his life. But will it be so easy?Cayson and Skye feel tense since Slade and Trinity are dealing with their relationship. They want to help, but they don’t know how to intervene.",https://images-na.ssl-images-amazon.com/images/S/compressed.photo.goodreads.com/books/1441239279i/25053219.jpg,server_url,upload\E.L. Todd\Forever_With_You_-_E._L._Todd.epub,1,,,,1,1
25736366,1,2,4512224,Free,Forgotten Ages - The Complete Series,"The greatest military leader of his time. The most talented code breaker her people have. Sworn enemies.  When deadly secrets from the ancient past are unearthed, secrets capable of fracturing the world and destroying all life on the planet, these two enemies will have to work together. They are humanity’s only hope.  The Forgotten Ages series is recommended for fans of epic fantasy, action-adventure, mystery, and romance. This bundle includes:  Encrypted (novel) Enigma (short story) Decrypted (novel) Bonus extras with the author",https://images-na.ssl-images-amazon.com/images/S/compressed.photo.goodreads.com/books/1440620834i/25736366.jpg,server_url,upload\Lindsay Buroker\Forgotten_Ages_(The_Complete_Sa_-_Lindsay_Buroker.epub,1,,,,1,1
2692193,1,14,19687,Free,Forgotten Passion,"His pride made him believe the worst! Five years ago, Lisa Hayward had fled her exotic island home of St. Martin's, leaving her just begun marriage in ruins. Back in London, she concentrated on raising her son, Robbie--Rorke's son The child was all that remained of that bitter, beautiful time. Now Rorke had found her again, and intended to take her back--but not for love. He still believed Robbie couldn't be his! Why couldn't he remember that storm-shattered night they had spent lost at sea?",https://images-na.ssl-images-amazon.com/images/S/compressed.photo.goodreads.com/books/1346813961i/2692193.jpg,server_url,upload\Penny Jordan\Forgotten_Passion_-_Penny_Jordan.epub,1,,,,1,1
20782719,1,3,7581,Free,Forsaken,"This description contains spoilers, don't read it if you aren't caught up with the series!Being Alpha of the North American Pack is like being a small-town sheriff — nobody wants the job, but someone’s gotta do it.For the most part, Elena Michaels likes it just fine, even if it means dealing with arrogant misogynists in the werewolf world who are convinced that a woman isn’t up to the job.That she could handle. What she never expected was a deadly threat to her eight-year-old twins. That her little girl could go missing in the night.The enemy thought he was dealing with a hysterical mother.Mother, yes. Hysterical, no.Elena was Alpha for a reason. And nothing would stop her from getting her child back.",https://images-na.ssl-images-amazon.com/images/S/compressed.photo.goodreads.com/books/1414608332i/20782719.jpg,server_url,upload\Kelley Armstrong\Forsaken_-_Kelley_Armstrong.epub,1,,,,1,1
13981,1,2,8685,Free,Fortune's Fool,"The Barnes & Noble ReviewNew York Timesbestselling author Mercedes Lackey spins a variety of fairy tales -- think The Little Mermaid and old Russian folktales -- into a satisfying romantic fantasy in this third installment in her Five Hundred Kingdoms series. Katya, the youngest daughter of the Sea King, is sent by her father on a spying expedition. It's a perfect assignment for one with the unique ability to transverse both land and water. Once on land, Katya encounters a spectacular battle between two mages, then meets Sasha. He is also of royal birth -- the seventh son -- destined to play the part of the Wise or Fortunate Fool and Songweaver. Their instant affinity and blooming romance is interrupted when Katya's father calls her back on business: Two magical maidens have gone missing from an island. Katya disguises herself and gets kidnapped by the Jinn who is keeping the others prisoner, but it will take all her cleverness and powers, as well as Sasha's magic, to get them out alive. Readers will admire Katya's spirit, and fans of the previous two books -- The Fairy Godmother and One Good Knight -- will welcome the return of the Little Humpback Horse. Ginger Curwen",https://images-na.ssl-images-amazon.com/images/S/compressed.photo.goodreads.com/books/1386924555i/13981.jpg,server_url,upload\Mercedes Lackey\Fortune's_Fool_-_Mercedes_Lackey.epub,1,,,,1,1
12891829,1,5,240840,Free,Found,"This is a plus length novel--133,000 words.A warrior with a scarred heart who doesn’t know how to love. And the woman who must teach him how before it’s too late…The son of the evil AllFather, Xairn is filled with conflicting emotions. On one hand, he has finally gained his freedom and cut the ties that bound him to his race and the sadistic male who is his father. But doing so has unleashed feelings in him Xairn would rather keep buried. Desires that he prayed would never manifest now rage through him and they are centered on one woman alone…Lauren Jakes is the long lost cousin Liv and Sophie never knew they had. Abducted by the Scourge, she formed a connection with Xairn more meaningful than any other in his life. But though Lauren thinks she knows him, there is more to the huge Scourge warrior than she comprehends. A nightmare childhood and a cruel father have scarred Xairn’s heart almost past the point of healing. But that is nothing to the secret inside him—the forbidden desires coded into his very DNA itself, which urge him to commit unspeakable acts in order to sate his newly awakened hunger.Now a conflict is brewing—both in Xairn’s soul, and aboard the Fathership where the twisted AllFather has hatched a new, malicious plot to bring his estranged son home. Can Xairn resist the brutal lust growing within him? Can he fight against his very nature which urges him to dominate and control any female he mates? Can Lauren heal his heart before the AllFather’s trap closes on both of them? And can she teach him how to love before it’s too late?",https://images-na.ssl-images-amazon.com/images/S/compressed.photo.goodreads.com/books/1327943006i/12891829.jpg,server_url,upload\Evangeline Anderson\Found_-_Evangeline_Anderson.epub,1,,,,1,1
28724,1,2,8685,Free,Four & Twenty Blackbirds,"A fine feathered fiend...A magical maniac is loose in Alanda. The victims are always women, always lower-class, and the weapon is always a three-sides stiletto, most often found among church regalia. But the killers are never churchmen, and they always commit suicide immediately after the bloody deed.Tal Rufen is just a simple constable. But he really cares about his job, and when one of these muder/suicides happens on his beat he becomes obsessed. His superiors don't care - the victims will never be missed, and their murderers are already justly dead. But every instinct Tal Rufen has cries out that he has seen only one small piece of a bigger and much nastier puzzle.",https://images-na.ssl-images-amazon.com/images/S/compressed.photo.goodreads.com/books/1388967915i/28724.jpg,server_url,upload\Mercedes Lackey\Four_and_Twenty_Blackbirds_-_Mercedes_Lackey.epub,1,,,,1,1
6422,1,2,2384,Free,Four to Score,"Nabbing Maxine Nowicki, thief and extortionist, would be the answer to Stephanie’s prayers and monetary woes. The only trouble is that Maxine is no where to be found, and her friends have been mysteriously turning up dead. To make matters worse, Stephanie’s arch nemesis since grade school is also looking for Nowicki, hoping to cash in first.Stephanie’s mentor and tormentor, Ranger, needs her. Vice cop Joe Morelli has invited her to move in… temporarily. And Stephanie’s Grandma Mazur, sidekick, Lula, and a six-foot-tall transvestite rock musician want to take Stephanie to Atlantic City. One thing is for certain, no good can come from any of it.",https://images-na.ssl-images-amazon.com/images/S/compressed.photo.goodreads.com/books/1311983211i/6422.jpg,server_url,upload\Janet Evanovich\Four_to_Score_-_Janet_Evanovich.epub,1,,,,1,1
10417455,1,3,7581,Free,Framed,Available free onlineAbout Nick Sorrentino who is framed and then blackmailed.,https://images-na.ssl-images-amazon.com/images/S/compressed.photo.goodreads.com/books/1297202498i/10417455.jpg,server_url,upload\Kelley Armstrong\Framed_-_Kelley_Armstrong.epub,1,,,,1,1
17166337,1,2,13730,Free,Frankenstein's Dog,"The infamous, Most Wanted Goosebumps characters are out on the loose and they're coming after you! Catch them all undead or alive! ""Pure, Goosebumps-style terror-by-formula, polished through use to such a high gloss that it slides along frictionlessly."" -KIRKUS REVIEWS",https://images-na.ssl-images-amazon.com/images/S/compressed.photo.goodreads.com/books/1362537680i/17166337.jpg,server_url,upload\R.L. Stine\Frankenstein's_Dog_(Goosebumps_-_R._L._Stine.epub,1,,,,1,1
164683337,1,1,13730,Free,Goosebumps Most Wanted Box Set of 6 Books: #1 Planet of the Lawn Gnomes #2 Son of Slappy #3 How I Met My Monster #4 Frankenstein's Dog #5 Dr. Maniac Will See You Now #6 Creature Teacher: The Final Exam,Goosebumps Most Wanted Box Set of 6 #1 Planet of the Lawn Gnomes #2 Son of Slappy #3 How I Met My Monster #4 Frankenstein's Dog #5 Dr. Maniac Will See You Now #6 Creature The Final Exam,https://images-na.ssl-images-amazon.com/images/S/compressed.photo.goodreads.com/books/1694918797i/164683337.jpg,server_url,upload\R.L. Stine\Frankenstein's_Dog_(Goosebumps_-_R._L._Stine_1.epub,1,,,,1,1
46058339,1,1,5900266,Free,Free to be Their Mate,"[Siren Menage Everlasting: Contemporary Menage a Trois Paranormal Western Romance, MFM, shape-shifter, werewolves, HEA] Trish Stanton is the very definition of a spoiled trust fund baby. She’s living off her grandparents’ money and has no purpose in life. Still, she wishes she had more control over her life and wants to feel “free” of her family’s money. Werewolves Roger Sheridan and Vic Mendo plan to share a mate. All they need to do is find her. When Trish comes close to swamping Roger’s boat, Roger’s ready to track her down and hang her out to dry. He doesn’t, however, anticipate getting the connection, the invisible bond werewolves feel toward their intended mate, with her. When Vic has the same reaction, the men are unsure what to do. Can Roger and Vic mate a woman who has done nothing on her own? Can they accept her as she is, spoiled and mouthy? Will she change? Can she change? Or should they cut their losses and give her up? Jane Jamison is a Siren-exclusive author.",https://images-na.ssl-images-amazon.com/images/S/compressed.photo.goodreads.com/books/1559212461i/46058339.jpg,server_url,upload\Jane Jamison\Free_to_be_Their_Mate_-_Jane_Jamison.epub,1,,,,1,1
36329286,1,5,240840,Free,Freeing the Prisoner,"A warrior taken prisoner, held in chains without hope... A princess fascinated by the strange alien male...

When Dani slips into the prisoner's cell to learn more about him, she doesn't expect to fall in love!


 But, Kyron is a Touch Kindred… Able to Touch her even though his hands are chained... Will he also Touch her heart? Will Dani help him escape?

Find out in Freeing the Prisoner…

Kyron is a Touch Kindred, able to physically touch others with the power of his mind and Touch sense, but he has sworn a solemn vow to use his power only for good. When he is captured and held prisoner on the small planet of Goshan Prime, his resolve is sorely tested. He's beaten, starved, and kept constantly chained. There's only one bright spot - a girl who slips into his cell because she's curious...
Dannella is a Princess of the Blood. Raised to be a proper lady, she knows that one day she will be given in marriage to a male who will act as both her husband and owner. Females aren't valued in Goshan society and she has little control over her own life. Despite her restrictive upbringing, Dani rebels and finds her way into the cell occupied by the strange new warrior, a Kindred so huge he dwarfs every other male she's ever known!
Kyron shows her his Touch sense and gives her pleasure she's never dreamed of, even though he is chained in his cell. Dani finds herself falling for the big Kindred. But then, the unthinkable happens - a marriage is announced and time has suddenly grown short. Now she and Ky are one the run, trying to escape from a life which has become a prison for them both. But in order to gain their freedom, Ky must break his sacred oath. Will it cost him his love and his life?

Read Freeing the Prisoner to find out…

Author's Note: Freeing the Prisoner is a Kindred Tales Novel set in the Brides of the Kindred universe",https://images-na.ssl-images-amazon.com/images/S/compressed.photo.goodreads.com/books/1506777182i/36329286.jpg,server_url,upload\Evangeline Anderson\Freeing_the_Prisoner_-_Evangeline_Anderson.epub,1,,,,1,1
18455432,1,1,"84003,115316",Free,The French Connection II,"Popeye Doyle de novo em acção. Charnier, ""o francês"" voltou ao negócio.Novo ponto culminante em violência e nervos esfrangalhados!Momentos arrepiantes a ritmo brutal.Popeye persegue o ""chefão"" nas vielas escuras, bares e antros nocturnos de Marselha!",https://images-na.ssl-images-amazon.com/images/S/compressed.photo.goodreads.com/books/1624985032i/18455432.jpg,server_url,upload\Robin   Moore\French_Connection_Vol._2_by_Par_-_Unknown.epub,1,,,,1,1
29965523,1,5,7235860,Free,Friday,She loves me.That’s what she told me.I’ve already lost enough people in my life and I can’t bare the idea of losing her too. I couldn’t handle it.So I have to break it off.I have to walk away before it’s too late.I have to keep telling myself I don’t love her.And maybe one day I’ll actually believe it.,https://images-na.ssl-images-amazon.com/images/S/compressed.photo.goodreads.com/books/1461184127i/29965523.jpg,server_url,upload\E.L. Todd\Friday_(Timeless_Series_#5)_-_E._L._Todd.epub,1,,,,1,1
334421,1,5,12692,Free,Friends And Lovers,"They'd been close for years, but suddenly Madeline hungered for John in a new way. When they finally touched, passion set their souls on fire…but their friendship turned to ashes. Now Madeline feared she was no more than a mistress to him. And John was tormented by desire for–and doubts about–Madeline's love. Yes, Madeline loved John. But would love sustain her as they made the sensual journey from friends to lovers?",https://images-na.ssl-images-amazon.com/images/S/compressed.photo.goodreads.com/books/1266527260i/334421.jpg,server_url,upload\Diana Palmer\Friends_and_Lovers_-_Diana_Palmer.epub,1,,,,1,1
13138955,1,2,14255,Free,Friends Forever,"NEW YORK TIMES BESTSELLERFive children meet on the first day of kindergarten. In the years that follow, they become friends and more than friends. Together, they will find strength, meet challenges, face life’s adventures, endure loss, face stark realities, and open their hearts. In this moving novel, #1 New York Times bestselling author Danielle Steel traces their unforgettable journey—full of tests and trials—as three boys and two girls discover the vital bonds that will last a lifetime. FRIENDS FOREVER Gabby, Billy, Izzie, Andy, and Sean—each bursting with their own personality, strikingly different looks and talents, in sports, science, and the arts. Each drawn by the magical spark of connection that happens to the young. At the exclusive Atwood School, on a bright September day, starting in kindergarten they become an inseparable group known to outsiders as the Big Five. In this rarefied world, five families grow closer, and five children bloom beside one another, unaware of the storms gathering around them. As they turn from grade-schoolers to teenagers, seemingly perfect lives are buffeted by unraveling families, unfortunate missteps, and losses and victories great and small. And, one by one, they turn back to the Big Five to regain their footing and their steady course. But as they emerge from Atwood and enter the college years, the way forward is neither safe nor clear. As their lives separate and diverge, the challenges and risks become greater, the losses sharper, and the right paths harder to choose, in a journey of friendship, survival, and love. In what may be her most intricate and emotionally powerful novel yet, Danielle Steel tells a heart-wrenching, ultimately triumphant story that spans decades, weaves together a vivid cast of characters, and captures the challenges we face in life—sometimes, if we’re lucky, with a friend forever by our side.",https://images-na.ssl-images-amazon.com/images/S/compressed.photo.goodreads.com/books/1333578216i/13138955.jpg,server_url,upload\Danielle Steel\Friends_Forever_-_Danielle_Steel.epub,1,,,,1,1
21489578,1,5,25950,Free,From Maverick to Daddy,"Montana's Littlest MatchmakerRust Creek RamblingsHave you met eight-year-old Lily? The fast-talking street-smart New Yorker has charmed everyone here in Rust Creek Falls. She has even managed to win over Caleb Dalton, our curmudgeonly cowboy who usually avoids all things family related. Or could it be that Caleb's real interest lies in Lily's adoptive mom, Mallory Franklin?It's hard to believe our eternal bachelor would consider getting involved with someone who has a child. It's even harder to fathom that spunky Mallory would date a man whose only documented commitment is to playing the field. But Lily insists the two are the perfect couple, and who are we to argue? Stay tuned, dear readers, and see if Lily can lead them down the bridal path!",https://images-na.ssl-images-amazon.com/images/S/compressed.photo.goodreads.com/books/1400475747i/21489578.jpg,server_url,upload\Teresa Southwick\From_Maverick_to_Daddy_-_Teresa_Southwick.epub,1,,,,1,1
46202007,1,2,"15872,465708",Free,Camp Half-Blood Confidential,"In response to an awful camp orientation video created by the god Apollo, Percy Jackson and other residents of Camp Half-Blood answer such questions as “What is this place?” and “Do I get to keep the T-shirt?” Newbies can check out the section on the Divine Cabins, read up on Magical Landmarks, and consult the chapter of Training Arenas. But Camp Half-Blood Confidential explores much more than just the buildings and grounds. It includes info that can only be learned from those who live there. For instance, campers do not always co-exist in peace and harmony. The camp is not run with superior efficiency. Prophecies do not flow forth with great regularity. Sprinkled throughout are stories from heroes who have called Camp Half-Blood home or just passed through on their way to places unknown. Chiron himself introduces the book with a brief history of training based on his millennia of experience. And, of course, there are divine words of wisdom from the god Apollo himself, because . . . well, because the demigod authors would prefer not to be struck down, thank you very much.",https://images-na.ssl-images-amazon.com/images/S/compressed.photo.goodreads.com/books/1559931001i/46202007.jpg,server_url,upload\Rick Riordan\From_Percy_Jackson__Camp_Half-B_-_Rick_Riordan.epub,1,,,,1,1
29965667,1,3,4615377,Free,From the Ashes,"What will happen when Charlie returns to Lichfield?The killer is still on the loose, Lady Harcourt's secret past is out, and Lady Vickers is trying to find Seth a wife. Charlie is stepping back into chaos, but nothing compares to the chaos wreaked on her heart by seeing Lincoln every day.With her life once again in danger, she and Lincoln are forced together to catch the murderer and bring calm to Lichfield. But how can there be calm when the killer threatens everyone dear to Charlie?",https://images-na.ssl-images-amazon.com/images/S/compressed.photo.goodreads.com/books/1461184292i/29965667.jpg,server_url,upload\C.J. Archer\From_The_Ashes_(Ministry_of_Cur_-_C.J._Archer.epub,1,,,,1,1
26844157,1,3,2879706,Free,Frost Fever,"In 2013, a gate to another world opened, and Elves used their magic to conquer Earth, crushing all resistance before them.  Three hundred years after the Conquest, the exiled Elven High Queen rules an orderly but stagnant Earth, with humanity forced to fight in the High Queen’s war against the traitors on the Elven homeworld.  Nadia Moran doesn’t care about that. She wants freedom, and she wants power. Unfortunately for her, she has little enough of either. To make matters worse, her baby brother Russell is dying of a rare magical disease, and the only one who can cure him is the cruel Elven archmage Morvilind.  If that were not enough, Morvilind demands a steep price for his cures.  Specifically, he wants Nadia to use her skill and magic to steal treasures for him, and this time he’s sent Nadia to steal a priceless relic from the ambassador of the frost giants.  And the frost giants never forget a grudge…",https://images-na.ssl-images-amazon.com/images/S/compressed.photo.goodreads.com/books/1443668607i/26844157.jpg,server_url,upload\Jonathan Moeller\Frost_Fever_-_Jonathan_Moeller.epub,1,,,,1,1
4107256,1,3,7581,Free,Frostbitten,"Smart, sexy, supernatural—the men and women of the Otherworld live and love, fight and die, among us. Unseen and unsuspected, this realm of witches, ghosts, and werewolves is now threatened with exposure by a brutal series of bizarre murders that has left even the supernatural world baffled—and cold with terror....Being the world’s only female werewolf has its advantages, such as having her pick of the Otherworld’s most desirable males. And Elena Michaels couldn't have picked a more dangerously sexy and undyingly loyal mate than Clayton Danvers. Now their bond will be put to the ultimate test as they follow a bloody trail of gruesome slayings deep into Alaska’s frozen wilderness.There’s nothing the werewolf community dislikes more than calling attention to itself. So when a pair of rogue man-eaters begins hunting humans, it’s up to Elena and Clayton to track down the predators. But any illusions their task would be simple are quickly dispelled. For even in werewolf terms, there’s something very disturbing taking place in the dark Alaskan forests. A werewolf more wolf than human and more unnatural than supernatural is on the hunt—a creature whose origins seem to spring from ancient legends of the shape-shifting Wendigo.And if that wasn't bad enough, Clayton and Elena find themselves confronting painful ghosts from their pasts — and an issue neither of them is eager to discuss. For one of them has been chosen to become the new Pack leader, and as every wolf knows, there can be only one Alpha. They've always been equals in everything. Now, when their survival depends more than ever on perfect teamwork, will instinct allow one of them to lead...and the other to follow?",https://images-na.ssl-images-amazon.com/images/S/compressed.photo.goodreads.com/books/1327437513i/4107256.jpg,server_url,upload\Kelley Armstrong\Frostbitten_28_-_Kelley_Armstrong.epub,1,,,,1,1
133106633,1,2,3389,Free,"Full Dark, No Stars by King, Stephen Reprint edition [Paperback(2011)]","This 384-page hardcover collects four novellas about revenge and other traits that most of us strive hard to keep tightly locked. In ""Big Driver,"" a vicious attack on the way home from a book club fest leaves a cozy writer with an insatiable thirst for blood. In another story, Darcy Anderson's ""good marriage"" loudly collapses with a startling late night discovery in the garage. Another novella charts Dave Streeter's devil deal cancer reprieve, while ""1922"" rekindles the sudden onslaught of Midwest murder and madness. Trademark Stephen King.",https://images-na.ssl-images-amazon.com/images/S/compressed.photo.goodreads.com/books/1697704712i/133106633.jpg,server_url,"upload\Stephen        King\Full_Dark,_No_Stars_-_Stephen_King.epub",1,,,,1,1
34666880,1,6,5900266,Free,Furry in Fate,"[Siren Menage Everlasting: Erotic Paranormal Menage a Quatre Romance, M/F/M/M, shape-shifter, spanking, HEA] Sheryl Harmon chases after her sister, Carol, following her into the mountains surrounding Fate. She's worried about Carol, unsure of her sister's state of mind. Werecat mountain lions, Shane, Dylan, and Win Booker run straight into Sheryl in the woods. Positive she's their mate, they help search for her sister. Yet finding Carol turns out to be harder than they first thought. Is Carol trying to stay hidden? Is she in danger, not only in the woods, but from herself? The only things that can distract Sheryl from worrying about her sister are the three sexy men. She trusts them, but still wonders why they're helping her. As they search, one obstacle after another arises, endangering Sheryl and testing the men. Will they find Sheryl's sister? If so, what will Sheryl do then? Love for her sister brought her to the mountains, but can love keep her there? Or will her sister tear her apart? Note: This book contains double penetration. Note: This book contains triple penetration. ** A Siren Erotic Romance",https://images-na.ssl-images-amazon.com/images/S/compressed.photo.goodreads.com/books/1490252691i/34666880.jpg,server_url,upload\Jane Jamison\Furry_in_Fate_-_Jane_Jamison.epub,1,,,,1,1
12396702,1,2,"61693,336767",Free,Fury's Goddess,"A dark goddess. An ancient cult. And a dangerous zealot…On the outskirts of the recently developed and prosperous city of Hyderabad, India, a new and luxurious housing complex has arisen. But several residents have been found brutally murdered. Some believe the killer is a rogue tiger. Others whisper that it is the work of the servants of Kali, the Hindu goddess of death.Her feet are barely on Indian soil when archaeologist Annja Creed finds herself swept up in Hyderabad's modern prosperity. But something about the recent spate of killings seems unusual and Annja begins to dig deep for answers. Instead, she finds herself taken prisoner and held in a maze of ancient caves. She's being held captive by a cult of thieves who are under the thrall of a charismatic leader.In only a few short hours, Annja is to be sacrificed—unless she can channel the vengeance of the goddess Kali herself….",https://images-na.ssl-images-amazon.com/images/S/compressed.photo.goodreads.com/books/1344393821i/12396702.jpg,server_url,upload\Alex Archer\Fury's_Goddess_-_Alex_Archer.epub,1,,,,1,1
3003089,1,2,61693,Free,Gabriel's Horn,"The stranger could be insane. Or he just might be our salvation.Archaeologist Annja Creed is more than curious when a decrepit, ancient-looking man visits her, claiming the end of the world is near. The stranger spins wild tales and speaks as if he actually knew King Arthur. But, strangest of all, he insists that Annja is the only one who can stop the horrible event that is about to happen.When Annja's mentor and friend Roux goes missing, she quickly realizes there may be something to the stranger's stories. Making her way through the dark and violent underbelly of Istanbul, Annja must find her missing friend and the Holy Grail before the relic getsinto the wrong hands. She may not fully believe the fate of the world is on the line, but she doesn't really want to die fi nding out.",https://images-na.ssl-images-amazon.com/images/S/compressed.photo.goodreads.com/books/1388235686i/3003089.jpg,server_url,upload\Alex Archer\Gabriel's_Horn_-_Alex_Archer.epub,1,,,,1,1
53676971,1,2,"4766,20353521",Free,Galactic Derelict: Andre Norton,"A spaceship wrecked on Earth in the prehistoric past of the Folsom Man was the bait that drew an American time team back into the past. Travis Fox, a modern Apache, came along to lend them his knowledge of the ways of his ancestors against the elements and the savage beasts.But, just when their mission was nearly accomplished, an accident set off the automatic controls of that mysterious GALACTIC DERELICT and it took off for an unknown world and an unknown time. Thus began a fantastic and dangerous adventure into outer space that, before it was over, was to challenge the courage and ingenuity of Travis to the utmost.",https://images-na.ssl-images-amazon.com/images/S/compressed.photo.goodreads.com/books/1590877661i/53676971.jpg,server_url,upload\Andre Norton\Galactic_Derelict_-_Andre_Norton.epub,1,,,,1,1
6085971,1,2,"128235,12692,30819",Free,With a Southern Touch: WITH Adam AND Garden Cop AND A Night in Paradise,"Jennifer Blake, Heather Graham and Diana Palmer, well-loved voices of romance fiction, bring you three new stones of sultry Southern romance. With a Southern Touch will renew your faith in the power of love.  An eighth-generation Louisianian, Jennifer Blake says ""few things have stopped the women in my family from doing what we think is important. 'Steel Magnolia' grit and determination are in our blood."" Married at fifteen, Jennifer and her husband recently celebrated more than four decades of happily-ever-after.  Adam ""My mom and dad are Irish and Scottish respectively, so I'm a first-generation Floridian,"" says Heather Graham. ""South Florida, has always been my home, and I love it --the sun, the water and the beach. My husband and I were high school sweethearts and we've raised (and are still raising!) five children here in the sunshine state.""  A Night in Paradise""The women in our family are traditionally strong and independent, thanks to our Scottish-Irish heritage,"" Diana Palmer says. ""And the characters in this story share this same heritage."" A die-hard romantic, Diana Palmer married her husband five days after they met, and they have lived in northern Georgia ever since, raising a son and a menagerie of animals.  Garden Cop",https://images-na.ssl-images-amazon.com/images/S/compressed.photo.goodreads.com/books/1300332326i/6085971.jpg,server_url,upload\Jennifer Blake\Garden_Cop_-_Diana_Palmer.epub,1,,,,1,1
16280307,1,3,2965060,Free,Garden of Sorrow,"Alexis Gordon has spent the last year trying to get over the loss of her sister. Then she goes to work on a normal day...and reality as she knows it...disappears.Detective Kevin Sutherland, armed with his own psychic abilities, recognizes her gift and calls in his friend Stefan Kronos, a psychic artist and law enforcement consultant, to help her develop her skills. But Kevin has never seen anything like this case - a killer with a personal vendetta to stop Alexis from finding out more about him...and his long dead victims.The killer can be stopped. He must be stopped. But he's planning on surviving...even after death.521 KB",https://images-na.ssl-images-amazon.com/images/S/compressed.photo.goodreads.com/books/1354836303i/16280307.jpg,server_url,upload\Dale Mayer\Garden_of_Sorrow_-_Dale_Mayer.epub,1,,,,1,1
40717527,1,3,2879706,Free,Shield Knight: Gavin's Tale,"Gavin is a Swordbearer of Andomhaim, far from the deadly War of the Seven Swords in Owyllain. But the war is coming even to the walls of the High King's city of Tarlion. And Gavin's family might be the first victims of the new battle...",https://images-na.ssl-images-amazon.com/images/S/compressed.photo.goodreads.com/books/1530709386i/40717527.jpg,server_url,upload\Jonathan Moeller\Gavin's_Tale_-_Jonathan_Moeller.epub,1,,,,1,1
15468,1,2,8516,Free,Geis of the Gargoyle,"Since Xanth began, the gargoyles of that magical place have been under a magical compulsion to protect the purity of the Swan Knee River which flows into Xanth from dreary Mundania. But recently the pollution from the outside world has grown ever greater, and young Gary Gar, latest in a long line of gargoyle guardians, is finding it ever more difficult to fulfill his responsibilities.So Gary does what any sensible Xanth resident with a dire dilemma would do. He goes to see the Good Magician Humfrey, who sends him on a peculiar quest--to transform himself into human shape, tutor a precocious child with more than her share of wild magical talents, and find a philter which can restore the river to its previous pristine state.",https://images-na.ssl-images-amazon.com/images/S/compressed.photo.goodreads.com/books/1614063781i/15468.jpg,server_url,upload\Piers Anthony\Geis_of_the_Gargoyle_-_Piers_Anthony.epub,1,,,,1,1
17448199,1,3,2879706,Free,Ghost Aria,"Sixteen years old, Caina is a student of the Ghosts, the spies and agents of the Emperor of Nighmar, and from them she learns the arts of stealth and infiltration, of disguise and intrigue.But when a man dies of a mysterious poison, Caina faces a deadly test.Because if she doesn't solve the murder, she might die next...",https://images-na.ssl-images-amazon.com/images/S/compressed.photo.goodreads.com/books/1370588742i/17448199.jpg,server_url,upload\Jonathan Moeller\Ghost_Aria_-_Jonathan_Moeller.epub,1,,,,1,1
25882986,1,3,2879706,Free,Ghost Arts,"CAINA AMALAS is the Ghost circlemaster of Istarinmul, the leader of the Emperor's spies in the city. When one of her informants is murdered, Caina must act to defend those under her protection. But the murder might have been nothing more than bait. Bait in a trap to kill Caina... ABOUT THE AUTHOR Standing over six feet tall, Jonathan Moeller has the piercing blue eyes of a Conan of Cimmeria, the bronze-colored hair of a Visigothic warrior-king, and the stern visage of a captain of men, none of which are useful in his career as a computer repairman, alas. He has written the DEMONSOULED series of sword-and-sorcery novels, and continues to write THE GHOSTS sequence about assassin and spy Caina Amalas, the COMPUTER BEGINNER'S GUIDE series of computer books, and numerous other works. Visit his website",https://images-na.ssl-images-amazon.com/images/S/compressed.photo.goodreads.com/books/1437124865i/25882986.jpg,server_url,upload\Jonathan Moeller\Ghost_Arts_-_Jonathan_Moeller.epub,1,,,,1,1
1275588,1,12,"72305,333915,13730",Free,Ghost Beach,"Exploring a cave by the beach, Jerry and his sister Terri ignore the warnings of local kids Sam and Louisa that the cave is haunted until they realize that Sam and Louisa are the ghosts. Original.",https://images-na.ssl-images-amazon.com/images/S/compressed.photo.goodreads.com/books/1328041418i/1275588.jpg,server_url,upload\Carol Ellis\Ghost_Beach_-_R._L._Stine.epub,1,,,,1,1
411446,1,2,13730,Free,Ghost Camp,"Hoping to fit in at Camp Spirit Moon despite its weird traditions, brothers Harry and Alex participate in several bizarre rituals, until tricks that are played by their fellow campers escalate out of control",https://images-na.ssl-images-amazon.com/images/S/compressed.photo.goodreads.com/books/1328867786i/411446.jpg,server_url,upload\R.L. Stine\Ghost_Camp_-_R._L._Stine.epub,1,,,,1,1
17229534,1,3,2879706,Free,Ghost Dagger,"Caina is a Ghost nightfighter, one of the Emperor of Nighmar’s elite spies and assassins. She has defeated powerful sorcerers and thrown down corrupt lords.Yet can she defeat her own memories?Sent to solve a series of bizarre murders, Caina faces an enemy capable of twisting her thoughts. And this time, all of Caina’s skill might not save her. For how can she defeat a foe who wields her own memories as weapons?",https://images-na.ssl-images-amazon.com/images/S/compressed.photo.goodreads.com/books/1361914268i/17229534.jpg,server_url,upload\Jonathan Moeller\Ghost_Dagger_-_Jonathan_Moeller.epub,1,,,,1,1
12926160,1,3,2879706,Free,Ghost in the Blood,"Caina is a Ghost nightfighter, one of the Emperor’s elite spies and assassins, and few enemies of the Empire ever escape her cunning. Yet all Caina’s wit and skill might not be enough to save her from a terrible fate.Sent to hunt down a cruel slave trader, Caina encounters something far darker. An ancient evil, a thing of legend and terror.A creature that wants to corrupt her, heart and soul…",https://images-na.ssl-images-amazon.com/images/S/compressed.photo.goodreads.com/books/1361930514i/12926160.jpg,server_url,upload\Jonathan Moeller\Ghost_in_the_Blood_-_Jonathan_Moeller.epub,1,,,,1,1
12491164,1,3,2879706,Free,Ghost in the Flames,"Caina is now a Ghost nightfighter, with the cunning of an elite spy and the skill of a master assassin.But this time, it might take more than that to keep her alive.Caina has been sent to hunt a murderous pyromancer, a master of fiery sorcery, and she soon discovers that more is at stake than just a few murders. Because if she doesn't find the pyromancer soon, the entire world might burn.Starting with her...",https://images-na.ssl-images-amazon.com/images/S/compressed.photo.goodreads.com/books/1361930366i/12491164.jpg,server_url,upload\Jonathan Moeller\Ghost_in_the_Flames_-_Jonathan_Moeller.epub,1,,,,1,1
23167336,1,3,2879706,Free,Ghost in the Hunt,"CAINA AMALAS is the Ghost circlemaster of Istarinmul, the leader of the Emperor's spies in the city. With the aid of mysterious allies, she fights to stop the sinister plans of the ruthless Grand Master Callatas.  But Callatas has spent two centuries preparing to remake humanity, and he will exterminate any who dare to oppose him.  CLAUDIA ABERON DORIUS was once a sorceress of the Imperial Magisterium, yet now she is the wife of a high noble of the Empire. Civil war rips the Empire, and the rebel sorcerers have targeted her beloved husband for death. Claudia has no choice but to work with Caina, the woman she despises most in the world, to save her husband's life.  But a danger comes that neither Caina nor Claudia have foreseen...  KALGRI is the Red Huntress, the centuries-old assassin of legend. She has killed kings and princes, sorcerers and alchemists, young and old and rich and poor, and laughed at their screams and rejoiced at the tears of their families. She has slain countless innocents, and no one has ever stopped her.  And her next target is Caina Amalas.  ABOUT THE AUTHOR  Standing over six feet tall, Jonathan Moeller has the piercing blue eyes of a Conan of Cimmeria, the bronze-colored hair a Visigothic warrior-king, and the stern visage of a captain of men, none of which are useful in his career as a computer repairman, alas.  He has written the DEMONSOULED series of sword-and-sorcery novels, and continues to write THE GHOSTS sequence about assassin and spy Caina Amalas, the COMPUTER BEGINNER'S GUIDE series of computer books, and numerous other works.  Visit his website at:  http://www.jonathanmoeller.com",https://images-na.ssl-images-amazon.com/images/S/compressed.photo.goodreads.com/books/1421401474i/23167336.jpg,server_url,upload\Jonathan Moeller\Ghost_in_the_Hunt_-_Jonathan_Moeller.epub,1,,,,1,1
25344015,1,3,2879706,Free,Ghost in the Inferno,"CAINA AMALAS is the Ghost circlemaster of Istarinmul, leader of the Emperor's spies in the city. She has defeated powerful foes, but more dangerous enemies lie before her.A sorcerous catastrophe threatens to destroy Istarinmul, and the only the mysterious sorceress Annarah, last loremaster of lost Iramis, knows how to stop it.To rescue Annarah and save Istarinmul, Caina must brave the Inferno, the hellish fortress of the sinister Immortals.But those who enter the Inferno never return...ABOUT THE AUTHORStanding over six feet tall, Jonathan Moeller has the piercing blue eyes of a Conan of Cimmeria, the bronze-colored hair of a Visigothic warrior-king, and the stern visage of a captain of men, none of which are useful in his career as a computer repairman, alas.He has written the DEMONSOULED series of sword-and-sorcery novels, and continues to write THE GHOSTS sequence about assassin and spy Caina Amalas, the COMPUTER BEGINNER'S GUIDE series of computer books, and numerous other works.",https://images-na.ssl-images-amazon.com/images/S/compressed.photo.goodreads.com/books/1432144706i/25344015.jpg,server_url,upload\Jonathan Moeller\Ghost_in_the_Inferno_-_Jonathan_Moeller.epub,1,,,,1,1
29984843,1,3,2879706,Free,Ghost in the Pact,"Caina Amalas has found the lost relics of Iramis, but with the relics comes deadly peril. For Grand Master Callatas is ready to work his terrible Apotheosis, and all he needs to unleash the dark power of the nagataaru is the Staff and the Seal of Iramis…once he takes them from Caina’s dead hands. Yet if Caina and Callatas do not work together, they are doomed. For the last of the fearsome Great Necromancers, Kharnaces the Heretic, laid his sinister trap long ago, and its jaws now close around his former pupil Callatas. Unless the mighty sorcery of Kharnaces is defeated, he will unmake the world in his dark designs. Starting with Caina and Callatas… ABOUT THE AUTHOR Standing over six feet tall, USA Today bestselling author Jonathan Moeller has the piercing blue eyes of a Conan of Cimmeria, the bronze-colored hair of a Visigothic warrior-king, and the stern visage of a captain of men, none of which are useful in his career as a computer repairman, alas. He has written the DEMONSOULED series of sword-and-sorcery novels, and continues to write THE GHOSTS sequence about assassin and spy Caina Amalas, the COMPUTER BEGINNER'S GUIDE series of computer books, and numerous other works.",https://images-na.ssl-images-amazon.com/images/S/compressed.photo.goodreads.com/books/1461442478i/29984843.jpg,server_url,upload\Jonathan Moeller\Ghost_in_the_Pact_-_Jonathan_Moeller.epub,1,,,,1,1
24331019,1,3,2879706,Free,Ghost in the Razor,"CAINA is the Ghost circlemaster of Istarinmul, leader of the Emperor's spies in the city. She has hindered the malevolent plans of the sinister Grand Master Callatas, but has been unable to defeat him. Callatas has slaughtered every foe who ever challenged him, and Caina may be next. CASSANDER NILAS is a ruthless magus of the brutal Umbarian Order, and seeks to destroy the Emperor. At last he has found the key to the downfall of the Empire. All he needs to do is kill Caina Amalas, and the Empire will burn. MORGANT THE RAZOR is an assassin of legend and myth. He vanished a hundred and fifty years past, but he may hold the key to Caina's victory. Or her final defeat...",https://images-na.ssl-images-amazon.com/images/S/compressed.photo.goodreads.com/books/1422100263i/24331019.jpg,server_url,upload\Jonathan Moeller\Ghost_in_the_Razor_-_Jonathan_Moeller.epub,1,,,,1,1
25878664,1,3,2879706,Free,Ghost in the Seal,"CAINA AMALAS is out of time. She has risked too much for too long, and her enemies have finally closed around her. The Staff and Seal of Iramis have been found, and threaten to destroy the world with their sorcerous powers. The terrible Apotheosis of the evil Grand Master Callatas will succeed unless Caina makes one final sacrifice. Unless she makes the ultimate sacrifice... ABOUT THE AUTHOR Standing over six feet tall, Jonathan Moeller has the piercing blue eyes of a Conan of Cimmeria, the bronze-colored hair of a Visigothic warrior-king, and the stern visage of a captain of men, none of which are useful in his career as a computer repairman, alas. He has written the DEMONSOULED series of sword-and-sorcery novels, and continues to write THE GHOSTS sequence about assassin and spy Caina Amalas, the COMPUTER BEGINNER'S GUIDE series of computer books, and numerous other works.",https://images-na.ssl-images-amazon.com/images/S/compressed.photo.goodreads.com/books/1437314610i/25878664.jpg,server_url,upload\Jonathan Moeller\Ghost_in_the_Seal_-_Jonathan_Moeller.epub,1,,,,1,1
13615506,1,3,2879706,Free,Ghost in the Storm,"CAINA AMALAS is a Ghost nightfighter, one of the Emperor's elite spies and assassins. And though she remains anonymous, already legends grow around her. Whispers speak of the Ghost nightfighter who stopped the fire of the gods from consuming Rasadda, who defeated sorcerers of terrible power, who liberated slaves and threw down cruel lords.Yet now the storm is coming to claim her...ARK spent five long years hunting for his missing wife and son. Now, at long last, he has found them again. When the storm comes, he will do anything to save them.No matter what the cost to himself...KYLON is a stormdancer of New Kyre, master of the sword, wielder of the sorcery of air and water. The youngest man ever to claim the title of stormdancer, he will fight for the honor of his city and his sister.Even if he is doomed to fail...REZIR SHAHAN is an Emir of Istarinmul, a man of cruelty and power, a tyrant who rules over his slaves with a rod of iron. For too long the commoners of the Empire have defied their rightful masters.When the storm comes, he will teach them to wear a slave's collar...ANDROMACHE is one of the nine archons of New Kyre, her lineage ancient, her authority vast. For the honor of her city, she will bring the storm of war to the Empire.And when she does, her true master will reward her with dark power beyond imagining.",https://images-na.ssl-images-amazon.com/images/S/compressed.photo.goodreads.com/books/1361930626i/13615506.jpg,server_url,upload\Jonathan Moeller\Ghost_in_the_Storm_-_Jonathan_Moeller.epub,1,,,,1,1
27812903,1,3,2879706,Free,Ghost in the Throne,"Caina Amalas cheated death and escaped certain doom. So did her mortal enemy, the sorcerer Cassander Nilas. Now the city of Istarinmul teeters on the brink of civil war and sorcerous annihilation. Unless Caina summons all her bravery and cunning, Cassander's dark spell will kill millions of people. Starting with the people she loves... ABOUT THE AUTHOR Standing over six feet tall, Jonathan Moeller has the piercing blue eyes of a Conan of Cimmeria, the bronze-colored hair of a Visigothic warrior-king, and the stern visage of a captain of men, none of which are useful in his career as a computer repairman, alas. He has written the DEMONSOULED series of sword-and-sorcery novels, and continues to write THE GHOSTS sequence about assassin and spy Caina Amalas, the COMPUTER BEGINNER'S GUIDE series of computer books, and numerous other works.",https://images-na.ssl-images-amazon.com/images/S/compressed.photo.goodreads.com/books/1447364856i/27812903.jpg,server_url,upload\Jonathan Moeller\Ghost_in_the_Throne_-_Jonathan_Moeller.epub,1,,,,1,1
31631932,1,3,2879706,Free,Ghost in the Winds,"The Apotheosis has come at last, and it will shatter the world. CAINA is trapped in the ruins of an ancient necromancer's tomb. Unless she escapes the lethal trap, there will be no one to stop Grand Master Callatas from unleashing the Apotheosis. KYLON is desperate to save Caina's life. The deadly Red Huntress is coming for Caina, and only by the sacrifice of his own life can Kylon save Caina from the Huntress's blade. Or the Red Huntress might simply kill them both. CALLATAS is ready to call the Apotheosis and create a new humanity to replace the old. Of course, the old humanity will have to die first...every last man, woman, and child. And he will start with Caina Amalas. ABOUT THE AUTHOR Standing over six feet tall, USA Today bestselling author Jonathan Moeller has the piercing blue eyes of a Conan of Cimmeria, the bronze-colored hair of a Visigothic warrior-king, and the stern visage of a captain of men, none of which are useful in his career as a computer repairman, alas. He has written the DEMONSOULED series of sword-and-sorcery novels, and continues to write THE GHOSTS sequence about assassin and spy Caina Amalas, the COMPUTER BEGINNER'S GUIDE series of computer books, and numerous other works. His books have sold a half million copies worldwide.",https://images-na.ssl-images-amazon.com/images/S/compressed.photo.goodreads.com/books/1471991929i/31631932.jpg,server_url,upload\Jonathan Moeller\Ghost_in_the_Winds_-_Jonathan_Moeller.epub,1,,,,1,1
23768995,1,3,2879706,Free,Ghost Keeper,"Caina Amalas is the Ghost circlemaster of Istarinmul, the leader of the Emperor's spies in the city. She is a master of stealth and disguise, and seeks to find the legendary Staff and Seal of Iramis, mighty artifacts of sorcerous power, before her enemies claim them.A mysterious collector of ancient relics might have the answers she seeks.Or Caina's bones might gather dust in his collection forever...",https://images-na.ssl-images-amazon.com/images/S/compressed.photo.goodreads.com/books/1418336287i/23768995.jpg,server_url,upload\Jonathan Moeller\Ghost_Keeper_-_Jonathan_Moeller.epub,1,,,,1,1
24905840,1,3,2879706,Free,Ghost Light,"Caina Amalas is a nightfighter of the Ghosts, one of the Emperor's elite spies and assassins. Summoned to the aid of a desperate merchant, Caina finds herself facing an assassin more deadly than any she has ever fought. An assassin who harvests the souls of his victims. And unless Caina is clever, she will become his latest victim… ABOUT THE AUTHOR Standing over six feet tall, Jonathan Moeller has the piercing blue eyes of a Conan of Cimmeria, the bronze-colored hair of a Visigothic warrior-king, and the stern visage of a captain of men, none of which are useful in his career as a computer repairman, alas. He has written the DEMONSOULED series of sword-and-sorcery novels, and continues to write THE GHOSTS sequence about assassin and spy Caina Amalas, the COMPUTER BEGINNER'S GUIDE series of computer books, and numerous other works. Visit his website",https://images-na.ssl-images-amazon.com/images/S/compressed.photo.goodreads.com/books/1432144704i/24905840.jpg,server_url,upload\Jonathan Moeller\Ghost_Light_-_Jonathan_Moeller.epub,1,,,,1,1
25349743,1,3,2879706,Free,Ghost Lock,"Caina Amalas is the Ghost circlemaster of Istarinmul, the leader of the Emperor's spies in the city. When desperate refugees uncover a lost relic of deadly sorcery, Caina must keep the relic out of the hands of the cruel Umbarian Order. Otherwise the Umbarians will use the relic to destroy the Empire... ABOUT THE AUTHOR Standing over six feet tall, Jonathan Moeller has the piercing blue eyes of a Conan of Cimmeria, the bronze-colored hair of a Visigothic warrior-king, and the stern visage of a captain of men, none of which are useful in his career as a computer repairman, alas. He has written the DEMONSOULED series of sword-and-sorcery novels, and continues to write THE GHOSTS sequence about assassin and spy Caina Amalas, the COMPUTER BEGINNER'S GUIDE series of computer books, and numerous other works. Visit his website",https://images-na.ssl-images-amazon.com/images/S/compressed.photo.goodreads.com/books/1432144705i/25349743.jpg,server_url,upload\Jonathan Moeller\Ghost_Lock_-_Jonathan_Moeller.epub,1,,,,1,1
29989499,1,3,2879706,Free,Ghost Mimic,"Caina Amalas is the Ghost circlemaster of Istarinmul, the leader of the Emperor's spies in the city. Powerful enemies hunt for her, and Caina must ever be on the lookout for new allies. So when she stumbles across a plot to assassinate an influential emir, Caina must save his life. Otherwise the plot might kill the Ghosts of Istarinmul... ABOUT THE AUTHOR Standing over six feet tall, USA Today bestselling author Jonathan Moeller has the piercing blue eyes of a Conan of Cimmeria, the bronze-colored hair of a Visigothic warrior-king, and the stern visage of a captain of men, none of which are useful in his career as a computer repairman, alas. He has written the DEMONSOULED series of sword-and-sorcery novels, and continues to write THE GHOSTS sequence about assassin and spy Caina Amalas, the COMPUTER BEGINNER'S GUIDE series of computer books, and numerous other works. Visit his website",https://images-na.ssl-images-amazon.com/images/S/compressed.photo.goodreads.com/books/1461513463i/29989499.jpg,server_url,upload\Jonathan Moeller\Ghost_Mimic_-_Jonathan_Moeller.epub,1,,,,1,1
24331020,1,3,2879706,Free,Ghost Nails,"Caina Amalas is the Ghost circlemaster of Istarinmul, the leader of the Emperor's spies in the city. Deadly danger stalks her at every turn, and Caina needs all the allies she can find. So when someone tries to murder a powerful magistrate under the roof of one of her allies, Caina must act. Because if she doesn't, the killer may come for her next...",https://images-na.ssl-images-amazon.com/images/S/compressed.photo.goodreads.com/books/1432144700i/24331020.jpg,server_url,upload\Jonathan Moeller\Ghost_Nails_-_Jonathan_Moeller.epub,1,,,,1,1
125549,1,2,13730,Free,The Ghost Next Door,"""HOW COME I'VE NEVER SEEN YOU BEFORE?""Hannah's neighborhood has gotten a little—weird. Ever since that new boy moved in next door.But when did he move in? Wasn't the house empty when Hannah went to sleep the night before? Why does it still look so deserted?Hannah can't get any answers from her new neighbor. He just keeps disappearing in the oddest ways. And he's so pale...Is Hannah being haunted by......the ghost next door?",https://images-na.ssl-images-amazon.com/images/S/compressed.photo.goodreads.com/books/1328867787i/125549.jpg,server_url,upload\R.L. Stine\Ghost_Next_Door_-_R._L._Stine.epub,1,,,,1,1
13515091,1,2,41942,Free,Ghost of a Dream,"Meet the Carnacki Institute’s operatives—JC Chance: the team leader, brave, charming, and almost unbearably arrogant; Melody Chambers: the science geek who keeps the antisupernatural equipment running; and Happy Jack Palmer: the terminally gloomy telepath. Their mission: Do Something About Ghosts. Lay them to rest, send them packing, or just kick their nasty ectoplasmic arses…   The Ghost Finders are investigating a haunting at the long-abandoned Haybarn Theater, which is being renovated. But work has been thrown off-schedule by the some peculiar and unnatural activities. And after the potentially world-altering recent events of their previous assignment, the team thinks that a haunted theater (aren't they all?) will be a walk in the park. Until they encounter the Phantom of the Haybarn—an ancient evil whose ability to alter reality itself will test the skills, science, and blind luck of the Ghost Finders to the limit.",https://images-na.ssl-images-amazon.com/images/S/compressed.photo.goodreads.com/books/1340216544i/13515091.jpg,server_url,upload\Simon R. Green\Ghost_of_a_Dream_-_Simon_R._Green.epub,1,,,,1,1
18588070,1,3,2879706,Free,Ghost Omens,"When rumors spread that a dead Emperor has returned from the grave, Caina Amalas of the Ghosts and Claudia Aberon must work together to defeat the threat.",https://images-na.ssl-images-amazon.com/images/S/compressed.photo.goodreads.com/books/1394654449i/18588070.jpg,server_url,upload\Jonathan Moeller\Ghost_Omens_-_Jonathan_Moeller.epub,1,,,,1,1
36158478,1,3,2879706,Free,Ghost Orcs,"Ridmark Arban is the Shield Knight, the defender of the realm of Andomhaim from dark magic. But when dark magic stirs in the mountains of Taliand, not even the power of the Shield Knight might be enough to save Andomhaim...",https://images-na.ssl-images-amazon.com/images/S/compressed.photo.goodreads.com/books/1504203252i/36158478.jpg,server_url,upload\Jonathan Moeller\Ghost_Orcs_-_Jonathan_Moeller.epub,1,,,,1,1
22428953,1,3,2879706,Free,Ghost Price,"Caina Amalas is the Ghost circlemaster of Istarinmul, the leader of the Emperor's spies in the city. She is a master of stealth and disguise, and faces foes of terrible power. So when thieves try to burn down the home of an impoverished widow, Caina sets out to help the old woman. But the widow's dead son had a secret. A secret that might lead Caina to her death...",https://images-na.ssl-images-amazon.com/images/S/compressed.photo.goodreads.com/books/1401976993i/22428953.jpg,server_url,upload\Jonathan Moeller\Ghost_Price_-_Jonathan_Moeller.epub,1,,,,1,1
23206824,1,3,2879706,Free,Ghost Relics,"Caina Amalas is the Ghost circlemaster of Istarinmul, the leader of the Emperor's spies in the city. She is a master of stealth and disguise, and faces foes of terrible power. So when an ancient relic of necromantic sorcery is discovered, Caina must destroy it before it kills uncounted thousands of people. Starting with her... ABOUT THE AUTHOR Standing over six feet tall, Jonathan Moeller has the piercing blue eyes of a Conan of Cimmeria, the bronze-colored hair of a Visigothic warrior-king, and the stern visage of a captain of men, none of which are useful in his career as a computer repairman, alas. He has written the DEMONSOULED series of sword-and-sorcery novels, and continues to write THE GHOSTS sequence about assassin and spy Caina Amalas, the COMPUTER BEGINNER'S GUIDE series of computer books, and numerous other works. Visit his website Visit his technology blog",https://images-na.ssl-images-amazon.com/images/S/compressed.photo.goodreads.com/books/1432147554i/23206824.jpg,server_url,upload\Jonathan Moeller\Ghost_Relics_-_Jonathan_Moeller.epub,1,,,,1,1
21445023,1,3,2879706,Free,Ghost Sword,"Kylon of House Kardamnos is a stormdancer of New Kyre, and his city has survived both the war with the Empire and the fury of an ancient sorceress. But now a new enemy comes, alien and implacable and terrifying. And unless Kylon summons all his skill and strength, New Kyre will drown in blood…",https://images-na.ssl-images-amazon.com/images/S/compressed.photo.goodreads.com/books/1394652020i/21445023.jpg,server_url,upload\Jonathan Moeller\Ghost_Sword_-_Jonathan_Moeller.epub,1,,,,1,1
19490316,1,3,2879706,Free,Ghost Thorns,"Caina Amalas is a nightfighter of the Ghosts, the eyes and ears of the Emperor of Nighmar, and she has defeated both corrupt lords and cruel sorcerers. But when word of a strange assassination plot reaches her ears, Caina faces a new kind of danger. For there are other ways to kill than swords and knives... ABOUT THE AUTHOR Standing over six feet tall, Jonathan Moeller has the piercing blue eyes of a Conan of Cimmeria, the bronze-colored hair of a Visigothic warrior-king, and the stern visage of a captain of men, none of which are useful in his career as a computer repairman, alas. He has written the DEMONSOULED series of sword-and-sorcery novels, and continues to write THE GHOSTS sequence about assassin and spy Caina Amalas, the COMPUTER BEGINNER'S GUIDE series of computer books, and numerous other works. Visit his website Visit his technology blog",https://images-na.ssl-images-amazon.com/images/S/compressed.photo.goodreads.com/books/1387158903i/19490316.jpg,server_url,upload\Jonathan Moeller\Ghost_Thorns_-_Jonathan_Moeller.epub,1,,,,1,1
31637189,1,3,2879706,Free,Ghost Vessel,"Caina Amalas is a Ghost circlemaster, leading the Emperor's spies in the city of Istarinmul. When a string of mysterious disappearances leads Caina to a sinister laboratory, she will need all of her courage to emerge victorious. Or else she might be the next one to disappear... ABOUT THE AUTHOR Standing over six feet tall, USA Today bestselling author Jonathan Moeller has the piercing blue eyes of a Conan of Cimmeria, the bronze-colored hair of a Visigothic warrior-king, and the stern visage of a captain of men, none of which are useful in his career as a computer repairman, alas. He has written the DEMONSOULED series of sword-and-sorcery novels, and continues to write THE GHOSTS sequence about assassin and spy Caina Amalas, the COMPUTER BEGINNER'S GUIDE series of computer books, and numerous other works. His books have sold a half million copies worldwide. Visit his website",https://images-na.ssl-images-amazon.com/images/S/compressed.photo.goodreads.com/books/1471996478i/31637189.jpg,server_url,upload\Jonathan Moeller\Ghost_Vessel_-_Jonathan_Moeller.epub,1,,,,1,1
27813060,1,3,2879706,Free,Ghost Vigil,"Kylon of House Kardamnos was once a lord and Archon of the Kyracian people. Now he is a homeless exile, aiding the Ghosts in their fight against the evil of Grand Master Callatas. The woman he loves lies suspended between life and death.And unless Kylon can defeat the nagataaru that hunt her, Caina Amalas might never awaken…",https://images-na.ssl-images-amazon.com/images/S/compressed.photo.goodreads.com/books/1447366991i/27813060.jpg,server_url,upload\Jonathan Moeller\Ghost_Vigil_-_Jonathan_Moeller.epub,1,,,,1,1
16151808,1,5,386699,Free,Giving Perrin Life,"It’s taken over a week for Terence Williams to heal from defending his friends against an alpha lion shifter. Although he’d lost the fight, badly, Terence was saved by his mate. Unfortunately, Terence’s mate didn’t stick around to enjoy the victory, and Terence wants to know why. While Terence heals, his friends are out searching for the mysterious black lion shifter who’d saved him. When they find him, it doesn’t take long for the male to exert dominance and claim Terence. He discovers a problem pretty quickly. Perrin has never been part of the human world. He’d lived his entire life as a scientific lab rat until escaping eight months before. Living on the run, Perrin stays mostly as a lion, roaming from place to place. He doesn’t know anything about shifters or mates. Just when Terence manages to convince Perrin to come live and build a relationship with him under Kontra’s protection, the local lion pride beta, Patrick, arrives. He claims Perrin is now the lion pride’s alpha since he’d killed the old one while saving Terence. Can Terence help Perrin adapt? Or will Perrin return to the simpler life of a wild lion?",https://images-na.ssl-images-amazon.com/images/S/compressed.photo.goodreads.com/books/1353013132i/16151808.jpg,server_url,upload\Charlie Richards\Giving_Perrin_Life_-_Charlie_Richards.epub,1,,,,1,1
268601,1,2,17065,Free,Glory in Death,"It is 2058, New York City. In a world where technology can reveal the darkest of secrets, there's only one place to hide a crime of passion-in the heart.  Even in the mid-twenty-first century, during a time when genetic testing usually weeds out any violent hereditary traits before they can take over, murder still happens. The first victim is found lying on a sidewalk in the rain. The second is murdered in her own apartment building. Police Lieutenant Eve Dallas has no problem finding connections between the two crimes. Both victims were beautiful and highly successful women. Their glamorous lives and loves were the talk of the city. And their intimate relations with men of great power and wealth provide Eve with a long list of suspects -- including her own lover, Roarke.",https://images-na.ssl-images-amazon.com/images/S/compressed.photo.goodreads.com/books/1526477295i/268601.jpg,server_url,upload\J.D. Robb\Glory_in_Death_-_J._D._Robb.epub,1,,,,1,1
6508317,1,2,797534,Free,Gnomes of Suburbia,"Abby wants a new life, but magic was never on the agenda. Her new neighbours are great, if you like mermaids, werewolves, and medusi. Adapting to her role in the neighbourhood is tricky as it involves pulling magic between dimensions, but the garden gnomes that she animated try to help when they can. The warlock next door is also a problem, every time he gets near her, her power goes berserk. When a stalker joins the crew and tries to end Abby’s new career the hard way, her life is danger and the neighbours are up in arms.",https://images-na.ssl-images-amazon.com/images/S/compressed.photo.goodreads.com/books/1271577770i/6508317.jpg,server_url,upload\Viola Grace\Gnomes_of_Suburbia_-_Viola_Grace.epub,1,,,,1,1
161553,1,2,13730,Free,Go Eat Worms!,"THEY'RE CREEPY AND THEY'RE CRAWLY‑THEY'RE TOTALLY DISGUSTING!Obsessed with worms? That's putting it mildly. Todd is so fascinated with worms, he keeps a worm farm in his basement! Most of all, Todd loves torturing his sister and her best friend with worms. Dropping them in their hair. Down their backs.Until one day, after cutting a worm in half, Todd notices something strange. The rest of the worms seems to be staring at him! Suddenly worms start showing up in the worst places for Todd. In his bed. In his homework. Even in his spaghetti!What's a worm lover to do when his own worms are starting to gross him out?",https://images-na.ssl-images-amazon.com/images/S/compressed.photo.goodreads.com/books/1468581880i/161553.jpg,server_url,upload\R.L. Stine\Go_Eat_Worms!_-_R._L._Stine.epub,1,,,,1,1
171731,1,2,"61693,12275",Free,God of Thunder,"Recovering artifacts.Deciphering codes.Cheating death.And that's just the beginning...Archaeologist Annja Creed narrowly escapes an attack by unknown figures when she tries to collect a package near her loft. She later learns that the sender--an old colleague named Fellini--has been brutally murdered. Fellini had been researching the Hammer of Thor, the Norse god of thunder, and had linked it to a Viking warrior and a twelfth-century Latvian village. A coded message in Fellini's package leads Annja on a wild chase along the canals of Venice to Latvia for more clues to an ancient treasure. Rumored to be hidden deep in the forests of Latvia for nine hundred years, this fabled prize is also sought by a ruthless corps of mercenaries. And they will do anything to find it. Including killing Annja Creed.",https://images-na.ssl-images-amazon.com/images/S/compressed.photo.goodreads.com/books/1386923065i/171731.jpg,server_url,upload\Alex Archer\God_Of_Thunder_-_Alex_Archer.epub,1,,,,1,1
38820620,1,2,4512224,Free,Gold Dragon,"Now that Trip’s siblings are safely back in the capital, he would like it if life got back to normal. As normal as possible for a half-dragon army officer learning to use his magical powers when he isn’t busy piloting with Wolf Squadron.  But trouble keeps popping up, and the capital isn’t the safe haven Trip had hoped. More and more dragons are working together, with attacks growing frequent as they scheme to claim the country for themselves. Equally daunting, Rysha wants to introduce Trip to her parents, parents who want a proper nobleman for their daughter, not some odd commoner sired by a dragon.  If Trip is to have any chance of bringing peace to the country—and impressing Rysha’s parents—he’ll have to finally and fully embrace what he is and what he can do. Before time runs out.",https://images-na.ssl-images-amazon.com/images/S/compressed.photo.goodreads.com/books/1519745092i/38820620.jpg,server_url,upload\Lindsay Buroker\Gold_Dragon_-_Lindsay_Buroker.epub,1,,,,1,1
15450,1,2,8516,Free,Golem in the Gears,"Grundy Golem got no respect. So, to prove himself, he volunteered for a quest to find the long-lost dragon, Stanley Steamer. On the way, he somehow manages to free a damsel in distress-- but not without incurring the wrath of the Sea Hag in the process. And when it comes to avenging herself on Grundy, the Sea Hag will never give up....From the Paperback edition.",https://images-na.ssl-images-amazon.com/images/S/compressed.photo.goodreads.com/books/1166672923i/15450.jpg,server_url,upload\Piers Anthony\Golem_in_the_Gears_-_Piers_Anthony.epub,1,,,,1,1
23173133,1,2,"5091,63460",Free,Good and Valuable Consideration: Jack Reacher vs. Nick Heller,"In this short story from the thrilling anthology FaceOff, bestselling authors Lee Child and Joseph Finder—along with their popular series characters Jack Reacher and Nick Heller—team up for the first time ever.When Jack Reacher sits down to watch a baseball game at a Boston bar, he has no way of knowing what kind of trouble is about to walk in the door—and not just because he’s a Yankees fan in a Red Sox town. In this action-packed short story, Reacher and a new acquaintance—Sox fan Nick Heller—find themselves drawn into a much less friendly rivalry when the guy sitting between them at the bar turns out to be a marked man. For more exciting pairs, check out all eleven short stories in FaceOff!",https://images-na.ssl-images-amazon.com/images/S/compressed.photo.goodreads.com/books/1412683839i/23173133.jpg,server_url,upload\Lee Child\Good_and_Valuable_Consideration_-_Lee_Child.epub,1,,,,1,1
125594,1,2,13730,Free,Attack of the Mutant,He's no superhero.... He's a supervillain!Skipper Matthews has an awesome comic book collection. His favorite one is called The Masked Mutant. It's about an evil supervillain who's out to rule the universe!Skipper can't get enough of The Mutant. Until one day he gets lost in a strange part of town. And finds a building that looks exactly like The Mutant's secret headquarters. A building that appears and disappears!Has Skipper read one too many comic books? Or does The Masked Mutant really live in Riverview Falls?,https://images-na.ssl-images-amazon.com/images/S/compressed.photo.goodreads.com/books/1328868161i/125594.jpg,server_url,upload\R.L. Stine\Goosebumps_Attack_of_the_Mutant_-_R._L._Stine.epub,1,,,,1,1
266684,1,1,13730,Free,"Goosebumps Boxed Set, Books 29- 32: Monster Blood III, It Came from Beneath the Sink!, Night of the Living Dummy II, and The Barking Ghost",#29 Monster Blood III#30 It Came From Beneath The Sink!#31 Night Of The Living Dummy II#32 The Barking Ghost,https://images-na.ssl-images-amazon.com/images/S/compressed.photo.goodreads.com/books/1359405193i/266684.jpg,server_url,"upload\R.L. Stine\Goosebumps_Boxed_Set,_Books_29-_-_R._L._Stine.epub",1,,,,1,1
20794941,1,1,13730,Free,Goosebumps Hall of Horrors Boxed Set: #1 Claws!; #2 Night of the Giant Everything; #3 The Five Masks of Dr. Screem; #4 Why I Quit Zombie School; #5 Don't Scream!; #6 The Birthday Party of No Return!,Six book boxed set of R.L. Stine's Goosebumps Hall of Horrors. Includes books 1-6 in slipcase.,https://images-na.ssl-images-amazon.com/images/S/compressed.photo.goodreads.com/books/1409366391i/20794941.jpg,server_url,upload\R.L. Stine\Goosebumps_Hall_of_Horrors_#3__-_R._L._Stine.epub,1,,,,1,1
13228506,1,2,13730,Free,The Haunted Mask,"For the first time ever, Goosebumps is in hard cover! Catch the series' most notorious characters--undead or alive...From horror master R.L. Stine come two new chilling stories in one spooky standalone:The Haunted Mask has returned and is determined to make this the worst night of your life!Where's the last place you would want to get stuck? A haunted pumpkin patch where the jack o'lanterns are after you!And watch for Goosebumps: Most Wanted, an all-new paperback series coming in the fall.",https://images-na.ssl-images-amazon.com/images/S/compressed.photo.goodreads.com/books/1338314147i/13228506.jpg,server_url,upload\R.L. Stine\Goosebumps_Wanted__The_Haunted_-_R._L._Stine.epub,1,,,,1,1
33206816,1,2,13730,Free,Attack of the Jack,"Devin and his sister Violet are visiting their Uncle Jack for the summer. He lives in an old house by the seashore. Jack was a sailor and he has collected strange and fascinating items from the sea. Exploring a back room, Devin and Violet discover a locked trunk. A pirate's chest. The trunk is wrapped in old, heavy chains and locked with a huge rusted lock. But they manage to get it open. They lift the lid slowly-and see that it's filled with antique jack-in-the-boxes. Huh? One box is hidden under the others, covered in dust. It plays an odd unpleasant song. Up pops a very ugly, mean-looking puppet, an old pirate with a dirty red bandana over his long greasy hair, scars on his cheeks, and a beard, and one eye missing. ""Thanks for letting Sailor Jack out!"" he rasps, bouncing on his spring. Devin and Violet now face new and troubling questions: Will Jack return them to their uncle? Just how much is a pirate's promise worth?",https://images-na.ssl-images-amazon.com/images/S/compressed.photo.goodreads.com/books/1483978759i/33206816.jpg,server_url,upload\R.L. Stine\Goosebumps__Attack_of_the_Jack-_-_R._L._Stine.epub,1,,,,1,1
139511390,1,1,13730,Free,Goosebumps Most Wanted 4 Book Set Includes: Special Edition Zombie Halloween - Planet of the Lawn Gnomes - Creature Teacher - Frankenstein's Dog,,https://images-na.ssl-images-amazon.com/images/S/compressed.photo.goodreads.com/books/1699141727i/139511390.jpg,server_url,upload\R.L. Stine\Goosebumps__Most_Wanted__Planet_-_R._L._Stine.epub,1,,,,1,1
1321716,1,2,13730,Free,The Blob That Ate Everyone,Read it and scream!A famous horror writer. That's what Zackie Beauchamp wants to be. He's writing a story about a giant blob monster. A pink slimy creature who eats up an entire town! Then Zackie finds the typewriter. In a burned-down antiques store. He takes it home and starts typing. But there's something really odd about that typewriter. Something really dangerous. Because now every word Zackie writes is starting to come true. . . .,https://images-na.ssl-images-amazon.com/images/S/compressed.photo.goodreads.com/books/1182742009i/1321716.jpg,server_url,upload\R.L. Stine\Goosebumps__The_Blob_That_Ate_E_-_R._L._Stine.epub,1,,,,1,1
125541,1,2,13730,Free,The Curse of Camp Cold Lake,"They're baa-ack! Make way for the bestselling children's series of all time! With a fresh new look, GOOSEBUMPS is set to scare a whole new generation of kids. So reader beware--you're in for a scare! Camp is supposed to be fun, but Sarah hates Camp Cold Lake. The lake is gross and slimy. And she's having a little trouble with her bunkmates. They hate her. So Sarah comes up with a plan. She'll pretend to drown -- then everyone will feel sorry for her. But things don't go exactly the way Sarah planned. Because down by the cold, dark lake someone is watching her. Stalking her. Someone with pale blue eyes. And a see-through body. . . .",https://images-na.ssl-images-amazon.com/images/S/compressed.photo.goodreads.com/books/1328866841i/125541.jpg,server_url,upload\R.L. Stine\Goosebumps__The_Curse_of_Camp_C_-_R._L._Stine.epub,1,,,,1,1
25453126,1,5,7235860,Free,Gorgeous Consort,"Standalone. No cliffhanger. HEA. Other books in the series can be read in any order.Being an escort comes with predetermined rules that can never be broken.No kissing, no feelings, and definitely, absolutely, no sex.But what will Troy do when Harper, a beautiful blonde, walks into his life. Still suffering over the lost of his long-time girlfriend, Troy is trying to move on and find his place in life. He still doesn't understand why the relationship ended or why she cheated. As a result, love is off the table.When Harper hypnotizes him with her beauty, sass, and remarkable intelligence, what will he do? Will be able to keep his promise to himself?Or will he break every rule?",https://images-na.ssl-images-amazon.com/images/S/compressed.photo.goodreads.com/books/1430348077i/25453126.jpg,server_url,upload\E.L. Todd\Gorgeous_Consort_-_E._L._Todd.epub,1,,,,1,1
3270772,1,5,86756,Free,Gracious Lady,"Short of calling out the cavalry, Sophie could only do her best when it came to handling the enigmatic Maximilian Grant and his headstrong daughter. The catalog of disasters that had followed since she'd agreed to become the teenager's companion were as disturbing to her equilibrium as her new employer.Under Maximilian's autocratic rule, Sophie and her past were subjected to enraging scrutiny. Moreover, she and the arrogant Mr. Grant alternated between being defiant adversaries and would-be lovers. Sophie knew there would be an explosive outcome - but would they emerge fighting... or loving?",https://images-na.ssl-images-amazon.com/images/S/compressed.photo.goodreads.com/books/1329664461i/3270772.jpg,server_url,upload\Carole Mortimer\Gracious_Lady_-_Carole_Mortimer.epub,1,,,,1,1
2593329,1,2,14255,Free,Granny Dan,"In my eyes she had always been old, always been mine, always been Granny Dan. But in another time, another place, there had been dancing, people, laughter, love. . . . She had had another life before she came to us, long before she came to me. . . .She was the cherished grandmother who sang songs in Russian, loved to roller-skate, and spoke little of her past. But when Granny Dan died, all that remained was a box wrapped in brown paper, tied with string. Inside, an old pair of satin toe shoes, a gold locket, and a stack of letters tied with ribbon. It was her legacy, her secret past, waiting to be discovered by the granddaughter who loved her but never really knew her. It was a story waiting to be told. . . .The year was 1902. A new century was dawning as a motherless young girl arrived at a ballet school in St. Petersburg, Russia, at the age of seven. By age seventeen, Danina Petroskova had become a great ballerina, a favorite of the Czar and Czarina, who welcomed her into the heart of the Imperial family. But events both near and far away shook the ground upon which she danced. A war, an extraordinary man, and a devastating illness altered the course of her life. And when revolution shattered Russia, Danina Petroskova was forced to make a heartbreaking choice--as the world around her was about to change forever.Granny Dan is about the magic of history. In it, Danielle Steel reminds us how little we know of those who came before us--and how, if we could only glimpse into their early lives, and see who they once were, there is so much we would understand and learn. For in this extraordinary novel, a simple box, filled with mementos from a grandmother, offers the greatest legacy of an unexpected gift of a life transformed, a long-forgotten history of youth and beauty, love and dreams.",https://images-na.ssl-images-amazon.com/images/S/compressed.photo.goodreads.com/books/1266949623i/2593329.jpg,server_url,upload\Danielle Steel\Granny_Dan_-_Danielle_Steel.epub,1,,,,1,1
28101803,1,3,4615377,Free,Grave Expectations,"Charlie's life is perfect. She has everything her heart desires. Until it all goes horribly wrong.Charlie and Lincoln return to London to find two supernaturals have been murdered, and Charlie might be next. As if that wasn't bad enough, the man who adopted her has escaped from prison, and the committee members have just learned some news that infuriates them. Now there's talk of sending Charlie away again. Far away.But the worst is yet to come. Charlie is kidnapped and forced to summon one of the murder victims - but she's unable to send him back. With an angry dead supernatural on the loose and the committee determined to get rid of her, Charlie's time with the Ministry of Curiosities, and Lincoln, is in grave danger of coming to an end.",https://images-na.ssl-images-amazon.com/images/S/compressed.photo.goodreads.com/books/1449291036i/28101803.jpg,server_url,upload\C.J. Archer\Grave_Expectations_(The_Ministr_-_C.J._Archer.epub,1,,,,1,1
126230049,1,2,17061,Free,"Grave Secret by Harris, Charlaine [Berkley,2010] (Mass Market Paperback) Reprint Edition","Grave Secret by Harris, Charlaine. Published by Berkley,2010, Mass Market Paperback Reprint Edition",https://images-na.ssl-images-amazon.com/images/S/compressed.photo.goodreads.com/books/1696026067i/126230049.jpg,server_url,upload\Charlaine Harris\Grave_Secret_-_Charlaine_Harris.epub,1,,,,1,1
134817246,1,2,17061,Free,Grave Sight (GOLLANCZ S.F.) by Charlaine Harris,"Harper Connelly has what you might call a strange job: she finds dead people. She can sense the final location of a person who's passed, and share their very last moment. The way Harper sees it, she's providing a service to the dead while bringing some closure to the living - but she's used to most people treating her like a blood-sucking leech. Traveling with her step-brother Tolliver as manager and sometime-bodyguard, she's become an expert at getting in, getting paid, and getting out fast. Because for the living it's always urgent - even if the dead can wait forever.",https://dryofg8nmyqjw.cloudfront.net/images/no-cover.png,server_url,upload\Charlaine Harris\Grave_Sight_-_Charlaine_Harris.epub,1,,,,1,1
39810653,1,2,721,Free,Gray Mountain: A Novel,"John Grisham has a n ew hero . . . and she’s full of surprisesThe year is 2008 and Samantha Kofer’s career at a huge Wall Street law firm is on the fast track—until the recession hits and she gets downsized, furloughed, escorted out of the building. Samantha, though, is one of the “lucky” associates. She’s offered an opportunity to work at a legal aid clinic for one year without pay, after which there would be a slim chance that she’d get her old job back.In a matter of days Samantha moves from Manhattan to Brady, Virginia, population 2,200, in the heart of Appalachia, a part of the world she has only read about. Mattie Wyatt, lifelong Brady resident and head of the town’s legal aid clinic, is there to teach her how to “help real people with real problems.” For the first time in her career, Samantha prepares a lawsuit, sees the inside of an actual courtroom, gets scolded by a judge, and receives threats from locals who aren’t so thrilled to have a big-city lawyer in town. And she learns that Brady, like most small towns, harbors some big secrets.Her new job takes Samantha into the murky and dangerous world of coal mining, where laws are often broken, rules are ignored, regulations are flouted, communities are divided, and the land itself is under attack from Big Coal. Violence is always just around the corner, and within weeks Samantha finds herself engulfed in litigation that turns deadly.",https://images-na.ssl-images-amazon.com/images/S/compressed.photo.goodreads.com/books/1528539973i/39810653.jpg,server_url,upload\John Grisham\Gray_Mountain__A_Novel_-_John_Grisham.epub,1,,,,1,1
18371659,1,2,61693,Free,Grendel's Curse,"A sword of legend in the hands of an extremist...Skalunda Barrow, Sweden, has long been rumored to be the final resting place of the legendary Nordic hero, Beowulf. And there's something of Beowulf's that charismatic and zealous right-wing politician Karl Thorssen wants very badly. Intent on getting his hands on the mythical swords Hrunting and Nægling, Sweden's golden-boy politico puts together a team to excavate the barrow. A team that American archaeologist Annja Creed manages to finagle her way onto. She wouldn't miss this possible discovery for anything.With Nægling at his side, Thorssen could be invincible—a Nordic King Arthur. What his followers don't know—and Annja is beginning to suspect—is just how far Thorssen will go to achieve his rabid amibitions. When Thorssen marks Annja for death, she quickly realizes that this is much more than a political game. And the only way to survive is to match Thorssen's sword with her own.",https://images-na.ssl-images-amazon.com/images/S/compressed.photo.goodreads.com/books/1388448488i/18371659.jpg,server_url,upload\Alex Archer\Grendel's_Curse_-_Alex_Archer.epub,1,,,,1,1
25613931,1,6,5900266,Free,Growl for Her,"Reporter Kristal Mosley is hunting a story that will catapult her career into the Big Time. When a strange man gives her a video of a white tiger changing into a man, she figures the man's crazy. Still, a white tiger roaming the plains of Texas? How cool is that?When sexy Kristal shows up in Twisted, weretiger brothers David and Darion Conroy get an immediate connection with their intended mate. After showing them the tiger video, they recognize one of their weretiger mates and know she's headed for trouble.Keeping the headstrong reporter safe is tough when she won't listen to reason. They do their best to convince her to forget the story by using every human and beast skill they have. But sex even wild sex, can only do so much.Kristal soon learns that the real story is skin deep. But is the truth too much to handle? Contemporary, Menage a Trois/Quatre, Paranormal, Shape-shifter",https://images-na.ssl-images-amazon.com/images/S/compressed.photo.goodreads.com/books/1433976151i/25613931.jpg,server_url,upload\Jane Jamison\Growl_for_Her_-_Jane_Jamison.epub,1,,,,1,1
1183791,1,2,"4766,31475796",Free,Gryphon in Glory,"Unrest fills the Dales as Joisan sets out from her refuge to seek out her husband, Kerovan, journeying on a secret mission in the Waste where the evil powers of the Dark threaten on every hand. Companion to the earlier book, The Crystal Gryphon.",https://images-na.ssl-images-amazon.com/images/S/compressed.photo.goodreads.com/books/1330711188i/1183791.jpg,server_url,upload\Andre Norton\Gryphon_in_Glory_(High_Hallack_-_Andre_Norton.epub,1,,,,1,1
808412,1,2,"4766,61277",Free,Gryphon's Eyrie,"The urge within him is overwhelming, and Kerovan--he of the cloven hooves and amber eyes--is driven toward the mountains--toward the dark. With him goes the Lady Joisan, who carries within her secrets unknown to Kerovan.By calling upon the Powers within themselves, willing the forces of Light to fight against the forces of the Dark, they reach their destination...only to face That Which Runs the Ridges in the final battle. Everlasting Undeath--and horror for all the world--will take them if they fail.",https://images-na.ssl-images-amazon.com/images/S/compressed.photo.goodreads.com/books/1312064134i/808412.jpg,server_url,upload\Andre Norton\Gryphon's_Eyrie_(High_Hallack_C_-_Andre_Norton.epub,1,,,,1,1
509291,1,2,41942,Free,Guard Against Dishonor,"Amid top-level peace talks between the Low Kingdoms and Outremer, the streets of Haven are ravaged by a new drug, which brings out the vicious animal instincts of its victims. The distributors always seem to be one step ahead of the City Guard force. Someone may be revealing the Guards' plans. Could Isobel Fisher be the informant? Hawk and Fisher are pulled apart by circumstance as a political truce is threatened and the death toll climbs.",https://images-na.ssl-images-amazon.com/images/S/compressed.photo.goodreads.com/books/1206673589i/509291.jpg,server_url,upload\Simon R. Green\Guard_Against_Dishonor_-_Simon_R._Green.epub,1,,,,1,1
44424584,1,2,2879706,Free,Sevenfold Sword: Guardian,"The quest of the Seven Swords nears its end, and dark powers rise to seize the world. Ridmark Arban has learned the terrible secret at the heart of the Seven Swords. Now he need only escape Urd Maelwyn, the grim city ruled by the dark elven tyrant known as the Confessor. But few who enter Urd Maelwyn ever leave alive. And the Maledicti priests will kill to protect the secret of the Seven Swords...",https://images-na.ssl-images-amazon.com/images/S/compressed.photo.goodreads.com/books/1555332258i/44424584.jpg,server_url,upload\Jonathan Moeller\Guardian_-_Jonathan_Moeller.epub,1,,,,1,1
44600126,1,10,2965060,Free,Gun in the Gardenias,"A new cozy mystery series from USA Today best-selling author Dale Mayer. Follow gardener and amateur sleuth Doreen Montgomery—and her amusing and mostly lovable cat, dog, and parrot—as they catch murderers and solve crimes in lovely Kelowna, British Columbia.",https://images-na.ssl-images-amazon.com/images/S/compressed.photo.goodreads.com/books/1553631444i/44600126.jpg,server_url,upload\Dale Mayer\Gun_in_the_Gardenias_-_Dale_Mayer.epub,1,,,,1,1
53320416,1,2,"3780,2895898",Free,Boys Will Be Boys - Guys Read,"A train ride home from a school field trip turns sinister when two kids spot a body on the tracks. A short story from Guys Read: Thriller, edited by Jon Scieszka.",https://images-na.ssl-images-amazon.com/images/S/compressed.photo.goodreads.com/books/1588537177i/53320416.jpg,server_url,upload\James  Patterson\Guys_Read__Boys_Will_Be_Boys_-_James_Patterson.epub,1,,,,1,1
212584830,1,1,14255,Free,H.R.H. by Danielle Steel,,https://dryofg8nmyqjw.cloudfront.net/images/no-cover.png,server_url,upload\Danielle Steel\H.R.H__-_Danielle_Steel.epub,1,,,,1,1
133540098,1,2,14255,Free,Happy Birthday: A Novel by Danielle Steel,"April Wyatt is contentedly single; her restaurant in New York consumes all her passion. But, in a tumultuous discovery, on her thirtieth birthday, April's life is about to change. April's mother, Valerie, is long divorced; a popular TV personality, living graciously in her Fifth Avenue penthouse. However, nothing can hide the fact that she's turning sixty - the whole world discovers it on her birthday. Meanwhile, sports personality Jack Adams has his pick of desirable women. But on his fiftieth birthday, after an emergency visit to the chiropractor, age seems to be catching up with him. But soon events will turn their lives upside down. And as they celebrate their birthdays, they'll find that life itself is a celebration - its greatest gifts are always a surprise.",https://images-na.ssl-images-amazon.com/images/S/compressed.photo.goodreads.com/books/1698999092i/133540098.jpg,server_url,upload\Danielle Steel\Happy_Birthday__A_Novel_-_Danielle_Steel.epub,1,,,,1,1
59443105,1,1,2384,Free,2 Books! 1) Hardcore Twenty-Four 2) Look Alive Twenty-Five,,https://images-na.ssl-images-amazon.com/images/S/compressed.photo.goodreads.com/books/1635104495i/59443105.jpg,server_url,upload\Janet Evanovich\Hardcore_Twenty-Four_-_Janet_Evanovich_1.epub,1,,,,1,1
1137822,1,2,12692,Free,Harden,"Harden Tremayne and Miranda Warren felt nothing but attraction to each other, but both fought against their feelings. She had lost her husband and son in a traffic accident, and still had not surpassed the tragedy. He hated women. He could never forgive his mother that he was an illegitimate son, nor that she had forced him to break off his engagement because that was the reason his young fiancee had killed herself. The battle was going to be hard. Bu if given an opportunity to love, these two solitary hearts could find happiness.",https://images-na.ssl-images-amazon.com/images/S/compressed.photo.goodreads.com/books/1239487021i/1137822.jpg,server_url,upload\Diana Palmer\Harden_-_Diana_Palmer.epub,1,,,,1,1
97893772,1,15,20740982,Free,Diary of Thoughts: Harley Merlin and the Secret Coven by Bella Forrest - A Journal for Your Thoughts About the Book,"Diary of Harley Merlin and the Secret Coven by Bella Forrest – A Journal for Your Thoughts About the Book is a journal designed for note-taking, designed and produced by Summary Express. With blank, lined pages in a simplistic yet elegant design, this journal is perfect for recording notes, thoughts, opinions, and takeaways in real-time as you read. Divided into sections and parts for easy reference, this journal helps you keep your thoughts organized.Disclaimer  This is a unofficial journal book and not the original book.",https://images-na.ssl-images-amazon.com/images/S/compressed.photo.goodreads.com/books/1678882977i/97893772.jpg,server_url,upload\Summary Express\Harley_Merlin_and_the_Secret_Co_-_Bella_Forrest.epub,1,,,,1,1
15466,1,2,8516,Free,Harpy Thyme,"Gloha is the only creature of her kind in all the world of Xanth, the beautiful offspring of a chance mating between a harpy and a goblin. As she grew to womanhood, she wondered where she would find the one true love with whom she could share her life.So, naturally, she sets off to find the Good Magician Humfrey to ask him for an Answer to the riddle of her heart's desire. But Humfrey, for mysterious reasons of his own, propels her instead on a perilous quest in search of truth, friendship, and, just possibly, happiness.",https://images-na.ssl-images-amazon.com/images/S/compressed.photo.goodreads.com/books/1614063584i/15466.jpg,server_url,upload\Piers Anthony\Harpy_Thyme_-_Piers_Anthony.epub,1,,,,1,1
35289582,1,5,2965060,Free,Harrison's Heart,"Welcome to Harrison’s Heart, book 7 in Heroes for Hire, reconnecting readers with the unforgettable men from SEALs of Honor in a new series of action-packed, page turning romantic suspense that fans have come to expect from USA TODAY Bestselling author Dale Mayer.  When a call for help comes from Ice’s father, Harrison steps up. A senator has been shot, his wife beaten and his kids are in the wind. It’s up to Harrison to find the answers everyone is looking for.  Including finding the senator’s ex-military and pissed at the world daughter. Only she doesn’t want anything to do with him.  Zoe is on a mission. There’s no room in her world for heroes – especially not Harrison. But he won’t take no for an answer. Only Zoe has angered the wrong people, and they won’t stop until they put an end to her meddling or better yet – to her.  With so much going on, Harrison struggles to pull the pieces together – before their world is completely blown apart – permanently.",https://images-na.ssl-images-amazon.com/images/S/compressed.photo.goodreads.com/books/1496447553i/35289582.jpg,server_url,upload\Dale Mayer\Harrison's_Heart_(Heroes_for_Hi_-_Dale_Mayer.epub,1,,,,1,1
41448580,1,2,3441,Free,Hateful Things,"The Children of D’Hara picks up immediately after the conclusion of the Sword of Truth series. This is the story of Richard and Kahlan and their children'The Sword of Truth series was my masterwork. Yet, life for these characters goes on after the conclusion of that series. For years readers have been asking about Richard and Kahlan's children. This is that story' TERRY GOODKINDIn 1994 Wizard's First Rule introduced Richard Cypher, a young woodsman seeking answers and vengeance in the aftermath of his father's murder, and Kahlan Amnell, a mysterious young woman pursued by a bloodthirsty tyrant's assassins.The Sword of Truth is one of the most ambitious fantasy series ever written. It was a decades-long masterwork that has been translated into 20 languages and sold 26 million copies. After 16 volumes and one novella, it concluded in 2016 with Warheart.The Children of D'Hara picks up immediately after the conclusion of the Sword of Truth series. The story will be told in instalments, as novella-length episodes published every three months. Hateful Things is the second novella.",https://images-na.ssl-images-amazon.com/images/S/compressed.photo.goodreads.com/books/1557005764i/41448580.jpg,server_url,upload\Terry Goodkind\Hateful_Things_-_Terry_Goodkind.epub,1,,,,1,1
89694,1,2,"17065,717304",Free,Haunted in Death,"Number Twelve is an urban legend in 2060 New York City. The hot club in the 1960s, it is now reported to be haunted?and cursed. Lieutenant Eve Dallas is called there to investigate the apparent murder of Radcliff Hopkins, its new owner and the grandson of the man who made Number Twelve a cultural icon. Several bullets from a banned gun end his dream of returning the building to its former glory. With everyone around her talking about the supernatural, pragmatic Eve won't let rumors of ghosts distract her from hard evidence. The case becomes even more bizarre when it appears to be linked to the suspicious disappearance of a rock star eighty-five years ago. As Eve searches for the connection, logic clashes with the unexplainable. She may be forced to face the threat of something more dangerous than a flesh-and-blood killer.Duration: Approximately 180 min.",https://images-na.ssl-images-amazon.com/images/S/compressed.photo.goodreads.com/books/1171163374i/89694.jpg,server_url,upload\J.D. Robb\Haunted_in_Death_-_J._D._Robb.epub,1,,,,1,1
308540,1,2,13730,Free,The Haunted Mask,FACE TO FACE WITH A NIGHTMARE...How ugly is Carly Beth's Halloween mask? It's so ugly that it almost scared her little brother to death. So terrifying that even her friends are totally freaked out by it.It's the best Halloween mask ever. It's everything Carly Beth hoped it would be. And more.Maybe too much more. Because Halloween is almost over.And Carly Beth is still wearing that special mask...,https://images-na.ssl-images-amazon.com/images/S/compressed.photo.goodreads.com/books/1328867787i/308540.jpg,server_url,upload\R.L. Stine\Haunted_Mask_-_R._L._Stine.epub,1,,,,1,1
6508318,1,3,797534,Free,Haunting Hannah,"When you can send your- alter ego out of your body to spy on friends and family, is that wrong?  What if the two hot guys who work for you and who have been hitting on you, are telling you that they dream about being with you? Would you jump into their dreams then?  And what if your ex comes into your cafe and his stunning fiance invites you to their wedding, this weekend? What will you go through to find a date, an outfit and the perfect shoes?  Hannah is haunted, and she isn't the only one.",https://images-na.ssl-images-amazon.com/images/S/compressed.photo.goodreads.com/books/1328318585i/6508318.jpg,server_url,upload\Viola Grace\Haunting_Hannah_-_Viola_Grace.epub,1,,,,1,1
24155226,1,5,7235860,Free,Having You Is Never Enough,"While Cayson is battling his decision about medical school, he notices Slade’s peculiar behavior. Slade never seems to be where he says he is, and it’s clear he’s hiding something from everyone. Cayson is certain he has a girlfriend, and the more Slade denies it, the more hurt Cayson feels. Why won’t Slade tell him the truth? He decides to investigate the matter further, and he discovers something he never thought was possible…especially from Slade.Trinity keeps her relationship with Slade a secret, but when Skye sets her up on a date with a friend, she can’t reject the offer. Slade is insane with jealousy and outright refuses to let the date happen. But Trinity knows she has to keep up pretenses. While she’s on her date, Slade shows up. And his appearance will change their relationship forever.Roland can’t deny the guilt he feels toward Jasmine. While he feels terrible for betraying his childhood friend, he feels worse for the way he treated Jasmine. Determined to make it right, he hunts her down until she agrees to go on a date with him—a real one.",https://images-na.ssl-images-amazon.com/images/S/compressed.photo.goodreads.com/books/1441239279i/24155226.jpg,server_url,upload\E.L. Todd\Having_You_Is_Never_Enough_-_E._L._Todd.epub,1,,,,1,1
629071,1,2,41942,Free,Hawk & Fisher,"HAWK & FISHERThey're the battle-scarred crimebusters of a never-ending urban war...Hawk rules the streets by broad-sword. Fisher cracks down on toughs with the deadly dagger that she wields with unflinching skill. Their merciless beat is the rough town misnamed Haven -- a dark and murderous place overrun with spell-casters, demons, and thieves. Ready money will buy anything in their town...Anything except justice. That requires a magic touch.",https://images-na.ssl-images-amazon.com/images/S/compressed.photo.goodreads.com/books/1206674237i/629071.jpg,server_url,upload\Simon R. Green\Hawk_&_Fisher_-_Simon_R._Green.epub,1,,,,1,1
45692067,1,9,7200339,Free,Hear No Evil,"Listen at your own risk.The Godhunter has been given a warning; a prophecy of a coming apocalypse in the God Realm. Her family and friends have gathered to help her stop it, but then Gods begin to disappear, and Vervain suspects that it might all be connected. A new nightclub may also be involved; run by a group of ancient gods, humans and Gods alike have been flocking to it. As Vervain searches for the missing, she's pulled deeper into a sexy, shadowy world of illusion and enchantment where music is the most powerful magic of all.",https://images-na.ssl-images-amazon.com/images/S/compressed.photo.goodreads.com/books/1557350794i/45692067.jpg,server_url,upload\Amy Sumida\Hear_No_Evil_-_Amy_Sumida.epub,1,,,,1,1
18749004,1,3,4615377,Free,Heart Burn,"Time is running out for Hannah. With her life hanging by a thread and Tate trying to kidnap her, she finds help in an unusual quarter - the man who put the narcoleptic memory block on her as a child. Yet the powerful hypnotist may not be all that he seems. It's difficult to trust a man who regularly hypnotizes his wife against her wishes, and who is much too interested in Jack's unnatural abilities.With so much at stake, the last thing Hannah and Jack need is to be apart. Yet they cannot touch each other if they want to stay alive. This thrilling conclusion to the 1st Freak House Trilogy will take you on an emotional roller coaster full of twists, turns, highs and lows that you won't want to end.",https://images-na.ssl-images-amazon.com/images/S/compressed.photo.goodreads.com/books/1383438510i/18749004.jpg,server_url,upload\C.J. Archer\Heart_Burn_-_C.J._Archer.epub,1,,,,1,1
32854725,1,1,5900266,Free,Heart of a Wolf,"[Siren Menage Erotic Paranormal Cowboy Menage a Quatre Romance, M/F/M/M, werewolves, HEA] Maddie Connor moves to Fate to renew her relationship with her sister, Stella. She is ready to do whatever it takes to heal their strained relationship. Come hell or high water, she is determined to make amends. Werewolf brothers Shane, Brandon, and Braxton Lark know Maddie's their mate as soon as she walks into the Wolf's Den. They come on strong, and although she should run for the hills, she can't help be drawn to the aggressive men. Maddie never expects Stella to tell her that werewolves exist. Not only is Stella living with three werewolves, but she's become a werewolf, too. As if that's not enough, Stella tells Maddie that the Lark brothers are shifters and that they want Maddie as their mate. She's stunned, yet, strangely intrigued. ** A Siren Erotic Romance",https://images-na.ssl-images-amazon.com/images/S/compressed.photo.goodreads.com/books/1478036891i/32854725.jpg,server_url,upload\Jane Jamison\Heart_of_a_Wolf_-_Jane_Jamison.epub,1,,,,1,1
419562,1,2,14255,Free,Heartbeat,"Bill Thigpen, writer producer of the No.1 daytime TV drama was so busy watching his career soar that he never noticed his marriage collapse. Now, nine years later, living alone in Hollywood, even without his wife and kids, his life and success are still reasonably sweet. Top-of-the-chart ratings, good-natured casual affairs, and special vacations with his two young sons. His life is in perfect balance, he thinks. Adrian Townshed thought she had everything: a job she liked as a TV production assistant and a handsome husband who was a rising star in his own field. In as enviable life they'd worked hard for--the American Dream. Until she got pregnant. Suddenly all she had was chaos. And Steven's ultimatum. Him or the baby. The question was: did he mean it? He did. Bill Thigpen and Adrian Townshed collided in a supermarket. And the very sight of her suddenly makes him want more in his life.... a woman he really loves, a real family again. But does he need the heartache of another man's baby, another wife? Neither does. But they couldn't help it. Danielle Steel touches the Heartbeat of two wonderful people as their friendship deepens into love, as they meet the obstacles that life presents with humor, humanity, and courage.",https://images-na.ssl-images-amazon.com/images/S/compressed.photo.goodreads.com/books/1174585184i/419562.jpg,server_url,upload\Danielle Steel\Heartbeat_-_Danielle_Steel.epub,1,,,,1,1
255625,1,5,12692,Free,Heartbreaker,"J. B. Hammock played by his own rules, and rule number one was never settle down. He treated his women well, but with a no-strings detachment they all accepted. But sweet Tellie Maddox hovered about like a gossamer butterfly, always trying to take care of him, always caring about him. It was enough to make a confirmed bachelor take drastic measures.Then Tellie lost part of her memory. She believed she was J.B.'s faithful sidekick. Even he couldn't be so heartless as to push Tellie aside, and so he played the role of frienduntil friendship turned to something else, something so much deeper than a heartbreaker like J.B. ever intended. He was hooked.Then Tellie's memory returned.""",https://images-na.ssl-images-amazon.com/images/S/compressed.photo.goodreads.com/books/1173194105i/255625.jpg,server_url,upload\Diana Palmer\Heartbreaker_-_Diana_Palmer.epub,1,,,,1,1
27838754,1,1,7235860,Free,Hearts Will Beat,"Trinity gets invited to her first major fashion show, and she decides to take her loving husband for the ride. But when Georgia Price makes an appearance, and everyone seems to be more interested in Slade than her work, the night doesn’t go as planned. Conrad spends more time with Carrie and comes to realize they have a future together. It involves marriage, kids, and a white picket fence. But does it include love? Cayson and Skye are returning to their passionate romance, but Cayson still loathes Sean. After Skye tries talking to him about it, it backfires. She involves Slade, but will Slade have another ingenious plan up his sleeve? Arsen and Silke finally put the past behind them and move forward. After a romantic evening with just the two of them, everything seems right again. But what happens when Arsen falls under difficult times? Will he keep his promise to Silke or will he use his third strike?",https://images-na.ssl-images-amazon.com/images/S/compressed.photo.goodreads.com/books/1447658532i/27838754.jpg,server_url,upload\E.L. Todd\Hearts_Will_Beat_-_E._L._Todd.epub,1,,,,1,1
99449,1,2,8516,Free,Heaven Cent,"In the mind of Xanth's precious shapeshifting Prince Dolph, the perfect way to see the world is to search for the missing sorcerer, Humfrey. Setting off with his faithful companion, Marrow, an enchanted skeleton, Dolph will penetrate an island of illusion, escape a goblin kingdom, outwit a husband-hungry mermaid, save Marrow from bone-starved harpies, and find romance with a slinky snake princess--all on his way to discovering a magic coin with all the answers!",https://images-na.ssl-images-amazon.com/images/S/compressed.photo.goodreads.com/books/1388952917i/99449.jpg,server_url,upload\Piers Anthony\Heaven_Cent_-_Piers_Anthony.epub,1,,,,1,1
228075,1,5,86756,Free,Heaven Here on Earth,"Ryan's dream-come-true became a nightmare!The loan of her friend Mark's studio meant three blissful weeks for Ryan to sketch and paint. Every artist should be so lucky!Then she arrived at Montgomery Hall and found herself reacting to the insinuations of Mark's uncompromising older brother, Grant.Everything about Grant sent shivers of excitement through Ryan, evoking a response too powerful to ignore. But nothing she could say or do would convince the arrogant man of her integrity. Worst of all, Ryan found herself falling in love with him!",https://images-na.ssl-images-amazon.com/images/S/compressed.photo.goodreads.com/books/1277076800i/228075.jpg,server_url,upload\Carole Mortimer\Heaven_Here_on_Earth_-_Carole_Mortimer.epub,1,,,,1,1
34213001,1,1,5900266,Free,Hell and Damnation,"[Siren Menage Everlasting: Erotic Paranormal Menage a Quatre Romance, M/F/M/M, werewolves HEA] Lilli Anderson's job is to deliver a package to West End on Westlandia Island. However, once she sees the hot men she's delivering it to, she's ready to take a much-needed vacation. Why not enjoy a break, especially if she can have fun with three sexy men? Werewolf Rogan Legacy has a problem. His inner wolf is taking over, controlling when he transforms into his wolf body. Travis Fox, a wizard, and Martin Benedict, the town's human sheriff, are doing their best to find a cure for their friend, but time is running out. The shifts are coming faster and faster. Soon, Rogan won't be able to shift back into his human body. He'll stay in his wolf body forever, unable to be Lilli's human mate. Will Lilli find the answer to Rogan's problem or will one of her lovers spend the rest of his days as a wolf? Note: This book contains double penetration. Note: This book contains triple penetration. ** A Siren Erotic Romance",https://images-na.ssl-images-amazon.com/images/S/compressed.photo.goodreads.com/books/1486680432i/34213001.jpg,server_url,upload\Jane Jamison\Hell_and_Damnation_-_Jane_Jamison.epub,1,,,,1,1
74010,1,2,41942,Free,Hell to Pay,"In the wake of the war that left the Nightside leaderless, Jeremiah Griffin-one of the last of the immortal human families-plans to fill the power vacuum. But his granddaughter has disappeared, and he wants John Taylor to use his special abilities to find her. Except someone-or something-is blocking Taylor's abilities.",https://images-na.ssl-images-amazon.com/images/S/compressed.photo.goodreads.com/books/1431438104i/74010.jpg,server_url,upload\Simon R. Green\Hell_to_Pay_-_Simon_R._Green.epub,1,,,,1,1
19297331,1,3,797534,Free,Hellebore's Holiday,"Hellebore wants some time off from the singing, from being pressured to perform. When she takes off in the beginning of December, she is shocked to find her normal portal turning into a one-way trip into a prison.  With her head a bloody mess, she is taken to the doctor who treats her wounds with a confident touch. She gets the briefing on the prison, but one tiny detail is left out. Their prison is a holding area for a Christmas detachment.  All eight men are being held for crimes against their people’s traditions, but she finds that they are not all criminal. With a little bit of effort, she manages to send messages and get in touch with the outside world. Having friends is a very good thing when you are trapped for Christmas.",https://images-na.ssl-images-amazon.com/images/S/compressed.photo.goodreads.com/books/1386538112i/19297331.jpg,server_url,upload\Viola Grace\Hellebore's_Holiday_-_Viola_Grace.epub,1,,,,1,1
21840402,1,16,5900266,Free,Her Bear Lovers,"Independent, strong Mayla Weaton thinks Romeo and Juliet had it easy. At least they never had to deal with men changing into animals. Soon after finding out that shifters really exist, she realizes she’s in love with three werebears. She manages to accept their furry counterparts, but how can she keep her father from skinning her lovers and hanging their hides on the wall?Werebears Jadon, Curt, and Josh Barberson find their mate at the barrel end of a loaded rifle. Their choices? Either give her up or attack her father to keep her with them. Their inner Grizzlies are all for making her father turn tail and run, but either choice means they could lose Mayla.Then when the werewolves of Forever, Texas stick their muzzles into the mix, things really get hairy. Can’t a bear take a mate without everyone trying to tear them apart?",https://images-na.ssl-images-amazon.com/images/S/compressed.photo.goodreads.com/books/1396482958i/21840402.jpg,server_url,upload\Jane Jamison\Her_Bear_Lovers_-_Jane_Jamison.epub,1,,,,1,1
36367106,1,5,1160213,Free,Her Guardian's Christmas Seduction: Spicy guardian ward Christmas romance with guaranteed HEA...,"An unwilling guardian... a forbidden desire they can't control.  Stavros Aresteides never wanted the responsibility of his fifteen year old ward Claudia La Roche. He wanted it even less when she drank too much and begged him to take her to bed as an eighteen year old. Now, at twenty one, scandal seems to follow her and he has no choice but to intervene, kidnapping her to his estate in the English countryside where she can't cause any more trouble. Or so he thinks!  Claudia's heart was broken and her pride destroyed when Stavros crushingly rejected her foolish teenage advances. At twenty one and a much adored socialite, some things haven't changed. Claudia is still innocent, and she still wants Stavros to be her first lover.  But a passionate seduction is all it can ever be. Claudia has a secret that she can never share with her sexy, tempting guardian.  A story full of Christmas traditions and festive magic, heartbreak and hurt and the road to recovery if only you can let yourself trust... A festive romance that will set your soul on fire.",https://images-na.ssl-images-amazon.com/images/S/compressed.photo.goodreads.com/books/1507351878i/36367106.jpg,server_url,upload\Clare   Connelly\Her_Guardian's_Christmas_Seduct_-_Clare_Connelly.epub,1,,,,1,1
23849049,1,1,302363,Free,Her Little Spanish Secret,"Kat Richardson has never forgotten sexy Spanish surgeon Miguel, or the night they had four years ago, after which he left without trace. How could she when their little son is his mirror image? Now, in Seville, they meet again. Passion simmers…but Kat has news for Miguel that will shift their relationship to a whole new level!",https://images-na.ssl-images-amazon.com/images/S/compressed.photo.goodreads.com/books/1418974421i/23849049.jpg,server_url,upload\Laura Iding\Her_Little_Spanish_Secret_-_Unknown.epub,1,,,,1,1
15801522,1,5,171159,Free,Her Outback Rescuer,"On a train through the Outback...Hugo Thurston, big-shot billionaire and heir to the Thurston Empire, prefers to keep a low profile. But when traveling on the grand Ghan Railway, he finds himself sharing a dinner table with beautiful ex-ballerina Amy Cotton, who threatens to seriously derail his icy cool!She may be alluring, but Hugo has no time for distractions. This trip is about making life-changing career decisions...not succumbing to Amy's charms. But when Amy turns up in his suite, dressed in pink satin pajamas and begging him for help, it might just be too late....",https://images-na.ssl-images-amazon.com/images/S/compressed.photo.goodreads.com/books/1347278909i/15801522.jpg,server_url,upload\Marion Lennox\Her_Outback_Rescuer_-_Marion_Lennox.epub,1,,,,1,1
11348674,1,2,4615377,Free,Her Secret Desire,"Minerva Peabody needs a man. Unfortunately she picked the wrong one. The impoverished playwright has a dream to see her plays performed on stage but in Elizabethan England, not only are women considered the inferior sex, they simply do NOT write plays. Faced with rejection after rejection, she decides to take one more chance with the most desperate theater manager in London, only this time she'll use the cover of a man. Sucked in by a pair of bright blue eyes and impressive shoulders, she chooses Blake out of the crowd, never thinking he'll actually play an active role in her ruse. But when he does, he gets under her skin in the most alarming way.Privateer (don't call him a pirate to his face), Robert Blakewell, accepted Min's proposal in order to discover which cur among Lord Hawkesbury's Players got his sister with child. But when his mission threatens to destroy Min's fledgling career, he must make a choice: protect his family or the woman he has grown to love. Either choice will see him lose something precious.A SECRET LIFE is a romp through Elizabethan England and features cameo appearances from William Shakespeare.",https://images-na.ssl-images-amazon.com/images/S/compressed.photo.goodreads.com/books/1349267269i/11348674.jpg,server_url,upload\C.J. Archer\Her_Secret_Desire_-_C.J._Archer.epub,1,,,,1,1
42736533,1,17,1160213,Free,Her Surprise Baby Christmas,"One sinful night with consequences, at Christmas time...   “You’re beautiful,” he’d said, and she’d wondered if he was a little drunk. She’d wondered if he was very drunk. Only he wasn’t – he didn’t seem under the influence. He kissed her as he lay her down on the bed and pushed out of his shirt. Her fingers traced his naked chest, finding the ridges of his muscular abdomen, reveling in the unfamiliarity of this. She’d been a good girl all her life. No more. No longer. Not tonight. “I want you to make love to me,” she whispered, saying the words aloud for her own confidence, for her own conviction. Afraid, perhaps, that she might change her mind and chicken out at the last minute. “Love has nothing to do with it,” he said, but pushed up to smile, a smile that didn’t quite reach his eyes. And his words were reassuring, because he was right. Sex and love were two distinct prospects. “Sex. I want to have sex with you.”    It's a one night stand, nothing more. But when innocent Bella falls pregnant to the dashing Greek billionaire Vitalo Katrakis, there's only one solution: marriage!  He promises her the world for their baby, a life lived side-by-side, raising their child as a family - the one thing she's always coveted. Only a dark secret from their past has the power to tear this couple apart.  There's too much at stake for the truth to come out, but nothing stays secret forever...  Book four in the bestselling The Evermore Series is a Christmas romance filled with heat and heart, and hurts of the past.   A steamy, full-length contemporary romance that will set your soul on fire.",https://images-na.ssl-images-amazon.com/images/S/compressed.photo.goodreads.com/books/1541759342i/42736533.jpg,server_url,upload\Clare   Connelly\Her_Surprise_Baby_Christmas_-_Clare_Connelly.epub,1,,,,1,1
23783960,1,5,4107685,Free,Her Tender Tyrant,"Marcus moved through life expecting everything to be logical. Science could explain everything and he’d learned to make enormous profits understanding science. So when he runs into the illogical Juliette, his mind has a hard time understanding why she would walk down the street singing and dancing. There wasn’t any music! But no matter how much he craved logic and reason, his body craved Juliette more.Juliette is fascinated by Marcus’s stoicism. How could he walk down the street and not feel the joy in the sunshine? How could he ignore the sounds of the grasshoppers and birds? Or smile at the perfection of a flower? And how could her mind and body need a man who didn’t understand the joy of living life for the moment?Enjoy the fifth book in The Alfieri Saga!",https://images-na.ssl-images-amazon.com/images/S/compressed.photo.goodreads.com/books/1418405898i/23783960.jpg,server_url,upload\Elizabeth Lennox\Her_Tender_Tyrant_(The_Alfieri_-_Elizabeth_Lennox.epub,1,,,,1,1
36511045,1,1,5900266,Free,Her Wild Side,"[Siren Menage Erotic Contemporary Menage a Quatre Paranormal Romance, shape-shifter, werewolves, M/F/M/M, HEA] Tasha Harden's mother has been bitten and transformed by the elusive vampire-like animal called a chupacabra. Tasha is determined to keep her mother alive when two mysterious men attempt to kill her. But first, she has to find her mother. Werewolf brothers, Paul, Wick, and Shane Shilo have been watching the beautiful blonde for a while, unsure of what she's tracking. When she barrels into them as wolves, they can't resist her any longer. Talking her into trusting them isn't easy, though. She's suspicious even though she's drawn to them. However, the connection that brings all werewolves together is too strong for her to resist. They swear they'll help her find her mother, and she's grateful for the help. Can they help Tasha find her mother in time? Even then, will Tasha accept them for what they are? Or will heartbreak break them apart? This book contains triple penetration. ** A Siren Erotic Romance",https://images-na.ssl-images-amazon.com/images/S/compressed.photo.goodreads.com/books/1509477518i/36511045.jpg,server_url,upload\Jane Jamison\Her_Wild_Side_-_Jane_Jamison.epub,1,,,,1,1
22798137,1,5,7235860,Free,Here and Now,"The thirteenth installment of the Forever and Always Series  Mike takes each day one at a time as he tries to move on from Cassandra. But she’s constantly in his thoughts and on his mind. When his friends encourage him to move on, he can’t do it. And when an old flame throws herself at him, Mike still can’t fall through with it. But he doubts his relationship with Cassandra ever meant anything. If she left so easily, did she ever really love him?  Hazel continues to see Flynn, and she’s surprised when the girls aren’t drooling over him and trying to get his attention. He only has eyes for her and constantly proves he’s a trustworthy guy. When he meets the gang, Hazel is surprised by the reaction, Cortland’s most of all.  Sean deal with his parents divorce and realizes there’s nothing he can do to stop it. When he finally visits his mother, he’s surprised by how different she is. She isn’t the cruel and insufferable woman she used to be. He wonders if that will be enough for his father to stick around.  Ryan and Janice plan their wedding, but when Janice puts a ridiculous cost of the wedding on the table, Ryan snaps and World War III breaks out. But instead of Janice using her sinister moves on Ryan as punishment, the tables are turned.",https://images-na.ssl-images-amazon.com/images/S/compressed.photo.goodreads.com/books/1406596877i/22798137.jpg,server_url,upload\E.L. Todd\Here_and_Now_(Forever_and_Alway_-_E._L._Todd.epub,1,,,,1,1
44323666,1,3,7200339,Free,Here There be Dragons,"From the soaring spires of Castle Unseelie to the grandeur of the Court of the Nine Sons, Seren Firethorn seems destined to encounter dragons. But even surrounded by the fierce fairies, it's her uncle, the Unseelie King, who truly troubles her. Under the sea, manipulated by politics and plots, Seren strives to discover what Uisdean is really after. But each truth only reveals another layer of lies, creating a knot so tangled only dragon claws could sever it.",https://images-na.ssl-images-amazon.com/images/S/compressed.photo.goodreads.com/books/1552246012i/44323666.jpg,server_url,upload\Amy Sumida\Here_There_be_Dragons_(Book_4_i_-_Amy_Sumida.epub,1,,,,1,1
217714758,1,1,22294257,Free,"[ { THE HOUSE OF HADES (HEROES OF OLYMPUS #04) } ] by Riordan, Rick (AUTHOR) Oct-08-2013 [ Compact Disc ]",,https://dryofg8nmyqjw.cloudfront.net/images/no-cover.png,server_url,upload\Unknown Author\Heroes_of_Olympus_04_-_The_Hous_-_Rick_Riordan.epub,1,,,,1,1
104765,1,2,41942,Free,Hex and the City,"John Taylor is the name. I work the Nightside. Only in that dark heart of London where it's always three A.M., where human and inhuman can feed their darkest desires, do I feel at home. Probably because I was born there. What I do is find things--people, objects--and in this case, the truth about the origins of the Nightside. That's what Lady Luck has hired me to investigate. But the more I dig, the more I discover, not about the Nightside but about the great question in my life: exactly who--and what--was my long-vanished mother. Paying jobs are one thing. Personal quests are another. And I've been warned that uncovering the facts about dear old mum could be a very bad thing, not just for the Nightside but for all of existence. Still I can't stop . . . I'm John Taylor. Finding things is who I am. It's what I do. Whatever the consequences . . .",https://images-na.ssl-images-amazon.com/images/S/compressed.photo.goodreads.com/books/1390140819i/104765.jpg,server_url,upload\Simon R. Green\Hex_and_the_City_-_Simon_R._Green.epub,1,,,,1,1
139787470,1,2,32498,Free,Hide Away: An Eve Duncan Novel by Iris Johansen,"Iris Johansen's beloved forensic sculptor Eve Duncan is back and now the stakes are higher than ever. Dramatic changes are on the horizon for Eve and Joe Quinn and their relationship may never be the same. Faced with the task of protecting Cara Delaney, a young girl with ruthless enemies who want to see her dead, Eve takes her away to the remote Scottish Highlands where they join Jane MacGuire in search of a hidden treasure. But nowhere is far enough away to protect Cara from danger. With enemies closing in from all sides, Hide Away is a high-octane thriller that fans will not want to miss.",https://images-na.ssl-images-amazon.com/images/S/compressed.photo.goodreads.com/books/1697005419i/139787470.jpg,server_url,upload\Iris Johansen\Hide_Away__An_Eve_Duncan_Novel_-_Iris_Johansen.epub,1,,,,1,1
13159989,1,3,2965060,Free,Hide'n Go Seek,"A twisted game of Hide'n Go Seek forces an unlikely alliance between a no-nonsense FBI agent and a search-and-rescue worker.Celebrated search-and-rescue worker Kali Jordon has hidden her psychic abilities by crediting her canine partner Shiloh with the recoveries. But Kali knows the grim truth--The Sight that she inherited from her grandmother allows her to trace violent energy unerringly to victims of murder. No one knows her secret until a twisted killer challenges her to a deadly game of Hide'n Go Seek that threatens those closest to her. Now she must rely on FBI Special Agent Grant Summers, a man who has sworn to protect her, even as he suspects there's more to Kali and Shiloh than meets the eye. As the killer draws a tighter and tighter circle around Kali, she and Grant find there's no place to hide.Are her visions the key to finding the latest victim alive or will this twisted game of Hide'n Go Seek cost her...everything?",https://images-na.ssl-images-amazon.com/images/S/compressed.photo.goodreads.com/books/1420258748i/13159989.jpg,server_url,upload\Dale Mayer\Hide'n_Go_Seek_-_Dale_Mayer.epub,1,,,,1,1
6423,1,2,2384,Free,High Five,"Stephanie Plum has a whole lot of trouble on her doorstep.Her Uncle Fred has disappeared and Grandma Mazur is convinced he's been abducted by aliens.Meanwhile, Cousin Vinnie has asked her to bring in the vertically challenged Randy Briggs who's jumped bail. But instead of coming quietly, he has taken up residence in Stephanie's closet. The mysterious man called Bunchy is trailing Stephanie in the hope of tracking down Fred. And Benito Ramirez is back from jail, quoting Scripture and vowing to introduce Stephanie to God - face to face.Thankfully Joe Morelli, the irresistible cop, is still around to give her the odd sleepless night - though now he faces tough competition from the enigmatic Ranger...",https://images-na.ssl-images-amazon.com/images/S/compressed.photo.goodreads.com/books/1270849101i/6423.jpg,server_url,upload\Janet Evanovich\High_Five_-_Janet_Evanovich.epub,1,,,,1,1
56961712,1,2,5091,Free,High Heat: A Jack Reacher Novel,"July 1977. Jack Reacher is almost seventeen, and he stops in New York City on the way to visit his brother at West Point. The summer heat is suffocating, the city is bankrupt, and the mad gunman known as Son of Sam is still on the loose. Reacher meets a woman with a problem, and agrees to help her... but then the power grid fails and the lights go out, plunging the lawless city into chaos. What does a visiting teenager do in the dark? If that visiting teenager is Jack Reacher, the answer is plenty.",https://dryofg8nmyqjw.cloudfront.net/images/no-cover.png,server_url,upload\Lee Child\High_Heat__A_Jack_Reacher_Novel_-_Lee_Child.epub,1,,,,1,1
2931550,1,5,22369,Free,Hired: The Sheikh's Secretary Mistress,"Sheikh Amir bin Faruq al Zorha lives in New York, but the desert is where his heart lies. Now it's time for him to marry….Grace Brown, Amir's plain but indispensable assistant, isn't exactly queen material. No matter how tempted Amir is to take her innocence, she's off-limits. Until he returns to his homeland, where the barbarian prince replaces the businessman—and resolves that Grace will be his!",https://images-na.ssl-images-amazon.com/images/S/compressed.photo.goodreads.com/books/1327885941i/2931550.jpg,server_url,upload\Lucy Monroe\Hired_The_Sheikh's_Secretary_Mi_-_Unknown.epub,1,,,,1,1
1219229,1,14,86756,Free,His Cinderella Mistress,"January Calendar knows what Max Golding is up to. He's a handsome corporate lawyer out to buy up her family's land to build a tacky resort, and his tactics are to charm the pants off her--literallyBut as frosty as January tries to be with Max, she's soon forced to thaw a little--there's a stalker in her hometown, and only Max can protect her from being the latest victim However, that doesn't mean becoming Max's mistress--at the stroke of midnight, this Cinderella is determined to be safely tucked up in her ""own"" bed",https://images-na.ssl-images-amazon.com/images/S/compressed.photo.goodreads.com/books/1528406143i/1219229.jpg,server_url,upload\Carole Mortimer\His_Cinderella_Mistress_-_Carole_Mortimer.epub,1,,,,1,1
32184519,1,5,4107685,Free,His Erotic Obsession,"She’d been in love with the man since her first day on the job. And that love had grown deeper the longer she worked for him. But the man was obsessed with another woman, the lovely Delilah Jamison, singer extraordinaire, international jet setter. Rebecca was just the assistant. The assistant with a secret. A secret love for her boss and a secret music passion that her boss could never know about. From the moment he’d spotted her behind the receptionist’s desk, Marcus Benton had thought she was the sexiest, cutest and most interesting woman he’d ever met. He couldn’t get her out of his mind and, as she worked her way up in his company, he wanted her more and more. Working alongside her, he was determined to get to know the adorable Becca who buttoned her shirts up and wore prim clothes. He was dying to know what was beneath those conservative cardigans – and he wanted to know what else she was hiding behind those beautiful, amber eyes. When Rebecca’s secret comes out, could she trust Marcus with her secret? Could she handle the repercussions?",https://images-na.ssl-images-amazon.com/images/S/compressed.photo.goodreads.com/books/1474599588i/32184519.jpg,server_url,upload\Elizabeth Lennox\His_Erotic_Obsession_-_Elizabeth_Lennox.epub,1,,,,1,1
24409219,1,5,4107685,Free,His Expectant Lover,"While strolling the runways of Milan, Andie sees him and her heart begins to race. There is just something about the man that changes her world, makes everything brighter and happier. The more she gets to know Antonio, the more she falls in love with him. When their relationship reaches a physical crescendo, she tells him how her heart has fallen for him, thinking that he feels the same way. Unprepared, and suffering from a painful history with love, Antonio’s faltering response breaks her heart. Andie feels like she has finally met the heartless tycoon that everyone describes.  Although he isn’t able to respond in kind, Antonio feels far more than he would like when the lovely Andie professes her love for him. He knows that he wants to protect her, that he doesn’t want her to leave him, but he isn’t ready to be that vulnerable again. Her departure leaves him empty, until one day she shows up at his office, scared, too thin, still painfully beautiful…and pregnant. This time around, he is determined to keep her with him. He doesn’t know what he feels, but he knows that he can’t live without her.",https://images-na.ssl-images-amazon.com/images/S/compressed.photo.goodreads.com/books/1438964259i/24409219.jpg,server_url,upload\Elizabeth Lennox\His_Expectant_Lover_(The_Alfier_-_Elizabeth_Lennox.epub,1,,,,1,1
22821726,1,5,1160213,Free,His Loving Deception,"Lies told and secrets hidden...some grievances go too deep to be forgiven. Lady Cassandra Hervey has hidden her true identity for almost five years, and with good reason. She ran away from home at nineteen, under a cloud of suspicion for the theft of million pound jewels belonging to her horrid stepmother. Since then, she's worked hard to make a new life for herself. It's all going so well, until she meets Ben, the one man who has the power to ruin everything! Benedict Savarin can't bring himself to reveal Cassandra's secret. Yet. He tells himself he's just biding his time, but as weeks turn into months, he sees that their dark passion is fast evolving into something far, far more dangerous. When Cassandra realises that Benedict has discovered the secret of who she really is, she tries to run, but he isn't about to let her get away twice. Believing her capable of theft and worse, he uses every tool at his disposal to make her face up to her shameful past, and Cassandra knows she'll never forgive him for it. A story of seduction, betrayal, and unforgivable secrets from International bestseller Clare Connelly",https://images-na.ssl-images-amazon.com/images/S/compressed.photo.goodreads.com/books/1406428682i/22821726.jpg,server_url,upload\Clare   Connelly\His_Loving_Deception__A_story_o_-_Clare_Connelly.epub,1,,,,1,1
23386695,1,5,4107685,Free,His Reluctant Lover,"Don’t provoke a southern woman! As a southerner, Georgette has certain standards. But when Dylan Alfieri walks into the ballroom, all of her southern manners and poise are unable challenged when he looks her way. The steamy, sultry weather of New Orleans has nothing on that man! But Georgette can’t have a Yankee break through her defenses so easily! She has goals of her own and she can’t let some man, no matter how delicious he might be, interfere with those goals. Dylan loves Georgette’s southern ways. She’s funny, intelligent and passionate. When they touch, they set the night on fire! So why is she running away from such a perfect union? What happened in her past that has her running the other way?",https://images-na.ssl-images-amazon.com/images/S/compressed.photo.goodreads.com/books/1422705291i/23386695.jpg,server_url,upload\Elizabeth Lennox\His_Reluctant_Lover_-_Elizabeth_Lennox.epub,1,,,,1,1
31843258,1,5,4107685,Free,His Scandalous Commands,"She could sing like a hummingbird, had numerous platinum albums to her credit. But Lila Jamison, a.k.a. Delilah James, had no life. She went from concert to recording studio, working until she literally passed out. Fresh air, sleep and relaxation were the doctor’s orders. That’s how Lila found herself standing on her one hundred acre ranch with nothing but fresh air and pancakes to soothe her tired soul. Unfortunately, her ranch came with the hottest, orneriest, sexiest neighbor who had a horrible habit of stealing her pancakes. But was he the enemy? Was Jake really a reporter in disguise, ready to tell the world how sad and pathetic she was in real life? Someone was trying to kill Jake and was willing to hurt innocent bystanders to achieve that goal. So he headed out of the cities and to his ranch in Montana where he could spot a stranger from miles away. So what was he to do about the beautiful red-head that came to town the day after his arrival? Surely this couldn’t be his assassin, he thought. She didn’t even know how to eat pancakes properly! So what was the mission she was here to accomplish? Who was this mystery woman who couldn’t lie to save her soul but adopted every pathetic creature who limped onto her ranch?",https://images-na.ssl-images-amazon.com/images/S/compressed.photo.goodreads.com/books/1473125537i/31843258.jpg,server_url,upload\Elizabeth Lennox\His_Scandalous_Commands_-_Elizabeth_Lennox.epub,1,,,,1,1
222179744,1,1,22294257,Free,I FEEL BAD ABOUT MY NECK AND OTHER THOUGHTS ON BEING A VIRGIN,,https://dryofg8nmyqjw.cloudfront.net/images/no-cover.png,server_url,upload\Unknown Author\I_Feel_Bad_About_My_Neck_And_Ot_-_Unknown.epub,1,,,,1,1
125607,1,2,13730,Free,I Live in Your Basement!,"HE'S GOT THE BASEMENT BLUES!""Don't do this! Watch out for that!"" Marco's mom thinks the whole world is a danger zone. She won't even let Marco play softball.But Marco just wants to have fun. So he sneaks off to a game. And that's when it happens. He gets hit in the head with a baseball bat.Now things are getting really fuzzy. Really scary. Because when Marco gets home he gets the strangest call. From someone who says he lives in Marco's basement...",https://images-na.ssl-images-amazon.com/images/S/compressed.photo.goodreads.com/books/1387666350i/125607.jpg,server_url,upload\R.L. Stine\I_Live_in_Your_Basement_-_R._L._Stine.epub,1,,,,1,1
25641825,1,5,7235860,Free,I Want Your Love,"Arsen and Lydia continue to butt heads, and it doesn’t seem like the tension will ever dissipate. Silke will always be ostracized from their relationship, and Arsen keeps putting up with Lydia because he doesn’t have a choice.Lexie is miserable over her breakup with Conrad, and Conrad is doing even worse. Their mutual misunderstanding has led to heartbreak on both sides. Things look more hopeless than ever. But when Conrad runs into her at the sandwich shop during lunch, there’s hope things can be turned around.Cayson gets great news at work, but when he understands everything it entails, he’s no longer thrilled about it. The news will affect his relationship with Skye—forever.Slade and Trinity are still in the honeymoon phase, but when Slade discovers Trinity's intention to make him sign a prenup, he starts to doubt the strength of their marriage. Does Trinity doubt they’ll last? Should Slade doubt too?",https://images-na.ssl-images-amazon.com/images/S/compressed.photo.goodreads.com/books/1441239283i/25641825.jpg,server_url,upload\E.L. Todd\I_Want_Your_Love_-_E._L._Todd.epub,1,,,,1,1
25199691,1,1,7235860,Free,I Will Follow You,"Three months have come and gone since Conrad and Beatrice broke up, but what will happen when Beatrice shows up on his doorstep, full of remorse and regret? Will Conrad forgive her like he always has? Or will this be the end of the road?Roland and Heath are getting to know each other in a new way, and just when things are going great, Conrad stops by the apartment and asks Roland to go out. Will Roland continue to hide Heath? Or has this lie gone on long enough?Trinity refuses to speak to her father, and despite Slade’s attempts to put them back together, she remains angry with Mike. Claiming she never wants to see him ever again, she avoids him and plans a cheap wedding with Slade. But will she change her mind?Silke stays away from Arsen because his reappearance in her life only causes her pain. She never had the chance to tell him how much he hurt her, and now all she can think about was the heartache he caused. Will Arsen be able to regain any trust? Even her friendship?",https://images-na.ssl-images-amazon.com/images/S/compressed.photo.goodreads.com/books/1441239282i/25199691.jpg,server_url,upload\E.L. Todd\I_Will_Follow_You_-_E._L._Todd.epub,1,,,,1,1
25477514,1,5,7235860,Free,I Will Love You,"Heath is being pushed to the limit. Roland refuses to fess up to his parents about their relationship. Knowing Ander is willing to give him what he wants, he feels confused. Is there no future with Roland? Should he give up before he gets hurt even more?Skye is injured so she can’t fulfill her maid of honor duties. So Slade steps in, and it’s an event the gang will never forget.Conrad continues to spend time with Lexie, but the longer he spends time with her, the more he wants from her. Rather than leaving after hitting the sheets, he wants to stay. Whenever he’s not with her he thinks about her. But what does that mean?",https://images-na.ssl-images-amazon.com/images/S/compressed.photo.goodreads.com/books/1441239284i/25477514.jpg,server_url,upload\E.L. Todd\I_Will_Love_You_(Forever_and_Ev_-_E._L._Todd.epub,1,,,,1,1
27233804,1,5,7235860,Free,I'll Be There,"Despite all the attempts Slade has made to put Skye and Cayson back together, nothing has worked. Cayson refuses to see reason. His anger and rage drive him forward. But when Slade comes up with a new idea, will it work? Or will Cayson see right through the charade? Conrad continues his immoral lifestyle, juggling several girls at once and keeping a relationship with the infamous Georgia Price. But what happens when the tabloids spot them together and make them first-page news? Arsen isn’t himself, and he’s more lost than he’s ever been before. Finding something in his mother’s old closet causes Arsen to question everything—including himself.",https://images-na.ssl-images-amazon.com/images/S/compressed.photo.goodreads.com/books/1445235063i/27233804.jpg,server_url,upload\E.L. Todd\I'll_Be_There_-_E._L._Todd.epub,1,,,,1,1
3084729,1,14,86756,Free,Ice in His Veins,"No way would Eden agree to his demandsJason Earle had no right to make demands, much less insist that she go to England to see David Morton, her grandfather. After all, the old man had ignored Eden for years.True, Jason, his emissary, was breathtakingly handsome and a media magnate, as well. But that didn't give him power over Eden.Yet she did go. The shock of her grandfather's death marred her arrival and removed him from her life. It also bound her irrevocably to the devastating Jason.",https://images-na.ssl-images-amazon.com/images/S/compressed.photo.goodreads.com/books/1361504059i/3084729.jpg,server_url,upload\Carole Mortimer\Ice_In_His_Veins_-_Carole_Mortimer.epub,1,,,,1,1
23877055,1,2,7235860,Free,If Loving You Is Wrong,"Book Two of the Forever and Ever Series Cayson and Skye enjoy their bliss for the months of the winter season. Every night, they sleep in the same bed. And every waking hour is spent side-by-side. But their physical relationship hasn’t taken off. Skye realizes she’s afraid to dive into intimacy, realizing they can never go back to being friends if their relationship doesn’t work out. When she confesses this to Cayson, his response changes everything.Slade is enjoying his single life more than he should. Out with a different girl every night and having his freedom is what gives him the most joy. But when Trinity makes a stupid decision and gets herself in a dangerous situation, he drops everything just to help her. But his help is unappreciated. Fighting like soldiers across a battlefield, Slade despises Trinity and wishes she would just disappear. But when a war between them emerges, along with glasses of beer and whiskey, the unexpected happens. A night of drunken sex against the wall of his apartment building both give them the greatest satisfaction they’ve ever known.But what will that mean for them?",https://images-na.ssl-images-amazon.com/images/S/compressed.photo.goodreads.com/books/1428102032i/23877055.jpg,server_url,upload\E.L. Todd\If_Loving_You_Is_Wrong_(Forever_-_E._L._Todd.epub,1,,,,1,1
202856511,1,1,25950,Free,If You Don't Know by Now,,https://dryofg8nmyqjw.cloudfront.net/images/no-cover.png,server_url,upload\Teresa Southwick\If_You_Don't_Know_By_Now_-_Teresa_Southwick.epub,1,,,,1,1
238139,1,2,17065,Free,Imitation in Death,"Summer, 2059. A man wearing a cape and a top hat approaches a prostitute on a dark, New York City street. Minutes later, the woman is dead. Left at the scene is a letter addressed to Lieutenant Eve Dallas, inviting her to play his game and unveil his identity. He signs it, ""Jack."" Now Dallas is in pursuit of a murderer who knows as much about the history of serial killers as she does. He has studied the most notorious and the most vicious slayings in modern times. But he also wants to make his own mark. He has chosen his victim: Eve Dallas. And all Eve knows is that he plans to mimic the most infamous murderers of all starting with Jack the Ripper...",https://images-na.ssl-images-amazon.com/images/S/compressed.photo.goodreads.com/books/1305124047i/238139.jpg,server_url,upload\J.D. Robb\Imitation_in_Death_-_J._D._Robb.epub,1,,,,1,1
15722934,1,3,17059,Free,Immortal Ever After,"New York Times best-selling author Lynsay Sands delivers a wickedly fun Argeneau novel featuring a vampire ready to claim his mate and the beauty who resists her fate!A kiss doesn’t mean eternity...Valerie Moyer doesn’t believe in vampires - until she is kidnapped by a fanged psychopath! After escaping her bloodthirsty captor, she’s through with creatures of the night. Until she finds herself under the protection of the darkly handsome Anders. Not only is she expected to accept that Anders is immortal, but also that she is the woman destined to be his life mate!...Or does it?Anders felt a connection to Valerie from the moment he cradled her bruised body in his arms. But before he claims her, he must destroy the vampire who almost stole her from him forever. His job would be easier if Valerie didn’t fight him every step of the way. Still, Anders loves a challenge, and the green-eyed beauty is worth fighting for!",https://images-na.ssl-images-amazon.com/images/S/compressed.photo.goodreads.com/books/1362369474i/15722934.jpg,server_url,upload\Lynsay Sands\Immortal_Ever_After_-_Lynsay_Sands.epub,1,,,,1,1
238126,1,2,17065,Free,Immortal in Death,"When Police Lieutenant Eve Dallas investigates the murder of a top model, she is putting her career on the line, because the prime suspect is her best friend. Eve's investigations lead her into the glamorous world of high fashion.",https://images-na.ssl-images-amazon.com/images/S/compressed.photo.goodreads.com/books/1348108817i/238126.jpg,server_url,upload\J.D. Robb\Immortal_in_Death_-_J._D._Robb.epub,1,,,,1,1
26512,1,2,14255,Free,Impossible,"When a high-powered gallery owner collides with a wildly offbeat artist, it’s the perfect recipe for disaster. But in her 63rd bestselling novel, Danielle Steel proves that when two hopelessly mismatched people share a love for art, a passion for each other, and a city like Paris, nothing is truly impossible...or is it?Everything Sasha does is within the boundaries of tradition. Liam is sockless in December. Sasha is widowed, a woman who knows she was lucky enough to be married to the most wonderful man in the world and thankful for every moment they had. Liam is half in and half out of a marriage that only a “wacky” artist could manage, and that his own impossibly impulsive behavior has helped tear apart. But while Sasha has been methodically building her father’s Parisian art gallery into an intercontinental success story, Liam has been growing into one of the most original and striking young painters of his time. So while the two are utterly unalike-–and a nine-year age difference stares them squarely in the face-–the miracle of art brings them crashing together. Now the question is, can Sasha guard her reputation while juggling a secret, somewhat scandalous relationship? And how can Liam, who lives for the moment, put up with a woman who insists on having things her own way, in her own style, and at her own time?For Sasha, it’s a matter of keeping Liam hidden from her grown children and well-heeled clientele as she commutes between New York and Paris and two thriving galleries. For Liam, it’s about creating chaos out of order, bringing out the wild streak that Sasha barely knows she has, of choosing pizza over foie gras, and making love when others are busy making money. That is, until a family tragedy suddenly alters Liam’s life–-and forces a choice and a sacrifice that neither one of them could have expected. But from the snow falling on the Tuileries to the joy of eating ice cream by candlelight, the artist and the art dealer have tasted perfection. And giving up now might just be the most impossible thing of all.With unerring insight into the hearts of men and women–-and into the soul of the artist-–Danielle Steel takes us into a world of glamour and genius, priceless art and dazzling creativity. From the luxurious galleries of Europe to the endless beaches of the Hamptons, Impossible weaves an extraordinary tale of love and compromise, of taking chances and counting blessings. With brilliant color and breathtaking emotion, Danielle Steel has written her most compelling novel to date.From the Hardcover edition.",https://images-na.ssl-images-amazon.com/images/S/compressed.photo.goodreads.com/books/1388331914i/26512.jpg,server_url,upload\Danielle Steel\Impossible_-_Danielle_Steel.epub,1,,,,1,1
1043489,1,5,171159,Free,In Dr Darling's Care,"On her way to a locum job, Dr. Lizzie Darling runs into her new boss. Unfortunately she's in her car at the time, leaving Dr. Harry McKay with a broken leg!Lizzie doesn't want to be a family doctor, or to get involved in the tiny community of Birrini. She doesn't want to get involved with Harry, either, no matter how attractive and likeable he is. But, as the only available doctor, she has to stay. And, slowly but surely, Lizzie finds her heart going out to Birrini and its dangerously charming doctor....",https://images-na.ssl-images-amazon.com/images/S/compressed.photo.goodreads.com/books/1180462354i/1043489.jpg,server_url,upload\Marion Lennox\In_Dr._Darling's_Care_-_Marion_Lennox.epub,1,,,,1,1
8193929,1,2,28946,Free,In Memories We Fear,"A series of killings in England point to a new-and feral-vampire. Vampires Eleisha and Philip and their human companion travel to London to make contact with the terrified creature, to offer him sanctuary and stop the bloodshed. But the vampire they find is not what they expected...",https://images-na.ssl-images-amazon.com/images/S/compressed.photo.goodreads.com/books/1328124441i/8193929.jpg,server_url,upload\Barb Hendee\In_Memories_We_Fear_-_Barb_Hendee.epub,1,,,,1,1
35010934,1,5,4107685,Free,In The Boss' Bed,"Standing in the doorway to his office, Zeke Steele is floored by the woman tsking at the chaos. Five minutes before, his mind had been focused on the chaos. Now his mind couldn’t get past her dark curls, her luscious figure. In that moment, Zeke realized that his bachelor days were over.  And yet, he laughed when he overheard the vivacious Marcy telling one of his ex-lovers that he was gay.  Zeke was going to have to prove the lovely and mischievous Marcy that she was very wrong.  Marcy had been working for the amazingly handsome and overly buff Teague Steele for a long time, but thought of him as her big brother. Not so when she faced off with Teague’s older brother! Oh no, no brotherly affection for this man! Zeke Steele made her burn! He caused images to flash through her mind – completely inappropriate images!  Unfortunately, Marcy was on a mission to finish law school and the incredibly handsome and gorgeously lust-worthy Zeke Steele would have to wait.  That was until…she got pregnant!",https://images-na.ssl-images-amazon.com/images/S/compressed.photo.goodreads.com/books/1493479627i/35010934.jpg,server_url,upload\Elizabeth Lennox\In_The_Boss'_Bed_(The_Steele_Br_-_Elizabeth_Lennox.epub,1,,,,1,1
17251871,1,5,386699,Free,In the Eyes of Crazy,"Payson thought he’d found his mate once, but had been wrong. With his senses screwed up by scientist’s experiments, he no longer trusts them. He sleeps with any nice smelling, willing male—and some females—hoping his hyena will want to keep one of them. He’s shocked and delighted when he and his animal are in agreement over one sexy, nerdy human—Land Zimmerman. The sex is fantastic, Land’s shy virgin playfulness even better, and Payson gives in to his hyena’s urge to mark Land. The next morning, things heat up, and not in a good way. Payson’s jealous hyena attacks a fellow pack-member standing a little too close to Land. Can Payson convince his skittish human that he’s not as crazy as he seems?",https://images-na.ssl-images-amazon.com/images/S/compressed.photo.goodreads.com/books/1358261435i/17251871.jpg,server_url,upload\Charlie Richards\In_the_Eyes_of_Crazy_Kontra_Men_-_Charlie_Richards.epub,1,,,,1,1
24393060,1,5,1160213,Free,In the Hands of the Sheikh,"This is a previously published edition of ASIN B00S0JRFGK. There is an alternate cover edition for this ASIN here.Phoebe Douglas-Cauve feels like she's won the lottery when her abusive stepfather dies of a sudden heart attack. Finally, she is free! Or so she thinks. Unfortunately, her future becomes irrevocably entwined with that of Sheikh Hakim of Mehran. A single look from the powerful ruler is enough to set her body on fire, but can she ever like a man who speaks so highly of her horrible stepfather? Will she be able to get him to understand the truth of her childhood? The powerful Sheikh Hakim Al Meshuda is far from pleased to be thrust into the role of guardian. Particularly as his charge is spoiled, selfish and distractingly beautiful. He puts her out of his mind, as best as he is able. Until, at twenty one, she arrives in Mehran, a sophisticated, troublesome, sexy woman. Resisting her is no longer an option... He wants her. That much is obvious. But just how far is he prepared to go to get Phoebe into his life and keep her there?",https://images-na.ssl-images-amazon.com/images/S/compressed.photo.goodreads.com/books/1426451606i/24393060.jpg,server_url,upload\Clare   Connelly\In_the_Hands_of_the_Sheikh__Tak_-_Clare_Connelly.epub,1,,,,1,1
41053421,1,9,7200339,Free,In the Nyx of Time,"Time can be a killer.At the battle for Dvārakā, Nyx and her friends were defeated, and now, she wants revenge. She's convinced a god of time to help her, and they intend to change the past. As Nyx's nefarious plan unfolds, the Godhunter is tossed through time with only her instincts and a couple of sassy Consciousnesses to guide her. Will it be enough to get her back to her proper present, or will this time belong to Nyx?",https://images-na.ssl-images-amazon.com/images/S/compressed.photo.goodreads.com/books/1533510703i/41053421.jpg,server_url,upload\Amy Sumida\In_the_Nyx_of_Time_-_Amy_Sumida.epub,1,,,,1,1
15825932,1,2,"3389,88506,24659",Free,In the Tall Grass,"Mile 81 meets N. in this e-book collaboration between Stephen King and Joe Hill.In the Tall Grass begins with a sister and brother who pull off to the side of the road after hearing a young boy crying for help from beyond the tall grass. Within minutes they are disoriented, in deeper than seems possible, and they’ve lost one another. The boy’s cries are more and more desperate. What follows is a terrifying, entertaining, and masterfully told tale, as only Stephen King and Joe Hill can deliver.In the Tall Grass was originally published in two parts in the June/July and August 2012 issues of Esquire magazine. This is their second collaboration since the novella Throttle, published in 2009.",https://images-na.ssl-images-amazon.com/images/S/compressed.photo.goodreads.com/books/1346688418i/15825932.jpg,server_url,upload\Stephen        King\In_the_Tall_Grass_-_Stephen_King.epub,1,,,,1,1
25899998,1,5,7235860,Free,In Too Deep,"Cayson and Skye enjoy their honeymoon, but when they return home, both of their hearts are heavy. Cayson will leave in a few days and Skye is beginning to break down in grief. Will Cayson really leave? Or will Skye ask him to stay? Clementine and Ward are enjoying the new addition to their family, but what happens when they need some alone time? Slade has auditions for a new guitarist for his band. He finds the perfect person who plays guitar better than he does and has even better vocals. But she’s a girl. Will he give her the gig? Or will Trinity not allow him to? Macy continues to pursue Conrad and doesn’t let up. Conrad keeps this knowledge to himself because he fears Lexie will get the wrong idea. But what happens when Macy arrives at Conrad’s office, just moments before Lexie shows up?",https://images-na.ssl-images-amazon.com/images/S/compressed.photo.goodreads.com/books/1441239291i/25899998.jpg,server_url,upload\E.L. Todd\In_Too_Deep_-_E._L._Todd.epub,1,,,,1,1
41725441,1,5,86756,Free,Indecent,"This 26,000 word novella was previously published in A Regency Duo by Carole Mortimer & Angelique Armae. There have been no changes or additions from the original novella. INDECENT (Regency Lovers 1) is the 1st book in USA Today Bestselling Author, Carole Mortimer’s, NEW Regency series. Impoverished Miss Emma Harris can hardly believe her good fortune when Adam Stirling, the handsome and imposing Duke of Hawkwood, asks her father for her hand in marriage. However, she feels thoroughly humiliated when she attends a masked ball that very same evening and sees Hawkwood in a compromising position with a married woman. A very compromising position, in fact it is positively INDECENT. Angry and upset, Emma confronts Hawkwood with what she saw, accusing him of only wanting to marry her as a shield to his affairs with other women. Accusations the duke denies. Half in love with the arrogant Hawkwood, Emma is devastated when she learns the real reason he asked her to marry him. But if Emma thinks Adam is the type of gentleman to meekly accept her rejection, she is about to learn exactly how INDECENT he can be when he wants something as deeply as he now wants Emma. More books by Carole NEW Regency Lovers INDECENT (Regency Lovers 1) OBSESSION (Regency Lovers 2) CRAVING (Regency Lovers 3) More books to come in this series Steele Protectors - NEW Contemporary Romantic Suspense Series COMING SOON LOGAN (Steele Protectors 1) More books to come in this series Regency Sinners Wicked Torment (Regency Sinners 1) Wicked Surrender (Regency Sinners 2) Wicked Scandal (Regency Sinners 3) Wicked Deception (Regency Sinners 4) Wicked Captive (Regency Sinners 5) Wicked Temptation (Regency Sinners 6) Wicked Sinner (Regency Sinners 7) Wicked Christmas (Regency Sinners 8) Bk 8 Completes this Series Dragon Hearts NATHANIEL (Dragon Hearts 1) DERYK (Dragon Hearts 2) BRYN (Dragon Hearts 3) DYLAN (Dragon Hearts 4) GRIGOR (Dragon Hearts 5) GARRETT (Dragon Hearts 6) AERAN & RHYS (Dragon Hearts 7) Regency Unlaced 9 book Regency romance series Contemporary Knight Security Series – spin-off to Alpha 7 book Romantic Suspense series Contemporary Alpha 8 book Romantic Suspense series Carole Mortimer has written 240 books in Regency, Contemporary, and Paranormal romance. In 2015 she became the Recipient of the prestigious Romance Writers of America’s Lifetime Achievement Award. She was awarded a Romantic Times Career Achievement Award in 2017. She is an Entertainment Weekly Top 10 Romance Author—ever. A 2014 Romantic Times Pioneer of Romance author. She was also recognized by Queen Elizabeth II in 2012, for her “outstanding service to literature”.",https://images-na.ssl-images-amazon.com/images/S/compressed.photo.goodreads.com/books/1727457340i/41725441.jpg,server_url,upload\Carole Mortimer\Indecent_(Regency_Lovers_1)_-_Carole_Mortimer.epub,1,,,,1,1
28104704,1,2,3399330,Free,Independence Day: Resurgence: The Official Movie Novelization,"Hybrid fighters merging human and alien technology. Massive cannon emplacements on the Moon and Mars. A planetary defense force with the finest military personnel ever trained. For two decades we’ve known the enemy would return.The nations of Earth have collaborated on a unified defense program designed to defend the planet. Yet nothing could prepare us for the immensity of their new assault, and only the courage and skill of a few brave men and women can hope to bring our world back from the brink of extinction.",https://images-na.ssl-images-amazon.com/images/S/compressed.photo.goodreads.com/books/1449329932i/28104704.jpg,server_url,upload\Alexander C. Irvine\Independence_Day-_Resurgence-_T_-_Unknown.epub,1,,,,1,1
7685763,1,2,17065,Free,Indulgence in Death,"When a murder disrupts the Irish vacation she is taking with her husband, Roarke, Eve realizes that no place is safe - not an Irish wood or the streets of the manic city she calls home. But nothing prepares her for what she discovers upon her return to the cop shop in New York City....A driver for a top-of-the-line limousine service is found dead - shot through the neck with a crossbow. The car was booked by an executive at a venerable security company whose identity had been stolen. Days later, a stunning, high-priced escort is found killed at Coney Island, a bayonet stuck in her heart. And again, the trail leads to a CEO whose information has been hijacked.With a method established, but no motive to be found, Eve begins to fear that she has come across that most dangerous of criminals, a thrill killer, but one with a taste for the finer things in life - and death. Eve does not know where or when the next kill will be, or that her investigation will take her to the rarefied circle that Roarke travels in - and into the perverted heart of madness....",https://images-na.ssl-images-amazon.com/images/S/compressed.photo.goodreads.com/books/1292915498i/7685763.jpg,server_url,upload\J.D. Robb\Indulgence_in_Death_-_J._D._Robb.epub,1,,,,1,1
9028189,1,14,19687,Free,Injured Innocent,"""The choice is yours,"" Joel was sayingJoel's biting contempt of her over a teenage episode that he had wrongly interpreted had permanently scarred Lissa--left her unable to respond to any man.Now, years later, they were at loggerheads over their joint guardianship of her sister's little girls. No way would Lissa give them up. But Joel's proposal of marriage came as a shock.She'd learned to live without Joel. How could she possibly learn to live with him? Knowing his contempt for her was still there, knowing that she loved him.",https://images-na.ssl-images-amazon.com/images/S/compressed.photo.goodreads.com/books/1348338267i/9028189.jpg,server_url,upload\Penny Jordan\Injured_Innocent_-_Penny_Jordan.epub,1,,,,1,1
74033,1,2,17065,Free,Innocent in Death,"When history teacher Craig Foster is found dead in his classroom, his young wife is devastated, and his family, friends and colleagues all shocked. The two ten-year old students who discovered his body may be traumatised for life.Magdalena Percell, an old flame of Eve's billionaire husband Roarke, has turned up in New York, and she's anything but innocent. Unfortunately, Roarke seems blind to Magdalena's maniuplations, but not to her shapely figure and flirtatious ways. But Eve will have to put aside her potential heartbreak, for a while at least- because another man has just turned up dead…",https://images-na.ssl-images-amazon.com/images/S/compressed.photo.goodreads.com/books/1425837557i/74033.jpg,server_url,upload\J.D. Robb\Innocent_in_Death_-_J._D._Robb.epub,1,,,,1,1
102856,1,2,17065,Free,Interlude in Death,"In early spring of 2059, Lieutenant Eve Dallas is called off planet to face a grueling ordeal - giving a seminar at the largest police conference of the year, to be held in a swanky resort. A resort which just happens to be owned by her husband, Roarke, of course. Even though Eve can't quite see it that way, it's supposed to be at least partly a vacation. But work intrudes in the form of a bloody homicide, and Eve is off and running. The case is complicated by Eve's personal history with the victim - and by the killer's history with Roarke. As danger closes in and the body count rises, Eve must find a way to stop the cycle of violence and revenge, and shove the past back where it belongs.",https://images-na.ssl-images-amazon.com/images/S/compressed.photo.goodreads.com/books/1390188390i/102856.jpg,server_url,upload\J.D. Robb\Interlude_in_Death_-_J._D._Robb.epub,1,,,,1,1
31204939,1,5,2965060,Free,Into the Abyss,"Life is never easy but when her family is killed by a serial killer — one who is never caught — it becomes almost impossible. As she grows up, Tavi works to appear normal while hiding in law enforcement, determined to get answers and if she can — extract revenge. Jericho is a hunter. Now he's caught the scent of an old prey, a serial killer he's been one step behind the whole way. Then Jericho catches wind of the killer's next victim... Which is none other than a detective with a little too impressive track record for getting her man. Only she wants nothing to do with him. Or his protection. And he can't leave her alone... Sparks fly from the first meet — in more ways than one. But when energy flares it also attracts. And the killer realizes he can kill two enemies in one swoop. He's cleaning up. Turning a new leaf. And wants no one left alive who can stop him...",https://images-na.ssl-images-amazon.com/images/S/compressed.photo.goodreads.com/books/1469308888i/31204939.jpg,server_url,upload\Dale Mayer\Into_the_Abyss_-_Dale_Mayer.epub,1,,,,1,1
143679498,1,5,7235860,Free,Into The Fire (Gorgeous Entourage) (Volume 1) by E. L. Todd,"AshDespite everything I've done for my parents, I'll never be good enough for them. Instead of seeing a man to be proud of, they just see an embarrassment. I served four tours in Afghanistan but that doesn't mean anything to them. They only see the ink, the party life, and my short stint in jail. And nothing else.When they were in trouble, I handed over my life savings. I didn't think twice about it because they're my family, my blood. They raised me to be my own man and gave me everything I needed. It didn't matter that it was every penny I had. It didn't matter that the money was set aside for my future. My dreams. Because they needed me.But now they refuse to pay me back until I become the man they think I should be. AlessandraI have an unusual professional. I escort men, acting as their date to family functions or work parties. It's my job to act deeply in love with my client. And I always nail it.But it's not what you think.I'm not a prostitute.I'm not a call girl.I'm an actress. Get it right.There are strict rules when it comes to my profession. There is no touching, kissing, or anything but hand-holding. Those who choose not to comply will get a swift kick in the nuts.But all this goes to hell when Ash walks into my life.",https://images-na.ssl-images-amazon.com/images/S/compressed.photo.goodreads.com/books/1696022198i/143679498.jpg,server_url,upload\E.L. Todd\Into_The_Fire_(Gorgeous_Entoura_-_E._L._Todd.epub,1,,,,1,1
35792761,1,3,41942,Free,Into the Thinnest of Air,"Dinner at an ancient Cornish inn leads to one baffling disappearance after another in the latest intriguing Ishmael Jones mystery. 
""It's just a nice weekend, in a nice country inn. Nothing bad is going to happen ...""Ishmael Jones and his partner Penny are attending the re-opening of Tyrone's Castle, an ancient Cornish inn originally built by smugglers. Over dinner that night, the guests entertain one another with ghost stories inspired by local legends and superstitions. But it would appear that the curse of Tyrone's Castle has struck for real when one of their number disappears into thin air. And then another . . .Is the inn really subject to an ancient curse? Sceptical of ghost stories, Ishmael believes the key to the mystery lies in the present rather than the past. But with no bodies, no evidence and no clues to go on, how can he prove it?",https://images-na.ssl-images-amazon.com/images/S/compressed.photo.goodreads.com/books/1510850689i/35792761.jpg,server_url,upload\Simon R. Green\Into_the_Thinnest_of_Air_-_Simon_R._Green.epub,1,,,,1,1
44323762,1,9,7200339,Free,Into the Void,"The Godhunter defies death itself!The second series split will leave you reeling with delight!The Void, the source of all souls, is a place very few gods remember anymore. It's also the one place Vervain Lavine needs to find if she wants to bring Odin back to life. There's only one god who can help her, a god who not only remembers the Void but has been there himself. Lucifer Morningstar, Satan, Beelzebub, the Devil, yeah that guy. He also happens to be her boyfriend's father.Maybe getting Odin back won't be so hard after all.Sure, no problem, if only the Godhunter's life wasn't going to Hell in a handbasket. First she ends up on an archangel watch list, then mermaids start washing up with beached whales, and finally some idiot god tries to start a zombie apocalypse. Vervain barely has time to breathe, how will she ever make it into the Void?Into the Void is part of a series split. It can be read alone or together with Out of the Darkness. It features a split cover which can be placed beside Out of the Darkness to create a full picture.",https://images-na.ssl-images-amazon.com/images/S/compressed.photo.goodreads.com/books/1552246846i/44323762.jpg,server_url,upload\Amy Sumida\Into_the_Void_-_Amy_Sumida.epub,1,,,,1,1
7884898,1,2,8685,Free,Intrigues,"""Spellbinding storyteller"" ( Rave Reviews ) Mercedes Lackey continues her epic Valdemar series.Magpie is a thirteen-year-old orphan chosen by one of the magical Companion horses of Valdemar and taken to the capital city, Haven, to be trained as a Herald. Like all Heralds, Magpie learns that he has a hidden Gift-the Gift of telepathy.But life at the court is not without obstacles. When Mags is ""recognized"" by foreign secret operatives whose purpose is unknown, Mags himself comes under suspicion. Who are Magpie's parents-who is he, really? Can Mags solve the riddle of his parentage and his connection with the mysterious spies-and prove his loyalty-before the king and court banish him as a traitor?",https://images-na.ssl-images-amazon.com/images/S/compressed.photo.goodreads.com/books/1442957356i/7884898.jpg,server_url,upload\Mercedes Lackey\Intrigues_-_Mercedes_Lackey.epub,1,,,,1,1
233913822,1,1,"12692,22294257",Free,Invictus (Morcai Battalion) by Diana Palmer,,https://dryofg8nmyqjw.cloudfront.net/images/no-cover.png,server_url,upload\Diana Palmer\Invictus_-_Diana_Palmer.epub,1,,,,1,1
18812445,1,2,12692,Free,Invincible,"He's everything she fears…and everything she wants Mercenary by name and by nature, Carson is a Lakota Sioux who stays to himself and never keeps women around long enough for anything emotional to develop. But working with his friend Cash Grier on a complex murder investigation provides Carson with another kind of fun—shocking Cash's sweet but traditional secretary, Carlie Blair, with tales of his latest conquests. Then Carlie lands in deep trouble. She saw something she shouldn't have, and now the face of a criminal is stored permanently in her photographic memory…and Carlie is the key piece of evidence that could implicate a popular politician in the murder case. Her only protection is Carson—the man she once despised. But when she learns that Carson is more than just a tough guy, Carlie realizes she's endangered herself further. Because now her only chance to live means losing her heart to the most dangerous kind of man….",https://images-na.ssl-images-amazon.com/images/S/compressed.photo.goodreads.com/books/1395538081i/18812445.jpg,server_url,upload\Diana Palmer\Invincible_-_Diana_Palmer.epub,1,,,,1,1
2081250,1,2,12692,Free,Iron Cowboy,"HARD-HEARTED TEXANRancher Jared Cameron was a mystery to everyone in Jacobsville, Texas ... and he liked it that way. Only sweet-natured bookseller Sara dared to intrude on his privacy --- informing the loner that a book on ogres might be more appropriate for a man of his qualities. Charmed by her audaciousness, Jared seduced the town's plain Jane. But their burgeoning relationship soon thrust Sara into Jared's hidden world of intrigue.Now the iron cowboy had to steel himself for the fight of his life ... and his heart.",https://images-na.ssl-images-amazon.com/images/S/compressed.photo.goodreads.com/books/1348886070i/2081250.jpg,server_url,upload\Diana Palmer\Iron_Cowboy_-_Diana_Palmer.epub,1,,,,1,1
82812,1,2,14255,Free,Irresistible Forces,"Danielle Steel's forty-seventh bestselling novel is very much about the tides of our times, changes and responsibilities in the workplace pull two people in different directions, sweeping them into new lives and changed worlds...Irresistible ForcesFor fourteen years, Steve and Meredith Whitman have sustained a marriage of passion and friendship--despite the demands of two all-consuming careers.  Meredith, an investment banker, has achieved partnership in one of Wall Street's top firms.  Steve, a gifted physician, chose an urban trauma ward over the big money he could have earned elsewhere.  The only thing missing in their lives is children.  Steve longs for them.  But Meredith keeps putting off motherhood, saying she isn't ready and doesn't have time.  Not yet.  Especially now that she has been offered an extraordinary opportunity, a chance to reach for the brass ring--in San Francisco, three thousand miles away.  Meredith is thrilled and surprised when Steve urges her to accept a top position at an exciting young high-tech company.  Traditionally, men's careers forces families to move to new cities, compelling their wives to abandon friends, home, and lives to follow.  But Steve is more than willing to uproot himself. Saying he'll join her as he can find a new job himself, they can begin their family at last.Neither Steve nor Meredith had reckoned on the frustrations of a bi-coastal marriage, as Steve's job keeps him in New York for months longer than planned.  Weekends together, their lifeline, fall prey to their hectic schedules.  Alone in San Francisco, Meredith is spending long hours at the office with her boss, charismatic entrepreneur Callan Dow.  Steve working late shifts at the hospital, grabbing an occasional dinner with a new colleague, a doctor raising a daughter on her own.  Almost unnoticed, Steve and Meredith have begun living separate lives in increasingly separate worlds.  And despite the best of intentions, irresistible forces begin to tear their lives and hearts apart.With unerring insight, Danielle Steel explores what happens when lives that fit together like delicately balanced puzzles are shifted, changed, and drift apart.  Only time can tell who and what they will become as life sweeps them onward and deposits them on new, sometimes frightening, and often exciting shores.  Who survives, is at the core of Irresistible Forces.>From the Hardcover edition.",https://images-na.ssl-images-amazon.com/images/S/compressed.photo.goodreads.com/books/1171026175i/82812.jpg,server_url,upload\Danielle Steel\Irresistible_Forces_-_Danielle_Steel.epub,1,,,,1,1
99450,1,2,8516,Free,Isle of View,"LovelornLoveworn Love LostPerplexed Prince Dolph, Xanth's precocious shapeshifter, should be in love but isn't. Nonetheless, he must choose between two fiancees--Nada the uninterested and Electra the uninteresting--or all three of them will suffer the most dire consequences. Luckily a convenient catastrophe has popped up to distract Dolph from his dilemma--the foal-napping of young Che Centaur by goblins. And the only one who knows where Che is is a nice but remarkably naive elflike girl named Jenny from the World of Two Moons. If anyone can save the missing centaur...she sure can't.",https://images-na.ssl-images-amazon.com/images/S/compressed.photo.goodreads.com/books/1394119623i/99450.jpg,server_url,upload\Piers Anthony\Isle_of_View_-_Piers_Anthony.epub,1,,,,1,1
35190616,1,1,16874312,Free,It: A Screenplay,A screenplay for the Warner Bros film based on the novel by Stephen King.,https://images-na.ssl-images-amazon.com/images/S/compressed.photo.goodreads.com/books/1495434879i/35190616.jpg,server_url,upload\Cary Fukunaga & Chris Palmer\It__A_Novel_-_Stephen_King.epub,1,,,,1,1
42383688,1,5,2965060,Free,Jackson,"A bullet takes out his rig, but a mechanic captures his heart…When Jackson is forced to pull his rig to the side of the road as the radiator overheats, he’s not impressed, but when a bouncy mechanic in camo drives back to help him, he’s even less enthralled – with himself. She’s smart, capable, single and knows a whole lot more about mechanical things than he does.But when he hears that it’s a bullet that’s brought his rig to a stop, he knows exactly what to do – save the woman at his side and find the men who did this.Deli was sent to assist Jackson and his sidelined rig. Only to find they are caught up in a double cross that has bullets flying and bodies dropping… some of them very close to her.If only it was that simple… as the bodies start to fall, and their passion starts to heat up… who will be the final casualties in take the last shot in the final act?",https://images-na.ssl-images-amazon.com/images/S/compressed.photo.goodreads.com/books/1547517532i/42383688.jpg,server_url,upload\Dale Mayer\Jackson_-_Dale_Mayer.epub,1,,,,1,1
14004,1,2,8685,Free,Jinx High,"Fay Harper looks like any other teenage girl--any other Queen Bee, that is. She's blond, and beautiful, and very, very popular--the kind of popular that attracts boys like honey. Fay and her gang take a lot of risks, but so far they've managed to get away with everything. It's as if they are magically protected.Summoned to Tulsa by an old friend whose son has fallen in with Fay's crowd, Diana Tregarde, practicing witch and successful romance novelist, quickly finds herself in hot water. The new girl at school, Monica Carlin, has come under sorcerous attack, but Diana cannot identify, or stop, the power-wielder. To make matters worse, there is an ancient being sleeping under Tulsa, a being who might be woken by the magic battles taking place in the city. What will happen then, even Diana cannot predict... in Mercedes Lackey's Jinx High.",https://images-na.ssl-images-amazon.com/images/S/compressed.photo.goodreads.com/books/1402654728i/14004.jpg,server_url,upload\Mercedes Lackey\Jinx_High_-_Mercedes_Lackey.epub,1,,,,1,1
134610847,1,2,721,Free,THE FIRM By JOHN GRISHAM 1991 March First Edition,"6 ½ x 9 ½ (approximately) 421 pages. BACKGROUND/ March 1991 First Edition stated with the correct number line present '1 3 5 7 9 10 8 6 4 2'. DOUBLEDAY, NY 1991. Book was made into a very popular movie which starred Tom Cruise and Gene Hackman among others.",https://images-na.ssl-images-amazon.com/images/S/compressed.photo.goodreads.com/books/1698887089i/134610847.jpg,server_url,upload\John Grisham\John_Grisham_-_1991_The_Firm_-_John_Grisham.epub,1,,,,1,1
123822081,1,2,721,Free,"The Chamber: Written by John Grisham, 1994 Edition","In the corridors of Chicago's top law firm:Twenty -six-year-old Adam Hall stands on the brink of a brilliant legal career. Now he is risking it all for a death-row killer and an impossible case.Maximum Security Unit, Mississippi State Prison:Sam Cayhall is a former Klansman and unrepentant racist now facing the death penalty for a fatal bombing in 1967. He has run out of chances -- except for one: the young, liberal Chicago lawyer who just happens to be his grandson.While the executioners prepare the gas chamber, while the protesters gather and the TV cameras wait, Adam has only days, hours, minutes to save his client. For between the two men is a chasm of shame, family lies, and secrets -- including the one secret that could save Sam Cayhall's life... or cost Adam his.--jgrisham.com",https://images-na.ssl-images-amazon.com/images/S/compressed.photo.goodreads.com/books/1697846877i/123822081.jpg,server_url,upload\John Grisham\John_Grisham_-_1994_The_Chamber_-_John_Grisham.epub,1,,,,1,1
10493389,1,2,14255,Free,Johnny Angel,"In her fifty-eighth bestselling novel, Danielle Steel tells the breathtaking story of a mother’s love and a son’s gift, of the tragedy that nearly destroyed a family...and the miracle that saved them.Johnny AngelWith a word or a smile, seventeen-year-old Johnny Peterson could light up a room, fill his mother’s heart with pride, and inspire the best in those around him. A star athlete and class valedictorian, tall, lanky Johnny had a future filled with promise--until he stepped into a car on prom night, dazzling in his rented tux, and in an instant, it was all taken away.In the months that follow, Johnny’s family and high school sweetheart, Becky, struggle to put together the pieces of their shattered lives. No one is more devastated than Johnny’s mother, Alice, whose oldest son owned her heart from the day he was born. But amid the heartache, something miraculous is about to happen to the Peterson family, something that will alter the course of each of their lives. When a sudden illness sends Alice to the hospital, a glorious vision comes to her in her dreams. There, standing before her, is Johnny himself, with that familiar twinkle in his eye, gently urging his bewildered mother to be strong for her splintered family. For Alice, seeing her marvelous lost boy is a miracle she can’t quite believe but is more than willing to embrace. In the weeks to come, Johnny will appear in the most unlikely places, visible only to the two people who need him his nine-year-old brother, locked in a silent world, whose special needs Johnny always seemed to understand…and his mother, who has always nurtured her family, but who now needs a guardian angel of her own.Through a season of hope and healing, Johnny will walk by his mother’s side, leaving miracles in his wake, leading his parents, his girlfriend, his sister, and his brother out of their grief. But as Alice is about to discover, Johnny has returned not just to help those he loves, but to uncover a purpose even he cannot comprehend--one that will change them all forever.An unforgettable story of loving and letting go, of mixed blessings and second chances, Johnny Angel is a celebration of life, hope, and forgiveness. It will make you laugh and cry…and hold your loved ones just a little bit closer.",https://images-na.ssl-images-amazon.com/images/S/compressed.photo.goodreads.com/books/1677801046i/10493389.jpg,server_url,upload\Danielle Steel\Johnny_Angel_-_Danielle_Steel.epub,1,,,,1,1
232490831,1,1,"86756,22294257",Free,Jordan St Claire: Dark and Dangerous (Mills & Boon Romance) (Mills & Boon Hardback Romance) by Carole Mortimer,,https://dryofg8nmyqjw.cloudfront.net/images/no-cover.png,server_url,upload\Carole Mortimer\Jordan_St_Claire__Dark_and_Dang_-_Carole_Mortimer.epub,1,,,,1,1
59845,1,2,14255,Free,Journey,"Everyone knows Madeleine and Jack Hunter. Maddy is an award-winning TV anchorwoman. Jack is the head of her network. To the world, theirs is a storybook marriage. But behind the doors of their lush Georgetown home a different story emerges.Maddy has always tried to deny Jack's subtle put-downs, control, and jealousy. She has no bruises, only the daggers of fear, humiliation, and isolation--as powerful as the gun or the fist, the wounds as deep. It seems impossible that a woman the nation idolizes lives in degradation and fear. Maddy's secrets are well kept, even from herself.Maddy's healing begins when she joins the First Lady's Commission on Violence Against Women. There, she hears eerily familiar stories from terrified wives and girlfriends. And there she comes to know Bill Alexander, a distinguished diplomat. Bill suspects that something is terribly wrong in Maddy's marriage and begs her to open her eyes.As she takes the first steps toward freedom, a remarkable series of events unfolds... a stranger from Maddy's past reappears... White House headlines bring the nation to a standstill... and a devastating tragedy forces Maddy to realize how much has been taken from her. Faced with the most difficult choice of her life, Maddy finds a strength she never knew she had and a gift that will change her life forever.With wisdom and compassion, bestselling novelist Danielle Steel reminds us that no one is exempt from the effects of abuse, in its subtlest forms. But at its core, Journey is a book about hope, about change, and about daring to be free.",https://images-na.ssl-images-amazon.com/images/S/compressed.photo.goodreads.com/books/1170537049i/59845.jpg,server_url,upload\Danielle Steel\Journey_-_Danielle_Steel.epub,1,,,,1,1
13993,1,2,8685,Free,Joust,"THE SECRET OF THE DRAGONSVetch was an Altan serf working the land which had once been his family's farm. Young and slight, Vetch would have died of overwork, exposure, and starvation if not for the anger which was his only real sustenance--anger that he had lost his home and family in a war of conquest waged by the dragon-riding Jousters of Tia. Tia had usurped nearly halt of Alta's lands and enslaved or killed many of Vetch's countrymen. Sometimes it seemed that his entire cruel fate revolved around dragons and the Jousters who rode them.But his fate changed forever the day he first saw a dragon.From its narrow, golden, large-eyed head, to its pointed emerald ears, to the magnificent blue wings, the dragon was a thing of multicolored, jeweled beauty, slim and supple and quite as large as the shed it perched on. Vetch, almost failed to notice the Jouster who stood beside him. ""I need a boy,"" the rider had said, and suddenly Vetch found himself lifted above the earth and transported by dragon-back to a different world.Vetch was to be trained as a dragon-boy, and he hardly believed his luck. The compound seemed like paradise: he could eat until he was full, and all he had to do was care for his Jouster's dragon, Kashet.It didn't take long for Vetch to realize that Kashet was special--for unlike other dragons, Kashet was gentle by nature and did not need the tranquilizing tala plant to make her tracttable. Vetch became determined to learn the secret of how Kashet had been tamed. For if Kashet could be tamed, perhaps Vetch could tame a dragon of his own. And if he could, then he might be able to escape and bring the secret of dragon-taming back to his homeland of Alta. And that secret, might prove to be the key to Alta's liberation....",https://images-na.ssl-images-amazon.com/images/S/compressed.photo.goodreads.com/books/1388335864i/13993.jpg,server_url,upload\Mercedes Lackey\Joust_-_Mercedes_Lackey.epub,1,,,,1,1
13130,1,2,"3780,8214",Free,Judge & Jury,"Andie DeGrasse, an aspiring actress and single mom, is not your typical juror. Hoping to get dismissed from the pool, she tells the judge that most of her legal knowledge comes from a bit part curling around the stripper's pole in The Sopranos. But she still ends up as juror number 11 in a landmark trial against a notorious mob boss.
The judge is terrified of the defendant.
The case quickly becomes the new Trial of the Century. Mafia don Dominic Cavello, known as the Electrician, is linked to hundreds of gruesome, unspeakable crimes. Senior FBI agent Nick Pellisante has been tracking him for years. He knows Cavello's power reaches far beyond the courtroom but the FBI's evidence against the ruthless killer is ironclad. Conviction is sure thing.
So is the jury.
As the jury is about to reach a verdict, the Electrician makes one devastating move that no one could have predicted. The entire nation is reeling, and Andie's world is shattered. For her, the hunt for the Electrician becomes personal, and she and Pellisante come together in an unbreakable bond: they exact justice - at any cost.
The verdict: Run for your life.",https://images-na.ssl-images-amazon.com/images/S/compressed.photo.goodreads.com/books/1440619495i/13130.jpg,server_url,upload\James  Patterson\Judge_&_Jury_-_James_Patterson.epub,1,,,,1,1
89160,1,2,17065,Free,Judgment in Death,"'She stood in Purgatory and studied death. The blood and the gore of it, the ferocity of its glee. It had come to this place with the wilful temper of a child, full of heat and passion and careless brutality.' In an uptown strip joint a cop is found bludgeoned to death. The weapon's a baseball bat. The motive is a mystery. It's a case of serious overkill that pushes Eve Dallas straight into overdrive. Her investigation uncovers a private club that's more than a hot spot. Purgatory's a last chance for atonement where everyone is judged. Where your ultimate fate depends on your most intimate sins. And where one cop's hidden secrets are about to plunge innocent souls into vice-ridden damnation...",https://images-na.ssl-images-amazon.com/images/S/compressed.photo.goodreads.com/books/1390135645i/89160.jpg,server_url,upload\J.D. Robb\Judgment_in_Death_-_J._D._Robb.epub,1,,,,1,1
6490942,1,2,8516,Free,Jumper Cable,"In the thirty-third thrilling escapade in Piers Anthony€™s rousing Xanth fantasy series, an adventurous arachnid named Jumper must assume human form to save the enchanted realm from a cosmic peril.A cataclysmic battle between two all-powerful Demons has severed a mystical connection that joins Xanth to our own world. The key to restoring it is hidden within a cryptic prophecy that Jumper discovers when he is suddenly transformed from spider to man. As he sets out to discern the prophecy's meaning, he gathers about him a half dozen alluring damsels who do their best to help him solve the riddle while vying for his attentions. But a seductive siren and her demonic consort have determined to use their wiles to lure Jumper and his lovely companions away from their urgent mission. In a madcap adventure that is alternately harrowing and hilarious, they soon discover that danger, deception, and even true love may be found where they least expect it.In Ju",https://images-na.ssl-images-amazon.com/images/S/compressed.photo.goodreads.com/books/1316729663i/6490942.jpg,server_url,upload\Piers Anthony\Jumper_Cable_-_Piers_Anthony.epub,1,,,,1,1
3697357,1,2,41942,Free,Just Another Judgement Day,"God's own enforcer, the righteous engine of destruction known as the Walking Man, has come to the Nightside. His sole purpose is the elimination of the wicked and the guilty, which means no one will be left in the Nightside once he gets started. So the Authorities have hired P.I. John Taylor to stop him. Legend has it that he can't be killed. Taylor is very much hoping that the legend isn't true.",https://images-na.ssl-images-amazon.com/images/S/compressed.photo.goodreads.com/books/1442798612i/3697357.jpg,server_url,upload\Simon R. Green\Just_Another_Judgement_Day_-_Simon_R._Green.epub,1,,,,1,1
25730042,1,5,7235860,Free,Just For You,"Trinity develops an elaborate plan to get Slade to rethink their divorce. She knows the only way to get him back is to seduce him. Whenever they’re intimate, Slade can’t close his heart off to her. For him, it’s impossible. But she needs the help of Cayson and Arsen to make it happen. Sean has an interview with a reporter, and when he learns that the press knows Roland is gay, it complicates his life. His company and reputation are on the line. But what will Sean do? Will he stand by his son and support him? Or will he put his company first? Conrad is happy with Lexie, and he begins to fall harder for her. Expensive gifts and tender words of love are always directed at her. When Mike pressures Conrad to seal the deal and get down on one knee, Conrad says he’s not ready for it. And when he mentions she’s infertile, Mike’s attitude completely changes. Cayson and Skye hear back from the realtor, but the news isn’t good.",https://images-na.ssl-images-amazon.com/images/S/compressed.photo.goodreads.com/books/1441239291i/25730042.jpg,server_url,upload\E.L. Todd\Just_For_You_-_E._L._Todd.epub,1,,,,1,1
10417752,1,3,7581,Free,Kat,"Short story about another Edison Group subject. Originally published in The Eternal Kiss. Kat’s story continued in Hunting Kat, originally published in Kisses from Hell.",https://dryofg8nmyqjw.cloudfront.net/images/no-cover.png,server_url,upload\Kelley Armstrong\Kat_-_Kelley_Armstrong.epub,1,,,,1,1
6057518,1,1,181377,Free,Where the Heart Is,"Home...The stunning glacial peaks of Patagonia seem the perfect place for Dr Rowena Thompson to heal her fragile emotions. When she meets consultant Luke MacKenzie she learns that hers isn't the only heart in need of help.Is where the heart is...Their journey is full of saving lives and challenging emotions, and through it they find a love that neither has experienced before. A love that is tested when Rowena faces a life-changing diagnosis that is familiar to them both. Only if they confront their fears than they face anything, anywhere, as long as they are together24:7 Feel the heat - every hour... every minute... every heartbeat...",https://images-na.ssl-images-amazon.com/images/S/compressed.photo.goodreads.com/books/1462009647i/6057518.jpg,server_url,upload\Kate Hardy\Kate_Hardy_where_the_heart_is_-_Unknown.epub,1,,,,1,1
74050389,1,1,181377,Free,Where The Heart Is,"Home… The stunning glacial peaks of Patagonia seem the perfect place for Dr. Rowena Thompson to heal her fragile emotions. When she meets consultant Luke MacKenzie she learns that hers isn't the only heart in need of help. Is where the heart is… Their journey is full of saving lives and challenging emotions, and through it they fi nd a love that neither has experienced before—a love that is tested when Rowena faces a life-changing diagnosis that is familiar to them both. Only if they confront their fears can they face anything, anywhere, as long as they are together.",https://images-na.ssl-images-amazon.com/images/S/compressed.photo.goodreads.com/books/1677900643i/74050389.jpg,server_url,upload\Kate Hardy\Kate_Hardy_where_the_heart_is_2_-_Unknown.epub,1,,,,1,1
54898158,1,2,"31758192,5091",Free,Killing Floor,"Penguin Readers is an ELT graded reader series for learners of English as a foreign language. With carefully adapted text, new illustrations and language learning exercises, the print edition also includes instructions to access supporting material online. Titles include popular classics, exciting contemporary fiction, and thought-provoking non-fiction, introducing language learners to bestselling authors and compelling content. The eight levels of Penguin Readers follow the Common European Framework of Reference for language learning (CEFR). Exercises at the back of each Reader help language learners to practise grammar, vocabulary, and key exam skills. Before, during and after-reading questions test readers' story comprehension and develop vocabulary. Visit the Penguin Readers websiteExclusively with the print edition, readers can unlock online resources including a digital book, audio edition, lesson plans and answer keys.Reacher was a soldier, and then he was in the military police. But now he is traveling the United States of America with nothing much to do. Then one morning, he is arrested - for murder!",https://images-na.ssl-images-amazon.com/images/S/compressed.photo.goodreads.com/books/1626705752i/54898158.jpg,server_url,upload\Kate        Williams\Killing_Floor_-_Lee_Child.epub,1,,,,1,1
133651712,1,2,5091,Free,Killing Floor (Jack Reacher Novels) by Lee Child,"• الرواية الأولى في سلسلة ""جاك ريتشر"" الشهيرة، والأكثر مبيعًا على مستوى العالم. • شخصية جاك ريتشر من أهم الشخصيات التي تحولت إلى سلسلة أفلام سينمائية في هوليوود.تخيل أن تكون المحقق الأفضل على الإطلاق وأنت المتهم في نفس الوقت!تُهمة غير عادية تلتصق باسم البطل ""جاك ريتشر""، لكنه الرجل الوحيد الذي يمكنه التحقيق فيها.. يواجه ريتشر تفاصيل جريمة غامضة.. فمنذ اللحظة الأولى التي تخطو فيها قدماه حدود بلدة صغيرة يفاجأ بملاحقة الشرطة له، والقبض عليه للاشتباه به في جريمة قتـ ـل رجل مجهول الهُوية، وبعدما يذهب ريتشر للسجن تتطور الأحداث؛ ليظهر رجل بريء يعترف بالجريمة خوفًا من مصير مؤلم!تلك هي قضايا ريتشر المفضلة، لكن الرابط الذي يربطه بالجريمة يبدو أقوى مما يظن.. تُرى هل يتمكن رجل بذكائه من حل اللغز رغم التفاصيل الدرامية والإنسانية التي به؟ما سر تلك البلدة الغريبة؟ وإلى أي مدى ستصل خطورة الأمر؟ رحلة من التشويق والإثارة، يحاول فيها بطل الرواية العثور على القا تل الحقيقي الذي قلب حياته وحياة سكان البلدة بأكملها رأسًا على عقب. رواية : طابق مخصص للقتـ ـلللكاتب : لي تشايلدترجمة : خالد أمين",https://images-na.ssl-images-amazon.com/images/S/compressed.photo.goodreads.com/books/1696301748i/133651712.jpg,server_url,upload\Lee Child\Killing_Floor_-_Reacher_01_-_Lee_Child.epub,1,,,,1,1
5943970,1,2,17065,Free,Kindred in Death,"When the newly promoted captain of the NYPSD and his wife return a day early from their vacation, they were looking forward to spending time with their bright and vivacious sixteen-year-old daughter who had stayed behind.Not even their worst nightmares could have prepared them for the crime scene that awaited them instead. Brutally murdered in her bedroom, Deena's body showed signs of trauma that horrified even the toughest of cops; including our own Lieutenant Eve Dallas, who was specifically requested by the captain to investigate.When the evidence starts to pile up, Dallas and her team think they are about to arrest their perpetrator; little do they know yet that someone has gone to great lengths to tease and taunt them by using a variety of identities. Overconfidence can lead to careless mistakes. But for Dallas, one mistake might be all she needs to bring justice.",https://images-na.ssl-images-amazon.com/images/S/compressed.photo.goodreads.com/books/1348954491i/5943970.jpg,server_url,upload\J.D. Robb\Kindred_in_Death_-_J._D._Robb.epub,1,,,,1,1
30347426,1,1,7235860,Free,Kiss Me There,"Silke has her first art exposition and the self-doubt is getting the best of her. Unsure how the night will turn out she constantly walks on eggshells. And when an unexpected guest arrives, she’s even more uneasy.  Slade films his first music video, but the director insists on hiring a hot supermodel to play his love interest on screen. Will Slade go for it? Or will he have another plan in mind?  Trinity receives an unexpected visitor in her office. While nothing harmful comes to pass she can’t shake off the feeling that’s settled in her bones. Is the past really behind her? Or was that just the beginning?  Roland and Heath enjoy their honeymoon in Switzerland, but the bliss comes to a halt when Roland notices something that he can’t ignore.",https://images-na.ssl-images-amazon.com/images/S/compressed.photo.goodreads.com/books/1465015648i/30347426.jpg,server_url,upload\E.L. Todd\Kiss_Me_There_-_E._L._Todd.epub,1,,,,1,1
327940,1,2,"4766,66724",Free,Knight or Knave,"Times are changing in Rendelsham. The old King is dead, and the foolish Prince Florian has assumed the throne. Florian's mother, Queen Ysa of the House of Oak, still controls the land from behind the scences, but her job grows more difficult every day. Her unworthy, headstrong son is harder to control than her husband was, and she must spend more time than ever masking her own movements. Her husband's illegitimate daughter Ashen, heir to the nearly dead House of Ash, still causes trouble by her very existence, and must never be given an opening to the throne. The barbarian Sea-Rover clan presents problems from the edge of the Bog, Ysa's newest magical ally has been exposed as a traitor, and nothing is going as Ysa had planned.And still the unknown yet encroaching threat from the North continues to grow.Through births and deaths, marriages and duels, love and betrayal, magic and force, the four Houses of Rendelsham can only survive by the strength of their unity--but is unity possible in such a court of intrigue as this one?",https://images-na.ssl-images-amazon.com/images/S/compressed.photo.goodreads.com/books/1312056161i/327940.jpg,server_url,upload\Andre Norton\Knight_or_Knave_-_Andre_Norton.epub,1,,,,1,1
49903430,1,2,2879706,Free,Dragontiarna: Knights,"Ridmark Arban has defeated both the mighty Frostborn and the evil of the Seven Swords, and now he only wishes to live quietly with his family.  But Ridmark's oldest enemy, the Warden of Urd Morlemoch, has not forgotten him.  And the Warden knows a dangerous secret.  For the dragons are returning...",https://images-na.ssl-images-amazon.com/images/S/compressed.photo.goodreads.com/books/1564524351l/49903430.jpg,server_url,upload\Jonathan Moeller\Knights_-_Jonathan_Moeller.epub,1,,,,1,1
18303270,1,3,2965060,Free,"Knock, Knock…","There’s no best-by date for revenge.Wealthy and beautiful Shay Lassiter runs the prestigious Lassiter Foundation, but her connections and resources prove worthless when her fiancé tries to murder her. Now, she’s guarding her heart and using her knack for reading people’s intentions – both good and evil – to guide her. But when the Foundation’s clients start dying, she must turn to the new man in her life…one who’s giving her mixed signals.Computer specialist and ex-cop, Roman Chandler, has a secret. It involves Shay and could ruin the fragile relationship he’s building with her. Though he can’t tell her the truth, he needs to convince her to trust him. He fears that whoever is behind this is about to turn his vengeance on Shay…And vengeance can be deadly.",https://images-na.ssl-images-amazon.com/images/S/compressed.photo.goodreads.com/books/1376046561i/18303270.jpg,server_url,"upload\Dale Mayer\Knock,_knock___-_Dale_Mayer.epub",1,,,,1,1
25917649,1,5,386699,Free,Kort's Treasure,"Kort is a gargoyle and known as the friendly playboy of the clutch, while nothing could be further from the truth. As much as he flirts with almost every available male that enters the gargoyle’s estate, he’s never taken any to his bed. Kort is waiting, just as he has been for over three hundred years. After watching a number of his buddies be blessed with their mates, he has faith that Fate will soon reveal his own other half.  When Kort smells something wonderful on the clothes of a fellow gargoyle’s mate, he is quick to question the human. He suspects the other man has been in contact with his mate. Learning that the owner of the scent, a human named Mace Capston, was just in the emergency room, Kort locates the human’s home and takes up a vigil. He waits impatiently for his opportunity to speak to the human. The first time he has a conversation with the injured man, however short and in the darkness, leaves Kort eager for more.  When Mace’s attacker returns, Kort whisks the cute human to safety…too bad his mate passes out from fear in the process. Can Kort convince Mace that the creature from the dark is not the real monster?",https://images-na.ssl-images-amazon.com/images/S/compressed.photo.goodreads.com/books/1437010912i/25917649.jpg,server_url,upload\Charlie Richards\Kort's_Treasure_-_Charlie_Richards.epub,1,,,,1,1
11871983,1,2,61693,Free,Labyrinth,"Each step, each test, each twist and turn leads closer to deathA book dealer lies imprisoned in a Boston mansion, an IV tube dripping a lethal narcotic cocktail into his veins. In thirty-six hours, he'll be dead. His final request is to receive a visit from one women...It wasn't the most hospitable invitation she'd ever received. Archaeologist Annja Creed is being rushed to Massachusetts, abducted by a famous environmental terrorist - a zealot willing to kill anyone who gets in his or the planet's way. He has taken the book dealer hostage in order to steal a rare and very valuable treatise called the Tome of Prossos. Annja is the key to retrieving the ancient manuscript hidden somewhere deep within the mansion. But the book is well-protected. In order to find it, she must survive the rigors of an elaborate maze. She has only twelve hours to decipher the labyrinth's sinister secret... a secret that could ensure she never emerges.",https://images-na.ssl-images-amazon.com/images/S/compressed.photo.goodreads.com/books/1388448486i/11871983.jpg,server_url,upload\Alex Archer\Labyrinth_-_Alex_Archer.epub,1,,,,1,1
255628,1,2,12692,Free,Lacy,"Cole Whitehall had asked Lacy Jarrett to wait for him. But after the war, he returned to the rambling Whitehall cattle ranch a changed man, the promise of lasting love replaced by a cold, hard distance. And Lacy yearned to reignite the unquenched passion they'd once shared.Unwittingly compromised into marriage, Cole refused to let Lacy get too close—but still, she longed to learn the secrets the handsome Texan harbored in his heart. Tormented, she wouldn't let him shoulder the burden alone, and soon the pursuit of an endless love burned bright enough to set their world ablaze….",https://images-na.ssl-images-amazon.com/images/S/compressed.photo.goodreads.com/books/1389654196i/255628.jpg,server_url,upload\Diana Palmer\Lacy_-_Diana_Palmer.epub,1,,,,1,1
1219230,1,14,86756,Free,Lady Surrender,"She was no threat to his friend's marriageAt first Aaron Grantley couldn't see why his best friend would throw away eight good years of marriage for the likes of Charly Allenby. But before long he couldn't imagine any man--married or otherwise--not losing his head over her.Charly felt as if she'd been run over by a steamroller. Aaron Grantley was presumptuous, overbearing, impossible to reason with--and hopelessly attractive.The fire in his eyes at her resistance reminded Charly of another man who'd loved a challenge, too--outside their marriage. An easy conquest had held no interest for him!",https://images-na.ssl-images-amazon.com/images/S/compressed.photo.goodreads.com/books/1347756082i/1219230.jpg,server_url,upload\Carole Mortimer\Lady_Surrender_-_Carole_Mortimer.epub,1,,,,1,1
30381453,1,2,4512224,Free,Last Command,"In the final days of the empire, Cyborg Corps Colonel Leonidas Adler plans to die in a manner befitting of an imperial officer: he will fight until his last breath, giving his life to defend Emperor Markus. As it was meant to be.But when the emperor himself summons him for a final special mission, how can he refuse?",https://images-na.ssl-images-amazon.com/images/S/compressed.photo.goodreads.com/books/1465419001i/30381453.jpg,server_url,upload\Lindsay Buroker\Last_Command_-_Lindsay_Buroker.epub,1,,,,1,1
39705820,1,3,2879706,Free,Last Judge,"My master made a deal with the devil, but I'm the one who has to pay. Two items I've stolen for the Rebels, and I only need to steal one more thing for them. Trouble is, it's in Last Judge Mountain, a secret military base left over from before the High Queen of the Elves conquered Earth. There are things in Last Judge Mountain that should never again see the light of day. And if I go into the mountain, I might never come out again...",https://images-na.ssl-images-amazon.com/images/S/compressed.photo.goodreads.com/books/1522701328i/39705820.jpg,server_url,upload\Jonathan Moeller\Last_Judge_-_Jonathan_Moeller.epub,1,,,,1,1
140080,1,2,17061,Free,Last Scene Alive,"Aurora Teagarden has never forgotten her first a serial killer who terrorized suburban Lawrencetown. Now that story is about to hit the small screen. Even if she wanted to, Aurora can't help getting involved. Her ex, Robin, wrote the TV movie's screenplay and her stepson, Barrett, has a starring role. Then there's Celia—the catty actress portraying Roe—who, by the way, also happens to be Robin's latest squeeze.But when Celia is murdered and Barrett is accused, the real-life script takes a deadly turn. Between threatening letters, deranged fans and renewed feelings for Robin, Aurora has one catch a killer and make it to the final scene alive.",https://images-na.ssl-images-amazon.com/images/S/compressed.photo.goodreads.com/books/1408694207i/140080.jpg,server_url,upload\Charlaine Harris\Last_Scene_Alive_-_Charlaine_Harris.epub,1,,,,1,1
255623,1,2,12692,Free,Lawman,"By purchasing a ranch in Jacobsville, Texas, FBI agent Garon Grier hopes to put his tragic marriage behind him. While he is working on the case of a child predator who recently escaped from prison, he encounters Grace Carver, the only child to escape alive from the deadly convict.",https://images-na.ssl-images-amazon.com/images/S/compressed.photo.goodreads.com/books/1386922107i/255623.jpg,server_url,upload\Diana Palmer\Lawman_-_Diana_Palmer.epub,1,,,,1,1
40317,1,2,2384,Free,Lean Mean Thirteen,"New secrets, old flames, and hidden agendas are about to send bounty hunter Stephanie Plum on her most outrageous adventure yet! MISTAKE #1Dickie OrrStephanie was married to him for about fifteen minutes before she caught him cheating on her with her archnemesis, Joyce Barnhardt. Another fifteen minutes after that, Stephanie filed for divorce, hoping never to see either one of them again.  MISTAKE #2Doing favors for super bounty hunter Carlos Manoso (aka Ranger)Ranger needs Stephanie to meet with Dickie and find out if he’s doing something shady. Turns out, he is. Turns out, Dickie’s also back to doing Joyce Barnhardt. And it turns out Ranger’s favors always come with a price. . . . MISTAKE #3Going completely nutso while doing the favor for Ranger, and trying to apply bodily injury to Dickie in front of the entire office Now Dickie has disappeared, and Stephanie is the natural suspect in his disappearance. Is Dickie dead? Can he be found? And can Stephanie Plum stay one step ahead in this new, dangerous game? Joe Morelli, the hottest cop in Trenton, New Jersey, is also keeping Stephanie on her toes---and he may know more than he’s saying about many things in Stephanie’s life. It’s a cat-and-mouse game for Stephanie Plum wherein the ultimate prize might be her life. With Janet Evanovich’s flair for hilarious situations, breathtaking action, and unforgettable characters, Lean Mean Thirteen shows why no one can beat Evanovich for blockbuster entertainment.",https://images-na.ssl-images-amazon.com/images/S/compressed.photo.goodreads.com/books/1442616484i/40317.jpg,server_url,upload\Janet Evanovich\Lean_Mean_Thirteen_-_Janet_Evanovich.epub,1,,,,1,1
780368,1,2,14255,Free,Leap of Faith,"In her fifty-second bestselling novel, Danielle Steel weaves a compelling story of the power of lies, the misuse of trust--and of one woman's triumph over a devastating betrayal.Marie-Ange Hawkins has the kind of childhood that most people dream of. Freedom, love, security in a beautiful old French château. But when Marie-Ange is just eleven, a tragic accident marks the end of her idyllic life. Orphaned and alone, she is sent to America, to live with her great-aunt on a farm in Iowa. Bitterly resented by the old woman, cut off from everything she has known and loved, Marie-Ange is forced to work tirelessly on the farm, dreaming only of the day she can return to her beloved Château de Marmouton.In Marie-Ange's isolated existence, only the friendship of a local boy, Billy Parker, offers comfort and hope. But her only wish is to gain an education--and escape. Then, just after her twenty-first birthday, an unexpected visitor brings startling news and an extraordinary the freedom to return to France, to Château de Marmouton. When she arrives in France, Marie-Ange learns that the château's new owner is Comte Bernard de Beauchamp, a dashing young widower who invites her into his home, then into his heart. But their magical life together, which soon includes marriage, children, and lavish homes, slowly takes an ominous turn. A mysterious woman tells Marie-Ange a shocking story, a story so chilling she doesn't want to believe it.Not even her dear friend Billy can help her now. He is thousands of miles away. And as the darkness gathers around her, Marie-Ange must find the faith and courage to take one, last desperate step to save her loved ones and herself.Danielle Steel's powerful novel is about being pulled into a place where nothing is what it seems. It is about being seduced and lied to and turned around, and wanting to believe the lies--until the moment comes, in one blinding instant, when survival and salvation depend on a final Leap of Faith: the only path to freedom, and life.",https://images-na.ssl-images-amazon.com/images/S/compressed.photo.goodreads.com/books/1320488190i/780368.jpg,server_url,upload\Danielle Steel\Leap_of_Faith_-_Danielle_Steel.epub,1,,,,1,1
31247795,1,5,386699,Free,Learning the Dingo's Quirks,"Mathe Winters knew his coven’s vampire second was bringing several dingo shifters home to their ranch. He didn’t expect one to be his beloved. Still, there’s something about the way Julian looks at him, with a gaze so full of fear and hope. He finds himself instantly smitten. Wanting to show the dingo shifter the wonders of his cattle ranch home, Mathe runs into a snag. While Julian had met Angus shifters, it doesn’t prepare him for the reality of dealing with the non-shifter variety. He gets too close to the wrong animal and ends up injured. Can Mathe earn Julian’s forgiveness—and win his trust—so he can show his dingo how to play safely in his new home?",https://images-na.ssl-images-amazon.com/images/S/compressed.photo.goodreads.com/books/1469581368i/31247795.jpg,server_url,upload\Charlie Richards\Learning_the_Dingo's_Quirks_-_Charlie_Richards.epub,1,,,,1,1
136640360,1,2,14255,Free,Legacy by Danielle Steel,"This compelling, centuries-spanning novel brilliantly interweaves the lives of two women—a writer working in the heart of modern academia and a daring young Sioux Indian on an incredible journey in the eighteenth century. The result is an unforgettable story of courage in the face of the unknown.",https://images-na.ssl-images-amazon.com/images/S/compressed.photo.goodreads.com/books/1696148930i/136640360.jpg,server_url,upload\Danielle Steel\Legacy_(2010)_-_Danielle_Steel.epub,1,,,,1,1
23656377,1,1,790143,Free,Legacy of Moth,"Our song fades. Our children perish. Our world, a land torn between day and night, runs red with blood.  For countless years, Moth has been frozen still, one half drenched in eternal daylight, the other cloaked in endless night. For countless years, the soldiers of sunlight and the dwellers of darkness have lived in isolation.  Now we kill. Now we die.  We are the children of Moth. We were born in sunlight or in shadow. We can stop the fire, or we can watch our world burn. This is our story.",https://images-na.ssl-images-amazon.com/images/S/compressed.photo.goodreads.com/books/1431697625i/23656377.jpg,server_url,upload\Daniel Arenson\Legacy_of_Moth_-_Daniel_Arenson.epub,1,,,,1,1
460496,1,2,13730,Free,Legend of the Lost Legend,"TALK ABOUT A HORROR STORY...Nobody loves a good story like Justin's dad. He's a famous writer and story collector. That's how Justin and his sister, Marissa, ended up in Brovania. Their dad is searching for an ancient manuscript called The Lost Legend.Justin and Marissa want to help. But instead of finding The Lost Legend, they get lost. And the woods of Brovania are filled with the strangest creatures. Like hundreds of squealing mice. Silver-coloured dogs. And terrifying Vikings from long ago...",https://images-na.ssl-images-amazon.com/images/S/compressed.photo.goodreads.com/books/1387734622i/460496.jpg,server_url,upload\R.L. Stine\Legend_of_the_Lost_Legend_-_R._L._Stine.epub,1,,,,1,1
125562,1,2,13730,Free,Let's Get Invisible!,"On Max's birthday, he finds a kind of magic mirror in the attic. It can make make him become invisible. So Max and his friends start playing ""now you see me, now you don't."" Until Max realizes that he's losing control. Staying invisible a little too long. Having a harder and harder time coming back. Getting invisible is turning into a very dangerous game. The next time Max gets invisible, will it be...forever?",https://images-na.ssl-images-amazon.com/images/S/compressed.photo.goodreads.com/books/1328867792i/125562.jpg,server_url,upload\R.L. Stine\Let's_Get_Invisible_-_R._L._Stine.epub,1,,,,1,1
2692197,1,5,19687,Free,Levelling the Score,"He'd always made light of her feelings When she was young, Jenna had been infatuated with Simon Townsend, her best friend's teasing brother. Then infatuation changed to a curious uneasiness, one that made her feel edgy and restless in his company. Fortunately she had little occasion to see much of him now, for, as a prominent London barrister, he moved in different circles than Jenna. But an escapade of his sister's threw Simon and Jenna together again in a most awkward--not to mention compromising--situation. He thought it was funny. Jenna was not amused. And she would have given anything to avoid the consequences!",https://images-na.ssl-images-amazon.com/images/S/compressed.photo.goodreads.com/books/1337499988i/2692197.jpg,server_url,upload\Penny Jordan\Levelling_the_Score_-_Penny_Jordan.epub,1,,,,1,1
37877346,1,5,2965060,Free,Liam's Lily,"When former Navy SEAL Liam O'Brian joins Legendary Securities, he looks forward to being shipped somewhere exciting for his first mission with Levi and his crew. Instead, he learns exotic and enormous aren't exactly synonymous when he stumbles upon the oversized pachyderms inhabiting his new backyard. Still, conflicts are universal and Liam's troubles are only just beginning once he finds himself falling for a woman deeply rooted in her family's livelihood and problems.Go-getter Lilianna Howell is a biologist who believes all problems can be reduced to minor ones if only they're nipped in the bud early enough. When her dad can no longer deal with the loss of his son and his detachment threatens the elephant reserve, Lilianna steps into a much larger role, handling the marketing and fundraising. Being close to her sister and her husband--once Lilianna's fiancé--forces her to struggle with distrust from that past experience and a growing attachment to a man who appears in her life like a dream come true. Mammoth issues escalate as Liam and Lilianna team up to save the gentle giants, their newfound love… and their own lives.",https://images-na.ssl-images-amazon.com/images/S/compressed.photo.goodreads.com/books/1528445684i/37877346.jpg,server_url,upload\Dale Mayer\Liam's_Lily_-_Dale_Mayer.epub,1,,,,1,1
29861396,1,2,4512224,Free,Liberty,"Kali has been working toward her dream of building an airship and escaping the frozen Yukon for so long that she can scarcely believe it’s close to becoming a reality. There’s just one problem. Cedar, her friend and business partner (and maybe a little more), is in jail, and the American authorities are on their way to hang him. The Mounties aren’t listening to reason, so the only way to free him may be to break him out of their headquarters—if she can. Even if she succeeds, she’ll be branded a criminal for the rest of her life.",https://images-na.ssl-images-amazon.com/images/S/compressed.photo.goodreads.com/books/1460191891i/29861396.jpg,server_url,upload\Lindsay Buroker\Liberty_-_Lindsay_Buroker.epub,1,,,,1,1
13261413,1,2,"61693,313399",Free,Library of Gold,"History has a way of hiding its secrets... He was one of Russia's most infamous rulers, and he alone held the key to a legendary Byzantine collection of books, given to him in the dowry of Princess Sophia of Constantinople. Ivan Vasilyevich--otherwise known as Ivan the Terrible--owned a library filled with rare and priceless tomes that men would kill for. Would die for.But the czar carried the knowledge of its whereabouts to his grave. And it falls to archaeologist Annja Creed, almost five hundred years later, to discover the secrets of the Library of Gold. When the opportunity to unravel the mystery of this so-called eighth wonder of the world lands in Annja's lap, she can't resist. Armed with a diary of cryptic clues, she embarks on a journey to Russia, where she must somehow find her way into the very heart of the country, beneath the Kremlin. But Annja soon discovers she's racing a ruthless KGB agent driven by sinister motives. She finds herself deep beneath the Russian soil in a dangerous game of cat and mouse... Will she be the next to mysteriously disappear from history?",https://images-na.ssl-images-amazon.com/images/S/compressed.photo.goodreads.com/books/1344397101i/13261413.jpg,server_url,upload\Alex Archer\Library_of_Gold_-_Alex_Archer.epub,1,,,,1,1
27387021,1,5,797534,Free,Licking His Cane,"Blitzen enjoys fixing things, and the machines that make Christmas sweeter need attention, too. As Belinda Litzen, she is a one-woman repair shop catering to all the overworked bakeries in town.When a candy shop has a rolling machine down, she shows up to save the day and meets a candy maker who gives her a visual sugar rush.Rex has been waiting for his reindeer to show up, but the repairwoman was not what he had imagined. Instead of brown, she was golden, and instead of shy, she met his gaze head-on.She is his first reindeer, and he is her first wolf.",https://images-na.ssl-images-amazon.com/images/S/compressed.photo.goodreads.com/books/1446118649i/27387021.jpg,server_url,upload\Viola Grace\Licking_His_Cane_-_Viola_Grace.epub,1,,,,1,1
13241876,1,2,790143,Free,Light of Requiem,"Song of Dragons -- the bestselling fantasy series beginning with Blood of Requiem -- continues with a new tale of blood, steel, and dragonfire.BOOK LIGHT OF REQUIEMWar has ravaged the world. Cities lie crumbled. Forests smolder. The crows feast.In the ruins, Requiem's last dragons lick their wounds and mourn a death among them. But they will not have long to grieve. From the ashes, a new enemy arises, one more horrible than any before.His soldiers dead, the tyrant Dies Irae collects severed limbs, heads, and torsos. He sews them into rotting, maggoty mimics of life. With dark magic, he animates his creations... and sends them hunting.The mimics live to kill. They do not sleep. They feel no pain. They never stop hunting. Worst of all, they undo all magic around them. When mimics are near, Requiem's survivors cannot become dragons... and must fight as humans.Without their greatest gift, how can Requiem's children survive?",https://images-na.ssl-images-amazon.com/images/S/compressed.photo.goodreads.com/books/1327885782i/13241876.jpg,server_url,upload\Daniel Arenson\Light_of_Requiem_-_Daniel_Arenson.epub,1,,,,1,1
2855625,1,1,32155916,Free,Lightning'S Lady,"Lightning's Lady by Valerie Parv released on Mar 25, 1991 is available now for purchase.",https://images-na.ssl-images-amazon.com/images/S/compressed.photo.goodreads.com/books/1699159555i/2855625.jpg,server_url,upload\Parv\Lightning_39_s_Lady_by_Valerie_-_Unknown.epub,1,,,,1,1
135328237,1,2,3389,Free,Lisey's Story Stephen King First Edition Hardcover,"Every marriage has two hearts, one light and one dark. Lisey knew it when she first fell for Scott. And now he's dead, she knows it for sure. Lisey was the light to Scott Landon's dark for twenty-five years. As his wife, only she saw the truth behind the public face of the famous author - that he was a haunted man whose bestselling novels were based on a terrifying reality. Now Scott has gone, Lisey wants to lock herself away with her memories. But the fans have other ideas. And when the sinister threats begin, Lisey realises that, just as Scott depended on her strength - her light - to live, so she will have to draw on his darkness to survive.",https://images-na.ssl-images-amazon.com/images/S/compressed.photo.goodreads.com/books/1698901127i/135328237.jpg,server_url,upload\Stephen        King\Lisey's_Story_-_Stephen_King.epub,1,,,,1,1
29605504,1,2,"3780,6046872",Free,Little Black Dress,"James Patterson’s BookShots. Short, fast-paced, high-impact entertainment.Can a little black dress change everything in her life?Magazine editor Jane Avery spends her nights alone with Netflix and Oreos – until the Dress turns her loose. Suddenly she's surrendering to dark desires, and New York City has become her erotic playground. But what began as a fantasy will go too far... and her next conquest could be her last.",https://images-na.ssl-images-amazon.com/images/S/compressed.photo.goodreads.com/books/1469210509i/29605504.jpg,server_url,upload\James  Patterson\Little_Black_Dress_-_James_Patterson.epub,1,,,,1,1
42619475,1,5,86756,Free,Logan,"LOGAN (Steele Protectors 1) is the 1st book in USA Today and Amazon #1 Bestselling Author, Carole Mortimer’s, BRAND NEW Contemporary Romantic Suspense series.  Author’s Note: Beware of the very sexy & very alpha Steele brothers. These books are HOT!  LOGAN Steele is having a bad day. Well…after being shot, and almost dying, he’s having a bad month. Being forced to recuperate by manning the offices at Steele Protectors, the family security company, is not improving his already short temper.  Which might be one explanation as to why Logan, after having a particularly difficult weekend, is so rude to the beautiful August Harvey when she is shown into his office one wet Monday afternoon.  The other reason could be that Logan is just naturally rude and impatient.  Nor is his mood improved by what August Harvey has to tell him.  August had thought she was doing the right thing by coming to see one of the Steele brothers when her friend Jenna disappears. But after only two minutes in the company of Logan Steele, August is seriously rethinking that decision. Logan might be one of the most dangerous and handsome men she has ever seen, and hotter than hell, but he’s also arrogant, rude, and just all-round impossible.  But there’s no denying that Jenna is missing, and the Steele brothers are the ones that need to find her.  Being treated as if she might have had something to do with Jenna’s disappearances is the last thing August expected.  Until it’s revealed that she does…",https://images-na.ssl-images-amazon.com/images/S/compressed.photo.goodreads.com/books/1541256050i/42619475.jpg,server_url,upload\Carole Mortimer\Logan_(Steele_Protectors_1)_-_Carole_Mortimer.epub,1,,,,1,1
224274015,1,5,"2965060,19127429,54414751",Free,Logan's Light: A SEALs of Honor Novel,"Welcome to Logan's Light, Book 6 in Heroes for Hire, reconnecting listeners with the unforgettable men from SEALs of Honor in a new series of action-packed, enthralling romantic suspense that fans have come to expect from USA Today best-selling author Dale Mayer.Logan heads to Boston on an intel mission. His investigation plunges him and his partner into the deep dark world of human trafficking.The last thing Alina remembers is having coffee at the cafe in the hospital where she works. She awakes tied up in a strange apartment. Her world as she knew it gone...possibly forever.Now they're on the run together. Time is against them. There's a quota to be made, and the traffickers aren't going to let Alina go if they can help it.Unfortunately, she's not the only victim. The hunt is on...for the traffickers and their other victims...before it's too late.",https://images-na.ssl-images-amazon.com/images/S/compressed.photo.goodreads.com/books/1742427856i/224274015.jpg,server_url,upload\Dale Mayer\Logan's_Light__A_SEALs_of_Honor_-_Dale_Mayer.epub,1,,,,1,1
59840,1,2,14255,Free,Lone Eagle,"Danielle Steel's fifty-first bestselling novel tells the story of an extraordinary man, the woman who loved him, and a bond so powerful it could never be broken. It is about finding the courage to let someone you love fly free....The phone call came on a snowy December afternoon. Kate was certain it was Joe, the brilliant, visionary man who had been her soulmate, her driving force since the night they met, almost thirty-four years before. What she got was the one call she had never wanted, and didn't expect.As the snow continued to fall, Kate's mind drifted back, to the moment when she and Joe first met. She had been just seventeen and he was young, powerful, dazzling, and different from any man she'd ever known.It was just days before Christmas, 1940. The war is raging in Europe when Kate Jamison makes her debut in New York City. In a room filled with the scions of East Coast society and the leading political figures of the day, it is Joe Allbright who catches Kate's eye.At twenty-nine, Joe is the brilliant protege of Charles Lindbergh, and already a legend in flying circles for his record-breaking speed and state-of-the-art airplane designs. All Kate sees is a tall, strikingly handsome man who seems at once awkward and larger-than-life, like a shining star--just out of reach. Joe, too, is caught off balance by his response to Kate, seeing in this beautiful young woman vitality and youth, the lifelong soulmate he never expected to find.As the months pass, they will meet again, forging a bond that will set the course of both their lives. Kate will go off to study at Radcliffe. Joe will skyrocket to fame in modern aviation. Joe's planes are his life, his passion. But irresistibly drawn to her, like moth to flame, he always comes back to Kate. Even after the long, dark years of World War II, when Kate was sure she had finally lost him completely, Joe returns. Never willing to stay, always needing to fly away. As planes are for him, Joe is the passion in her life.When the war is over, at twenty-four Kate wants marriage and a family. Joe wants the world, his limitless horizons, and the unique aviation empire he is building. Unwilling to wait any longer, Kate moves on with her life. But when a chance encounter brings them together again, the time has finally come to make a choice, one that will have profound consequences for them both for the rest of their lives.Against a vivid backdrop of war and thrilling innovation, Danielle Steel breathes life into history, weaving an intensely human story that spans three decades, of two intensely different people who, in spite of themselves, are irrevocably woven into the fabric of each other's lives.With rare insight and emotional power, she brings to life a tale of unconditional love, sacrifice, and compromise--the joining of two remarkable halves into a single, far more powerful whole. It is a novel of extraordinary grace and compassion from a master storyteller, perhaps the best story she has told.",https://images-na.ssl-images-amazon.com/images/S/compressed.photo.goodreads.com/books/1320488166i/59840.jpg,server_url,upload\Danielle Steel\Lone_eagle_-_Danielle_Steel.epub,1,,,,1,1
229827073,1,2,12692,Free,"Long, Tall Texans: Rey","From the moment cattleman Rey Hart first sets eyes on Meredith Johns, he is mesmerized. He asks the lovely young woman to become the cook on his ranch, but convincing her to take the job is a cinch compared to breaking the enchanting spell she casts over this long, tall Texan’s heart.  Previously published as A Man of Means",https://images-na.ssl-images-amazon.com/images/S/compressed.photo.goodreads.com/books/1751993026i/229827073.jpg,server_url,"upload\Diana Palmer\Long,_Tall_Texans__Rey_;_Long,_-_Diana_Palmer.epub",1,,,,1,1
959061,1,2,12692,Free,Lord of the Desert,"Sheltered, small-town girl Gretchen Brannon was out of her element when she aligned herself with Sheikh Philippe Sabon. They came from two different worlds, yet she found a soul mate in the powerful, sensual man who'd suppressed his passions for far too long —and harbored a secret anguish. Nevertheless, he made Gretchen aware of her courage...and in turn, she aroused his sleeping senses as no other woman could. But now that Gretchen's heart belonged to the Lord of the Desert, danger loomed when she became the target of the sheikh's most diabolical enemy.",https://images-na.ssl-images-amazon.com/images/S/compressed.photo.goodreads.com/books/1266682626i/959061.jpg,server_url,upload\Diana Palmer\Lord_of_the_Desert_-_Diana_Palmer.epub,1,,,,1,1
42103586,1,3,2879706,Free,Lost Gate,"Most of the world knows Caina Amalas as the director of private security contractor Ghost Securities. In truth, she's a shadow agent of the High Queen of the Elves.  But while the Elves rule the Earth, there are still many wealthy and powerful humans...and Andromache Kardamnos is one of the richest and most cunning. When she needs a favor, it's hard to say no.  But Andromache's favor involves stopping a nightmare creature from the Shadowlands.  And to stop the creature, Caina will need the help of one of the most dangerous and unpredictable wizards she's ever met - her fellow shadow agent Nadia Moran...",https://images-na.ssl-images-amazon.com/images/S/compressed.photo.goodreads.com/books/1538322677i/42103586.jpg,server_url,upload\Jonathan Moeller\Lost_Gate_-_Jonathan_Moeller.epub,1,,,,1,1
23012867,1,5,7235860,Free,Lost in Time,"After Scarlet witnesses a woman hitting on Sean, she doesn’t get upset or react. Her lack of jealousy irritates Sean, the most protective and obsessive husband in the world. But when Sean has to work closely with a colleague from another company, a female colleague, she asks to have an affair with him. Sean doesn’t know what to do. Normally, he would tell Scarlet everything, but this time, he’s unsure. She wouldn’t care anyway. But when Scarlet finds out, how will she react? Is she as secure as she claims? Flynn is forced to leave to LA for a week, making Hazel entertain herself in his absence. While she’s distraught over his departure, Cade picks up the pieces. Slowly, he worms his way into her heart, trying to be redeemed for the horrible way he treated her. Will Hazel forgive him? And why is he living there to begin with? Cortland and Monnique plan their quick wedding, and since it’s such short notice there isn’t time to have a bachelor party. But of course, the guys aren’t going to let that slide. The night before the wedding, the gang kidnaps Cortland and gives him a night he’ll never forget. The twentieth book in the Forever and Always Series.",https://images-na.ssl-images-amazon.com/images/S/compressed.photo.goodreads.com/books/1408888294i/23012867.jpg,server_url,upload\E.L. Todd\Lost_in_Time_(Forever_and_Alway_-_E._L._Todd.epub,1,,,,1,1
29632399,1,1,7235860,Free,Lost In You,"After staying home with Cedric everyday, Skye knows it’s time to head back to work. But actually going back is more difficult than she realizes. Will she return to PIXEL? And if she doesn’t how will her father feel about that? Trinity and Slade have a gender reveal party and both are excited to learn the sex of the baby—except Slade. If he has a girl he’s not sure what he’s going to do. Conrad is happy with Lexie but he doesn’t see it going any further. Every time he thinks about proposing he chickens out. Will he ever be able to ask her the big question? Roland travels to Ireland to patch up things with Heath’s family. Will he be greeted warmly? Or will the door be slammed in his face?",https://images-na.ssl-images-amazon.com/images/S/compressed.photo.goodreads.com/books/1459119752i/29632399.jpg,server_url,upload\E.L. Todd\Lost_In_You_-_E._L._Todd.epub,1,,,,1,1
20631213,1,1,4107685,Free,Love By Accident - An Introduction,"A novella introducing Rashid, Isla and Zarah. Rashid's story available June 2012 as ""The Sheik's Pregnant Lover"", Isla's romance available July 2012 as ""The Sheik's Furious Bride"" and Zarah's discovery available August 2012 as ""The Duke's Runaway Princess"". Also available at the end of ""The Sheik's Pregnant Lover"" for free.",https://images-na.ssl-images-amazon.com/images/S/compressed.photo.goodreads.com/books/1390649317i/20631213.jpg,server_url,upload\Elizabeth Lennox\Love_By_Accident_-_An_Introduct_-_Elizabeth_Lennox.epub,1,,,,1,1
22837193,1,5,7235860,Free,Love Conquers All,"The guys begin planning the bachelor party, but no one knows who the best man is. Sean insists it’s him, while everyone else thinks Ryan is going to ask Cortland. But who will he ask?  Cortland finally decides to start dating other women, and when tells Monnique his intentions, he’s surprised by her reaction. She isn’t sad and she doesn’t cry. She’s calm and understanding. But Cortland isn’t sure how he feels about that.  Mike refuses to go to the bachelor party because it’s two hours away. Since Cassandra is pregnant, he refuses to leave her side. Even though she yells at him and demands him to go, he refuses. Normally, he lets Cassandra get her way, but this time, he isn’t budging.  Hazel reconsiders Flynn’s offer to move in with him, and she quickly realizes it’s the best decision she ever made. But when Kyle drops by her apartment and says his fiancé left him, it changes everything.  When Janice suggests a threesome, Ryan isn’t sure if she’s being serious. He’s had plenty of them before, but he never thought his fiancé would be interested in that. But when Janice finally makes the arrangements, Ryan chickens out. But why?  Book Sixteen of the Forever and Always Series",https://images-na.ssl-images-amazon.com/images/S/compressed.photo.goodreads.com/books/1406596879i/22837193.jpg,server_url,upload\E.L. Todd\Love_Conquers_All_(Forever_and_-_E._L._Todd.epub,1,,,,1,1
22876134,1,5,7235860,Free,Love Hurts,"Now that Mike and Cassandra are finally engaged, they move into their new home. Cassandra is in love with the new house, and Mike realizes he’s finally found his place in life. His history was nothing but depressing.Sean and Scarlet keep trying to have a baby, and when Scarlet tells Sean it’s too hard for her, that he’s putting too much pressure on her, he finally backs off. But a romantic night on the beach changes the couple’s lives forever.Andrew is insistent on taking Diane to the doctor to find a treatment for her tumor, even if the doctor says it’s harmless. After information is revealed, the Prestons will have to make a decision about Diane. And it won’t be easy.Cortland continues to spend time with Monnique, and the more he thinks about it, the more he realizes he’s fallen in love with her all over again. But when he walks by a newsstand and sees something unexpected, it changes everything.Flynn finally gets his results from the HBO producer, but her interest in him has nothing to do with his manuscript. She makes it clear she wants him for his other attributes. After he rejects her, he has a run in with his ex, Zahara. The night ends with two women wanting him. But Flynn doesn’t know what to do. Should he be honest and tell Hazel everything, or just hide it and hope for the best?The Seventeenth Installment of the Forever and Always Series.",https://images-na.ssl-images-amazon.com/images/S/compressed.photo.goodreads.com/books/1409196402i/22876134.jpg,server_url,upload\E.L. Todd\Love_Hurts_(Forever_and_Always_-_E._L._Todd.epub,1,,,,1,1
25105316,1,5,1160213,Free,Love in the Fast Lane,"International model Aurora Jones had ended her secret romance years ago. She might have been in all kinds of love with the ruggedly handsome F1 driver, but seeing his car crashed beyond recognition had made their romance an impossible quantity. She loved him, but she loved herself more, and she wasn't prepared to see her lover killed just because he refused to quit Formula One. Besides, as the older brother of her oldest and closest friend, the relationship threatened to cause damage to more than just the two of them if she didn't act with her head over her heart.  Leonardo Fontana had lived and breathed racing for as long as he could remember. The F1 circuit had been all he thought about for years. If Aurora couldn't understand that, then good riddance to her. She left him when he needed her most - while he was recovering from a near-fatal accident - and her defection had shown him just how heartless she truly was.  Only the three intervening years have done nothing to cure him of his need for her, and a chance meeting reminds him just how strong the spark is between them. Before he knows it, their love affair has been reignited, but will it burn out before it can reach the finishing line? Does he have what it takes to claim victory with Aurora? Or is his winning streak confined to the track?  A tale of passion and obsession; pain and betrayal, and an unforgettable connection...",https://images-na.ssl-images-amazon.com/images/S/compressed.photo.goodreads.com/books/1441328807i/25105316.jpg,server_url,upload\Clare   Connelly\Love_in_the_Fast_Lane_-_Clare_Connelly.epub,1,,,,1,1
25519957,1,1,7235860,Free,Love Lives On,"The gang heads to Vegas for Trinity’s bachelorette party and things get a little crazy. Two people kiss when they should keep their lips to themselves. The police catch Slade doing something deemed obscene. And Silke and Arsen say and do things they regret. Clementine and Ward are dancing around their relationship. It’s clear Ward wants a happily ever after. But when Clementine still can’t give that to him, Ward hurts. But will Clementine change her mind when she realizes every other girl in Manhattan wants him for her own?",https://images-na.ssl-images-amazon.com/images/S/compressed.photo.goodreads.com/books/1441239282i/25519957.jpg,server_url,upload\E.L. Todd\Love_Lives_On_(Forever_and_Ever_-_E._L._Todd.epub,1,,,,1,1
26244131,1,5,7235860,Free,Love Me Still,"Now that Skye has found the letter Laura planted in Cayson’s bag, it changes everything in the Forever and Ever universe. What will happen when she confronts him? And when she does, will she believe that Cayson is innocent?",https://images-na.ssl-images-amazon.com/images/S/compressed.photo.goodreads.com/books/1442305687i/26244131.jpg,server_url,upload\E.L. Todd\Love_Me_Still_-_E._L._Todd.epub,1,,,,1,1
22028377,1,5,386699,Free,Love on an Owl's Wing,"Having been married at one time, over a century before, Luc Laurent never expected to find another to spend his life with. His confusion is understandable when his son hands him an extra helmet and tells him to hang onto that. Luc understands later that afternoon when he rolls his motorcycle to a stop in front of a fellow shifter’s home and discovers that the shifter’s cousin, Dylan Sudderson, is his mate. While the fact that his mate can walk only with the aid of crutches concerns Luc, it’s certainly not the deal-breaker Dylan seems to think it is. Luc is far more concerned about the fact that Dylan is human, so very young…and in the closet. Dylan is more than happy to get physical with Luc behind closed doors, but he’s afraid of losing his parents if they find out he’s gay.  What will it take to convince Dylan to not only come out of the closet, but accept that Luc shares his spirit with a European Eagle Owl?",https://images-na.ssl-images-amazon.com/images/S/compressed.photo.goodreads.com/books/1398941516i/22028377.jpg,server_url,upload\Charlie Richards\Love_on_an_Owl's_Wing_-_Charlie_Richards.epub,1,,,,1,1
1048870,1,14,86756,Free,Love Unspoken,"""You've forgotten how to be a woman! ""Zach Reedman's bitter accusation had been the death knell of his marriage to Julie. And even after three long years Julie still winced when she remembered his parting wordsShe'd been a budding journalist, he her publisher when they met. A love too strong and passionate to resist had led them quickly to the altar, but even after her vows Julie's career had come before her husband.Older and wiser, she met Zach again, And as the wounds time had never fully healed were reopened, so once more was her heart....",https://images-na.ssl-images-amazon.com/images/S/compressed.photo.goodreads.com/books/1269574007i/1048870.jpg,server_url,upload\Carole Mortimer\Love_Unspoken_-_Carole_Mortimer.epub,1,,,,1,1
25597217,1,5,7235860,Free,Love Will Survive,"Slade and Trinity spend their honeymoon in paradise, but the vacation doesn’t go exactly as planned. Slade realizes Trinity won’t be taking his last name, and when he takes a look at their bank account, he’s surprised by a sudden change in funds.Sean and Scarlet decide to sell the house so they can move on from the devastation that infected their lives like a disease. But they aren’t looking forward to telling the kids what happened. They know it will be heartbreaking.Clementine encounters an old flame, and what he says changes her bad opinion of him slightly. But she isn’t sure if she should tell Ward about the meeting. He’s a very jealous man.When Beatrice shows up on Conrad’s doorstep unannounced, he isn’t sure why she’s there. But when the tears fall down her face, he realizes something bad has happened—something really bad.",https://images-na.ssl-images-amazon.com/images/S/compressed.photo.goodreads.com/books/1437102752i/25597217.jpg,server_url,upload\E.L. Todd\Love_Will_Survive_-_E._L._Todd.epub,1,,,,1,1
8647411,1,5,4107685,Free,Love's Not Terrifying,"Gus Attracelli’s extravagance and dominant presence overwhelm Alana’s senses. Unfortunately, Gus isn’t one to take no for an answer. Several brief views, near misses and alluring side stepping cause Gus to think he’s losing his mind over an elusive woman that can’t possibly measure up to his expectations. But her perfume haunts him, a glimpse of her hair intrigues him and a view of just her legs and derriere taunt him until he’s obsessed with finding out who this mysterious woman is.With her past history, Alana can’t imagine why any man would come near her, much less pursue her with such blinding ferocity as Gus does. She’s terrified of the things he can make her feel and runs away from him whenever he comes too close. But Gus never gives up. Can Alana take another chance on love? Can she trust her heart and her future to Gus? Or should she just hide away from him, protecting herself from the crushing pain of heartache if it doesn’t work out?Enjoy the fifth book in the Attracelli Family series!",https://images-na.ssl-images-amazon.com/images/S/compressed.photo.goodreads.com/books/1349893413i/8647411.jpg,server_url,upload\Elizabeth Lennox\Love's_Not_Terrifying_-_Elizabeth_Lennox.epub,1,,,,1,1
22701081,1,5,7235860,Free,Lover's Road,"The gang continues their story in another installment of the bestselling Forever and Always Series.Mike and Cassandra move in together, and Mike is surprised how much he loves being domesticated. Having her in the house everyday and in his bed every night is a dream come true. But when he meets her best friend for the first time, he realizes he slept with her—and didn’t leave on good terms. Cassandra knows about his past, but will she still be able to look past it?Sean and Scarlet decide to visit the fertility clinic to make sure everything is okay. Scarlet is scared to death that she can’t give Sean a family, and he’s terrified she’ll take all the blame onto herself. But their stress is increased when Andrew shows up on their doorstep, all his bags in hand and his wedding ring missing.Janice gets her dream job as the chief copy editor for a prestigious publishing house, but Ryan isn’t exactly thrilled about it. When he realizes a friend pulled strings to get her the job—a male friend—he’s immediately on edge. Ryan attends a work function with Janice only to find out her special friend is a refined Calvin Klein underwear model. And he’s pissed. But Janice doesn’t let him get his way. Stubborn and strong, she tells Ryan he needs to let go of his jealousy.Cortland and Monnique work on their relationship, but when Monnique realizes Hazel has no idea they are back together, she demands him to never see her again. Cortland puts his foot down and refuses. If she has a problem with it, she can walk out. If she didn’t want him seeing other women, she shouldn’t have dumped him to begin with.The gang work through their individuals problems while holding tight in their alliance as an unorthodox family.",https://images-na.ssl-images-amazon.com/images/S/compressed.photo.goodreads.com/books/1404957153i/22701081.jpg,server_url,upload\E.L. Todd\Lover's_Road_(Forever_and_Alway_-_E._L._Todd.epub,1,,,,1,1
2665795,1,14,86756,Free,Lovers in the Afternoon,"He was more attentive as a loverLeonie had a tendency to drop things, knock things over or bump into them, a tendency that had irritated her husband Adam Faulkner when they'd lived together--a tendency that her lover seemed to find endearing.""I suggest we make another appointment, "" Adam asserted easily after Leonie missed their rendezvous when the elevator stuck. ""Sometime in the afternoon, "" he added.Leonie found herself forgetting the inhibitions that had made their marriage an agony. Adam was irrepressible--not at all like her husband. How could she resist?",https://images-na.ssl-images-amazon.com/images/S/compressed.photo.goodreads.com/books/1271307435i/2665795.jpg,server_url,upload\Carole Mortimer\Lovers_In_The_Afternoon_-_Carole_Mortimer.epub,1,,,,1,1
864779,1,2,14255,Free,Loving,"Alternate cover edition for this ISBN can be found here.Bettina Daniels lived a fairytale existence of glamour, endless parties, and luxury among America's top celebrities--simply because she was the beautiful daughter of famous American author Justin Daniels. Then, in one moment of tragedy, her father was dead, and Bettina discovered the truth--he had spent every dime he'd ever earned and run up millions in debt. At eighteen, penniless and alone, she had lost everything except her father's dearest friend, Ivo Stewart. A wealthy, handsome publisher of sixty-two, he offered Bettina a way out: marriage. But only for a time. What lay ahead for Bettina was a life filled with shocks and surprises--and eventually a chance to become a playwright, and a writer like her father. Having learned her lessons dearly, Bettina blossoms into her own person at last.",https://images-na.ssl-images-amazon.com/images/S/compressed.photo.goodreads.com/books/1344371198i/864779.jpg,server_url,upload\Danielle Steel\Loving_-_Danielle_Steel.epub,1,,,,1,1
24822709,1,1,5900266,Free,Loving Her Two Werewolves,"[Siren Menage Erotic Paranormal Cowboy Menage a Trois Romance, M/F/M, shape-shifters, werewolves, HEA] Werebear Nicole Monroe found her true mates. But Brennan and Case Cagle are werewolves, making a future with them an impossibility no werebear has ever faced. When they leave town, she's devastated. Years later, the Cagle brothers return to Forever, ready to brave the werebears of Shatland to claim their mate. Nicole's thrilled as the three meet in secret, determined to handle whatever obstacles the Werewolves of Forever and the Werebears of Shatland might throw at them. But is their love already faced with disaster? Can a werebear mate with werewolves? When the pack and the clan find out, all hell breaks loose forcing Nicole and her two werewolf lovers in the middle of the fight. Can the people of Forever and Shatland accept them? Can they have children? Or will the animosity between clan and pack tear them apart? ** A Siren Erotic Romance",https://images-na.ssl-images-amazon.com/images/S/compressed.photo.goodreads.com/books/1423016540i/24822709.jpg,server_url,upload\Jane Jamison\Loving_Her_Two_Werewolves_-_Jane_Jamison.epub,1,,,,1,1
268598,1,2,17065,Free,Loyalty in Death,"#1 New York Times bestselling author J. D. Robb's phenomenal series has captivated readers with it tantalizing blend of romance, suspense, and futuristic police procedural. Now, New York cop Eve Dallas returns to face her most ingenious foe -- a ""secret admirer"" who taunts her with letters...and kills without mercy.LOYALTY IN DEATHAn unknown bomber is stalking New York City. He is sending Eve Dallas taunting letters promising to wreak mass terror and destruction among the ""corrupt masses."" And when his cruel web of deceit and destruction threatens those she cares for most, Eve fights back. It's her city...it's her job...and it's hitting too close to home. Now, in a race against a ticking clock, Eve must make the pieces fit before the city falls.",https://images-na.ssl-images-amazon.com/images/S/compressed.photo.goodreads.com/books/1458243301i/268598.jpg,server_url,upload\J.D. Robb\Loyalty_in_Death_-_J._D._Robb.epub,1,,,,1,1
13539168,1,2,8516,Free,Luck of the Draw,"For eighty-year-old Bryce, life didn’t hold much hope or promise. Since his wife had died and his children had grown, his health had failed, and his doctors doubted he would live more than a year or two.But all that changed one fateful day as he was clearing out his rat-infested garage. For among the debris and detritus of his long life, he discovered a miraculous find—a magical box of brilliant yellow that had the power to transport him to the magical land of Xanth! And there he found himself transformed by a mysterious spell that gave him the body of a much younger man. A high-stakes wager between three cosmic Demons decreed that Bryce would face competition from a slew of suitable suitors to win the hand of the Princess Harmony. The only advantages Bryce possesses in this quest he has been forced to enter are a magical pen and pad that allow him to bring whatever he sketches to life, and the wisdom of his long years that tells him he is far too old for an impetuous princess barely out of her teens.As the half-dozen contestants travel together to the far corners of Xanth, facing obstinate obstacles, tantalizing temptations, and pun-filled perils, Bryce begins to realize that in this enchanted realm nothing is quite what it seems, and the loser in this dangerous game might be the greatest winner of all.",https://images-na.ssl-images-amazon.com/images/S/compressed.photo.goodreads.com/books/1343938018i/13539168.jpg,server_url,upload\Piers Anthony\Luck_of_the_Draw_(Xanth)_-_Piers_Anthony.epub,1,,,,1,1
43193548,1,9,7200339,Free,Macabre Melody,"The macabre has its own melody. To help her best friend, Cerberus, Elaria ventures into Sasquatch territory. But instead of saving the gentle beneathers from hunters, Elaria and Cerberus become victims themselves. Taken to an underground zone run by a cruel, gargoyle lord, they're forced to fight in a supernatural arena. Will Elaria be able to free herself of this macabre melody, or will she be forced to sing it forever? Scroll up to continue spellsinging today! And be sure to check out all of the Spellsinger playlists for free on Spotify; listed under book titles and author name.",https://images-na.ssl-images-amazon.com/images/S/compressed.photo.goodreads.com/books/1544497205i/43193548.jpg,server_url,upload\Amy Sumida\Macabre_Melody_-_Amy_Sumida.epub,1,,,,1,1
13605164,1,3,2965060,Free,Maddy's Floor,"Medical intuitive and licensed MD Madeleine Wagner thought she'd seen every way possible to heal a diseased body...then patients start dying from mysterious causes in her long-term facility. The terminally ill fight to get into her ward. Once there, many miraculously...live. So when her patients start dropping and she senses an evil force causing their deaths, she calls on her friend and mentor, Stefan, for help. Together, they delve beyond the physical plane into the metaphysical... Only to find terror.She wants to save everyone, but are some souls not meant to be saved?Detective Drew McNeil has two family members in need of Maddy's healing care, but his visits to her facility leave him wondering - who cares for Maddy? Bizarre events on her floor raise his professional curiosity. And the more time he spends with Maddy, the more personal everything becomes. When the deaths on Maddy's Floor intersect with one of his cold cases, he realizes an old killer has returned - and Maddy's standing in his path. How can these people stop something that no one else can see, feel or even believe?",https://images-na.ssl-images-amazon.com/images/S/compressed.photo.goodreads.com/books/1334630130i/13605164.jpg,server_url,upload\Dale Mayer\Maddy's_Floor_-_Dale_Mayer.epub,1,,,,1,1
49318201,1,3,797534,Free,MADe,"She died a hero. She has been remade to do it for a living.Venda was having a nice lunch with a friend when her life took a wrong turn. She and her friend were held hostage and when the payoff didn’t arrive in time, she put herself between her friend and harm. Dying wasn’t pleasant but waking up in a mainframe took some getting used to.Venda uses her connection to the data stream to learn how she died and who was responsible. Once that little task was accomplished, she set out to gain revenge on the ones who had killed her in such a vile and public manner.Her little revenge adventures gain attention and soon there are members of the cluster hero teams standing in front of her mainframe, asking if she would like a pardon in exchange for a little light espionage. How can she resist?She can have a body again, if she joins Team Eight.",https://images-na.ssl-images-amazon.com/images/S/compressed.photo.goodreads.com/books/1560829259l/49318201.jpg,server_url,upload\Viola Grace\MADe_-_Viola_Grace.epub,1,,,,1,1
41046376,1,3,2879706,Free,Mage Fall,"I was done with Lord Morvilind. But the war with the Archon Elves was finished with neither of us. Morvilind has one last job for me. One final heist to decide the fate of humans and Elves both. And if I screw this one up, the Void will devour both humanity and the Elves...",https://images-na.ssl-images-amazon.com/images/S/compressed.photo.goodreads.com/books/1533429745i/41046376.jpg,server_url,upload\Jonathan Moeller\Mage_Fall_-_Jonathan_Moeller.epub,1,,,,1,1
21953352,1,2,8685,Free,Magic 101,"Before Buffy ever staked out a vampire, before anyone was “Grimm,” before the “Supernatural” Winchester brothers locked horns with things that go bump in the night, there was Diana Tregarde.Diana Tregarde. Occult investigator. Witch. And Guardian. Pledged to protect and shield the innocent from the deadly menaces of the Dark, the things most people have never seen--and would never want to. The things you think only live in your nightmares.But you would be wrong.If you’re unlucky enough, you’ll be DEAD wrong.And if you are really, really unlucky...you’ll find out that there really are things worse than death.Unless Diana finds you first.But can Diana survive Harvard?The prequel to Burning Water, Jinx High, and Children of the Night, these are the very first Diana Tregarde Investigations. Diana goes to Harvard. Harvard has no idea what's coming.",https://images-na.ssl-images-amazon.com/images/S/compressed.photo.goodreads.com/books/1397988782i/21953352.jpg,server_url,upload\Mercedes Lackey\Magic_101_-_Mercedes_Lackey.epub,1,,,,1,1
13044706,1,2,61693,Free,Magic Lantern,"The theatrics of an illusionist conceal a sinister truth...In late 1700s Paris, a young but promising illusionist dabbles in the arcane art of phantasmagoria. But at his moment of greatest triumph--unveiling a magical lantern said to open a door to the Chinese spirit world--he is violently struck down by a vengeful phantom....On assignment in London, archaeologist Annja Creed is hunting down a man who claims to have discovered the Jekyll and Hyde potion. On the trail of one curiosity, Annja finds herself pulled toward another mystery...the origin of a strange, old-fashioned projector once used by eighteenth-century illusionists. As Annja delves into its rich history, a dark past begins to emerge. And someone wants to harness the power of this cursed artifact...risking everything for the treasures it promises.But Annja has a little magic trick of her own. One that she wields with deadly accuracy....",https://images-na.ssl-images-amazon.com/images/S/compressed.photo.goodreads.com/books/1335920188i/13044706.jpg,server_url,upload\Alex Archer\Magic_Lantern_-_Alex_Archer.epub,1,,,,1,1
118722988,1,18,15872,Free,The Kane Chronicles & Magnus Chase Series 6 Books Collection By Rick Riordan,"Rick riordan 6 books collection set pack (red pyramid, throne of fire, serpent's shadow, demigods and magicians, hotel valhalla guide to the norse worlds [hardcover], camp half-blood confidential [hardcover]). Description:- The Red Pyramid: CARTER AND SADIE KANE'S dad is a brilliant Egyptologist with a secret plan that goes horribly wrong. An explosion shatters the ancient Rosetta stone and unleashes Set, the evil god of chaos . . .Set imprisons Dr Kane in a golden coffin and Carter and Sadie must run for their lives. The Throne of Fire: EVER since the gods of Ancient Egypt were unleashed on the modern world, Carter Kane and his sister, Sadie, have been in big trouble.As descendants of the magical House of Life, they command certain powers. But now a terrifying enemy - Apophis, the giant snake of chaos - is rising.The Serpent's Shadow: The Kane Chronicles: The Serpent's Shadow is the final thrilling instalment in award-winning author and Percy Jackson creator Rick Riordan's Kane Chronicles trilogy. Is their inherited magic enough to battle against the most powerful mythical forces that Egypt's gods have to throw at them? Demigods and Magicians: Join Percy Jackson, Annabeth Chase and Carter and Sadie Kane as they do battle with an ancient Egyptian magician determined to become a god. Against impossible odds, the four demigods and magicians team up to prevent the apocalypse. Hotel Valhalla Guide to the Norse Worlds: For Magnus Chase: Hotel Valhalla Guide to the Norse Worlds will whet readers' appetites for The Hammer of Thor.It is a 176-page, smaller format book with black-and-white illustrations throughout. Helgi - the hotel manager. Camp Half-Blood Confidential: A companion guide to THE TRIALS OF APOLLO series, set in the world of PERCY JACKSON.Camp Half-Blood FYI is the funny insider's guide to the demigod training camp in Long Island, narrated by none other than Percy Jackson himself, and other favourite characters will be heard from, too.",https://images-na.ssl-images-amazon.com/images/S/compressed.photo.goodreads.com/books/1676408610i/118722988.jpg,server_url,upload\Rick Riordan\Magnus_Chase_and_the_Sword_of_S_-_Rick_Riordan.epub,1,,,,1,1
31661303,1,6,5900266,Free,Making Her Purr,"[Siren Menage Erotic Paranormal Cowboy Menage a Quatre Romance, M/F/M/M, shape-shifters, HEA] Catherine Alexander is a self-proclaimed, Gucci-loving, Tesla-driving, spoiled rich kid. But when her oil tycoon father dies, she's left trying to run his going-belly-up-fast company. Soon it's too much for her to handle, and she escapes, ending up in rural Texas. Weretiger brothers Smoke and John Westbrook, along with their cousin Tatum Westbrook, know Catherine's their intended mate as soon as they see her lying on a hospital gurney. She's already wiped out a fence, nearly taking out a herd of cows and the rancher along with it. Is she bad news in heels? Or their dream come true? She's rich and spoiled, qualities they hate, but the connection is too strong to ignore. Catherine's stunned to find out what the men expect of her. Yet the real stunner is yet to come. They're out to teach her some manners, but will she stick around long enough to let them? Or will shady dealings with her father's oil company pull her away for good? ** A Siren Erotic Romance",https://images-na.ssl-images-amazon.com/images/S/compressed.photo.goodreads.com/books/1472009943i/31661303.jpg,server_url,upload\Jane Jamison\Making_Her_Purr_-_Jane_Jamison.epub,1,,,,1,1
77697858,1,1,14255,Free,Malice,,https://images-na.ssl-images-amazon.com/images/S/compressed.photo.goodreads.com/books/1673729077i/77697858.jpg,server_url,upload\Danielle Steel\Malice_-_Danielle_Steel.epub,1,,,,1,1
27386895,1,3,797534,Free,Malled by Christmas,"Dancer joined the exodus from the workshop in a chance to experience life and possibly love.She focuses on life and finds herself working in a mall as a security guard. Watching humans in their preparations for Christmas gives her a feeling of purpose and renews her energy for the holiday.A new photographer at Santa’s Grotto gains a crowd and Dancer’s admiration. He handles children with skill and coaxes smiles out of the most recalcitrant little ones.Dancer catches his eye, and she acknowledges the mutual attraction. A bit of light flirting and fending off attackers creates a bond that definitely embodies the spirit of giving.",https://images-na.ssl-images-amazon.com/images/S/compressed.photo.goodreads.com/books/1446116500i/27386895.jpg,server_url,upload\Viola Grace\Malled_by_Christmas_-_Viola_Grace.epub,1,,,,1,1
3208463,1,1,1982,Free,Man and Wife,"Imagine having a man at home.. .Drew was on top of the world at the. helm of her father's Australian property-development empire. Their designs had just been accepted for the country's largest trade complex. But her home life was a disaster....Tired and overworked, Drew badly needed someone to look after things and put her interests first. What she really needed was a wife.But what she got was a man who--instead of working for her--seemed to be working against her.",https://dryofg8nmyqjw.cloudfront.net/images/no-cover.png,server_url,upload\Valerie Parv\Man_and_Wife_by_Valerie_Parv_-_Unknown.epub,1,,,,1,1
96979,1,2,8516,Free,Man from Mundania,"For a bored, young princess of Xanth, there's nothing more exciting than a Quest. Especially when all you do is sit around Castle Roogna. But when Ivy uses the Heaven Cent, it takes her not to the top of Mount Rushmost, where the winged monsters gather, not to the sea where the merfolk swim--but to Mundania, a world much like our own (that is, boring). It is here that she meets a young college student so dull that he doesn't even believe in magic, or princesses, or Xanth!Does he have a lot to learn.The thrilling climax to the trilogy started in Vale of the Vole and continued in Heaven Cent.",https://images-na.ssl-images-amazon.com/images/S/compressed.photo.goodreads.com/books/1386922210i/96979.jpg,server_url,upload\Piers Anthony\Man_From_Mundania_-_Piers_Anthony.epub,1,,,,1,1
229377,1,5,12692,Free,Man of Ice,"Man of the Month --- MR. MAYIce Man: Dawson Rutherford, our 100th Silhouette hero!His scheme: Plan a mock engagement to help secure the land he so desperately needed.Only one woman had the power to drive this seemingly heartless cowboy wild, and now he needed her to pose as his bride-to-be! A tempestuous night long ago had forced Dawson to abandon all hope of making Barrie his lawfully wedded wife, but there was not telling what sharing a spread with this hot-blooded woman would do to the man of ice...",https://images-na.ssl-images-amazon.com/images/S/compressed.photo.goodreads.com/books/1501962040i/229377.jpg,server_url,upload\Diana Palmer\Man_of_Ice_-_Diana_Palmer.epub,1,,,,1,1
8438726,1,5,1982,Free,Man Shy,"It was to be the start of a new life. For Alita, agreeing to run her friend Karen's farm secretarial agency in the Australian outback was the first step away from her past. She hoped to forget her regrettable marriage and perhaps find that not all men were brutish like her ex-husband, Steve. Yet as Karen's engagement party it was Alita's past experience that caused her to behave badly when she met Tagg Laskin. At least she'd never see him again, she told herself comfortingly. Then she learned that he owned the property, Mundoo Run, where she was to live and run the business!",https://dryofg8nmyqjw.cloudfront.net/images/no-cover.png,server_url,upload\Valerie Parv\Man_Shy_by_Valerie_Parv_-_Unknown.epub,1,,,,1,1
7324849,1,14,19687,Free,Man-Hater,149pages. poche. Broché.,https://images-na.ssl-images-amazon.com/images/S/compressed.photo.goodreads.com/books/1287371569i/7324849.jpg,server_url,upload\Penny Jordan\Man-Hater_-_Penny_Jordan.epub,1,,,,1,1
3220252,1,14,61189,Free,Destiny Paradise,How had Lorna managed to fall in love with the man who had just jilted her sister? She should hate him!Only one thing was quite certain - she could hope to find no more happiness with Ashley Ward than had her sister.,https://images-na.ssl-images-amazon.com/images/S/compressed.photo.goodreads.com/books/1289386441i/3220252.jpg,server_url,upload\Margaret Mayo\Margaret_Mayo_destiny_paradise_-_Unknown.epub,1,,,,1,1
9653191,1,19,61189,Free,Divided Loyalties,"She'd lose her best friend - or her heart!Debra felt responsible for Liz since the younger girl's parents had died. So when the job in HOng Kong was offered to Debra, she insisted that Liz come, too.""Fine,"" said Vane Oliver, a famous fashion designer and Debra's new boss. ""Liz is a sweet young thing.""Sweet, yes, but in love with Vane. And to Debra that was terrible! Not just because Vane was too old for Liz, but because Debra was in love with him, too!",https://images-na.ssl-images-amazon.com/images/S/compressed.photo.goodreads.com/books/1289068584i/9653191.jpg,server_url,upload\Margaret Mayo\Margaret_Mayo_devided_loyalties_-_Unknown.epub,1,,,,1,1
7954091,1,19,61189,Free,Rainbow Magic,"Taryn scoffed at the village theory. How could a special rainbow bring about a change in one's life? But when she saw it, she couldn't help her growing excitement.Her meeting with Luke Major immediately afterward was a distinct letdown...and a shock.Luke was an exact replica of Taryn's ex-fiance. And Taryn could do without the kind of changes he had made in her life!",https://images-na.ssl-images-amazon.com/images/S/compressed.photo.goodreads.com/books/1277137329i/7954091.jpg,server_url,upload\Margaret Mayo\Margaret_Mayo_rainbow_magic_-_Unknown.epub,1,,,,1,1
24237478,1,19,61189,Free,Shades Of Autumn,"When she first went to work as secretary to Brad Stuart, Laura thought he was the most difficult and unreasonable man she had ever met. By the time she had come to understand him better, she had fallen hopelessly in love with him. Then yet another disagreement threatened their relationship. Laura wondered if there would ever be any future in it.",https://images-na.ssl-images-amazon.com/images/S/compressed.photo.goodreads.com/books/1420078533i/24237478.jpg,server_url,upload\Margaret Mayo\Margaret_Mayo_shades_of_autumn_-_Unknown.epub,1,,,,1,1
10379603,1,1,61189,Free,The Marriage Game,"Miranda had to know what was wrong! When Georgios, her husband of three months, hurried back to Greece because of family troubles, Miranda wasn't too alarmed. When he didn't come back, she decided to look for him. The problem was that Georgios, member of a wealthy shipping family, acted as if he'd never seen Miranda before in his life. Miranda was sure if she could talk to Georgios alone, things would work out. If only his dictatorial older brother, Theo, wouldn't interfere. Theo, however, flatly refused to believe that they had ever been married... .",https://images-na.ssl-images-amazon.com/images/S/compressed.photo.goodreads.com/books/1388985974i/10379603.jpg,server_url,upload\Margaret Mayo\Margaret_Mayo_the_marriage_game_-_Unknown.epub,1,,,,1,1
52474743,1,3,7200339,Free,Marked by Death,"The cold is spreading.After the battle in Asgard, Vervain Lavine, the Godhunter, just wants to celebrate the victory with her friends and family. The fact that those friends happen to be gods, and her family is a bunch of werewolves and werelions, only makes the victory that much sweeter. But the wound she took from Anubis' blade has scarred over, and the cold beginning to spread from it is worrisome. Not to mention the link it's established between her and the Egyptian God of the Dead, who seems intent on making her pay for having the audacity to attack him.Then there's Demeter, still out to get Vervain, and Ares who may be holding a grudge over the loss of his lover and his left hand. Besides the gods who want her dead, there's the goddess who wants Vervain's help stopping a drug lord who also happens to be a god.So it's a little hard for the Godhunter to celebrate, in fact she can barely sleep, ever since the night that she was marked by Death.",https://images-na.ssl-images-amazon.com/images/S/compressed.photo.goodreads.com/books/1564363481l/52474743.jpg,server_url,upload\Amy Sumida\Marked_by_Death_-_Amy_Sumida.epub,1,,,,1,1
8105094,1,2,19687,Free,Marriage: To Claim his Twins,"A paixão tinha um preço a dobrar...Alexander Konstantinakos descobriu que aquela noite de paixão em Inglaterra tivera consequê duas, para sermos exatos. Sem aviso prévio, Alexander apresentou-se à porta de Ruby Wareham para levar os seus filhos gémeos para a Grécia.Ruby ficou espantada ao constatar que ainda se sentia tão atraída por aquele milionário moreno e sensual. Temia perder os seus queridos filhos, que tinha criado com muito esforço, mas talvez houvesse uma solução... Poderia casar-se com Sander, que era praticamente um desconhecido, e partilhar a sua cama?",https://images-na.ssl-images-amazon.com/images/S/compressed.photo.goodreads.com/books/1283812594i/8105094.jpg,server_url,upload\Penny Jordan\Marriage__To_Claim_His_Twins_-_Penny_Jordan.epub,1,,,,1,1
3084750,1,5,86756,Free,Married by Christmas,"Made to marry!Lilli Bennett had drunk just a little too much champagne. However, barely three months had passed since her world had been rocked by trauma. She remembered allowing herself to be taken away from the party by devastatingly handsome banker Patrick Devlin...but how had she come to wake up the next morning in his bed?Whether or not they'd become lovers, Patrick wasn't about to let Lilli forget it. He vowed that she'd marry him within a month. The fact that only Patrick could save Lilli's father's chain of hotels from going bust meant that she had no choice--she would become Patrick's bride by Christmas!",https://images-na.ssl-images-amazon.com/images/S/compressed.photo.goodreads.com/books/1529021800i/3084750.jpg,server_url,upload\Carole Mortimer\Married_by_Christmas_-_Carole_Mortimer.epub,1,,,,1,1
32461178,1,14,1160213,Free,Marrying for His Royal Heir,"A royal baby, tragically orphaned, brings together two people who swore they'd never speak again...  The proud, powerful Sheikh Malakhi al-Sitar has no intention of letting his young nephew -also his heir- leave the Kingdom of Ishala, especially not with the boy's impetuous, beautiful, and rather alluring Australian aunt. The single kiss they'd shared years earlier has burned his memory banks ever since, and now he has a way to keep both her and the child in his life.  Evie is floored when Malakhi proposes to her in exchange for allowing her to stay in the country and be involved in her nephew's upbringing. Faced with losing her beloved nephew forever and marrying a man she's desired body and soul for as long as she's known him, Evie can make only one decision.  A dark marriage based on desire, grief and the bonds of family is forged, but can it withstand the ravages of the truth? Will Evie be able to stay married to the Sheikh when she discovers that he's manipulated her completely? And will Malakhi ever forgive himself?  From Amazon bestseller Clare Connelly comes this gripping Sheikh romance that will set your soul on fire from the first page to the last line.  _____  “Stay in Ishala as my lover.” The words rang through the room like a tiny, horrible challenge. Evie turned to face him, her eyes shimmering with tears, her lips parted. “You can’t be serious.” “I’m deadly serious. I wanted to sleep with you that night, and I am surprised to discover that desire has not abated.” “What about your other women?” She snapped. “Are they not doing it for you?” “This isn’t about them,” he said with an insouciant shrug. “Wanting you does not preclude a desire for them too.” She drew in a deep breath as pain quickly chased desire. “So you’re saying you want me to sleep with you … but you’ll still be … seeing them?” His lips twisted in a wry grimace. “You need only think about your place in my bed. No one else’s.” “I thought you were worried about gossip and rumours?” “You are a divorced woman. There is no shame in making you my mistress now.” “No shame for you,” she drawled, shivering at the clinical way in which they were discussing her body. Not just her body, but her pride. And though he didn’t know it, her virginity. “The decision is yours,” he said with a careless shrug. What could she do? She was torn. A love for her nephew and a desire for this man stood on one side of her equilibrium. On the other? The rational voices of all those she loved and who had loved her. Her parents, her sister in law, her brother: all gone from this earthly sphere, but still very much alive in her mind. They shouted their objections at her now and she was disgraced to realise that, despite their number, her own desires held greater sway. “So, Evelyn? What do you decide?” “You give me little choice,” she said stiffly. Though she’d had a choice. To walk away from him and this life. It just wasn’t particularly palatable.",https://images-na.ssl-images-amazon.com/images/S/compressed.photo.goodreads.com/books/1475637597i/32461178.jpg,server_url,upload\Clare   Connelly\Marrying_for_his_Royal_Heir_-_Clare_Connelly.epub,1,,,,1,1
6315471,1,5,25950,Free,Marrying the Virgin Nanny,"Three nannies in one month was more than overwhelmed single father Jason Garrett could handle. But from the moment Maggie Shepherd picked up his infant son, Jason knew he'd found what he was looking for. He needed a mother for Brady; the orphaned nanny needed a place to call home.And he had the perfect solution….Tying the knot with her gorgeous employer wasn't in Maggie's job description. But she had to admit, the irresistible father-son duo packed a powerful punch. She knew her marriage to Jason was strictly a business arrangement. But that didn't stop the temporary wife from wanting to carve out a permanent place in the billionaire developer's heart….",https://images-na.ssl-images-amazon.com/images/S/compressed.photo.goodreads.com/books/1348192338i/6315471.jpg,server_url,upload\Teresa Southwick\Marrying_The_Virgin_Nanny_-_Teresa_Southwick.epub,1,,,,1,1
29437260,1,1,2879706,Free,Mask of Dragons,"MAZAEL CRAVENLOCK is the last of the Demonsouled, and has defeated every enemy who ever challenged him.Yet in the sinister Prophetess of Marazadra, he faces a subtle foe unlike any other adversary.And unless Mazael's masters the Prophetess's deadly game, the dark goddess Marazadra will rise in blood and terror...",https://images-na.ssl-images-amazon.com/images/S/compressed.photo.goodreads.com/books/1457357074i/29437260.jpg,server_url,upload\Jonathan Moeller\Mask_of_Dragons_-_Jonathan_Moeller.epub,1,,,,1,1
32509820,1,1,2879706,Free,Mask of Spells,"Mazael Cravenlock is the last of the Demonsouled, and defeated a great dark power to save the world.But with that dark power dead, a new one rushes to takes its place, led by the sinister Prophetess of Marazadra.And unless Mazael stops her, the Prophetess will use the Mask of Marazadra to summon her wicked goddess, plunging the world into darkness...",https://images-na.ssl-images-amazon.com/images/S/compressed.photo.goodreads.com/books/1476071707i/32509820.jpg,server_url,upload\Jonathan Moeller\Mask_of_Spells_-_Jonathan_Moeller.epub,1,,,,1,1
23787461,1,3,2879706,Free,Mask of Swords,"MAZAEL CRAVENLOCK has prevailed over terrible foes and now rules the Grim Marches with a firm hand. Yet ancient evils are stirring in the shadows, freed at last by Mazael's own deeds of valor. Unless Mazael fights with all his strength, the world will fall.ADALAR is weary of war, has seen too many friends and comrades die. Yet dark forces are stirring in the shadows, and unless Adalar defends his lost home, those under his protection will perish.SIGALDRA is the last holdmistress of the Jutai nation, the final defender of her people. Now the darkness comes to devour the final remnant of Sigaldra's home and family. Even Sigaldra's courage may not be enough to turn aside the shadows.For the goddess has been freed at last, and her servants are eager to slay in her name...",https://images-na.ssl-images-amazon.com/images/S/compressed.photo.goodreads.com/books/1436596485i/23787461.jpg,server_url,upload\Jonathan Moeller\Mask_of_Swords_-_Jonathan_Moeller.epub,1,,,,1,1
868571,1,14,19687,Free,Master of Pleasure,"Sasha walked away from handsome millionaire Gabriel Cabrini to marry someone else—and he has never forgiven her. Now widowed, Sasha is shocked when Gabriel is named as heir to her late husband's wealth and guardian to her two young sons. She's completely in his power!Sasha will not surrender, no matter how persuasive Gabriel might be. There is far too much at stake…especially the one thing that he must never know….",https://images-na.ssl-images-amazon.com/images/S/compressed.photo.goodreads.com/books/1179043522i/868571.jpg,server_url,upload\Penny Jordan\Master_Of_Pleasure_-_Penny_Jordan.epub,1,,,,1,1
26531633,1,5,240840,Free,Mastering the Mistress,"Get ready for a sexy Power Struggle...  A warrior who has vowed never to take a bride Bought by a girl who needs a body slave... but has no idea what to do with him Will Kaylee be able to tame the huge Havoc she bought at the Flesh Bazaar? Or will Solar turn the tables and end up... Mastering the Mistress?  Solar M'Tex is a Havoc--a race of males who have sworn never to bond themselves to a female. So the idea of serving or loving any woman, no matter how beautiful, is foreign to him. But when he gets captured and sold at the Flesh Bazaar, he has no say in who buys him. Before he knows it he is the exclusive property of Kaylee, a lush little female from Yonnie Six who wants her own personal body slave.  Kaylee is new to Yonnie Six high society. She didn't even know she needed a body slave until her new friend Lyla told her. But when Lyla talks her into buying the huge, muscular Havoc, she doesn't know what to do with him--or have any idea how she's going to master him.  Soon they're in Kaylee's new dungeon with all the equipment a Mistress could need to tame a new slave. Kaylee does her best but when Solar gets free of his restraints, the tables are turned. Will she escape from the male she dared to try and master... or will Solar end up Mastering the Mistress?  Mastering the Mistress is a Brides of the Kindred novella but it can and should be read as a stand alone novella.",https://images-na.ssl-images-amazon.com/images/S/compressed.photo.goodreads.com/books/1442285057i/26531633.jpg,server_url,upload\Evangeline Anderson\Mastering_the_Mistress_-_Evangeline_Anderson.epub,1,,,,1,1
6004019,1,2,14255,Free,Matters of the Heart,"In this spellbinding blend of suspense and human drama, Danielle Steel tells a powerful and unusual story of one woman’s journey from darkness into light, as she fights to escape a mesmerizing sociopath who holds her in his thrall. . . .  Top photographer Hope Dunne has known joy and heartbreak, and finds serenity through the lens of her camera. Content in her SoHo loft, she isn’t looking for a man or excitement. But these things find her when she flies to London to photograph one of the world’s most celebrated writers.Finn O’Neill exudes warmth and a boyish charm. Enormously successful, he is a perfect counterpoint to Hope’s quiet, steady grace—and he’s taken instantly by her. He courts her as no one ever has before, whisking her away to his palatial, isolated Irish estate.Hope finds it all, and him, irresistible. But soon cracks begin to appear in his stories: Gaps in his history, a few innocent lies, and bouts of jealousy unnerve her. Suddenly Hope is both in love and deeply in doubt, and ultimately frightened of the man she loves. Is it possible that this adoring man is hiding something even worse? The spell cast by a brilliant sociopath has her trapped in his web, too confused and dazzled to escape, as he continues to tighten his grip on her. Danielle Steel delivers an unforgettable tale of danger and obsessive love, as she explores the dark secrets that sometimes lurk just below the surface of ordinary lives, writing about men and women and their courage to prevail even in the face of evil.",https://images-na.ssl-images-amazon.com/images/S/compressed.photo.goodreads.com/books/1320473882i/6004019.jpg,server_url,upload\Danielle Steel\Matters_of_the_Heart_-_Danielle_Steel.epub,1,,,,1,1
22208238,1,2,3780,Free,Maximum Ride Forever,"THE NINTH AND ULTIMATE MAXIMUM RIDE STORY IS HERE! Legions of Max fans won't be disappointed by this encore episode in the beloved series about the incredible adventures of a teenage girl who can fly. As Maximum Ride boldly navigates a post-apocalyptic world, she and her broken flock are roaming the earth, searching for answers to what happened. All will be revealed in this last spectacular ""ride""- a brand-new grand finale featuring all of the nonstop action, twists and turns that readers can rely on in a blockbuster Patterson page turner!",https://images-na.ssl-images-amazon.com/images/S/compressed.photo.goodreads.com/books/1410765126i/22208238.jpg,server_url,upload\James  Patterson\Maximum_Ride_Forever_-_James_Patterson.epub,1,,,,1,1
7932824,1,2,3780,Free,Max: A Maximum Ride Novel:,"___________________________‘Has all the characteristics of his work . . . pace, action, mystery and cool’ SUNDAY TIMESNobody said saving the world would be easy . . .Until now, Max and her best friends have lived a lonely hunted, tortured and pushed to the fringes of society. But things are changing.The flock have finally found acceptance for their extraordinary skills. But fame always comes at a price, and Max soon realises a life of celebrity isn’t all she expected.Meanwhile, something deadly is lurking in the depths of the ocean. As the flock uncover a terrible secret that is set to threaten the world, they must prepare to save the day.But is this a disaster too tough to tackle – even for them?________________________________This book was recently reissued with a new cover, so stock may vary.",https://images-na.ssl-images-amazon.com/images/S/compressed.photo.goodreads.com/books/1327879687i/7932824.jpg,server_url,upload\James  Patterson\Max__A_Maximum_Ride_Novel_-_James_Patterson.epub,1,,,,1,1
22385623,1,3,2879706,Free,Ghost in the Maze,"Caina Amalas is a Ghost circlemaster, leader of the Emperor's spies in Istarinmul. Yet the people of Istarinmul know her as the Balarigar, the daring master thief who challenged the corrupt lords and cruel princes of the city. And now Grand Master Callatas, the most powerful sorcerer of Istarinmul, wants her dead, and without allies Caina will not survive. So when a legendary thief offers Caina a chance to rob Callatas himself, she has no choice but to join the venture. But no one has ever escaped the dark perils of Callatas's Maze... ABOUT THE AUTHOR Standing over six feet tall, Jonathan Moeller has the piercing blue eyes of a Conan of Cimmeria, the bronze-colored hair of a Visigothic warrior-king, and the stern visage of a captain of men, none of which are useful in his career as a computer repairman, alas. He has written the DEMONSOULED series of sword-and-sorcery novels, and continues to write THE GHOSTS sequence about assassin and spy Caina Amalas, the COMPUTER BEGINNER'S GUIDE series of computer books, and numerous other works.",https://images-na.ssl-images-amazon.com/images/S/compressed.photo.goodreads.com/books/1401600860i/22385623.jpg,server_url,upload\Jonathan Moeller\Maze_-_Jonathan_Moeller.epub,1,,,,1,1
22798138,1,5,7235860,Free,Meant to Be,"The Twelfth installment of the Forever and Always Series.  Now that Sean and Scarlet know they can have a baby, they are excited to finally start their family. But when Ryan reveals he’s going to propose, Scarlet decides to put their plans on hold. The last thing she wants is to be fat and pregnant at Ryan’s wedding. Sean is disappointed but he doesn’t press her.  Mike is more in love than ever, but Cassandra holds her ground and says she never wants to get married. This brings Mike to a dilemma. Should he sacrifice his greatest dream so he can be with her, or should he end the relationship and search for the woman who will be his wife and mother of his children? The heartache is too much and he can’t come to a decision.  Monnique finally makes things right with Hazel, realizing she’s being immature about the relationship. But Cortland didn’t give her much a choice. It was either Monnique or Scarlet.  Hazel gets her own spotlight in this installment. In her dance production, all the dancers are back-stabbing bitches. She’s stressed about money and can barely afford groceries. She despises the assistant director until she leaves her purse in the theatre after hours. When she retrieves it, she runs into him, but their night takes a turn she never expected.  Ryan is trying to win Janice back because she’s still livid with him. Nothing he does works. She constantly rejects him and uses him for meaningless sex. Flowers and chocolates don’t work. He’s running out of options.",https://images-na.ssl-images-amazon.com/images/S/compressed.photo.goodreads.com/books/1406596877i/22798138.jpg,server_url,upload\E.L. Todd\Meant_to_Be_(Forever_and_Always_-_E._L._Todd.epub,1,,,,1,1
238141,1,2,"17065,625",Free,Memory in Death,"In Memory in Death Lieutenant Eve Dallas is walking a tightrope between her professional duties and her private demons.  Eve Dallas is one tough cop. She's got no problem dealing with a holiday reveler in a red suit who plunges thirty-seven stories and gives new meaning to the term ""sidewalk Santa."" But when she gets back to the station and Trudy Lombard shows up, it's all Eve can do to hold it together. Instantly, she's thrown back into the past, to the days when she was a vulnerable, traumatized girl-trapped in foster care with the twisted woman who now sits in front of her, smiling.  Trudy claims she just wanted to see how Eve was doing. But Eve's husband, Roarke, suspects otherwise-and his suspicions prove correct when Trudy arrives at his office, demanding money in exchange for keeping the ugly details of his wife's childhood a secret. Barely restraining himself, Roarke shows her the door-and makes it clear that she'd be wise to get out of New York and never bother him or his wife again.  But just a few days later, Trudy's found on the floor of her hotel room, a mess of bruises and blood. A cop to the core, Eve is determined to solve the case, if only for the sake of Trudy's bereaved son. Unfortunately, Eve is not the only one to have suffered at this woman's hands, and she and Roarke will follow a circuitous, dangerous path to find out who turned this victimizer into a victim.",https://images-na.ssl-images-amazon.com/images/S/compressed.photo.goodreads.com/books/1299457743i/238141.jpg,server_url,upload\J.D. Robb\Memory_in_Death_-_J._D._Robb.epub,1,,,,1,1
96498,1,2,12692,Free,Mercenary's Woman,Book by Diana Palmer,https://images-na.ssl-images-amazon.com/images/S/compressed.photo.goodreads.com/books/1245754395i/96498.jpg,server_url,upload\Diana Palmer\Mercenary's_Woman_-_Diana_Palmer.epub,1,,,,1,1
10034342,1,2,12692,Free,Merciless,"Can she convince a man to let down his defenses when he's set on guarding his heart? Tall, dark and eligible? That's all that matters to the women of Jacobsville when it comes to handsome and aloof FBI agent Jon Blackhawk. But if it were up to him, he would never settle down. Luckily, Jon has the best gatekeeper: his efficient and reliable assistant, Joceline Perry. Without her help, he'd be at the mercy of husband hunters�but the more he comes to rely on her, the more he notices how invaluable she really is… While Joceline can't deny that her boss is attractive, as a single mother with responsibilities she's determined to be professional. But when Jon is accosted by a criminal seeking revenge, she comes to his aid�fueling the spark that is growing between them. As the attempts on Jon's life increase, Joceline stands by his side. But when the smoke clears, will the man who avoided love realize that all he ever needed was right there all along?",https://images-na.ssl-images-amazon.com/images/S/compressed.photo.goodreads.com/books/1301596056i/10034342.jpg,server_url,upload\Diana Palmer\Merciless_-_Diana_Palmer.epub,1,,,,1,1
34200073,1,5,2965060,Free,Merk's Mistake,"Welcome to Merk's Mistake, book 3 in Heroes for Hire reconnecting readers with the unforgettable men from SEALs of Honor in a new series of action packed, page turning romantic suspense that fans have come to expect from USA TODAY Bestselling author Dale Mayer.Time never fades…After months of recovery, Merk is moving from mission to mission, happily back in his active life again. But when his ex-wife sends out a panicked call for help, he rushes to meet her – only to see her snatched away in front of him.Katina has only one person in mind when she finds herself in trouble. Merk. They haven’t spoken for ten years, but time hasn’t changed some things. The attraction between she and Merk is as deep and strong as it was back then. Even more so. But with her life on the line, she can’t focus on him… and can’t get her mind of him.She has something others want, and they will do anything to get it back. No matter how nefarious. No matter how evil. No matter who they kill",https://images-na.ssl-images-amazon.com/images/S/compressed.photo.goodreads.com/books/1486560829i/34200073.jpg,server_url,upload\Dale Mayer\Merk's_Mistake__A_SEALs_of_Hono_-_Dale_Mayer.epub,1,,,,1,1
792832,1,14,81218,Free,The Price of a Bride,"Forced to marry!
When Mia Frazier agreed to her father's demand to marry Greek millionaire Alexander Doumas, she knew both men stood to gain from the deal--Alex would win back his family's island, and Mia's father would get the grandson and heir he so desperately longed for. But what about Mia?She had her own reason for agreeing to be Alex's wife--which was not financial gain, as Alex cynically believed. But how could the truth stay hidden, when she shared such intense passion with her new husband...and was now carrying his child?",https://images-na.ssl-images-amazon.com/images/S/compressed.photo.goodreads.com/books/1387703932i/792832.jpg,server_url,upload\Michelle Reid\Michelle_reid_the_price_of_a_br_-_Unknown.epub,1,,,,1,1
12073247,1,2,3780,Free,"Middle School, The Worst Years of My Life - Free Preview: The First 20 Chapters","Rafe Khatchadorian has enough problems at home without throwing his first year of middle school into the mix. Luckily, he's got an ace plan for the best year ever, if only he can pull it off: With his best friend Leonardo the Silent awarding him points, Rafe tries to break every rule in his school's oppressive Code of Conduct. Chewing gum in class-5,000 points Running in the hallway-10,000 points Pulling the fire alarm-50,000 points But when Rafe's game starts to catch up with him, he'll have to decide if winning is all that matters, or if he's finally ready to face the rules, bullies, and truths he's been avoiding. Blockbuster author James Patterson delivers a genuinely hilarious-and surprisingly poignant-story of a wildly imaginative, one-of-kind kid that you won't soon forget.",https://images-na.ssl-images-amazon.com/images/S/compressed.photo.goodreads.com/books/1328302934i/12073247.jpg,server_url,"upload\James  Patterson\Middle_School,_the_Worst_Years_-_James_Patterson.epub",1,,,,1,1
200630018,1,2,3780,Free,"Middle School: How I Survived Bullies, Broccoli, and Snake Hill","Middle How I Survived Bullies, Broccoli, and Snake Hill",https://images-na.ssl-images-amazon.com/images/S/compressed.photo.goodreads.com/books/1698198224l/200630018.jpg,server_url,upload\James  Patterson\Middle_School__How_I_Survived_B_-_James_Patterson.epub,1,,,,1,1
16059852,1,20,"3780,53988,259542",Free,"Middle School: My Brother Is a Big, Fat Liar - FREE PREVIEW EDITION","Catch a SNEAK PREVIEW of the first 15 chapters from James Patterson third installment in the #1 New York Times bestselling Middle School series!Georgia Khatchadorian plans to excel at Hills Village Middle School in all the places her troublemaking brother failed. She's even bet him that she'll quickly become one of the most popular girls in school. But Rafe left a big mark at HVMS, and no one will give Georgia a chance! Even worse, Rafe has sneakily signed up her band to play at the school dance, and she's terrified to embarrass herself in front of the snooty ""Princesses"" who run the school and the boy who's caught her eye. Will she be able to overcome her fears and win her bet with Rafe? Find out THE TRUTH about Rafe Khatchadorian's sister in the first Middle School story from the point of view of the hilarious Georgia--a girl who's ready to speak her mind!",https://images-na.ssl-images-amazon.com/images/S/compressed.photo.goodreads.com/books/1371680613i/16059852.jpg,server_url,upload\James  Patterson\Middle_School__My_Brother_Is_a_-_James_Patterson.epub,1,,,,1,1
18486560,1,2,"3780,464986",Free,Save Rafe!,"James Patterson's hilarious story of perseverance and courage shows everyone's favorite troublemaker, Rafe Khatchadorian, the star of the Middle School series, learning to become a leader at long last. After a rough summer, Rafe is heading back to the dreaded Hills Village Middle School, the site of the very worst years of his life. And as if that's not bad enough, he's learned that he's going to be held back a year unless he can prove himself on an outdoor survival excursion--complete with dangerous white-water rafting, dizzying rock climbing, and fanatical counselors. Rafe and the rest of the pack of ""delinquent"" trainees are forced to cooperate as they prepare for the final test: a solo excursion in the deep woods. Can Rafe come out of the experience in one piece? And if he does, he go home as the same insecure kid?",https://images-na.ssl-images-amazon.com/images/S/compressed.photo.goodreads.com/books/1444610867i/18486560.jpg,server_url,upload\James  Patterson\Middle_School__Save_Rafe!_-_James_Patterson.epub,1,,,,1,1
129524,1,2,17065,Free,Midnight in Death,"The number-one New York Times best selling In Death series explodes with intrigue, passion, and suspense. Now, Nora Roberts, writing as J. D. Robb, propels you into the darkest night of Lieutenant Eve Dallas' life - when a killer comes to call.Eve's name has made a Christmas list, but it's not for being naughty or nice. It's for putting a serial killer behind bars. Now the escaped madman has her in his sights. With her husband, Roarke, at her side, Eve must stop the man from exacting his bloody vengeance - or die trying.",https://images-na.ssl-images-amazon.com/images/S/compressed.photo.goodreads.com/books/1405911752i/129524.jpg,server_url,upload\J.D. Robb\Midnight_in_Death_-_J._D._Robb.epub,1,,,,1,1
2452074,1,2,30032,Free,Midnight Seduction,"What the night knows...Millionaire treasure hunter Harlan McClaren's last adventure nearly cost him his life. All he wanted now was to be alone, and this distant port—where nobody knew his true identity—seemed the perfect place. But then an innocently seductive young woman stepped aboard his sailboat and asked his help in solving a deadly mystery...From that first moment, Emma Purcell was entranced by this mysterious stranger with the haunted eyes and the shadowed past. But she couldn't let herself be distracted from her desperate search—even as she ached to give herself to a man who could be the key to the secrets that had brought her here...",https://images-na.ssl-images-amazon.com/images/S/compressed.photo.goodreads.com/books/1267956440i/2452074.jpg,server_url,"upload\Justine Davis\Midnight_Seduction_[Redstone,_I_-_Unknown.epub",1,,,,1,1
49650966,1,3,797534,Free,Mini Max,"Born to stand out, she turns a life of obligation into a life she chooses, on Team Eight.Max was raised with a purpose, but her accelerated development had nothing to do with it. She was born to be a Demyani, a Girl Bringer. In a community full of men who could only generate boys, she produced a hormone via her passive presence that tipped the scales and made girl babies enter the families.Her extreme height and immense strength were secondary characteristics to her place in her adoptive family. She brought the girls.Life was routine but she had a plan for her retirement when her family no longer needed her services. That plan was set on its edge when she meets an Investigator from the Cluster Team Project. She is a candidate for Team Eight, but she has to strike a balance between being there for her family and going off world to be there for everyone else.",https://images-na.ssl-images-amazon.com/images/S/compressed.photo.goodreads.com/books/1563458973l/49650966.jpg,server_url,upload\Viola Grace\Mini_Max_-_Viola_Grace.epub,1,,,,1,1
528641,1,2,14255,Free,Miracle,"It is New Year’s Eve when the storm of the century hits northern California. In a quiet neighborhood in San Francisco, amid the chaos of fallen trees and damaged homes, the lives of three strangers are about to collide. For Quinn Thompson, what happens in the storm’s wake will bring down a barrier he has built around himself since his wife’s death. For neighbor Maggie Dartman, it will spark friendship at a time when she needs it most. And for Jack Adams, a carpenter who will repair Quinn’s and Maggie’s homes, the storm brings an to help two people and to be repaid with the greatest gift of all.As three lives come together and a unique friendship is forged, something extraordinary begins to happen…Maggie, still grieving a loss, slowly comes alive again–and Jack finally shares a painful secret he has hidden for years. But at the center of the friendship is Quinn. A man who has scaled heights of success in business, Quinn is now adrift, waiting as builders put the finishing touches on his newest passion, a 180-foot yacht he plans to sail around the world. Looking back at all he missed with his family while he built his empire, Quinn is consumed by guilt, focused only on escaping to the sea. But as his plans near completion, and his friendship with Maggie begins to change, Quinn faces a choice–between a safe haven and an adventure of the heart. The choice he makes will affect other lives as powerfully as his own. And it will take him on an extraordinary journey–and into a second, terrifying storm, one that will bring him danger…or deliverance.Danielle Steel brings us miracles big and small–the kind we are blessed with and those we give to others. With a subtle hand and a flawless touch, she has written a novel that soars with hope, and makes us laugh, cry, and care.From the Hardcover edition.",https://images-na.ssl-images-amazon.com/images/S/compressed.photo.goodreads.com/books/1175555228i/528641.jpg,server_url,upload\Danielle Steel\Miracle_-_Danielle_Steel.epub,1,,,,1,1
2043499,1,2,"3780,4255",Free,Miracle on the 17th Green,"Travis McKinley's life has drifted sideways. His job, his marriage, even his children all feel disconnected and distant. Has he really accomplished nothing of consequence in his life? One Christmas Day, Travis plays a round of golf and finds himself for the first time in the zone--playing like a pro. In astonishingly short order, Travis is catapulted into the PGA Senior Open at Pebble Beach, where he advances to the final round. And while his wife, his children, and a live television audience watch, a miracle takes place that changes Travis, and his family, forever.",https://images-na.ssl-images-amazon.com/images/S/compressed.photo.goodreads.com/books/1266489440i/2043499.jpg,server_url,upload\James  Patterson\Miracle_on_the_17th_Green__A_No_-_James_Patterson.epub,1,,,,1,1
390374,1,2,14255,Free,Mirror Image,"To look at one was to see the other. For family, even the girls' own father, it was a constant guessing game. For strangers, the surprise was overwhelming. And for the twins Olivia and Victoria Henderson, two remarkable young women coming of age at the turn of the century, their bond was mysterious, marvelous, and often playful—a secret realm only they inhabited.Olivia and Victoria were the beloved daughters of a man who never fully recovered from his wife's death bearing them in 1893. Shy, serious Olivia, born eleven minutes before her sister, had taken over the role of mother in their lush New York estate, managing not only a household but her rebellious twin's flights of fancy. Free-spirited Victoria wanted to change the world. She embraced the women's suffrage movement and dreamed of sailing to war-torn Europe. Then, in the girls' twenty-first year, as the first world war escalated overseas, a fateful choice changed their lives forever.It began when Victoria's life was about to become a public scandal. It led to a painful decision, and brought handsome lawyer Charles Dawson into the Henderson's life and family. Hand-picked by the twins' father to save his daughter's reputation, Charles was still mourning his wife's death aboard the Titanic, struggling to raise his nine year-old son alone, determined never to lose his heart again. Charles wanted to believe that, for the sake of his son, he could make an unwanted marriage work. But in an act of deception that only Olivia and Victoria could manage, the twins took an irrevocable step, which changed both their lives forever; and took one of the twins to the battlefields of France, the other into a marriage she longed for but could not have.From Manhattan society to the trenches of war-ravaged France, Mirror Image moves elegantly and dramatically through a rich and troubled era. With startling insight, Danielle Steel explores women's choices: between home and adventure, between the love for family and the passion for a cause, between sacrifice and desire. But at the heart of Mirror Image is a fascinating, realistic portrait of identical twins, two vastly different sisters who lead their lives and follow their destinies against a vivid backdrop of a world at war.From the Hardcover edition.",https://images-na.ssl-images-amazon.com/images/S/compressed.photo.goodreads.com/books/1320501108i/390374.jpg,server_url,upload\Danielle Steel\Mirror_Image_-_Danielle_Steel.epub,1,,,,1,1
6498356,1,2,"17065,717304",Free,Missing in Death,"Aboard the Staten Island ferry, a tourist comes across something she shouldn't have seen - something someone needs kept very quiet. Soon no one can find her. But if she didn't jump, and she's not on board, where is she?Homicide Lieutenant Eve Dallas is called to the scene and is quickly faced with a shocking web of lies. With time running out and a deadly trail of intimidation and revenge emerging, Eve and her team must find out just what was seen on that ferry . . .",https://images-na.ssl-images-amazon.com/images/S/compressed.photo.goodreads.com/books/1348032120i/6498356.jpg,server_url,upload\J.D. Robb\Missing_in_Death_-_J._D._Robb.epub,1,,,,1,1
756428,1,5,19687,Free,Mission: Make-Over,"Lucianna Stewart knew she had to change her image. Even her brothers said she needed to become more feminine. Family friend, Jake Carlisle, offered to help with her make-over. If anyone knew about sexy women it was Jake.In her dungarees, Luce might have looked like a teenager, but in her new figure-hugging clothes she looked every bit a woman. Pity the transformation would be wasted on her boyfriend - unless Jake could make Luce realise that her efforts were targeted towards the wrong man!",https://images-na.ssl-images-amazon.com/images/S/compressed.photo.goodreads.com/books/1178080738i/756428.jpg,server_url,upload\Penny Jordan\Mission__Make-Over_-_Penny_Jordan.epub,1,,,,1,1
6305836,1,14,19687,Free,Mistaken Adversary,"Mitch Fletcher made no secret of his contempt for Georgia. In fact he'd jumped to completely the wrong conclusion about her. Not that Georgia had any intention of setting the record straight. She had much more pressing concerns to attend to right now and the last thing she needed was to get involve with a man, however attractive. It to tragedy to show her how much she needed Mitch in her life. But woul she ever find a way of admitting it to him?",https://images-na.ssl-images-amazon.com/images/S/compressed.photo.goodreads.com/books/1339943475i/6305836.jpg,server_url,upload\Penny Jordan\Mistaken_Adversary_-_Penny_Jordan.epub,1,,,,1,1
8647412,1,2,4107685,Free,Mistress To The Prince,"Third story in the Royal Cordova Family trilogy!In love with a prince is a horrible state of affairs for a commoner. Especially when he's your boss. Tara Jacobs smothers her feelings of love for Prince Maximillian, determined to find someone else who can share her life with. Someone more realistic than mooning over a prince. Max finds in Tara everything he could possibly want in both his wife and the future queen. She's intelligent, beautiful, loyal and amazingly sexy! When he finally realizes that she feels the same intense attraction towards him that he has been fighting for her, he's determined to convince her that she's perfect for both roles.",https://images-na.ssl-images-amazon.com/images/S/compressed.photo.goodreads.com/books/1349893782i/8647412.jpg,server_url,upload\Elizabeth Lennox\Mistress_to_the_Prince_-_Elizabeth_Lennox.epub,1,,,,1,1
11041143,1,2,171159,Free,Misty and the Single Dad,"Teacher Misty Lawrence has lived her whole life in Banksia Bay, cherishing a secret list of faraway dreams. Just as she's finally about to take flight, Nicholas Holt; tall, dark and deliciously bronzed turns up in her classroom with his little son Bailey and an injured stray spaniel in tow.Misty soon falls head over heels for all three but her scrapbook of wishes keeps calling. Misty must decide: follow her dreams, or her heart? Because a girl can't have it all or can she?",https://images-na.ssl-images-amazon.com/images/S/compressed.photo.goodreads.com/books/1328029242i/11041143.jpg,server_url,upload\Marion Lennox\Misty_and_the_Single_Dad_-_Marion_Lennox.epub,1,,,,1,1
29079902,1,2,7235860,Free,Monday,"I don’t believe in destiny.  In fate.  Or in soul mates.  But I believe in Hawke.  My life has never been whole since my parents left forever. I have my brother, someone I can barely tolerate most of the time, and I have my best friend, Marie.  And I have myself.  But when Hawke walks into my life, there’s an immediate connection. Our eyes lock and an unspoken conversation is exchanged. For the first time in my life, I actually feel something.  But he doesn’t.  He keeps me at arm’s length and pretends there’s nothing between us when there clearly is. I’m not the kind of girl to wait around for any guy, so I don’t.  But that doesn’t mean he isn’t in the back of my mind.  Our paths cross again in a way neither one of us expect and it changes everything. Was it destiny that made it happen? Was it fate?  Or was it something else?",https://images-na.ssl-images-amazon.com/images/S/compressed.photo.goodreads.com/books/1455296996i/29079902.jpg,server_url,upload\E.L. Todd\Monday_(Timeless_#1)_-_E._L._Todd.epub,1,,,,1,1
36590309,1,9,7200339,Free,Monsoons and Monsters,"Not all monsters are created equal.As strange rainstorms and power outages spread across America, Vervain's personal life hits some stormy weather as well. Magic and love are hopelessly intertwined for the Godhunter, and it begins to take a toll on her heart as well as her relationships. As the Queen of Fire, Vervain had learned to love monsters, but she's about to find out that not all monsters are hiding hearts of gold. Can Vervain weather the storm or will she fall prey to the monsters lurking within the mist?",https://images-na.ssl-images-amazon.com/images/S/compressed.photo.goodreads.com/books/1510609620i/36590309.jpg,server_url,upload\Amy Sumida\Monsoons_and_Monsters_-_Amy_Sumida.epub,1,,,,1,1
176284,1,2,13730,Free,Monster Blood,"Discover the original bone-chilling adventures that made Goosebumps one of the bestselling children's book series of all time!Something scary is happening in GOOSEBUMPS HORRORLAND, the all-new, all-terrifying series by R. L. Stine. Just how scary? You'll never know unless you crack open this classic prequel!Evan visits an eerie old toy store and buys a dusty can of Monster Blood. But then he notices something weird about the slimy green ooze. It keeps growing. And growing. And growing.And all that growing has given the Monster Blood a monstrous appetite. . . .",https://images-na.ssl-images-amazon.com/images/S/compressed.photo.goodreads.com/books/1509552680i/176284.jpg,server_url,upload\R.L. Stine\Monster_Blood_-_R._L._Stine.epub,1,,,,1,1
2495463,1,2,13730,Free,Monster Blood For Breakfast!,"Goosebumps available soon on Disney+! For an athlete like Matt Daniels, breakfast is the most important meal of the day. It's also the most dangerous. That's because somebody is about to pull a mean prank. The recipe is Just add gooey, green Monster Blood.As if Matt's problems weren't big and slimy enough, an invitation to HorrorLand is also on its way. Can How long can Matt survive inside a terrifying theme park? Not very long if his friends keep disappearing!",https://images-na.ssl-images-amazon.com/images/S/compressed.photo.goodreads.com/books/1328843312i/2495463.jpg,server_url,upload\R.L. Stine\Monster_Blood_for_Breakfast!_-_R._L._Stine.epub,1,,,,1,1
210252,1,2,13730,Free,Monster Blood II,"IT'S BAAACK...Evan Ross can't stop thinking about Monster Blood and what happened last summer. It was so horrible. So terrifying. Too bad Evan's science teacher doesn't believe him. Now he's stuck cleaning out the hamster's cage as punishment for making up stories.Then Evan's friend Andy comes to town, and things go from bad to worse. Because Andy's got a present for Evan. It's green and slimy and it's starting to grow....",https://images-na.ssl-images-amazon.com/images/S/compressed.photo.goodreads.com/books/1386921442i/210252.jpg,server_url,upload\R.L. Stine\Monster_Blood_II_-_R._L._Stine.epub,1,,,,1,1
125593,1,2,13730,Free,Monster Blood IV,"IT'S FOUR TIMES AS EVIL!Evan Ross can't forget about Monster Blood—the evil green slime that never stops growing. It can turn ordinary pets into ferocious animals and twelve-year-old kids into freakish giants.But now there's a new kind of Monster Blood in town. It comes in a can just like the others. Only difference is this slime is blue instead of green. And instead of just growing, it's multiplying—into terrifying blue creatures with razor-sharp teeth...",https://images-na.ssl-images-amazon.com/images/S/compressed.photo.goodreads.com/books/1388429932i/125593.jpg,server_url,upload\R.L. Stine\Monster_Blood_IV_-_R._L._Stine.epub,1,,,,1,1
695408,1,5,86756,Free,Mother of the Bride,"STOP THE WEDDING!Nearly two years before, Helen had married Zack Neilson to fulfill a beloved matriarch's final wish. It had simply been a marriage of convenience, and Helen had immediately cut Zack out of her life, so at odds with the powerful dynamic man, so afraid of the longings he had unleashed in her body and soul.But when her eighteen-year-old daughter--from a previous disastrous union--announces her engagement to Zack's son, Helen can no longer avoid her husband. Zack is back in her life ... and this time he's not leaving!",https://images-na.ssl-images-amazon.com/images/S/compressed.photo.goodreads.com/books/1498015461i/695408.jpg,server_url,upload\Carole Mortimer\Mother_of_the_Bride_-_Carole_Mortimer.epub,1,,,,1,1
706194,1,2,27168,Free,Motherstone,Susan Ferris is at home when a new evil force comes to O which she and her cousin Nicholas Quinn must conquer,https://images-na.ssl-images-amazon.com/images/S/compressed.photo.goodreads.com/books/1581498315i/706194.jpg,server_url,upload\Maurice Gee\mother'sToBe_-_Unknown.epub,1,,,,1,1
203068891,1,1,22294257,Free,Mr. Right There All Along: Gay Romance,,https://dryofg8nmyqjw.cloudfront.net/images/no-cover.png,server_url,upload\Unknown Author\Mr._Right_There_All_Along_(Harl_-_Unknown.epub,1,,,,1,1
427941,1,2,13730,Free,My Best Friend Is Invisible,Sammy Jacobs interest in ghosts and science fiction takes a turn for the worst when an invisible being inhabits his room and won't leave.,https://images-na.ssl-images-amazon.com/images/S/compressed.photo.goodreads.com/books/1328866136i/427941.jpg,server_url,upload\R.L. Stine\My_Best_Friend_Is_Invisible_-_R._L._Stine.epub,1,,,,1,1
8566170,1,3,"7581,10746,15292",Free,My Big Fat Supernatural Honeymoon,"What newly married couple doesn't dream of a romantic retreat where they can escape the world for a while—but what happens when supernatural forces intrude on their wedded bliss?Nine of today’s hottest paranormal authors answer that question in this all-star collection of supernatural stories.  Can a vampire-hunter enjoy her honeymoon when she’s just learned that her new hubby is a werewolf?   How can newlyweds focus on their wedding night when their honeymoon suite is haunted by feuding ghosts?  And what’s a wizard to do when a gruesome monster kidnaps the bride on her way home from the wedding?With so much otherworldly mayhem awaiting our newlyweds, will they ever get around to the honeymoon itself?  Find out in…My Big Fat Supernatural Honeymoon.*  Kelley Armstrong - Stalked*  Jim Butcher - Heorot*  Rachel Caine - Roman Holiday, or SPQ-arrrrrr*  P.N. Elrod - Her Mother's Daughter*  Caitlin Kittredge - Newlydeads*  Marjorie M. Liu - Where the Heart Lives*  Katie MacAlister - Cat Got Your Tongue?*  Lilith Saintcrow - Half of Being Married*  Ronda Thompson - A Wulf in Groom's Clothing",https://images-na.ssl-images-amazon.com/images/S/compressed.photo.goodreads.com/books/1328340441i/8566170.jpg,server_url,upload\Kelley Armstrong\My_Big_Fat_Supernatural_Honeymo_-_Kelley_Armstrong.epub,1,,,,1,1
125548,1,2,13730,Free,My Hairiest Adventure,"He's having a really, really bad hair day...Larry Boyd just found the coolest thing in the trash. It's an old bottle of INSTA-TAN. ""Rub on a dark suntan in minute"" - that's what the label says. So Larry and his friends do. But nothing much happens.Until Larry notices the hair. Dark spiky hair growing on his hands and face. Really gross shiny hair.Hair that keeps growing back even after he shaves it off...",https://images-na.ssl-images-amazon.com/images/S/compressed.photo.goodreads.com/books/1360058067i/125548.jpg,server_url,upload\R.L. Stine\My_Hairiest_Adventure_-_R._L._Stine.epub,1,,,,1,1
24884491,1,5,7235860,Free,My Heart Skips a Beat,"Cayson claims he can’t get back together with Skye, but every time he’s around her, the doubts fill his mind. He watches her every move, hypnotized by her beauty and perfection. Every member of the gang tells him he needs to forgive her and let it go, but he isn’t sure if he can. But when a handsome businessman comes into Skye’s life, Cayson realizes he may have competition.Silke pushes through the depression of her break up with Arsen and finds her first ray of hope when she gets a job at a famous museum in the city. Perhaps this is the beginning of a new life for her.Conrad and Theo try to figure out what to do with their lives. Bantering back and forth, they discover a project they can take on together.Thomas, Theo’s brother, is introduced, and we discover he's a financial advisor for a prestigious company. Respectful of people in general, he’s irritated when a new secretary is hired. Every guy in the office can’t stop talking about her wicked beauty and endless curves. Not interested, he focuses on his work. But when he meets her by chance in a coffee shop, he understands why everyone is so fascinated with her.Trinity gets her own apartment, and Slade immediately spends every waking moment there. When Trinity gets sick, Slade is there to take care of her. But he starts asking odd questions about Skye’s new friend, and Trinity begins to wonder if Cayson put him up to it.Roland’s jealous that Conrad is so close to Theo. They do everything together, and now they even live together. When Roland discovers what Conrad and Theo are doing together, he blows a gasket and marches off. When Conrad chases him down, they finally talk about what’s bothering Roland. Will that bring them closer together?",https://images-na.ssl-images-amazon.com/images/S/compressed.photo.goodreads.com/books/1441239288i/24884491.jpg,server_url,upload\E.L. Todd\My_Heart_Skips_A_Beat_(Forever_-_E._L._Todd.epub,1,,,,1,1
43573359,1,2,14689889,Free,My Name is Alison,"What’s stronger than magic itself? A Brownstone with a mission.  Brownstone Security continues cleansing Seattle’s magical mobster underbelly while Alison draws strength from her trusted circle as she fights off the virus draining her powers.  She uncovers the smuggling of magical pets and the harmful side effects of testing savage spells on humans and still has time to chase down her enemies.  It’s dirty, dangerous work and leaves her friends the targets of vicious attacks.  Not smart, bad guys. Do you even know who you are messing with?  It would help if Hana wouldn’t let her guard down in her continuing quest for companionship.  But it takes a direct assault on Brownstone HQ for Alison to stop playing nice. A warning to the bad guys: a Brownstone never backs down from a fight, especially when protecting those she cares for.  Don’t miss the third thrilling adventure in the series that’s guaranteed to keep your heart pounding!",https://images-na.ssl-images-amazon.com/images/S/compressed.photo.goodreads.com/books/1547558112i/43573359.jpg,server_url,upload\Judith Berens\My_Name_Is_Alison_-_Judith_Berens.epub,1,,,,1,1
25152744,1,5,7235860,Free,My Soul is Yours,"Silke and Pike have dinner with her parents, but the evening doesn’t go as planned. Janice is unable to be polite to Pike and eventually excuses herself from the table. Tensions are high, and Silke is angry with her parents for their unfair treatment of Pike. Will they tell Silke the truth about Arsen? Or will they continue to hide it?Slade prepares to ask Trinity to marry him, but when they run into each other at Mega Shake, Trinity breaks down and asks for him to take her back. She’ll never love another man as long as she lives, and she may as well be with the person she really wants even if she isn’t married. Will Slade accept her offer and get out of marriage altogether? Or will he still propose?Clementine and Ward work through their relationship, but when Ward finally decides to tell her parents the truth, whether she wants him to or not, tensions run high. They butt heads and an explosive fight unleashes. Will Ward walk away? And if he does, will Clementine follow him?",https://images-na.ssl-images-amazon.com/images/S/compressed.photo.goodreads.com/books/1441239281i/25152744.jpg,server_url,upload\E.L. Todd\My_Soul_Is_Yours_-_E._L._Todd.epub,1,,,,1,1
24885426,1,3,61693,Free,Mystic Warrior,"Uncovering an ancient aristocracy and its hidden secretArchaeologist and TV show host Annja Creed trades in her dig tools and dirty excavations for the sunny climes of Hollywood. Serving as a prop consultant for a popular TV fantasy series, Annja's enjoying the lights, camera and much less action. Until a scrying crystal is stolen off the set…and it turns out to be something more than a prop.The crystal, in fact, is a priceless artifact from the period of the Crusades. But in the process of recovering it, Annja discovers something far more valuable: an ancient document that could lead to the lost treasure of the Merovingian kings. Rulers of France's oldest dynasty during the third century AD—predating even Charlemagne—the Merovingians were said to be mystic warriors, armed with the power of God.But Annja isn't the only one who knows about the document. And now she must face down a malevolent group that's far too familiar with Garin, one of her closest allies. Good thing she shares far more with these mystic warrriors than even she could possibly imagine.",https://images-na.ssl-images-amazon.com/images/S/compressed.photo.goodreads.com/books/1425611059i/24885426.jpg,server_url,upload\Alex Archer\Mystic_Warrior_-_Alex_Archer.epub,1,,,,1,1
127611420,1,2,3441,Free,"Naked Empire (Sword of Truth) by Goodkind, Terry(June 1, 2004) Mass Market Paperback","Beginning with Wizard's First Rule and continuing with six subsequent fantasy masterpieces, Terry Goodkind has thrilled and awed millions of readers worldwide. Now, in Naked Empire, Goodkind returns with a broad-canvas adventure of epic intrigue, violent conflict, and terrifying peril for the beautiful Kahlan Amnell and her husband, the heroic Richard Rahl, the Sword of Truth.Richard Rahl has been poisoned. Saving an empire from annihilation is the price of the antidote. With the shadow of death looming near, the empire crumbling before the invading hordes, and time running out, Richard is offered not only his own life but the salvation of a people, in exchange for delivering his wife, Kahlan, into bondage to the enemy.",https://images-na.ssl-images-amazon.com/images/S/compressed.photo.goodreads.com/books/1699092634i/127611420.jpg,server_url,upload\Terry Goodkind\Naked_Empire_-_Terry_Goodkind_1.epub,1,,,,1,1
479309,1,2,17065,Free,Naked in Death,"Alternate cover edition of ISBN 9780425148297Here is the novel that started it all- the first book in J.D. Robb's number-one New York Times-bestselling In Death series, featuring New York homicide detective Lieutenant Eve Dallas and Roarke.  It is the year 2058, and technology now completely rules the world. But New York City Detective Eve Dallas knows that the irresistible impulses of the human heart are still ruled by just one thing: passion.  When a senator's daughter is killed, the secret life of prostitution she'd been leading is revealed. The high-profile case takes Lieutenant Eve Dallas into the rarefied circles of Washington politics and society. Further complicating matters is Eve's growing attraction to Roarke, who is one of the wealthiest and most influential men on the planet, devilishly handsome... and the leading suspect in the investigation.",https://images-na.ssl-images-amazon.com/images/S/compressed.photo.goodreads.com/books/1333326143i/479309.jpg,server_url,upload\J.D. Robb\Naked_in_Death_-_J._D._Robb.epub,1,,,,1,1
24915714,1,1,1310149,Free,Bones of the Earth: Nameless,"Contains the previously released novellas Karras the Kitten and Karras the Cat plus the new Karras the Nameless. Karras the Kitten Karras is not a typical Rughìr’thai’âch, “Earth-Born,” or dwarf. In serving his family of seatraders, he has taken on too many human ways. No wonder that in “barter” for marriage with the fiery and dour Skirra—“Sliver”—of the fallen family of Yêarclág, that he has bungled the deal for years. Dismissed again by her, his heart's wounds get salted with the unwanted assistance of a blustery clan-kin—Fiáh’our, the great “Hammer-Stag.”The old warrior has a notion of what Karras needs. To Fiáh’our, honorable barter for love and marriage is akin to one battle after another. Only the way of their people’s warriors can see Karras to victory… over himself, first of all.May their people’s eternal ancestors, the Bäynæ, watch over them—especially to keep them from each other’s throats. Karras the Cat Fiáh’our is honorbound to take Karras as an apprentice and force his young clan-kin to learn the ways of their warriors. Poor Fiáh’our has no idea what he is in for.Karras has no intention of doing more than is necessary to fulfill his unwilling apprenticeship. Worse, he is pitifully unsuited to his new calling and still suffers unrequite love for Skirra.Fiáh’our has an inkling about why Skirra rejected Karras and believes he can make his new apprentice worthy of her. On the northern frontier, where he goes each summer for good service, a threat to the villagers has returned. The longer Fiáh’our delays in training with Karras, the greater his guilt for not defending those in need. And failure in one or both might paid in lives. Karras the Nameless A year of suffering, service, and sacrifice has passed, and a harsh winter encroaches. On the eastern frontier, Fiáh’our, Karras, Gän’gehtin, and a few allies defend a small village from the growing menace of the sluggin’an —goblins. Losses mount on both sides, and neither victory nor retreat seem possible. It is the worst horror for a champion, and Fiáh’our has more worries than this.He once lost an apprenctice long ago and worries he may lose another. Karras has served well but has yet to understand the truth of “stone” that most dwarves never know. If he does, it will come in the worst way. Faced with an unwinnable war, must Fiáh’our choose between ending it and guarding his new apprentice?Karras still mourns failure with Skirra. Though his need of her has changed, has he changed enough? Even so, not all dangers come from an enemy. Some are much closer; others come from within. If he survives, will he sacrifice what is necessary to be with Skirra? Even so, it may not be enough.",https://images-na.ssl-images-amazon.com/images/S/compressed.photo.goodreads.com/books/1423716221i/24915714.jpg,server_url,upload\J.C. Hendee\Nameless__Bones_of_the_Earth_I-_-_Barb_Hendee.epub,1,,,,1,1
1011198,1,2,3389,Free,Needful Things,"Read by the author. 6 sound cassettes (ca. 480 min.)A new store has opened in the town of Castle Rock, Maine. It has whatever your heart desires...if you're willing to pay the price. In this chilling novel by one of the most potent imaginations of our time, evil is on a shopping spree and out to scare you witless.",https://images-na.ssl-images-amazon.com/images/S/compressed.photo.goodreads.com/books/1556477076i/1011198.jpg,server_url,upload\Stephen        King\Needful_Things_-_Stephen_King.epub,1,,,,1,1
29444427,1,5,386699,Free,Needing the Vampire's Aggression,"Vampire Nikolai Kuznetsov enjoys his life of blood drinking and torture. The first he must do to continue living, and the second he does to keep his family safe. Plus, it gives him a chance to play with his knives. He loves his blades, wielding them with elegant precision. At his brothers’ urgings, Nikolai attends poker night…just to do something that they deem as normal. Finding himself drawn to the blood of a mild-mannered, somewhat reclusive wolf shifter is the last thing Nikolai expects. Except, Parker Jones walks away without giving the slightest indication that he feels the same pull…other than his aroused scent, of course. Nikolai studies Parker, trying to figure out why the shifter would ignore the pull between them. He discovers the wolf shifter is still mourning his long deceased human lover. Tenderness and understanding aren’t in Nikolai’s nature. Can Nikolai find another way to connect with his beloved?",https://images-na.ssl-images-amazon.com/images/S/compressed.photo.goodreads.com/books/1461627051i/29444427.jpg,server_url,upload\Charlie Richards\Needing_a_Vampire's_Aggression_-_Charlie_Richards.epub,1,,,,1,1
42740674,1,5,2965060,Free,Nelson,"Nothing is what it seems … ever …Nelson’s early morning meeting at the docks with Elizabeth Etchings offers only bad news. Her brother—and Nelson’s old friend—has gone missing on his days off while his ship was docked in Ensenada. A trip to where he’d last been seen shows the local color … and reveals Nelson’s friend has gotten into bigger trouble than anyone could imagine.Elizabeth might have had a hand in now sending two men to Baja to look for her brother, but she will not stay behind. Her brother is in danger … and he’s the only family she has left.It doesn’t take long for Nelson to realize that Elizabeth has caught the eye of someone who rules that corner of the world. She’s now in jeopardy too—possibly more than her brother. Keeping her safe moves up Nelson’s priority list.Until both issues merge, and everything goes south …",https://images-na.ssl-images-amazon.com/images/S/compressed.photo.goodreads.com/books/1541805187i/42740674.jpg,server_url,upload\Dale Mayer\Nelson_-_Dale_Mayer.epub,1,,,,1,1
8647410,1,5,4107685,Free,Never Dare A Tycoon,"Living a double life can be perilous. Especially when you find a man so intriguing, so compelling, that his very presence leaves one shaking with desire and emotions never before experienced. Antonia Attracelli experiences this, plus so much more, on the day she is introduced to Brett Hancock, a man used to getting his own way. so when he sets his sights on Antonia, she’s fighting to remain independent and free from his charming, alluring web of passion. When she realizes that she can’t fight him, her world erupts into an unending fairy land of desire and love.Enjoy the first story in the Attracelli Family Series!",https://images-na.ssl-images-amazon.com/images/S/compressed.photo.goodreads.com/books/1349144344i/8647410.jpg,server_url,upload\Elizabeth Lennox\Never_Dare_a_Tycoon_-_Elizabeth_Lennox.epub,1,,,,1,1
17262159,1,2,5091,Free,Never Go Back,"After an epic and interrupted journey all the way from the snows of South Dakota, Jack Reacher has finally made it to Virginia. His destination: a sturdy stone building a short bus ride from Washington D.C., the headquarters of his old unit, the 110th MP. It was the closest thing to a home he ever had.Why? He wants to meet the new commanding officer, Major Susan Turner. He liked her voice on the phone. But the officer sitting behind Reacher’s old desk isn't a woman. Why is Susan Turner not there?What Reacher doesn’t expect is what comes next. He himself is in big trouble, accused of a sixteen-year-old homicide. And he certainly doesn't expect to hear these words: ‘You’re back in the army, Major. And your ass is mine.’Will he be sorry he went back? Or – will someone else?",https://images-na.ssl-images-amazon.com/images/S/compressed.photo.goodreads.com/books/1467947214i/17262159.jpg,server_url,upload\Lee Child\Never_Go_Back_-_Lee_Child.epub,1,,,,1,1
22824344,1,5,7235860,Free,New Beginnings,"Now that Mike and Cassandra are back together, Mike is finally put back together. But now he has to tell Cassandra what he did with Laura, and he isn’t looking forward to it. And on top of that, he has to meet her parents—and tell them he knocked up their daughter. Andrew is forced into a date he doesn’t want to have, but when Sean finds out about it, he isn’t happy. His dad shouldn’t be dating so soon after the divorce. He doesn’t know what to do. Should he tell his dad about his mother’s sickness? Ryan finally tells Cortland what Monnique did even though he dreads it. But Cortland’s reaction surprises him. After Cortland finds out about Monnique, it changes their relationship. But can they still stay together? Hazel is madly in love with Flynn, but when he invites her to meet his family, she’s terrified. Her insecurities come to the surface. And when she finds out about Flynn’s promiscuous past, she realizes it really bothers her—more than she thought it did.",https://images-na.ssl-images-amazon.com/images/S/compressed.photo.goodreads.com/books/1406495024i/22824344.jpg,server_url,upload\E.L. Todd\New_Beginnings_(Forever_and_Alw_-_E._L._Todd.epub,1,,,,1,1
10402992,1,2,"17065,717304",Free,New York to Dallas,"Twelve years ago, Eve Dallas was just a rookie NY cop when her instincts led her to the apartment of Isaac McQueen, a man she discovered to be a sick murderer and pedophile, who was keeping young girls in cages. Now a homicide Lieutenant, Eve is one of the most distinguished officers in the city—and then she learns that McQueen has escaped from jail. Bent on revenge against Eve and with a need to punish more ""bad girls"" McQueen heads to Dallas, Texas—the place where Eve was found as a child, the place where she killed her own abusive monster when she was only eight years old. With Eve and Roarke in pursuit of McQueen, everything is on the line and secrets from Eve's past are about to be shockingly revealed.An unabridged recording on 12 CDs (13 hours, 54 minutes).",https://images-na.ssl-images-amazon.com/images/S/compressed.photo.goodreads.com/books/1348514401i/10402992.jpg,server_url,upload\J.D. Robb\New_York_to_Dallas_-_J._D._Robb.epub,1,,,,1,1
27387026,1,5,797534,Free,Nice and Naughty,"With Rudolph facing off against Santa, Christmas is on the line, along with her freedom.Ru was born in a forest and soon recruited by Santa. He wanted her to help harness the remains of long-dead deities. Christmas is coming into fashion in the human world and that is a lot of energy to take advantage of. He moves her back in time, and together, they build the workshop.Ru has one problem. Santa tricked her and locked the collar around her neck. Her other forms are no longer hers to command, and without them, she can’t be whole.It has taken her over a thousand years, but she finally has a way to claim her freedom, and if Santa cooperates, Christmas won’t be hurt.",https://images-na.ssl-images-amazon.com/images/S/compressed.photo.goodreads.com/books/1446118742i/27387026.jpg,server_url,upload\Viola Grace\Nice_and_Naughty_-_Viola_Grace.epub,1,,,,1,1
15433,1,2,8516,Free,Night Mare,"Although the Nextwave of barbarian warriors was invading Xanth, Mare Imbrium discovered that ever since she had gained the half soul, the night mare had begun to mishandle her job of delivering bad dreams. Exiled to the day world with a message for King Trent, Mare met the relentless, unforgiving Horseman. For the night mare, it began to be all a horrible nightmare!From the Paperback edition.",https://images-na.ssl-images-amazon.com/images/S/compressed.photo.goodreads.com/books/1179544619i/15433.jpg,server_url,upload\Piers Anthony\Night_Mare_-_Piers_Anthony.epub,1,,,,1,1
959075,1,2,12692,Free,Night of Love,"The Man: Steven Ryker, strong-willed, determined...dangerous to love!The Myth: That this tough guy didn't give a thought to any woman.The Legend: He was a man no female could resist, with a heart no woman could claim.The Awful Truth: Meg Shannon was in town--and Steven was in trouble!Once Steven had given sweet Meg his love, but she'd thrown it all away for a life that excluded him. Well, he didn't care that she was back in town; he'd learned his lesson the hard way. This bachelor wasn't going to get burned again, no matter what Meg said about circumstances beyond our control."" His control was doing just fine, and she could forget all about rekindling their flame.",https://images-na.ssl-images-amazon.com/images/S/compressed.photo.goodreads.com/books/1501892280i/959075.jpg,server_url,upload\Diana Palmer\Night_Of_Love_(Contemporary_Rom_-_Diana_Palmer.epub,1,,,,1,1
125564,1,2,13730,Free,Night of the Living Dummy,"When twins Lindy and Kris find a ventriloquist's dummy in a Dumpster, Lindy decides to ""rescue"" it, and she names it Slappy. But Kris is green with envy. It's not fair. Why does Lindy get to have all the fun and all the attention? Kris decides to get a dummy of her own. She'll show Lindy. Then weird things begin to happen. Nasty things. Evil things. It can't be the dummy causing all the trouble, Can it?",https://images-na.ssl-images-amazon.com/images/S/compressed.photo.goodreads.com/books/1328867793i/125564.jpg,server_url,upload\R.L. Stine\Night_of_the_Living_Dummy_-_R._L._Stine.epub,1,,,,1,1
266682,1,2,13730,Free,Night of the Living Dummy II,"YOU CAN'T TEACH AN OLD DUMMY NEW TRICKS!Amy's ventriloquist dummy, Dennis, keeps losing his head...for real. So Amy begs her family for a new dummy. That's when her dad finds Slappy in a local pawnshop. Slappy's kind of ugly, but at least his head stays on!Amy loves practicing her new comedy routine. It's like this dummy knows what she's thinking. Like he can move by himself. And it's a lot of fun…until Slappy starts a routine of his own. A nasty horrible, routine that isn't funny at all.Slappy may have a new owner, but he's up to the same old tricks...",https://images-na.ssl-images-amazon.com/images/S/compressed.photo.goodreads.com/books/1389035366i/266682.jpg,server_url,upload\R.L. Stine\Night_of_the_Living_Dummy_II_-_R._L._Stine.epub,1,,,,1,1
125550,1,2,13730,Free,Night of the Living Dummy III,"They're baa-ack! Make way for the bestselling children's series of all time! With a fresh new look, GOOSEBUMPS is set to scare a whole new generation of kids. So reader beware--you're in for a scare! When dummies speak . . . everybody listens! Trina O'Dell's dad used to have a ventriloquist act. That's why he has all those dummies in the attic. He calls it his Dummy Museum. There's a dummy with freckles. And one with a sneer just like Rocky. Trina and her brother, Dan, think the dummies are pretty cool. But now there are voices in the attic. And dummies keep showing up in the strangest places. No way those dummies could be alive! Right?",https://images-na.ssl-images-amazon.com/images/S/compressed.photo.goodreads.com/books/1388202281i/125550.jpg,server_url,upload\R.L. Stine\Night_of_the_Living_Dummy_III_-_R._L._Stine.epub,1,,,,1,1
130646095,1,2,3389,Free,Night Shift By Stephen King,"A collection of tales to invade and paralyse the mind as the safe light of day is infiltrated by the shadows of the night. As you listen, the clutching fingers of terror brush lightly across the nape of the neck, reach round from behind to clutch and lock themselves, white-knuckled, around the throat.This is the horror of ordinary people and everyday objects that become strangely altered; a world where nothing is ever quite what it seems, where the familiar and the friendly lure and deceive. A world where madness and blind panic become the only reality.Listening Length: 10 hours and 33 minutes",https://images-na.ssl-images-amazon.com/images/S/compressed.photo.goodreads.com/books/1697513960i/130646095.jpg,server_url,upload\Stephen        King\Night_Shift_-_Stephen_King.epub,1,,,,1,1
144912723,1,2,32498,Free,Night Watch: A Novel (Kendra Michaels) by Iris Johansen,"From the New York Times bestselling authorBorn blind, Kendra Michaels spent the first twenty years of her life living in the darkness. Then, thanks to a revolutionary medical procedure developed by England's Night Watch Project, she was given the gift of sight. Her highly-developed senses (honed during her years in the dark), combined with her new found vision, have made her a remarkable investigator, sought after by law-enforcement agencies all over the country. But her newest case finds her uncovering a deadly truth about the shadowy organization that has given her so much.Kendra is surprised when she is visited by Dr. Charles Waldridge, the researcher who gave her sight. But all is not well with the brilliant surgeon; he's troubled by something he can't discuss with Kendra. When Waldridge disappears that very night, Kendra is on the case, recruiting government agent-for-hire Adam Lynch to join her on a trail that leads to the snow-packed California mountains. There they make a gruesome the corpse of one of Dr. Waldridge's associates, brutally murdered in the freezing snow. But it's only the first casualty in a white-knuckle confrontation with a deadly enemy who will push Kendra to the limits of her abilities. Soon she must fight for her very survival as she tries to stop the killing... and unearth the deadly secret of Night Watch.",https://images-na.ssl-images-amazon.com/images/S/compressed.photo.goodreads.com/books/1697507615i/144912723.jpg,server_url,upload\Iris Johansen\Night_Watch--A_Novel_-_Iris_Johansen.epub,1,,,,1,1
148213,1,2,41942,Free,Nightingale's Lament,"In the Nightside, the hidden heart of London where it's always 3 AM, Detective John Taylor must find an elusive singer known as The Nightingale. Her silken voice has inexplicably lured many a fan to suicide--and Taylor is determined to stop her, before the whole neighborhood falls under her trance. But to catch the swift-winged Nightingale, he'll have to hear the deadly music--and survive.",https://images-na.ssl-images-amazon.com/images/S/compressed.photo.goodreads.com/books/1388212748i/148213.jpg,server_url,upload\Simon R. Green\Nightingale's_Lament_-_Simon_R._Green.epub,1,,,,1,1
63998437,1,1,3389,Free,Nightmares & Dreamscapes,,https://images-na.ssl-images-amazon.com/images/S/compressed.photo.goodreads.com/books/1670283001i/63998437.jpg,server_url,upload\Stephen        King\Nightmares_and_Dreamscapes_-_Stephen_King.epub,1,,,,1,1
12783691,1,5,171159,Free,Nikki and the Lone Wolf,"Nikki Morrissy is in beautiful Banksia Bay for a fresh start. Even renting half a cottage from the town's lone wolf, enigmatic Gabe Carver, cannot distract her from focusing on her new life!And Gabe is determined that, despite having to share his home with the undeniably attractive Nikki, he will keep to himself….Until a scared and lonely dog, howling into the night, has them literally bumping into each other! As the pooch gazes up at them, Gabe and Nikki realize they'll have to work together on this one. Suddenly their plans to avoid each other are crumbling around them….",https://images-na.ssl-images-amazon.com/images/S/compressed.photo.goodreads.com/books/1322772793i/12783691.jpg,server_url,upload\Marion Lennox\Nikki_and_the_Lone_Wolf_-_Marion_Lennox.epub,1,,,,1,1
19302535,1,5,171159,Free,Nine Months to Change His Life,"'I rescued you on this island…and you rescued me right back."" Ben Logan never asks anyone for help. Until, during a deadly hurricane, he's washed up on a deserted island. There he finds his life in the hands of sparky, petite nurse Mary Hammond. Trapped with only each other for comfort, Ben and Mary turn to one another. Back home safely, Mary dominates Ben's dreams. And when, three months later, Mary arrives at Ben's New York office, it's with news that their one night had the power to change their lives forever…. Don't miss Ben's twin brother's story, The Maverick Millionaire by Alison Roberts, on sale next month!",https://images-na.ssl-images-amazon.com/images/S/compressed.photo.goodreads.com/books/1395146375i/19302535.jpg,server_url,upload\Marion Lennox\Nine_Months_to_Change_His_Life_-_Unknown.epub,1,,,,1,1
415909,1,2,14255,Free,No Greater Love,"While hearts may go on after a tragedy occurs, they are never the same. Prolific bestselling author Danielle Steel revisits this familiar theme in No Greater Love. Twenty-year-old Edwina Winfield is forced to assume the role of head of the household, becoming both mother and father to her five younger siblings after her parents and beloved fiancé drown during the disastrous sinking of the Titanic. Determined never to marry, Edwina must also run the family newspaper until her younger brothers are old enough to step in. But next-in-line Phillip heads first to Harvard and then is tragically killed during World War I. Fun-loving George is wooed by the lights of Hollywood and exquisite sister Alexis follows in his footsteps. While tending to the youngest children, Fannie and Teddy, Edwina must assist the rest of her siblings out of their many scrapes and escapades. Along the way, she comes to terms with her loss and is finally able to put the events of the fateful night of April 15, 1912, the night the Titanic made its final voyage to the bottom of the sea, behind her and let love into her heart once more. --Alison Trinkle",https://images-na.ssl-images-amazon.com/images/S/compressed.photo.goodreads.com/books/1174541039i/415909.jpg,server_url,upload\Danielle Steel\No_Greater_Love_-_Danielle_Steel.epub,1,,,,1,1
862350,1,2,7581,Free,No Humans Involved,"In her acclaimed Women of the Otherworld series, bestselling author Kelley Armstrong creates a present day in which humans unwittingly coexist with werewolves, witches, and other supernatural beings. Now, in this spellbinding new novel, a beautiful necromancer who can see ghosts must come to terms with her power—and with an evil she never thought possible.

It’s the most anticipated reality television event of the season: three spiritualists gathered together in one house to raise the ghost of Marilyn Monroe. For celebrity medium Jaime Vegas, it is to be her swan song—one last publicity blast for a celebrity on the wrong side of forty. But unlike her colleagues, who are more show than substance, Jaime is the real thing. Reluctant to upstage her fellow spiritualists, Jaime tries to suppress her talents, as she has done her entire life. But there is something lurking in the maze of gardens behind the house: a spirit without a voice. And it won’t let go until somehow Jaime hears its terrible story. For the first time in her life, Jaime Vegas understands what humans mean when they say they are haunted. Distraught, Jaime looks to fellow supernatural Jeremy Danvers for help.As the touches and whispers from the garden grow more frantic, Jaime and Jeremy embark on an investigation into a Los Angeles underworld of black magic and ritual sacrifice. When events culminate in a psychic showdown, Jaime must use the darkest power she has to defeat a shocking enemy—one whose malicious force comes from the last realm she expected. . . .In a world whose surface resembles our own, Kelley Armstrong delivers a stunning alternate reality, one where beings of the imagination live, love, and fight a never-ending battle between good and evil.From the Hardcover edition.",https://images-na.ssl-images-amazon.com/images/S/compressed.photo.goodreads.com/books/1362703261i/862350.jpg,server_url,upload\Kelley Armstrong\No_Humans_Involved_-_Kelley_Armstrong.epub,1,,,,1,1
40535142,1,5,2965060,Free,North's Nikki,"In what circumstance wouldn’t a knight want to rescue a damsel in distress? A former SEAL working for Legendary Securities, North Dockter has found the very circumstance that challenges even his stalwart, chivalrous ways. Nikki Beckwith is a firecracker who butts heads with him at every turn, refusing to follow orders or listen to his experience unless doing so suits her.When she discovers someone is smuggling drugs through her company’s warehouse and her life is threatened, Nikki flees to her aging grandfather’s home in England to lay low and regroup. He’s always been there for her, and, if ever she needed a bolthole to make changes in her life, it’s now. Maybe it’s time to return to the States…particularly after meeting North and realizing the attraction between them is more than she believed possible.But Nikki soon realizes that no place is safe after her grandfather is attacked in his home. Even with her gorgeous guardian angel hovering close by, will she be too late to make all the changes she’s envisioned?",https://images-na.ssl-images-amazon.com/images/S/compressed.photo.goodreads.com/books/1529091185i/40535142.jpg,server_url,upload\Dale Mayer\North's_Nikki_-_Dale_Mayer.epub,1,,,,1,1
22535330,1,2,5091,Free,Not a Drill,"In this short story from Lee Child, Jack Reacher is again on the move. But even a pleasant hike on a beautiful summer day turns into a walk on the wild side . . . and perhaps something far more sinister.Jack Reacher is on the road, hitching a ride with some earnest young Canadians who are planning a hike through some of the last unspoiled wilderness in North America in the dense forests of Maine. They part ways after sharing a hot meal, and Reacher checks out a quiet town surrounded by countryside serene enough to cool even his raging wanderlust. But not for long. First the trail is suddenly and inexplicably closed. Then the military police show up in force. Maybe it's a drill. Or maybe it's trouble—the kind of trouble that always finds Reacher, no matter how far he travels off the beaten path.",https://images-na.ssl-images-amazon.com/images/S/compressed.photo.goodreads.com/books/1468020584i/22535330.jpg,server_url,upload\Lee Child\Not_a_Drill_-_Lee_Child.epub,1,,,,1,1
18050550,1,5,86756,Free,Not Just a Wallflower,"Innocent lady's companion?Enigmatic beauty Ellie Rosewood is the talk of the ton. Her appointed guardian, Justin, Duke of Royston, has one job: to find Miss Rosewood a husband. But confirmed rake Justin wants Ellie all for himself!Or lady of mystery?With her coming out a huge success, Ellie is overwhelmed by the attention of London's most eligible bachelors. She finds an unexpected haven in the company of the arrogant Justin, and he begins to discover there is more to this unworldly wallflower than first appears.A Season of SecretsA lady never tells.",https://images-na.ssl-images-amazon.com/images/S/compressed.photo.goodreads.com/books/1377368398i/18050550.jpg,server_url,upload\Carole Mortimer\Not_Just_a_Wallflower_-_Carole_Mortimer.epub,1,,,,1,1
12222087,1,1,5091,Free,Nothing To Lose / Gone Tomorrow / 61 Hours,,https://dryofg8nmyqjw.cloudfront.net/images/no-cover.png,server_url,upload\Lee Child\Nothing_to_Lose_-_Lee_Child.epub,1,,,,1,1
255658,1,2,14255,Free,Secrets / Wanderlust / Now & Forever,Content: Secrets Wanderlust Now and forever,https://images-na.ssl-images-amazon.com/images/S/compressed.photo.goodreads.com/books/1690636913i/255658.jpg,server_url,upload\Danielle Steel\Now_and_Forever_-_Danielle_Steel.epub,1,,,,1,1
27200411,1,3,2965060,Free,Now You See Her...,"Energy. The life force of good … and evil And sometimes evil is stronger. Tia spent years imprisoned in a 'special' program. When she finally escaped, she ran as far away as she could. But it wouldn't leave her alone. Only one person can help her. Stefan. But when she contacts him for help, she gets more than she bargained for. Six weeks later, she awakens from a coma to find more problems than ever – and she's still being hunted. Dean, moonlighting as a guard at the hospital, finds himself in an impossible situation. His belief system is stretched out of control by someone whom he can't forget ... and can't believe. Until he has no choice. With everything on the line, Tia and Dean must work together to solve the problem that has somehow – in a very unique way – entwined them both.",https://images-na.ssl-images-amazon.com/images/S/compressed.photo.goodreads.com/books/1444814476i/27200411.jpg,server_url,upload\Dale Mayer\Now_You_See_Her_-_Dale_Mayer.epub,1,,,,1,1
7926569,1,2,"3780,8213",Free,Now You See Her,"The perfect lifeA successful lawyer and loving mother, Nina Bloom would do anything to protect the life she's built in New York--including lying to everyone, even her daughter, about her past. But when an innocent man is framed for murder, she knows that she can't let him pay for the real killer's crimes. The perfect lieNina's secret life began 18 years ago. She had looks to die for, a handsome police-officer husband, and a carefree life in Key West. When she learned she was pregnant with their first child, her happiness was almost overwhelming. But Nina's world is shattered when she unearths a terrible secret that causes her to run for her life and change her identity.The perfect way to dieNow, years later, Nina risks everything she's earned to return to Florida and confront the murderous evil she fled. In a story of wrenching suspense, James Patterson gives us his most head-spinning, action-filled story yet--a Hitchcock-like blend of unquenchable drama and pleasure.",https://images-na.ssl-images-amazon.com/images/S/compressed.photo.goodreads.com/books/1435387035i/7926569.jpg,server_url,upload\James  Patterson\Now_You_See_Her_-_James_Patterson.epub,1,,,,1,1
14781501,1,2,"3780,261862",Free,NYPD Red,"It's the start of Hollywood on Hudson, and New York City is swept up in the glamour. Every night, the red carpet rolls out for movie stars arriving at premieres in limos; the most exclusive restaurants close for private parties for wealthy producers and preeminent directors; and thousands of fans gather with the paparazzi, hoping to catch a glimpse of the most famous and beautiful faces in the world. With this many celebrities in town, special task force NYPD Red is on high alert-and they can't afford to make a single mistake. Then a world-renowned producer fatally collapses at his power breakfast, and top NYPD Red Detective Zach Jordan is the first one on the scene. Zach works with his beautiful new partner, Detective Kylie MacDonald-who also happens to be his ex-girlfriend-to discover who the murderer might be. But this is only the beginning: the most brutal, public, and horrifyingly spectacular crimes they've ever encountered are about to send all of New York into chaos, putting NYPD Red on the ropes. Zach and Kylie know there's no way of telling what a killer this deranged will do next. With the whole world watching, they have to find a way to stop a psychopath who has scripted his finale down to the last explosive detail. With larger-than-life action, relentless speed, and white-knuckle twists, NYPD Red is the next mega-blockbuster from ""The Man Who Can't Miss."" (TIME)",https://images-na.ssl-images-amazon.com/images/S/compressed.photo.goodreads.com/books/1379898888i/14781501.jpg,server_url,upload\James  Patterson\NYPD_Red_-_James_Patterson.epub,1,,,,1,1
18170134,1,2,"3780,261862",Free,NYPD Red 2,"When NYPD Red arrives at a crime scene, everyone takes notice. Known as the protectors of the rich, famous, and connected, NYPD Red is the elite task force called in only for New York City's most high-profile crimes. And Detective Zach Jordan is the best of the best, a brilliant and relentless pursuer of justice. He puts professionalism above all, ignoring his feelings for his partner, Detective Kylie MacDonald, the woman who broke his heart when they first met in the academy. But even with their top-notch training, Zach and Kylie aren't prepared for what they see when they're called to a crime scene in the heart of Central Park. They arrive to find a carousel spinning round and round, its painted horses grinning eerily in the early morning dark. There is only one rider: a brutally slaughtered woman, her body tied up and dressed in a Hazmat suit, on display for the world to see. The victim, a woman of vast wealth and even greater connections, is the fourth in a string of shocking murders that have hit the city. As the public pressure mounts, and political and personal secrets of the highest order hang in the balance, Zach and Kylie must find out what's really behind the murderer's rampage. But Kylie has been acting strange recently--and Zach knows whatever she's hiding could threaten the biggest case of their careers.NYPD Red 2 is the next outstanding novel in James Patterson's newest series, a thriller that careens through New York City and deep into the psyche of a depraved killer you've never seen before.",https://images-na.ssl-images-amazon.com/images/S/compressed.photo.goodreads.com/books/1522684416i/18170134.jpg,server_url,upload\James  Patterson\NYPD_Red_2_-_James_Patterson.epub,1,,,,1,1
22674493,1,2,"3780,261862",Free,NYPD Red 3,"NYPD Red is the elite, highly trained task force assigned to protect the rich, the famous, and the connected. And Detective Zach Jordan and his partner Kylie MacDonald-the woman who broke his heart at the police academy-are the best of the best, brilliant and tireless investigators who will stop at nothing to deliver justice. Zach and Kylie's New Year's celebrations are cut short when they're called to the home of billionaire businessman Hunter Alden, Jr. after he makes a grisly discovery in his townhouse garage. When Alden's teenage son goes missing soon afterwards, and his father seems oddly reluctant to find him, Zach and Kylie find themselves in the middle of a chilling conspiracy that threatens everyone in its wake-especially their city's most powerful citizens. NYPD Red 3 is the next sensational novel in James Patterson's explosive new series, a thriller that goes behind the closed doors of New York high society and into the depths of depravity.",https://images-na.ssl-images-amazon.com/images/S/compressed.photo.goodreads.com/books/1423508688i/22674493.jpg,server_url,upload\James  Patterson\NYPD_Red_3_-_James_Patterson.epub,1,,,,1,1
40582389,1,5,86756,Free,Obsession,"OBSESSION (Regency Lovers 2) is the 2nd book in Amazon #1 USA Today Bestselling Author, Carole Mortimer’s, NEW Regency series, Regency Lovers.Author’s The books in the Regency Lovers series are steaming hot!Three years ago Lord Alexander Stirling, younger brother of the Duke of Hawkwood, had been shocked to learn he had been made the guardian of fifteen-year-old Miss Amanda Fullerton, the daughter of a man he had once served with in the army. Having absolutely no room in his bachelor life for a young ward Alex immediately enrolled Amanda into Miss Marchment’s School for Young Ladies, and apart from paying the school fees, had promptly forgotten about her.Unfortunately, he has now received a letter from Miss Marchment informing him Amanda Fullerton is now past the age for continuing as a pupil at her school. The headmistress now requires Alex’s instruction as to whether Amanda should remain at the school as one of the teachers or be returned to him.There was no question in Alex’s mind that Amanda Fullerton should remain at the school.Having spent the past three years languishing in the strict confines of Miss Marchment’s school Amanda had no intention of remaining there a moment longer that she had to. Nor did she intend being forced to do so, by the headmistress, or the man who was her guardian but had not so much as visited her at the school once nor requested she ever join him for the holidays.As far as Amanda is concerned Lord Alexander Stirling has avoided his responsibilities for quite long enough.She was completely unprepared for the shock of arriving at Lord Stirling’s London home and finding him in bed with an equally naked and beautiful red-haired woman.Alex is furious at the manner in which his ward has chosen to take it upon herself to arrive completely unannounced and uninvited at his residence in London. That anger is added to by his feeling completely wrong-footed by the timing of Amanda ’s intrusion into that bachelor establishment.But having arrived, Amanda Fullerton refuses to leave, and without resorting to actually physically removing her, Alex has no choice but to accept his beautiful and disobedient ward is here to stay. An acceptance that is immediately complicated by the unexpected desire Alex quickly realizes he feels for his ward.When a series of “accidents” put Amanda’s life in danger Alex finds himself stepping up to the role of guardian and protector when he would far rather be Amanda’s lover.Regency Lovers INDECENT (Regency Lovers 1)OBSESSION (Regency Lovers 2)CRAVING (Regency Lovers 3)More books to come in this HOT new Regency Series.Carole Mortimer has written almost 240 books in Regency, Contemporary, and Paranormal romance. In 2015 she became the Recipient of the prestigious Romance Writers of America’s Lifetime Achievement Award. She was awarded a Romantic Times Career Achievement Award in 2017. She is an Entertainment Weekly Top 10 Romance Author—ever. A 2014 Romantic Times Pioneer of Romance author. She was also recognized by Queen Elizabeth II in 2012, for her “outstanding service to literature”.",https://images-na.ssl-images-amazon.com/images/S/compressed.photo.goodreads.com/books/1529431037i/40582389.jpg,server_url,upload\Carole Mortimer\Obsession_(Regency_Lovers_2)_-_Carole_Mortimer.epub,1,,,,1,1
22571696,1,2,17065,Free,Obsession in Death,"There's a thin line between hero worship and dangerous obsession...the explosive new Eve Dallas and Roarke thrillerA crisp winter morning in New York. In a luxury apartment, the body of a woman lies stretched out on a huge bed. On the wall above, the killer has left a message in bold black ink: FOR LIEUTENANT EVE DALLAS, WITH GREAT ADMIRATION AND UNDERSTANDING.Eve Dallas is used to unwanted attention. Famous for her high-profile cases and her marriage to billionaire businessman Roarke, she has learned to deal with intense public scrutiny and media gossip. But now Eve has become the object of a singular and deadly obsession. She has an 'admirer', who just can't stop thinking about her. Who is convinced they have a special bond. Who is planning to kill for her - again and again...With time against her, Eve is forced to play a delicate - and dangerous - psychological dance. Because the killer is desperate for something Eve can never provide - approval. And once that becomes clear, Eve knows her own life will be at risk - along with those she cares about the most.",https://images-na.ssl-images-amazon.com/images/S/compressed.photo.goodreads.com/books/1406509523i/22571696.jpg,server_url,upload\J.D. Robb\Obsession_in_Death_-_J._D._Robb.epub,1,,,,1,1
31918344,1,3,4615377,Free,Of Fate and Phantoms,"As Charlie and Lincoln’s lives settle into a harmonious pattern, a new threat arises that could have far reaching effects for the royal family and Lincoln’s parents.When a seer warns the Prince of Wales that his life is in danger, only Charlie and Lincoln take her seriously. After all, what sensible person would believe a gypsy who claims the danger will come in the form of the prince's dead father? A meeting at the palace sets them on a path that takes Charlie back to her old haunts in the London slums, on the hunt for a man who can change his appearance. The new threat is their most dangerous yet, but for Lincoln, the biggest concern isn't confronting the shape-changer or meeting his parents for the first time, it's whether Charlie will put his engagement ring on her finger.",https://images-na.ssl-images-amazon.com/images/S/compressed.photo.goodreads.com/books/1474689959i/31918344.jpg,server_url,upload\C.J. Archer\Of_Fate_and_Phantoms_(Ministry_-_C.J._Archer.epub,1,,,,1,1
99452,1,2,8516,Free,"Ogre, Ogre","Smash, himself, was part ogre. Although ogres were considered so stupid they coud hardly speak, and spent their time eating young girls, seven assorted females had suddenly turned to him for guidance and saftety? In Xanth, one visit to the Good Magician Humfrey worked wonders....From the Paperback edition.",https://images-na.ssl-images-amazon.com/images/S/compressed.photo.goodreads.com/books/1350835009i/99452.jpg,server_url,"upload\Piers Anthony\Ogre,_Ogre_-_Piers_Anthony.epub",1,,,,1,1
75236116,1,2,"7581,2777298,4462217",Free,Omens: A Cainsville Novel,Unabridged Fiction 13 compact discs/14.5 hours,https://images-na.ssl-images-amazon.com/images/S/compressed.photo.goodreads.com/books/1694946812i/75236116.jpg,server_url,upload\Kelley Armstrong\Omens__A_Cainsville_Novel_-_Kelley_Armstrong.epub,1,,,,1,1
138638,1,2,14255,Free,Once in a Lifetime,"Millions adored Daphne Fields, for she shared their passion, their pain, their joy, and their sorrow. But America's most popular novelist remained a closed book to the world — guarding her life with a fierce privacy no reporter could crack.  Her life hides a myriad of secrets. The husband and daughter she lost in a fire. The son who barely survived it and would be deaf forever. The victories, the defeats, the challenges of facing life as a woman alone and helping her son meet the challenges of his handicap. A strong woman, she would not accept defeat, or help from anyone... until she found she could no longer face it alone.",https://images-na.ssl-images-amazon.com/images/S/compressed.photo.goodreads.com/books/1172096701i/138638.jpg,server_url,upload\Danielle Steel\Once_in_a_Lifetime_-_Danielle_Steel.epub,1,,,,1,1
26161145,1,6,5900266,Free,One Bite,"[Siren Menage Everlasting: Erotic Paranormal Cowboy Menage a Trois Romance, M/F/M, shape-shifters, HEA] Eden Provost moved to Twisted, Texas to be closer to her twin sister, Mariah. Besides, where else would a female weretiger go to find her mates except to a shifter town? But is Mariah happy she's there? Or will Mariah's jealousy get in the way of sisterly love? Weretiger friends, John McCaffrey and Ford Tiller, see Eden's photo and rush to Twisted to claim her. At first, they're sexually drawn to her as all fated mates are. The next day, however, they don't feel any attraction at all. How can she turn them on one day and off the next? Confusion is hard enough to handle when a girl's human, but when she's a weretiger with the urge to mate, it's downright impossible. Eden wants the one bite that will make her John's and Ford's mate. But will they bite her or her sister first? ** A Siren Erotic Romance",https://images-na.ssl-images-amazon.com/images/S/compressed.photo.goodreads.com/books/1440475742i/26161145.jpg,server_url,upload\Jane Jamison\One_Bite_-_Jane_Jamison.epub,1,,,,1,1
42647928,1,2,13730,Free,Goosebumps: Most Wanted: Dr Maniac Will,"The infamous, Most Wanted Goosebumps characters are out on the loose and they're coming after you! Catch them all, undead or alive!The Most Wanted list continues with Dr. Maniac, the strangest doctor of them all. When a group of comic book characters appear in the real world, twelve-year-old Richard Dreezer, must track down Dr. Maniac to save the day. Straight from the comic book of your worst nightmares, this evil genius will make sure you leave sicker than when you arrived.",https://images-na.ssl-images-amazon.com/images/S/compressed.photo.goodreads.com/books/1541529303i/42647928.jpg,server_url,upload\R.L. Stine\Goosebumps__Most_Wanted__Dr._Ma_-_R._L._Stine.epub,1,,,,1,1
3587786,1,2,14255,Free,One Day at a Time,"Danielle Steel celebrates families of every stripe in her compelling new novel—a tale of three very different couples who struggle and survive, love, laugh, and learn to take life…Coco Barrington was born into a legendary Hollywood family, her last name loaded with expectations. Her mother is a mega-bestselling author who writes under the name of Florence Flowers—and her sister, Jane, is one of Hollywood’s top producers. They’re not your typical family by any means.…Jane has lived with her partner, Liz, for ten years, in a solid, loving relationship. Florence, widowed but still radiant, has just begun a secret romance with a man twenty-four years her junior. And Coco, a law school dropout and the family black sheep, works as a dog walker, having fled life in the spotlight for the artsy northern California beach town of Bolinas.But when Coco reluctantly agrees to dog-sit in Jane’s luxurious home, she soon discovers how much things can change in just a matter of days.…It turns out Jane’s house comes complete with an unexpected houseguest: Leslie Baxter, a dashing but down-to-earth British actor who’s fleeing a psycho ex-girlfriend. Their worlds couldn’t be more different. The attraction couldn’t be more immediate. Suddenly Coco is seeing things differently: Leslie is not just a celebrity, he’s a single dad to an adorable six-year-old girl. Her mother is not just a self-centered walking advertisement for great cosmetic surgery, she’s a woman in love, with vulnerability and new insight. And Jane and Liz are about to take the bravest plunge of all—into parenthood. As Coco contemplates a future with one of Hollywood’s hottest stars, as her mother and sister settle into their lives, old wounds are healed and new familes are formed—some traditional, some not so traditional, but all bonded by love.With wit and intelligence, Danielle Steel’s new novel explores love in all its guises, taking us into the lives of three unusual but wonderfully real couples. Funny, sexy, and wise, One Day at a Time is at once moving, thought provoking, and utterly impossible to put down.",https://images-na.ssl-images-amazon.com/images/S/compressed.photo.goodreads.com/books/1320473887i/3587786.jpg,server_url,upload\Danielle Steel\One_Day_at_a_Time_-_Danielle_Steel.epub,1,,,,1,1
125540,1,2,13730,Free,One Day at Horrorland,Werewolf Village. The Doom Slide. The Coffin Cruise. These are just a few of the terrifying attractions that await Luke and Lizzy Morris at HorrorLand. Step right up and join the Morris family as they ride each ride—and scream each scream—for the very first time. Because it might also be their last.,https://images-na.ssl-images-amazon.com/images/S/compressed.photo.goodreads.com/books/1328867794i/125540.jpg,server_url,upload\R.L. Stine\One_Day_at_Horrorland_-_R._L._Stine.epub,1,,,,1,1
6853,1,2,2384,Free,One for the Money,"Meet Stephanie Plum, a bounty hunter with attitude. In Stephanie’s opinion, toxic waste, rabid drivers, armed schizophrenics, and August heat, humidity, and hydrocarbons are all part of the great adventure of living in Jersey.She’s a product of the “burg,” a blue-collar pocket of Trenton where houses are attached and narrow, cars are American, windows are clean, and (God forbid you should be late) dinner is served at six.Out of work and out of money, Stephanie blackmails her bail-bondsman cousin Vinnie into giving her a try as an apprehension agent. Stephanie knows zilch about the job requirements, but she figures her new pal, el-primo bounty hunter Ranger, can teach her what it takes to catch a crook. Her first nail Joe Morelli, a former vice cop on the run from a charge of murder one. Morelli’s the inamorato who charmed Stephanie out of her virginity at age sixteen. There’s still powerful chemistry between them, so the chase should be interesting…and could also be extremely dangerous.",https://images-na.ssl-images-amazon.com/images/S/compressed.photo.goodreads.com/books/1316730230i/6853.jpg,server_url,upload\Janet Evanovich\One_for_the_Money_-_Janet_Evanovich.epub,1,,,,1,1
13978,1,2,8685,Free,One Good Knight,"Return to the Five Hundred Kingdoms, where a damsel can rescue herself, thank you…Princess Andromeda knows that any problem can be solved with a bit of research. So when a dragon storms the kingdom of Acadia, she decides it’s time to hit the books. Despite all her research, the only acceptable answer she can find is sacrificing a fair maiden—for Acadia is governed by “Tradition,” a rule that cannot so easily be sundered. Then she is picked as the sacrifice and must take matters into her own hands.With the help of her champion, Sir George, Andromeda sets out in search of the dragon’s lair, wanting nothing more than to change her fate. But to do so will take the strongest of wills, knowledge, quick wits and a refusal to give up, no matter what happens along the way…Previously Published.Read the Tale of Five Hundred Kingdoms Series by Mercedes Book 1: The Fairy GodmotherBook 2: One Good KnightBook 3: Fortune’s FoolBook 4: The Snow QueenBook 5: The Sleeping BeautyBook 6: Beauty and the Werewolf",https://images-na.ssl-images-amazon.com/images/S/compressed.photo.goodreads.com/books/1391493999i/13978.jpg,server_url,upload\Mercedes Lackey\One_Good_Knight_-_Mercedes_Lackey.epub,1,,,,1,1
585972,1,14,19687,Free,One Night in His Arms,"She'd break his self-control!Still shamed by her teenage infatuation with Ranulf Carrington, Sylvie knew it was important that he understand they were now meeting on equal terms. She would do her utmost to play it cool and distant-his cruel words at their last meeting had crushed the youthful passion out of her--so that all they shared now was a purely business relationship!Everything was different, yet nothing had changed--Sylvie's body still ached for his. Maybe Ran would never come to love her, but still she knew she'd do almost anything for just one night in his arms ....",https://images-na.ssl-images-amazon.com/images/S/compressed.photo.goodreads.com/books/1223662465i/585972.jpg,server_url,upload\Penny Jordan\One_Night_in_His_Arms_-_Penny_Jordan.epub,1,,,,1,1
18722907,1,5,25950,Free,One Night with the Boss,"It's not business. It's personal! Teresa Southwick delivers a sexy office romance in this brand-new installment of her Bachelors of Blackwater Lake miniseries! For years, executive assistant Olivia Lawson has been faithfully holding a torch for her hunky boss. But she doesn't need a memo to see she's stuck in the friend zone! Olivia decides she needs to look elsewhere for love. So she invents a long-distance boyfriend—the perfect excuse to quit her job and move away—and gives her two-weeks notice. Tycoon Brady O'Keefe is stunned by the extent of emotion that Olivia's resignation releases! He soon discovers Olivia's boyfriend is a sham, but rather than tip his hand, Brady decides to romance—and seduce—her into staying. Now Olivia must choose whether to stick to her guns—or follow her heart into the arms of the man she loves!",https://images-na.ssl-images-amazon.com/images/S/compressed.photo.goodreads.com/books/1387765967i/18722907.jpg,server_url,upload\Teresa Southwick\One_Night_with_the_Boss_-_Teresa_Southwick.epub,1,,,,1,1
37778305,1,21,4107685,Free,One Night With the Sheik,"Arianna had to find her father. He’d disappeared in the desert country of Triar – which is where she started her search. Unfortunately, some unfinished business with the Sheik of Triar slowed her search. Rhys Sabad del Isolm, Sheik of Triar discovered that the lovely Arianna Callas was back in his country. The last time he’d seen the gorgeous, stubborn woman was almost a year ago and their ending had been … unsatisfying. Time to change that ending.Except that Arianna isn’t ready to re-visit the past. In fact, she’d like to avoid discussing the past and had absolutely no intention of any sort of relationship in the future! Unfortunately, Rhys had the resources that could expedite her father’s rescue. She’d have to play nice for a while – and keep the man at arm’s distance. That was her intention at least. Rhys wasn’t really the kind of man who allowed distance.And as they investigated her father’s disappearance together, Arianna wondered if she really wanted that distance.",https://images-na.ssl-images-amazon.com/images/S/compressed.photo.goodreads.com/books/1514682170i/37778305.jpg,server_url,upload\Elizabeth Lennox\One_Night_With_the_Sheik_(Frien_-_Elizabeth_Lennox.epub,1,,,,1,1
45027937,1,1,1160213,Free,The Tycoon's Summer Seduction & One Night with the Sheikh,"Two bestselling Clare Connelly books in one steamy download...  THE TYCOON'S SUMMER SEDUCTION  Fleeing betrayal and heartbreak, Saphire Arana travels to Athens... and straight out of the frying pan and into the fire! The sexy tycoon Thaddeus Konstanides offers an escape from her troubled past, but at what cost?  Hours after burying his grandfather, Thaddeus is in a vulnerable state of mind; he just wants to be alone with his grief. Until, that is, he meets Saphire Arana: a beautiful, bewitching enigma. A chance encounter leads to a relationship born of passion and flame, but all is not as it seems...   ONE NIGHT WITH THE SHEIKH   An accident of fate brought them together, and it would bind them for the rest of their lives.  On the verge of selecting his wife, Samir Almassi, all-powerful Sheikh and ruler of Elaminar can't get Grace Jones and the night they shared out of his mind. It was two years ago, but he's not ready to relegate their experience to the past - yet.  Grace has never forgiven Samir for disappearing from her and now he's back she has to fight him with all that she is to avoid being dragged into his seductive world - for good!  Only Samir is playing for keeps and he always, always gets what he wants...  The fifth Clare Connelly Pairs book - perfect for when one hot book boyfriend just isn't enough...!",https://images-na.ssl-images-amazon.com/images/S/compressed.photo.goodreads.com/books/1555082495i/45027937.jpg,server_url,upload\Clare   Connelly\One_Night_with_The_Sheikh__An_a_-_Clare_Connelly.epub,1,,,,1,1
139284562,1,2,5091,Free,[One Shot] [by: Lee Child],"Six shots. Five dead. One heartland city thrown into a state of terror. But within hours the cops have it solved: a slam-dunk case. Except for one thing. The accused man says: You got the wrong guy. Then he says: Get Reacher for me. And sure enough, from the world he lives in—no phone, no address, no commitments–ex–military investigator Jack Reacher is coming. In Lee Child’s astonishing new thriller, Reacher’s arrival will change everything—about a case that isn’t what it seems, about lives tangled in baffling ways, about a killer who missed one shot–and by doing so give Jack Reacher one shot at the truth.…The gunman worked from a parking structure just thirty yards away–point-blank range for a trained military sniper like James Barr. His victims were in the wrong place at the wrong time. But why does Barr want Reacher at his side? There are good reasons why Reacher is the last person Barr would want to see. But when Reacher hears Barr’s own words, he understands. And a slam-dunk case explodes. Soon Reacher is teamed with a young defense lawyer who is working against her D.A. father and dueling with a prosecution team that has an explosive secret of its own. Like most things Reacher has known in life, this case is a complex battlefield. But, as always, in battle, Reacher is at his best.Moving in the shadows, picking his spots, Reacher gets closer and closer to the unseen enemy who is pulling the strings. And for Reacher, the only way to take him down is to know his ruthlessness and respect his cunning–and then match him shot for shot….",https://images-na.ssl-images-amazon.com/images/S/compressed.photo.goodreads.com/books/1697910802i/139284562.jpg,server_url,upload\Lee Child\One_Shot_-_Lee_Child.epub,1,,,,1,1
36768549,1,3,30279,Free,One Velvet Glove,"The Tales of the King’s Blades continues….So what happens next? Sir Rhys, Sir Sharp, and Sir Trusty—three of the world’s greatest swordsmen―are released from the Royal Guard in their twenties with no pension, no job, and no money. Rhys’s father is the great Blade hero, Sir Spender, who finds himself in the same predicament. Spender knows of a fabulous treasure that was lost more than thirty years ago and thinks he knows where it may be. Why shouldn’t the four of them go and look for it?But King Ambrose also remembers that treasure and believes it belongs to him. Why shouldn’t he try to stop them?",https://images-na.ssl-images-amazon.com/images/S/compressed.photo.goodreads.com/books/1512260263i/36768549.jpg,server_url,upload\Dave Duncan\One_Velvet_Glove_-_Dave_Duncan.epub,1,,,,1,1
18922618,1,5,7235860,Free,Only For You,"When Scarlet realized Penelope was dumping Sean, her best friend, she was devastated. Penelope was the love of his life, the woman of his dreams. Scarlet knew how far her best friend was going to fall and she had to catch him. Scarlet became Sean’s rock and helped him through a very painful breakup, but her own hidden desires bubbled to the surface in the process. When they finally gave in and slept together, she thought it was the start of their new relationship. Unfortunately, Sean didn’t feel the same.Humiliated and heartbroken, Scarlet moved across the country and found what she least expected. She rekindled her damaged relationship with her brother, who she hadn’t spoken to in a year, and her brother’s best friend was attractive and interesting. Their relationship was natural and unforced, and she was immediately drawn to him. Would she be able to get over Sean, forget about him, by sleeping with Cortland, or would that just be another repeated mistake?THIS IS NOT A CLIFFHANGER*Recommended for mature audiences 17+ due to strong language and sexual content.*",https://images-na.ssl-images-amazon.com/images/S/compressed.photo.goodreads.com/books/1385267417i/18922618.jpg,server_url,upload\E.L. Todd\Only_for_You_-_E._L._Todd.epub,1,,,,1,1
695305,1,14,86756,Free,Only Lover,"Dare she strike a deal with this man?Farrah knew her father's career would be ruined unless she intervened-and swiftly. One simple, human error shouldn't be held against him, she decided. And she was sure his employer, the handsome dynamic Joel Falcone, would understand ....But Joel's hardheaded response shocked her. He would help her, on one condition: that she pretend to be his lover!Farrah felt uneasy at the cold calculation behind his offer. And even more uneasy at how disturbingly attractive she found him. Yet she had no choice ....",https://images-na.ssl-images-amazon.com/images/S/compressed.photo.goodreads.com/books/1237519267i/695305.jpg,server_url,upload\Carole Mortimer\Only_Lover_-_Carole_Mortimer.epub,1,,,,1,1
37792957,1,2,4512224,Free,Origins,"Are you still human if your father was a dragon?  Even though Captain Trip always knew he was a little odd, he’s still shocked by the revelation that the elder gold dragon, Agarrenon Shivar, sired him. It’s time, however, to accept reality and learn to use his power, even if it alienates him from his magic-fearing friends—and the woman he’s come to care about. With enemy dragons threatening to kill or enslave everyone in his homeland, he has no choice.  But even if he becomes a great sorcerer, it won’t be enough to fight off all the dragons threatening Iskandia, so Trip suggests a mission to General Zirkander. He wants to lead a team, with the scholarly Lieutenant Ravenwood’s help, to locate his sire. Agarrenon Shivar, once respected and feared by his own kind, may be the perfect ally for Iskandia—if Trip can talk him into siding with humanity.  Just one problem: the ancient dragon hasn’t been seen for thousands of years, and Trip has no idea how his long-dead mother found him.",https://images-na.ssl-images-amazon.com/images/S/compressed.photo.goodreads.com/books/1514855962i/37792957.jpg,server_url,upload\Lindsay Buroker\Origins_-_Lindsay_Buroker.epub,1,,,,1,1
43264039,1,3,"14689889,318719,14417592",Free,Orphan Witch,"Sometimes the real monsters are those within your own family.  Sometimes it takes an outsider like Raine to come to your rescue.  Raine Campbell has survived her first semester at the School of Necessary Magic, but only just.  Time to throw herself into her studies and get a better grasp on magic. No more close calls with spells... Especially if she wants to follow her late father's legacy and join the FBI as a witch and an agent.  Is Adrien going to get in the way of her plans?  The teen elf comes from a long line of respected guardians of humans and lesser magical beings, keeping them safe from dark magic.  So why are magicals showing up to persuade him that his family tree harbors a dark secret and is rotten all the way down to the roots?  He refuses to believe the whispering campaign.  But when Adrien is kidnapped by this nefarious gang, Raine teams up with a party of unlikely allies determined to rescue her friend.  Orphan Witch is a breathtaking tale of spells, secrecy and not being kept behind after school.  They say everyone is the hero of their own story. Or are they really the villain?  Team up with Raine for this second spectacular story in the School of Necessary Magic series.",https://images-na.ssl-images-amazon.com/images/S/compressed.photo.goodreads.com/books/1545153343i/43264039.jpg,server_url,upload\Judith Berens\Orphan_Witch_-_Judith_Berens.epub,1,,,,1,1
17827953,1,3,7581,Free,Otherworld Nights,"This short story collection includes one brand-new tale, one story previously available only at Kelley Armstrong's website, and re-prints some hard-to-find stories from various anthologies as well as the entire novella Hidden.""Demonology"" - Adam's mother discovers what he is""Twilight"" - a Cassandra & Aaron story from 
Many Bloody Returns
""Stalked"" - Clay & Elena's honeymoon story from 
My Big Fat Supernatural Honeymoon
""Chivalrous"" - Reese's backstory from SubPress's long sold-out 
Tales of Dark Fantasy 2
""Lucifer's Daughter"" - Hope & Karl story from 
Blood Lite II: Overbite

Hidden
 -- reprinted from SubPress chapbook""From Russia with Love"" - The Pack bonus story included with hardcover of 
Thirteen
""Vanishing Act"" - brand-new Savannah & Adam novella set after 
Thirteen
For every fan of the women of the Otherworld who is longing for more, a suspenseful and sexy new collection of stories and novellas by Kelley Armstrong.In Otherworld Nights, Armstrong brings together some of her favourite love matches, taking us on honeymoon with her werewolves, Elena and Clay; showing us how her vampires, Cassandra and Aaron, express their unique bond; revealing how Karl proposed to Hope; and illustrating how the young Australian werewolf, Reese, learned the dangers of infatuation, among other stories. By popular demand, shes also included her fan-favourite novella, Hidden.As an exciting conclusion, Armstrong has written a brand-new novella that takes us beyond the end of 13 to show us what happens after Savannah and Adam save the Otherworld--and realize they do love each other. The trouble is whether they know what love really means--coupled with the little wrinkle of having to figure that out while they battle demons. The kind from hell.",https://images-na.ssl-images-amazon.com/images/S/compressed.photo.goodreads.com/books/1400095091i/17827953.jpg,server_url,upload\Kelley Armstrong\Otherworld_Nights_-_Kelley_Armstrong.epub,1,,,,1,1
2508432,1,5,19687,Free,Out of the Night,"There was nothing else she could doStranded in a border-hills snowstorm, Emily Blacklaw had to accept the handsome stranger's offer of help--even though it meant sharing the warmth of Matt Slater's sleeping bag.It was a turning point for Emily, and the desires and passions they'd shared haunted her through the days and months that followed.Now Matt was back--and living in the same house. And Emily found it difficult to reject Matt's demands, especially since they were the same demands she secretly harbored....",https://images-na.ssl-images-amazon.com/images/S/compressed.photo.goodreads.com/books/1328581959i/2508432.jpg,server_url,upload\Penny Jordan\Out_of_the_Night_-_Penny_Jordan.epub,1,,,,1,1
57265381,1,2,"8685,8690,3031590",Free,Owlflight,"Apprenticed to a venerable wizard when his hunter and trapper parents disappear into the forest never to be seen again, Darian is difficult and strong willed--much to the dismay of his kindly master. But a sudden twist of fate will change his life forever, when the ransacking of his village forces him to flee into the great mystical forest. It is here in the dark forest that he meets his destiny, as the terrifying and mysterious Hawkpeople lead him on the path to maturity. Now they must lead the assault on his besieged home in a desperate attempt to save his people from certain death.",https://images-na.ssl-images-amazon.com/images/S/compressed.photo.goodreads.com/books/1677850946i/57265381.jpg,server_url,upload\Mercedes Lackey\Owlflight_(The_Owl_Mage_Trilogy_-_Mercedes_Lackey.epub,1,,,,1,1
57265375,1,2,"8685,8690,3031590",Free,Owlknight,"From fantasy legends Mercedes Lackey and Larry Dixon comes the third and final volume in a powerful saga charged with war and magic, life and love . . . Two years after his parents' disappearance, Darian has sought refuge and training from the mysterious Hawkbrothers. Now he has opened his heart to a beautiful young healer. Finally Darian has found peace and acceptance in his life. That is, until he learns that his parents are still alive--and trapped behind enemy borders . . .",https://images-na.ssl-images-amazon.com/images/S/compressed.photo.goodreads.com/books/1614697494i/57265375.jpg,server_url,upload\Mercedes Lackey\Owlknight_(The_Owl_Mage_Trilogy_-_Mercedes_Lackey.epub,1,,,,1,1
228776430,1,2,"8685,8690,3031590",Free,"Owlsight: The Owl Mage Trilogy, Book 2","It has been four years since Darian saw his village sacked and burned by barbarians. Taking refuge with the Hawkbrothers, he soon finds his life's calling - as a Healing Adept. But even as he learns the mystical ways of this ancient race, Darian cannot escape the dangers threatening his future. Another tribe of barbarians is approaching. The time has come...to stand up and fight.",https://images-na.ssl-images-amazon.com/images/S/compressed.photo.goodreads.com/books/1742428696i/228776430.jpg,server_url,upload\Mercedes Lackey\Owlsight_(The_Owl_Mage_Trilogy_-_Mercedes_Lackey.epub,1,,,,1,1
864778,1,2,14255,Free,Palomino,"Samantha Taylor is shattered when her husband leaves her for another woman. She puts her advertising career on hold and seeks refuge at a friend's California ranch, where she loses herself in the daily labor of ranch life. Here, she discovers the healing powers of trusted friends, simple joys, and hard work. She also meets Tate Jordan, the ranch foreman, and a tumultuous relationship ensues. When Tate disappears and a fall from a horse changes Samantha's life forever, she is confined to a wheelchair and must look deep inside herself to finds the courage to begin again. Now, fighting the battles of the handicapped, she finds new challenges, new loves, and even the adopted child she's always longed for.From the Paperback edition.",https://images-na.ssl-images-amazon.com/images/S/compressed.photo.goodreads.com/books/1391324941i/864778.jpg,server_url,upload\Danielle Steel\Palomino_-_Danielle_Steel.epub,1,,,,1,1
19488747,1,5,12692,Free,Paper Husband,"Where is it written that a rancher’s daughter has to marry a long, tall Texan—or lose the ranch that’s her home? In Dana Mobry’s father’s will! And Dana has just discovered that her partner in this marriage of convenience is none other than the sexiest cowboy in Texas—Hank Grant!",https://images-na.ssl-images-amazon.com/images/S/compressed.photo.goodreads.com/books/1387150883i/19488747.jpg,server_url,upload\Diana Palmer\Paper_Husband_-_Diana_Palmer.epub,1,,,,1,1
6601279,1,2,"61693,4601681",Free,Paradox,"Archaeologist Annja Creed reluctantly accepts an assignment on behalf of a covert arm of the U.S. Government. She is to lead an expedition to the top of Mount Ararat to find the truth about what is thought to be the remains of Noah’s Ark. But while she doubts the massive anomaly is really the Ark, she can’t help but wonder what is up there. Annja must escort a group of militant fundamentalists through civil unrest in eastern Turkey, but the impending war is nothing compared to the danger that lies hidden within the team. With lives at stake, Annja has no choice but to protect the innocent…and get them out of there alive. Legend says the Ark once saved mankind, but this time it could kill them all.",https://images-na.ssl-images-amazon.com/images/S/compressed.photo.goodreads.com/books/1347532786i/6601279.jpg,server_url,upload\Alex Archer\Paradox_-_Alex_Archer.epub,1,,,,1,1
24788123,1,5,386699,Free,Hot-Blooded Alligator,"Tristan has never been what someone would call a social guy. Like the alligator he shares his spirit with, he prefers being alone. Now, after enduring decades of forced isolation as an animal attraction in a curiosity show, Tristan is even more reclusive than ever. He lives mainly in animal form, swimming in the large pond on the gargoyle’s estate. When he helps kidnap his abuser, Bud Wallice, Tristan decides interrogating the bastard is a great reason to finally interact with others.  Eventually, Bud is reported missing by his wife, and the trail leads to the gargoyle’s estate. Tristan meets Detective Collin DeSoto, who is looking into the disappearance. Tristan immediately recognizes the man as his mate, and while the sex between them is explosive, that’s the only easy thing between them. Collin isn’t out to his incredibly large family, and he doesn’t approve of how Tristan handles Bud. Can the pair resolve their differences, or will Tristan end up returning to his pond…alone?",https://images-na.ssl-images-amazon.com/images/S/compressed.photo.goodreads.com/books/1422791060i/24788123.jpg,server_url,upload\Charlie Richards\Paranormal's_Love_11_-_Hot-Bloo_-_Charlie_Richards.epub,1,,,,1,1
60148895,1,2,721,Free,Sparring Partners,"#1 New York Times bestselling author John Grisham is the acknowledged master of the legal thriller. In his first collection of novellas, law is a common thread, but America’s favorite storyteller has several surprises in store. “Homecoming” takes us back to Ford County, the fictional setting of many of John Grisham’s unforgettable stories. Jake Brigance is back, but he’s not in the courtroom. He’s called upon to help an old friend, Mack Stafford, a former lawyer in Clanton, who three years earlier became a local legend when he stole money from his clients, divorced his wife, filed for bankruptcy, and left his family in the middle of the night, never to be heard from again—until now. Now Mack is back, and he’s leaning on his old pals, Jake and Harry Rex, to help him return. His homecoming does not go as planned.In “Strawberry Moon,” we meet Cody Wallace, a young death row inmate only three hours away from execution. His lawyers can’t save him, the courts slam the door, and the governor says no to a last-minute request for clemency. As the clock winds down, Cody has one final request. The “Sparring Partners” are the Malloy brothers, Kirk and Rusty, two successful young lawyers who inherited a once prosperous firm when its founder, their father, was sent to prison. Kirk and Rusty loathe each other, and speak to each other only when necessary. As the firm disintegrates, the resulting fiasco falls into the lap of Diantha Bradshaw, the only person the partners trust. Can she save the Malloys, or does she take a stand for the first time in her career and try to save herself?By turns suspenseful, hilarious, powerful, and moving, these are three of the greatest stories John Grisham has ever told.",https://images-na.ssl-images-amazon.com/images/S/compressed.photo.goodreads.com/books/1644427635i/60148895.jpg,server_url,upload\John Grisham\Partners_-_John_Grisham.epub,1,,,,1,1
29558771,1,2,721,Free,Partners: A Rogue Lawyer Short Story,"Discover how Rogue Lawyer 's Sebastian Rudd meets his partner and bodyguard in this thrilling short story, by master of the legal thriller John Grisham.Ten years out of law school, and running an office out of what used to be a seedy bar, Sebastian Rudd is beginning to make a name for himself - and learning that in order to get justice, you often have to cheat.When he chooses to represent Thomas Cardell, he's about to make even more enemies.At 33 years old, and with no money and a son to care for, Thomas Cardell is forced to become a drugs mule. But on his first night in the game, he's ruthlessly shot at by an undercover cop, and his only choice is to shoot back in self-defence. When the cop is killed it's Cardell's word against the other police officer on the scene, and proving Cardell innocent will be far from simple.But who ever said getting justice was easy?Featuring the characters from ROGUE LAWYER, and full of the wit and fast-paced action that makes ROGUE LAWYER so irresistibly entertaining, PARTNERS is another classic Grisham story.350+ million copies, 45 languages, 9 blockbuster NO ONE WRITES DRAMA LIKE JOHN GRISHAM",https://images-na.ssl-images-amazon.com/images/S/compressed.photo.goodreads.com/books/1458476639i/29558771.jpg,server_url,upload\John Grisham\Partners__A_Rogue_Lawyer_Short_-_John_Grisham.epub,1,,,,1,1
695331,1,14,86756,Free,Passion from the Past,"He wanted her…for revenge! Becoming handsome Gideon Maitland's secretary is overwhelming for office assistant, Laura. She didn't think Gideon had ever even noticed her, but soon learns she is very wrong. Gideon has more than seen her; he wants her…in his bed! As she gets to know this complex widower – whose motives defy analysis – Laura finds her inexperienced feelings growing for her powerful boss. But will she feel the same when she discovers that Gideon has only gained her affections for revenge? Originally published in 1983",https://images-na.ssl-images-amazon.com/images/S/compressed.photo.goodreads.com/books/1286558883i/695331.jpg,server_url,upload\Carole Mortimer\Passion_From_the_Past_-_Carole_Mortimer.epub,1,,,,1,1
773864,1,2,14255,Free,Passion's Promise,"Smart, beautiful, and very rich, Kezia Saint Martin leads two lives: one as a glamorous socialite jetting between the poshest places in Europe and America; the other, under a false name, as a dicated journalist committed to justice and her profession.But the two worlds are pulling her apart, leaving her conflicted about her identity and the lies she tells to every man she meets. Then she meets Lucas Johns, a bold, dynamic crusader for social change--and an ex-con. Their attraction is immediate, but their love may be just one step from tragedy at any time.",https://images-na.ssl-images-amazon.com/images/S/compressed.photo.goodreads.com/books/1320554178i/773864.jpg,server_url,upload\Danielle Steel\Passion's_Promise_-_Danielle_Steel.epub,1,,,,1,1
7501944,1,2,19687,Free,Passionate Protection,"Her love would never be returnedIn Spain on business, Jessica had agreed to do her cousin a favor, but she never imagined it would result in her working with the aristocratic Sebastian Calvadores.From the moment they met he was callous and arrogant, and yet she couldn't deny the way her pulses raced whenever he entered the room. She was falling in love.Jessica wanted to listen to her heart, but common sense warned against it. For Sebastian had nothing but contempt for her--and another woman intended to possess Sebastian!",https://images-na.ssl-images-amazon.com/images/S/compressed.photo.goodreads.com/books/1266708619i/7501944.jpg,server_url,upload\Penny Jordan\Passionate_Protection_-_Penny_Jordan.epub,1,,,,1,1
6376757,1,14,19687,Free,Passionate Relationship,"Pride and passion drew her to Portugal""It had been your father's dearest wish that his lost daughter be found."" The words touched Shelley's heart and destined her for the Portuguese coastal town of Algarve.For her father had remarried, and Shelley could not resist the promise of a family's love, something she had longed for all of her life. But her fiery-tempered stepbrother, Jaime, greeted her with the suspicion that she had come only for an inheritance. Shelley was tempted to run—and it wasn't his hostility that startled her. . . .",https://images-na.ssl-images-amazon.com/images/S/compressed.photo.goodreads.com/books/1417881542i/6376757.jpg,server_url,upload\Penny Jordan\Passionate_Relationships_-_Penny_Jordan.epub,1,,,,1,1
236031558,1,1,"5091,19939004",Free,Jack Reacher #21-25：Night School: A Reacher Novel，The Midnight Line: A Jack Reacher Novel，Past Tense: A Jack Reacher Novel，Blue Moon: A Jack Reacher Novel，The Sentinel: A Jack Reacher Novel,"9781984818485 The A Jack Reacher Novel 9780399593567 Blue A Jack Reacher Novel 9780399593536 Past A Jack Reacher Novel 9780399593505 The Midnight A Jack Reacher Novel 9780804178822 Night A Reacher Novel Lee Child is the author of more than two dozen New York Times bestselling Jack Reacher thrillers, with most having reached the #1 position, and the #1 bestselling complete Jack Reacher story collection, No Middle Name. Foreign rights in the Reacher series have sold in one hundred territories. A native of England and a former television director, Lee Child lives in New York City and Wyoming.  Jack Reacher has extended his thumb and hit the pavement. His plan is to follow the autumn sun on an epic trip across America, from Maine to California. He doesn't get far. On a country road in rural New Hampshire, deep in the New England woods, he sees a sign to a place he has never The town where his father was born. He thinks, What's one extra day? and takes the detour. At the same moment, in the same isolated area, a car breaks down. Two young Canadians are trying to drive to New York City to sell a treasure. Now they're stranded at a lonely motel in the middle of nowhere. The owners almost seem too friendly. It's a strange place. but it's all there is. The next morning in the city clerk's office, Reacher asks about the old family home. He's told no one named Reacher ever lived in town. He knows his father left and never returned. Now Reacher wonders, Was he ever there in the first place? As Reacher explores his father's life, and strands of different stories begin to merge, he makes a shocking The present can be tough, but the past can be tense ... and deadly  Originally published in hardcover in the United States by Delacorte Press, an imprint of Random House, a division of Penguin Random House LLC, in 2017.  It's 1996, and Reacher is still in the army. In the morning they give him a medal, and in the afternoon they send him back to school. That night he's off the grid. Out of sight, out of mind. Two other men are in the classroom -- an FBI agent and a CIA analyst. Each is a first-rate operator, each is fresh off a big win, and each is wondering what the hell they are doing there. Then they find a Jihadist sleeper cell in Hamburg, Germany, has received an unexpected visitor -- a Saudi courier, seeking safe haven while waiting to rendezvous with persons unknown. A CIA asset, undercover inside the cell, has overheard the courier whisper a chilling ""The American wants a hundred million dollars."" For what? And who from? Reacher and his two new friends are told to find the American. Reacher recruits the best soldier he has ever worked Sergeant Frances Neagley. Their mission heats up in more ways than one, while always keeping their eyes on the prize. If they don't get their man, the world will suffer an epic act of terrorism. From Langley to Hamburg, Jalalabad to Kiev, Night School moves through a treacherous landscape of double crosses, faked identities, and new and terrible enemies, as Reacher maneuvers inside the game and outside the law.",https://dryofg8nmyqjw.cloudfront.net/images/no-cover.png,server_url,upload\Lee Child\Past_Tense_-_Lee_Child_1.epub,1,,,,1,1
136241613,1,1,"5091,489648,32590",Free,"Reader's Digest Select Editions, Volume 365, 2019 - Past Tense by Lee Child, Hope on the Inside by Marie Bostwick, Forever and a Day by Anthony Horowitz, and The Last Road Trip by Gareth Crocker","Reader's Digest Select Editions, 2019, Volume 365. Past Tense by Lee Child, Hope on the Inside by Marie Bostwick, Forever and a Day by Anthony Horowitz, and The Last Road Trip by Gareth Crocker.",https://images-na.ssl-images-amazon.com/images/S/compressed.photo.goodreads.com/books/1695150451i/136241613.jpg,server_url,upload\Lee Child\Past_Tense_-_Lee_Child_2.epub,1,,,,1,1
154105,1,2,41942,Free,Paths Not Taken,"I’m John Taylor. I was born in the Nightside, that square mile in the hidden center of London where it is always the hour of the wolf, where gods and monsters walk side by side and where every dark question ever asked can be answered—for a price.           I left for a while, but I did come back, to make my living doing what I do better than anyone else: finding things—lost or stolen, real or imaginary.           Recently, I found the most dangerous thing of all: the true identity of my long-gone mother. Turns out she’s a being who’s been around since before the dawn of history. Then, she created the Nightside—and now, for her own warped reasons, she intends to destroy it.           To stop her before she even gets started, I’ve got to do some hard traveling—back in Time, through endless eons, into the very distant—and probably deadly—past…",https://images-na.ssl-images-amazon.com/images/S/compressed.photo.goodreads.com/books/1390140820i/154105.jpg,server_url,upload\Simon R. Green\Paths_Not_Taken_-_Simon_R._Green.epub,1,,,,1,1
2692198,1,2,19687,Free,Payment in Love,"Heather dreaded seeing Kyle Bennett againSix years ago, her stupid, childish jealousy had driven him away from the only home he had ever known. But for her father's sake, now she must ask for his help.""What are you asking me for, Heather?"" he demanded. ''You want money from me ... a cash payment for the years you had to put up with me in your home?''There seemed to be no way to convince Kyle that she regretted what she had done. No way to make him believe that money was not her only driving force.",https://images-na.ssl-images-amazon.com/images/S/compressed.photo.goodreads.com/books/1277264925i/2692198.jpg,server_url,upload\Penny Jordan\Payment_in_Love_-_Penny_Jordan.epub,1,,,,1,1
13517459,1,2,4512224,Free,Peacemaker,"Half-breed tinkerer Kali McAlister doesn’t care that the gold rush has stormed into Dawson and prospectors are flooding the north—all she wants is to finish construction of her airship, so she can escape the Yukon and see the world.Unfortunately, the world keeps chucking wrenches into her a mysterious gambler is pumping her for information on her bounty-hunting business partner Cedar; the notorious gangster Cudgel Conrad is after Kali’s knowledge of flash gold; and a series of gruesome murders is plaguing Dawson. Someone—or something—is ruthlessly slaying tribal women, and, if Kali and Cedar can’t find the killer, she might be the next target.Peacemaker is a 40,000-word steampunk novella.",https://images-na.ssl-images-amazon.com/images/S/compressed.photo.goodreads.com/books/1331529484i/13517459.jpg,server_url,upload\Lindsay Buroker\Peacemaker_-_Lindsay_Buroker.epub,1,,,,1,1
144271965,1,2,15872,Free,"The Titan's Curse (Percy Jackson and the Olympians, Book 3) (0) by Rick Riordan","It's not everyday you find yourself in combat with a half-lion, half-human.But when you're the son of a Greek god, it happens. And now my friend Annabeth is missing, a goddess is in chains and only five half-blood heroes can join the quest to defeat the doomsday monster.Oh, and guess what? The Oracle has predicted that not all of us will survive...",https://images-na.ssl-images-amazon.com/images/S/compressed.photo.goodreads.com/books/1697865331i/144271965.jpg,server_url,upload\Rick Riordan\Percy_Jackson_3_-_The_Titan's_C_-_Rick_Riordan.epub,1,,,,1,1
164440085,1,3,15872,Free,Percy Jackson and the Olympians (Set of 4 Books): The Lightening Thief / The Sea of Monsters / The Titan's Curse / The Battle of the Labyrinth,"Contains 4 books The Lightning Thief, The Sea of Monsters, The Titan's Curse and the Battle of the Labyrinth.",https://dryofg8nmyqjw.cloudfront.net/images/no-cover.png,server_url,upload\Rick Riordan\Percy_Jackson_4_-_The_Battle_of_-_Rick_Riordan.epub,1,,,,1,1
136445119,1,2,15872,Free,Percy Jackson and the Last Olympian (Book 5) by Rick Riordan,"All year the half-bloods have been preparing for battle against the Titans, knowing the odds of victory are grim. Kronos's army is stronger than ever, and with every god and half-blood he recruits, the evil Titan's power only grows.While the Olympians struggle to contain the rampaging monster Typhon, Kronos begins his advance on New York City, where Mount Olympus stands virtually unguarded. Now it's up to Percy Jackson and an army of young demigods to stop the Lord of Time. In this momentous final book in the New York Times best-selling series, the long-awaited prophecy surrounding Percy's sixteenth birthday unfolds. And as the battle for Western civilization rages on the streets of Manhattan, Percy faces a terrifying suspicion that he may be fighting against his own fate.",https://images-na.ssl-images-amazon.com/images/S/compressed.photo.goodreads.com/books/1699702185i/136445119.jpg,server_url,upload\Rick Riordan\Percy_Jackson_5_-_The_Last_Olym_-_Rick_Riordan.epub,1,,,,1,1
187008,1,14,86756,Free,Perfect Partner,"She was obsessed with getting even!Juliet Chase was determined to make the arrogant chauvinistic Jake Matthews pay for his public criticism of her best-selling novel. How dared he go around ruining people's careers!Jake's analysis of Juliet didn't stop at her writing, however. ""You're not ready for love, but you challenge me,"" he said, ""and I intend to face that challenge.""Ready or not, Juliet fell in love, throwing her well-ordered life into confusion and her innocent heart into turmoil. For if he didn't respect Juliet herself, he'd never respect her feelings for him....",https://images-na.ssl-images-amazon.com/images/S/compressed.photo.goodreads.com/books/1309126579i/187008.jpg,server_url,upload\Carole Mortimer\Perfect_Partner_-_Carole_Mortimer.epub,1,,,,1,1
3216876,1,14,19687,Free,Permission to Love,"True love needs no approvalLucas had always urged Lindsay to take charge of her own life, even though it meant defying her father's wishes. All that changed, however, the day Lucas was left in charge of Lindsay's inheritance--and her fate.Quite suddenly Lucas withdrew his support and directed Lindsay to marry according to her father's will. He made it painfully clear that Lindsay could no longer turn to him for warmth and affection.But by the time she'd resigned herself to a future without passion with a man she did not love, Lucas changed his mind again.",https://images-na.ssl-images-amazon.com/images/S/compressed.photo.goodreads.com/books/1348337586i/3216876.jpg,server_url,upload\Penny Jordan\Permission_to_Love_-_Penny_Jordan.epub,1,,,,1,1
20263040,1,2,5091,Free,Personal,"You can leave the army, but the army doesn’t leave you. Not always. Not completely, notes Jack Reacher—and sure enough, the retired military cop is soon pulled back into service. This time, for the State Department and the CIA.Someone has taken a shot at the president of France in the City of Light. The bullet was American. The distance between the gunman and the target was exceptional. How many snipers can shoot from three-quarters of a mile with total confidence? Very few, but John Kott—an American marksman gone bad—is one of them. And after fifteen years in prison, he’s out, unaccounted for, and likely drawing a bead on a G8 summit packed with enough world leaders to tempt any assassin.If anyone can stop Kott, it’s the man who beat him before: Reacher. And though he’d rather work alone, Reacher is teamed with Casey Nice, a rookie analyst who keeps her cool with Zoloft. But they’re facing a rough road, full of ruthless mobsters, Serbian thugs, close calls, double-crosses—and no backup if they’re caught. All the while Reacher can’t stop thinking about the woman he once failed to save. But he won’t let that happen again. Not this time. Not Nice.Reacher never gets too close. But now a killer is making it personal.",https://images-na.ssl-images-amazon.com/images/S/compressed.photo.goodreads.com/books/1468705564i/20263040.jpg,server_url,upload\Lee Child\Personal_(Jack_Reacher_19)_-_Lee_Child.epub,1,,,,1,1
1541884,1,3,7581,Free,Personal Demon,"Tabloid reporter Hope Adams appears to live the life of an ordinary working girl. But in addition to possessing the beauty of a Bollywood princess, Hope has other unique traits. For she is a half demon—a human fathered by a demon. And she’s inherited not only a gift for seeing the past but a hunger for chaos—along with a talent for finding it wherever she can. Naturally, when she’s chosen by a very dangerous group for a very dangerous mission, she jumps at the chance….The head of the powerful Cortez Cabal—a family that makes the mob look like amateurs—has a little problem in Miami: a gang of wealthy, bored offspring of supernaturals is getting out of hand, and Hope is needed to infiltrate. As spells, astral projections, and pheromones soar across South Beach, Hope weaves her way through its elite hot spots, posing as upscale eye candy and reading the auras of the clientele—and potential marks.As it turns out, Hope is a little too good at this job. And soon she’s in a little too deep, needing to be bailed out by her jewel-thief werewolf ex-boyfriend and by the Cortez heir himself. And when a killer goes to work, Hope is among many targets at the pinnacle of Cabal rule. For a woman who didn’t know what she was getting into, there’s only one way out: it’s time for Hope to unleash her most potent primal instincts—and open herself, mind and body, to everything she most fears . . . and desires.",https://images-na.ssl-images-amazon.com/images/S/compressed.photo.goodreads.com/books/1388365750i/1541884.jpg,server_url,upload\Kelley Armstrong\Personal_Demon_[Women_of_the_Ot_-_Kelley_Armstrong.epub,1,,,,1,1
455941,1,2,5091,Free,Persuader,"Jack Reacher. The ultimate loner. An elite ex-military cop who left the service years ago, he's moved from place to place...without family...without possessions...without commitments. And without fear. Which is good, because trouble--big, violent, complicated trouble--finds Reacher wherever he goes. And when trouble finds him, Reacher does not quit, not once...not ever. But some unfinished business has now found Reacher. And Reacher is a man who hates unfinished business. Ten years ago, a key investigation went sour and someone got away with murder. Now a chance encounter brings it all back. Now Reacher sees his one last shot. Some would call it vengeance. Some would call it redemption. Reacher would call it...justice.",https://images-na.ssl-images-amazon.com/images/S/compressed.photo.goodreads.com/books/1174926770i/455941.jpg,server_url,upload\Lee Child\Persuader_-_Lee_Child.epub,1,,,,1,1
15425,1,2,8516,Free,Pet Peeve,"A relentless horde of renegade robots has plunged the fate of Xanth in dire peril. All that stands between the enchanted land and destruction is a most unlikely hero, a moody, mild-mannered Goblin named Goody, who must summon all of his courage and determination to overcome this abominable army of automatons.Brimming with heart-stopping adventure and heart-warming delight, overflowing with wicked wit and wanton wordplay, Pet Peeve is Piers Anthony in rare form, an exceptional new chapter in the continuing chronicles of Xanth.",https://images-na.ssl-images-amazon.com/images/S/compressed.photo.goodreads.com/books/1397085424i/15425.jpg,server_url,upload\Piers Anthony\Pet_Peeve_-_Piers_Anthony.epub,1,,,,1,1
160332696,1,2,3441,Free,"Phantom (Sword of Truth 10) by Goodkind, Terry [04 June 2007]",Excellent Book,https://images-na.ssl-images-amazon.com/images/S/compressed.photo.goodreads.com/books/1697477425i/160332696.jpg,server_url,upload\Terry Goodkind\Phantom_-_Terry_Goodkind_1.epub,1,,,,1,1
125547,1,2,13730,Free,Phantom of the Auditorium,"LIGHTS...CURTAIN...PHANTOM?Brooke's best friend, Zeke, has just been given the lead role in the school play, The Phantom. Zeke's totally into it. He loves dressing up in the grotesque phantom costume. And scaring the other members of the cast. Brooke thinks Zeke's getting a little too into it.But then really scary things start happening. A message appears on a piece of scenery: ""The Phantom Strikes!"" A stage light comes crashing down.Is someone trying to ruin the play?Or is there really a phantom living under the stage?",https://images-na.ssl-images-amazon.com/images/S/compressed.photo.goodreads.com/books/1332553819i/125547.jpg,server_url,upload\R.L. Stine\Phantom_of_the_Auditorium_-_R._L._Stine.epub,1,,,,1,1
8539035,1,2,"61693,336767",Free,Phantom Prospect,"A ship lost at sea lures divers with her siren callIntrepid treasure hunters believe they have discovered the final resting place of Fantome, a legendary warship that wrecked off Nova Scotia almost two hundred years ago. She was rumored to have gone down with an extraordinary treasure. But circling beneath the ocean's surface waits something unbelievable… and terrifying. Some unfortunate divers have encountered a massive, thought-to-be-extinct shark known as the megalodon.Archaeologist Annja Creed has always had a healthy respect for sharks. But when a researcher friend asks for her help, Annja braves the deep, cold waters of the Atlantic, determined to discover the truth. Instead she finds herself hunting an unknown traitor on a sabotaged ship. With death waiting both above and below the ocean's surface, Annja must battle her most dangerous enemy yet.",https://images-na.ssl-images-amazon.com/images/S/compressed.photo.goodreads.com/books/1287951696i/8539035.jpg,server_url,upload\Alex Archer\Phantom_Prospect_-_Alex_Archer.epub,1,,,,1,1
125560,1,2,13730,Free,Piano Lessons Can Be Murder,"Practice till you drop . . . dead.When Jerry finds a dusty old piano in the attic of his new house, his parents offer to pay for lessons. At first, taking piano seems like a cool idea.But there's something creepy about Jerry's piano teacher, Dr. Shreek. Something really creepy. Something Jerry can't quite put his finger on. Then Jerry hears the stories. Terrifying stories. About the students at Dr. Shreek's music school. Students who went in for a lesson . . . and never came out.",https://images-na.ssl-images-amazon.com/images/S/compressed.photo.goodreads.com/books/1328868218i/125560.jpg,server_url,upload\R.L. Stine\Piano_Lessons_Can_Be_Murder_-_R._L._Stine.epub,1,,,,1,1
27411841,1,5,7235860,Free,Pieces Of Me,"Conrad realizes he has to completely start over and allow himself to feel the pain. Now he’s back to the beginning, accepting the fact Lexie is truly gone and will never return. To help him get through every day, he finds a new friend. But it’s not the kind of friend anyone would expect. Cayson realizes he’ll love Skye forever, no matter how much he tries to fight it. If there’s only one special person for each person, she’s his. But will that be enough? Sean still tries to rectify his relationship with Cayson but nothing he says makes a difference. He even asks for Slade’s help, but doesn’t have high hopes for success.",https://images-na.ssl-images-amazon.com/images/S/compressed.photo.goodreads.com/books/1446453849i/27411841.jpg,server_url,upload\E.L. Todd\Pieces_Of_Me_-_E._L._Todd.epub,1,,,,1,1
202409986,1,1,22294257,Free,Music from Pirates of the Caribbean: Dead Men Tell No Tales,Here is a concise medley of the exciting music from the 2017 installment of the Pirates of the Caribbean saga. Skillfully arranged by Johnnie Vinson with flexible scoring for smaller bands or mixed ensembles.,https://dryofg8nmyqjw.cloudfront.net/images/no-cover.png,server_url,upload\Unknown Author\Pirates_of_the_Caribbean-_Dead_-_Unknown.epub,1,,,,1,1
44323583,1,3,7200339,Free,Pixie-Led,"Follow the pixie.Extinguisher Seren Sloane's life is on a new path. She has become Princess Seren Bloodthorn of the Twilight Court, Ambassador between the warring courts of Seelie and Unseelie, as well as between the Human and Fairy Realms. Her life is complicated but it becomes even more so when she uncovers a fairy plot to destroy the human race. Soon the chase is on but will her path lead her to the villain or will she find herself pixie-led in a never ending circle of confusion?",https://images-na.ssl-images-amazon.com/images/S/compressed.photo.goodreads.com/books/1552245369i/44323583.jpg,server_url,upload\Amy Sumida\Pixie-Led_(Book_2_in_the_Twilig_-_Amy_Sumida.epub,1,,,,1,1
3087262,1,2,4766,Free,Plague Ship / Voodoo Planet,First paperback appearance of the second and third volumes of the SOLAR QUEEN series,https://images-na.ssl-images-amazon.com/images/S/compressed.photo.goodreads.com/books/1327600076i/3087262.jpg,server_url,upload\Andre Norton\Plague_Ship_-_Andre_Norton.epub,1,,,,1,1
18206617,1,3,4615377,Free,Playing With Fire,"PRAISE FOR THE WRONG GIRL (BOOK 1 IN THE 1ST FREAK HOUSE SERIES):""It is incredibly well written and pulls you in from page one."" ~ Annaleen, Amazon and Goodreads reviewer""This was one fantastic read! A really fascinating story which I couldn't put down, so this is easily a 5 stars."" ~ Cora, Goodreads reviewer""I freaking LOVE THIS BOOK!!!"" ~ Tiffany, Goodreads reviewer ""Brilliant start to the series"" ~ Samantha, Amazon reviewerPLAYING WITH FIRE DESCRIPTIONHannah Smith thinks she's safe now that Reuben Tate is set to face trial. But when an unusual creature is let loose on the Freak House estate, everybody is in danger, including Jack. To hunt it down, the household must take risks, but the greatest risk is to Hannah's heart. She's in danger of falling deeply in love with Jack, a man whose very touch can kill her.",https://images-na.ssl-images-amazon.com/images/S/compressed.photo.goodreads.com/books/1373971787i/18206617.jpg,server_url,upload\C.J. Archer\Playing_With_Fire_-_C.J._Archer.epub,1,,,,1,1
3400816,1,2,2384,Free,Plum Spooky,"Evanovich fans rejoice! Stephanie Plum is back in town, along with her sidekick Lula, her Grandma Mazur, and an ever-widening cast of freaks, criminals, deranged felons, and lunatics looking for love. And just when Stephanie thinks her life can't get any more complicated, in walks the mysterious Diesel. A man who seems to show up at the most inconvenient moments. This time, he's the instigator for Stephanie's new adventure, which involves camping in the Pine Barrens with Lula, and perhaps even a sighting of the Jersey Devilso hang on for a Stephanie Plum novel that is sure to send chills up your spine-it gives new meaning to the words hilarious, and ""spooky.""",https://images-na.ssl-images-amazon.com/images/S/compressed.photo.goodreads.com/books/1320400804i/3400816.jpg,server_url,upload\Janet Evanovich\Plum_Spooky_-_Janet_Evanovich.epub,1,,,,1,1
4788920,1,2,61693,Free,Polar Quest,"The artifact is thousands of years old. And it may be out of this world.When archaeologist Annja Creed reluctantly agrees to help an old colleague on a dig in Antarctica, she wonders what he's gotten her into. It turns out that her former associate has found a necklace made of an unknown metal depicting three snakes. He claims it's over forty thousand years old—and that it may not have earthly origins.As the pair conduct their research, Annja soon realizes she has more to worry about than being caught in snowslides. Because everyone is hiding something—from her friend, to the U.S. military personnel guarding the site. With no one to trust and someone out to kill her, Annja has nowhere to turn. And everything to lose.",https://images-na.ssl-images-amazon.com/images/S/compressed.photo.goodreads.com/books/1347520057i/4788920.jpg,server_url,upload\Alex Archer\Polar_Quest_-_Alex_Archer.epub,1,,,,1,1
50011905,1,3,797534,Free,Port Hole,"Making holes in space is far easier than patching her past together.Duulahar grew up knowing that her adoptive mother had killed her birth mother, or at least, that is what was on the video that her father kept showing her. It was not the most pleasant of upbringings.Her father decides to break a lifetime of habits and send her shopping in his treasured sports car, and she knows that her dementia-laden mother is the target with her as the scapegoat. Her father is not particularly subtle.Kidnapping her mom is a reflex, but Duulahar knows that putting distance between her father’s hypnotic talent and those in his way is all that she can do to keep them alive. Her talent for small holes in space will not help her here.Her stubbornness versus her father’s evil. Who will win?",https://images-na.ssl-images-amazon.com/images/S/compressed.photo.goodreads.com/books/1563836197l/50011905.jpg,server_url,upload\Viola Grace\Port_Hole_-_Viola_Grace.epub,1,,,,1,1
268604,1,2,17065,Free,Portrait in Death,"After a tip from a reporter, Eve Dallas finds the body of a young woman in a Delancey street dumpster. Just hours before, the news station had mysteriously received a portfolio of professional portraits of the woman. The photos seemed to be nothing out of the ordinary for any pretty young woman starting a modeling career. Except that she wasn't a model. And that these photos were taken after she had been murdered. Now Dallas is on the trail of a killer who's a perfectionist and an artist. He carefully observes and records his victim's every move. And he has a mission: to own every beautiful young woman's innocence, to capture her youth and vitality—in one fateful shot...",https://images-na.ssl-images-amazon.com/images/S/compressed.photo.goodreads.com/books/1541719256i/268604.jpg,server_url,upload\J.D. Robb\Portrait_in_Death_-_J._D._Robb.epub,1,,,,1,1
30625373,1,3,4615377,Free,Possession,"This is an alternate cover edition for B0094BLO7O When the ghost of a notorious killer possesses the body of an upper class youth, London's pre-eminent medium, Emily Chambers, must exorcise it before the spirit goes on a rampage. As if this isn't distraction enough, she must fight her feelings for brooding ghost, Jacob Beaufort, who doesn't like the new man in her life - the handsome and very much alive, Theodore Hyde.With reputations and lives at stake, Emily discovers that navigating the poorest suburbs of London in search of the evil spirit is almost as dangerous as finding her way in a Society that thinks ""freaks"" like her belong in the circus.",https://images-na.ssl-images-amazon.com/images/S/compressed.photo.goodreads.com/books/1465977464i/30625373.jpg,server_url,upload\C.J. Archer\Possession_-_C.J._Archer.epub,1,,,,1,1
8630481,1,2,"17065,717304",Free,Possession in Death,"“The devil killed my body. I cannot fight, I cannot find. I cannot free her. You must. You are the one. We speak to the dead.”
Immediately after hearing these words, uttered to her by an old Romanian woman bleeding to death in the street, detective Eve Dallas begins to notice that her latest case has come with a number of interesting side-effects: visions of the deceased, instant familiarity with rooms she’s never seen before, and fluency in Russian. Likewise, there appears to be a force inside of her, a spirit other than her own, that won’t let her rest until she’s found Beata, the old woman’s great-granddaughter, whose disappearance two months prior remains a mystery. Desperate to be free of her new “gifts”, Eve pursues the facts until she discovers a link between Beata’s disappearance and the disappearance of eight other young women, all of whom attended the same dance classes, none of whom were ever heard from again.",https://images-na.ssl-images-amazon.com/images/S/compressed.photo.goodreads.com/books/1388424149i/8630481.jpg,server_url,upload\J.D. Robb\Possession_in_Death_-_J._D._Robb.epub,1,,,,1,1
1183803,1,2,"4766,20849693",Free,Postmarked the Stars,"Trouble started early for the free-trader Solar Queen the moment cargo-master Dane Thorson collected a package for transit from Xecho to Trewsworld. What was in the package Dane did not learn until after he had been kidnapped, knocked out, and a dead man bearing his credentials had been substituted for him aboard the ship.Efforts to find out the reasons for the mysterious switch seemed hopeless until they made the ghastly discovery that their precious cargo of alien embyos had been subjected to secret radiation, causing them to regress genetically into monster forms.Only after Dane and his fellow spacemen had endured a series of nightmare adventures on their port of call did they begin to fit the puzzle together - to realize that they had stumbled upon a criminal operation that involved a whole cluster of stars.",https://images-na.ssl-images-amazon.com/images/S/compressed.photo.goodreads.com/books/1348847049i/1183803.jpg,server_url,upload\Andre Norton\Postmarked_the_Stars_-_Andre_Norton.epub,1,,,,1,1
161452061,1,2,14255,Free,Power Play: A Novel by Danielle Steel,"Fiona Carson has proven herself as CEO of a multibillion-dollar high-tech company – a successful woman in a man's world. Devoted single mother, world-class strategist, and tough negotiator, Fiona has to keep a delicate balance every day.Meanwhile, Marshall Weston basks in the fruits of his achievements. At his side is his wife Liz who has gladly sacrificed her own career to raise their three children. Smooth, shrewd and irreproachable, Marshall's power only enhances his charisma – but he harbors secrets that could destroy his life at any moment.Both must face their own demons, and the lives they lead come at a high price. But just how high a price are they willing to pay?Power Play is a compelling, heart-rending portrayal of love, family and career – the perfect read for fans of Penny Vincenzi, Susan Lewis and Lesley Pearce.Have you tried Danielle's recent bestselling stories First Sight and Friends Forever?",https://images-na.ssl-images-amazon.com/images/S/compressed.photo.goodreads.com/books/1696581343i/161452061.jpg,server_url,upload\Danielle Steel\Power_Play__A_Novel_-_Danielle_Steel.epub,1,,,,1,1
18232510,1,17,2771724,Free,Power Shift,"Gabe's lifestyle as a Master Dom is leaving him empty and cold. Everything else in his life seems to be falling apart too. Taking a break from the BDSM scene seems like a good idea-until he meets the perfect submissive. Reagan has started a new life as a strong, independent woman. The last thing she wants is to be trapped in another controlling relationship. Letting a dominant man like Gabe into her life could cost her everything she's worked so hard for. But Reagan sees the emotions Gabe's keeping locked inside, and she knows how to unlock those feelings. Gabe is determined to never lose control, show weakness or reveal his secrets. But the lust he shares with Reagan breaks through his walls. Faced with a bleak, lonely future, he must somehow find the strength to let himself be vulnerable before he can experience the joy and sweetness of love.",https://images-na.ssl-images-amazon.com/images/S/compressed.photo.goodreads.com/books/1374643560i/18232510.jpg,server_url,upload\Kelly Jamieson\Power_Shift_by_Jamieson_Kelly_-_Unknown.epub,1,,,,1,1
6408412,1,14,86756,Free,Pregnant with the Billionaire's Baby,"Jacob ""Sin"" Sinclair's one night with prim Luccy ended with an unexpected she left him in the early hours of the morning, without a word!Luccy was overawed by the sinful billionaire's luxury penthouse. Her cheeks still burn when she thinks of how she succumbed to one night of exquisite pleasure. But her shame is only heightened when she discovers she's expecting Sin's baby!Sin wastes no time in tracking her down. The Sinclair heir, inheritor to his billions, will not be illegitimate!",https://images-na.ssl-images-amazon.com/images/S/compressed.photo.goodreads.com/books/1348835695i/6408412.jpg,server_url,upload\Carole Mortimer\Pregnant_With_The_Billionaire's_-_Carole_Mortimer.epub,1,,,,1,1
28435225,1,5,4107685,Free,Pregnant with the Sheik's Baby,"In Montreal for political reasons, Sheik Ramzi del Abbas Samara discovers the lovely Mia Fortelle. Her eyes capture him and after a brief but powerful courtship, he convinces the lovely woman to marry him. As ruler, he understands his role and the need to find a wife and produce an heir. But until he finds Mia, he has resisted that irksome responsibility. For three incredible months, Ramzi believes that he has found heaven. And then the unthinkable happens! He finds her in the arms of another man! Mia is dumbfounded! After so many nights in Ramzi’s arms, blissfully loving the incredible man, she finds herself ousted from his life without any way to defend herself. And what’s worse, Mia is pregnant. Pregnant, alone, scared, and still in love with her husband.",https://images-na.ssl-images-amazon.com/images/S/compressed.photo.goodreads.com/books/1451778834i/28435225.jpg,server_url,upload\Elizabeth Lennox\Pregnant_with_the_Sheik's_Baby_-_Elizabeth_Lennox.epub,1,,,,1,1
35797144,1,9,7200339,Free,Pride Before A Fall,"The Pride is on the hunt!Vervain is preparing for the arrival of her third child, but not in the usual manner. Her daughter, Lesya, has been growing in a god-powered incubator, and the time has finally come to remove Lesya and take her home. But life is never smooth for the Godhunter, and as she dreams of holding her child at last, her enemies dream of destroying her. Vengeance draws near, and war threatens the realms. Will her Pride blind her to the truth, or will they save her from a fall?",https://images-na.ssl-images-amazon.com/images/S/compressed.photo.goodreads.com/books/1500854048i/35797144.jpg,server_url,upload\Amy Sumida\Pride_Before_a_Fall_-_Amy_Sumida.epub,1,,,,1,1
37924312,1,9,7200339,Free,Primeval Prelude,"Hear the call of Primeval.In pursuit of an enemy, Elaria and her friends enter Primeval—the ancient forest that covers most of Tír na nÓg. But priorities soon shift as a much larger danger arises. Primeval is dying and growing all at once; threatening to consume the Jewel Kingdoms. Can the Spellsinger save the forest or is this only a prelude of the destruction to come?",https://images-na.ssl-images-amazon.com/images/S/compressed.photo.goodreads.com/books/1515829943i/37924312.jpg,server_url,upload\Amy Sumida\Primeval_Prelude_-_Amy_Sumida.epub,1,,,,1,1
2665809,1,14,86756,Free,Prince's Love-Child,"Five years ago, Sapphie Benedict lost her virginity to hunky Hollywood screenwriter Rik Prince. Convinced that Rik was really in love with her sister, Sapphie knew she could never see him again -- or tell him of the consequence of their brief affair! But Sapphie unexpectedly meets Rik again in Paris, and realises that she has never stopped loving him. Their lives are complicated enough, how can she declare her feelings, let alone tell Rik that he's the father of their beautiful young son?",https://images-na.ssl-images-amazon.com/images/S/compressed.photo.goodreads.com/books/1329316330i/2665809.jpg,server_url,upload\Carole Mortimer\Prince's_Love-Child_-_Carole_Mortimer.epub,1,,,,1,1
6731107,1,14,86756,Free,Prince's Passion,"Meet Nik Prince, Oscar-winning actor-turned-director. He's bent on transforming a worldwide bestseller into a blockbuster movie, and he must track down the reclusive author of the book. But stubborn Jinx Nixon is in his way... Jinx knows the identity of the writer though she's not about to reveal it! But Nik is as strong-willed as she is and that, combined with his good looks, arrogance and ruthlessness means she will have to fight very hard to control the attraction she feels towards him - and to keep her secret!",https://images-na.ssl-images-amazon.com/images/S/compressed.photo.goodreads.com/books/1308562037i/6731107.jpg,server_url,upload\Carole Mortimer\Prince's_Passion_-_Carole_Mortimer.epub,1,,,,1,1
11663982,1,14,86756,Free,Prince's Pleasure,"Reporter Tyler Wood can't believe her luck when she gets to shadow Zak Prince for a week. An exclusive interview with the handsome Hollywood actor could make her career! Zak Prince can't believe his luck when he meets Tyler! He hadn't wanted to be followed around by some nosy reporter, but working with this stunning brunette won't be a hardship at all! Soon, however, candid photos are appearing in the press. Zak feels furious and betrayed. Could Tyler set him up!",https://images-na.ssl-images-amazon.com/images/S/compressed.photo.goodreads.com/books/1329316250i/11663982.jpg,server_url,upload\Carole Mortimer\Prince's_Pleasure_-_Carole_Mortimer.epub,1,,,,1,1
16077934,1,7,"3459267,171159",Free,Princess of Convenience,"In order to buy the highest quality yarn, fashion designer Jessica travels to the Principality of Alp'Azuri in Europe. While admiring the picture-perfect beautiful landscapes on a drive through the country, an out-of-control car smashes into Jessica's car at full speed and knocks her out! When she regains consciousness, she finds herself at the royal palace. Alp'Azuri's Prince Raoul's fiancée died in that crash. Jessica blames herself for her death, but Raoul firmly asserts that it is not her fault...",https://images-na.ssl-images-amazon.com/images/S/compressed.photo.goodreads.com/books/1349832914i/16077934.jpg,server_url,upload\Takako Hashimoto\Princess_of_Convenience_-_Marion_Lennox.epub,1,,,,1,1
10399742,1,2,"3780,269190",Free,Private London,"SOMETIMES WHEN THE NIGHTMARE ENDS - THE TERROR IS ONLY JUST BEGINNINGFor Hannah Shapiro, a beautiful young American student, this particular nightmare began eight years ago in Los Angeles, when Jack Morgan, owner of Private - the world's most exclusive detective agency - saved her from a horrific death. She has fled her country, but can't flee her past. The terror has followed her to London, and now it is down to former Royal Military Police Sergeant Dan Carter, head of Private London, to save her all over again.In central London, young women are being abducted off the street. When the bodies are found, some days later, they have been mutilated in a particularly mysterious way. Dan Carter's ex-wife, DI Kirsty Webb, is involved in the investigation and it looks likely that the two cases are gruesomely linked.Dan Carter draws on the whole resources of Private International in a desperate race against the odds. But the clock is ticking... Private may be the largest and most technologically advanced detection agency in the world, but the only thing they don't have is the one thing they need - time.James Patterson's white-knuckle rollercoaster has just reached London. Buckle up, it's one hell of a ride!",https://images-na.ssl-images-amazon.com/images/S/compressed.photo.goodreads.com/books/1328415596i/10399742.jpg,server_url,upload\James  Patterson\Private_London_-_James_Patterson.epub,1,,,,1,1
22551744,1,2,14255,Free,Prodigal Son,"In doar cateva zile, Peter McDowell pierde tot ceea ce a castigat muncind din greu – averea, casa, existenta sa de investitor bancar de succes. Ca si cum asta nu ar fi fost de ajuns, ceea ce urmeaza este si mai rau. Prabusirea bursei de valori nu doar ca il aduce pe Peter in situatia de a deveni somer, ci provoaca o ruptura in casnicia lui, pe care nu o poate repara. Lipsit de orice mijloace materiale, el are un singur loc in care sa se retraga: o cabana aflata pe malul unui lac, pe care a mostenit-o de la parintii sai, care i-au lasat cea mai mare parte a averii lor modeste fratelui geaman al lui Peter. Neavand alta alegere, fiul risipitor se intoarce acasa.Medic iubit intr-un orasel, familist devotat si stalp al comunitatii, Michael McDowell ii ajuta pe ceilalti fara sa tina cont de castigul personal. Insa numai Peter stie cum i-a manipulat Michael pe parintii lor, atunci cand baietii erau tineri, fapt care a dus, in cele din urma, la plecarea lui Peter. La inceput, el se teme de intalnirea cu Michael, dar, spre surprinderea sa, revederea lor este tandra si autentica. Abia mai tarziu, cand Peter examineaza jurnalele mamei sale, adevarul iese la iveala, iar intelegerea si panica incep sa-si faca loc. Cine este fratele lui geaman? Este adevarata fatada pe care o afiseaza sau ceva infricosator se ascunde sub ea? Este imaginatie sau o realitate prea inspaimantatoare pentru a fi crezuta?Intr-o cursa contracronometru, Peter lasa la o parte orice prudenta pentru a afla adevarul. Ceea ce descopera va schimba pentru totdeauna viata celor doi frati, viata copiilor acestora si un oras intreg.",https://images-na.ssl-images-amazon.com/images/S/compressed.photo.goodreads.com/books/1418772183i/22551744.jpg,server_url,upload\Danielle Steel\Prodigal_Son_-_Danielle_Steel.epub,1,,,,1,1
33007286,1,13,"17065,717304",Free,Salvation in Death / Promises in Death,"Salvation in Death
In the year 2060, cutting-edge investigative tools can help catch a killer. But there are some questions even the most advanced technologies cannot answer. . . .At the most solemn moment of a Catholic funeral Mass, the priest brings the chalice to his lips. Seconds later, he is dead on the altar.For the mourners packed into the pews, Father Miguel Flores's sudden demise is an unimaginable shock. When Detective Lieutenant Eve Dallas confirms that the consecrated wine contained enough potassium cyanide to kill a rhino, she's prepared to plunge in and find out why, despite her discomfort with her surroundings. It's not the bodegas and pawnshops of East Harlem that bother her; it's all that holiness flying around St. Cristobal's that makes her uneasy.The autopsy reveals scars from knife wounds, a removed tattoo, and evidence of plastic surgery, suggesting ""Father Flores"" may not have been the man his parishioners thought. Now, as Eve pieces together clues that suggest identity theft, gang connections, and a deeply personal act of revenge, she hopes to track down whoever committed this unholy act. Until a second murder - in front of an even larger crowd of worshipers - knocks the whole investigation sideways.The way Eve sees it, vengeance may be the Lord's business, but if there's going to be any earthly justice in this case, it's up to her.
Promises in Death
Amaryllis Coltraine may have recently transferred to the New York City police force from Atlanta, but she’s been a cop long enough to know how to defend herself against an assailant. When she’s taken down just steps away from her apartment, killed with her own weapon, for Eve the victim isn’t just “one of us.”Dallas’s friend Chief Medical Examiner Morris had started a serious relationship with Coltraine, and from all accounts the two were headed for a happy future together. But someone has put an end to all that. After breaking the news to Morris, Eve starts questioning everyone, including Coltraine’s squad, informants, and neighbors, while Eve’s husband, Roarke, digs into computer data on the dead woman’s life back in Atlanta. To their shock, they discover a connection between this case and their own painful, shadowy pasts.The truth will need to be uncovered one layer at a time, starting with the box that arrives at Cop Central addressed to Eve, containing Coltraine’s guns, badge, and a note from her killer: “You can have them back. Maybe someday soon, I’ll be sending yours to somebody else.” But Eve Dallas doesn’t take too kindly to personal threats, and she is going to break this case, whatever it takes. And that’s a promise.",https://images-na.ssl-images-amazon.com/images/S/compressed.photo.goodreads.com/books/1677829318i/33007286.jpg,server_url,upload\J.D. Robb\Promises_in_Death_-_J._D._Robb.epub,1,,,,1,1
10076589,1,5,4107685,Free,Proposal To Love,"Michael Attracelli is too fascinated by Darcy Madison’s legs to pay attention to her proposal. He finds that he can’t stop thinking about the workaholic woman and is determined to show her that there’s more to life than work. Mainly his bed and the passion that ignites anytime they are close.Darcy has grown up in a world where education, achievement and striving for perfection are the main focus of each day. Michael, who loves laughing and doing dangerous activities, shows Darcy that there can be more to life that just work – and she wants him to be one of those things. But can she trust him enough to take care of her heart?Enjoy the fourth story in the Attracelli Family Series!",https://images-na.ssl-images-amazon.com/images/S/compressed.photo.goodreads.com/books/1355264519i/10076589.jpg,server_url,upload\Elizabeth Lennox\Proposal_to_Love_-_Elizabeth_Lennox.epub,1,,,,1,1
29482006,1,16,5900266,Free,Protecting Their Mate,"Big and beautiful Betsy Cramer has been put down because of her weight all her life. She moves to Fate to realize her dream of owning a clothing boutique that caters to all women, no matter what their size. Can she fake it until she makes it? Or will others, especially three sexy cowboys she’s got the hots for, see right through her?Werewolves Scott Branton, Billy Johnson, and Foster Rittenhouse want to claim Betsy as their mate, but first they need to make her see herself as they do. She’s the perfect woman, both curvy and spunky. Yet just when they think they’ve convinced her that she’s theirs, an unseen danger threatens to take her away.The men must protect their mate no matter how much she tries to run from them. But can they fight the danger lying within her?",https://images-na.ssl-images-amazon.com/images/S/compressed.photo.goodreads.com/books/1457685991i/29482006.jpg,server_url,upload\Jane Jamison\Protecting_Their_Mate_-_Jane_Jamison.epub,1,,,,1,1
61342450,1,2,12692,Free,Montana Protector,"Enjoy two classic Western romances from New York Times bestselling author Diana Palmer!Diamond in the Rough Sassy Peale is desperate to help her family, but her salary doesn't stretch far. Then she meets ranch hand John Callister. But John is really a millionaire from one of Montana's most powerful families! And when Sassy finds out who he really is, John has to convince Sassy that he's the man she first thought he was—a rugged and honest-to-God cowboy.Will of Steel Police chief Theodore Graves of Medicine Ridge, Montana, wants to keep his uncle's ranch in the family instead of having it sold to developers. But the ranch was co-owned by Jillian Sanders's uncle, and with no family left, it’s the only home she has. Even as the sparks fly between them, Ted finds himself caring for Jillian. Can the man with a will of steel finally learn what it means to bend?New York Times Bestselling Author Diana Palmer Previously published as Diamond in the Rough and Will of Steel",https://images-na.ssl-images-amazon.com/images/S/compressed.photo.goodreads.com/books/1656010197i/61342450.jpg,server_url,upload\Diana Palmer\Protector_-_Diana_Palmer.epub,1,,,,1,1
2371356,1,2,61693,Free,Provenance,"When a mysterious man orchestrates an attack on archaeologist Annja Creed and then offers her an assignment, Annja is baffl ed. But the mission is too intriguing for her to refuse. She must fi nd an object that possesses a sacred and powerful secret offering atonement to anyone who uncovers it—or wreaking havoc on the world.Stolen from an ancient order of knights, the relic is now in the clutches of a band of pirates sailing the South China Sea. When a government leader threatens to destroy the pirate ship—along with the artifact—rather than let it get into the wrong hands, Annja must decide at what cost the sacred prize should be protected. Destroying it would defi le history. But saving it could bring about apocalypse.",https://images-na.ssl-images-amazon.com/images/S/compressed.photo.goodreads.com/books/1388235697i/2371356.jpg,server_url,upload\Alex Archer\Provenance_-_Alex_Archer.epub,1,,,,1,1
28577232,1,5,386699,Free,Pulling the Vampire's Braid,"Tate Locklear has worked as a vampire enforcer at his coven for almost two centuries. He’s ready for a change of pace. When his master calls for volunteers to protect shifters in the forest, he thinks it’s the something new that he needs. Tate discovers it’s so much more when the scent of a reclusive leopard shifter’s blood calls to him. Somehow, he must convince the pretty kitty known as Psion, that staying in human form longer than it takes to open and close a door can be extremely pleasurable and beneficial to both of them. Unfortunately, that also reveals a new problem. Can Tate get Psion past his fear of blood so he can claim him?",https://images-na.ssl-images-amazon.com/images/S/compressed.photo.goodreads.com/books/1452912800i/28577232.jpg,server_url,upload\Charlie Richards\Pulling_the_Vampire's_Braid_-_Charlie_Richards.epub,1,,,,1,1
238137,1,2,17065,Free,Purity in Death,"Louie Cogburn had spent three days holed up in his apartment, staring at his computer screen. His pounding headache was unbearable - it felt like spikes drilling into his brain. And it was getting worse. Finally, when someone knocked at his door, Louie picked up a baseball bat, opened up the door, and started swinging....The first cop on the scene fired his stunner twice. Louie died instantly. Detective Eve Dallas has taken over the investigation, but there's nothing to explain the man's sudden rage or death. The only clue is a bizarre message left on his computer screen: ABSOLUTE PURITY ACHIEVEDAnd when a second man dies under near-identical circumstances, Eve starts racking her brain for answers and the courage to face the impossible...that this might be a computer virus able to spread from machine to man....",https://images-na.ssl-images-amazon.com/images/S/compressed.photo.goodreads.com/books/1305124004i/238137.jpg,server_url,upload\J.D. Robb\Purity_in_Death_-_J._D._Robb.epub,1,,,,1,1
25354832,1,6,5900266,Free,Purr-fect for Her,"[Siren Menage Everlasting: Erotic Paranormal Cowboy Menage a Trois Romance, M/F/M, shape-shifters, public exhibition, HEA] Kylie Honeyton witnessed a cold-blooded killing. The victim? No one she knows. The killer? Her boyfriend Frank, hit man for a crime organization. With Frank on her heels, she has no choice but to run. Weretigers Heath and Braden Asher met Kylie at a bachelorette party six months earlier, but failed to find out her last name or where she lived. Their mistake haunts them until she suddenly appears on the road leading to the small shifter town of Twisted, Texas. Kylie's starting to like living in Twisted, even if the residents seem a bit odd. Yet when Heath and Braden reveal their secret, she's not sure whether to scream or scratch them behind their ears. ** A Siren Erotic Romance",https://images-na.ssl-images-amazon.com/images/S/compressed.photo.goodreads.com/books/1438776376i/25354832.jpg,server_url,upload\Jane Jamison\Purr-fect_for_Her_-_Jane_Jamison.epub,1,,,,1,1
34889430,1,6,5900266,Free,Purring in Fate,"[Siren Menage Everlasting: Erotic Paranormal Menage a Quatre Romantic Suspense, M/F/M/M, shape-shifter, HEA] Did Linda Brewster's Dear John letter indirectly cause her ex-boyfriend's death while serving in Iraq? If so, she needs to ask his family to forgive her. Linda is catnip to werecat cousins Gabe and Adam Price and their werecat friend, Daryl Jackson. She makes them go wild, their cats needing to mate. The fact that her ex-boyfriend still haunts her bugs them, but until she faces his family, they'll do their best to distract her in any way they can. Linda's ready to let them claim her, but just when everything seems to be going her way, just when she's finally gotten the courage to face the family, her life is threatened. The men will do anything to save her, but what they may have to do is beyond daunting. Note: This book contains double penetration. Note: this book contains triple penetration. ** A Siren Erotic Romance",https://images-na.ssl-images-amazon.com/images/S/compressed.photo.goodreads.com/books/1492619340i/34889430.jpg,server_url,upload\Jane Jamison\Purring_in_Fate_-_Jane_Jamison.epub,1,,,,1,1
15534,1,2,8516,Free,Question Quest,"Youth is Wasted on the Young  Being grown up is a drag . . . or so thinks Lacuna, one of the mischievous Castle Zombie twins. So she makes the Good Magician Grey an offer he can't refuse. Thirsty for a taste of the Elixir of Youth, she'll help him outwit the evil Com-Pewter if he'll send her to Hell (in a handbasket, no less) to find Humfrey, the missing sorcerer. And while there, she'll learn the True History of Xanth (simplified) and help rescue a blushing Rose from the demon X(A/N)th . . . with the help of a gorgon or two.",https://images-na.ssl-images-amazon.com/images/S/compressed.photo.goodreads.com/books/1614063228i/15534.jpg,server_url,upload\Piers Anthony\Question_Quest_-_Piers_Anthony.epub,1,,,,1,1
23280813,1,2,32498,Free,Quicksand: An Eve Duncan Forensics Thriller,"""Do you still miss your little Bonnie? ""This one sentence, spoken by a male voice in anonymous phone call, is all it takes to drag Eve Duncan right back to that horrifying moment years ago when her only daughter vanished without a trace. Since then, Eve's life has become an obsession to find her daughter's remains. Only one man--a brilliant, ruthless killer--knows the truth about what happened to Bonnie. But taunting Eve might be his first and last mistake...For Eve is armed with more than just her talent as a forensic sculptor. She brings with her former Navy SEAL Joe Quinn, an Atlanta detective who will do anything to help Eve put the pain of Bonnie's death to rest. Even if he has to lie to the woman he cares about the most. And even if this killer wants nothing more than to lure Eve further and further into his swamp of madness...",https://images-na.ssl-images-amazon.com/images/S/compressed.photo.goodreads.com/books/1423522784i/23280813.jpg,server_url,upload\Iris Johansen\Quicksand_(Eve_Duncan_Forensics_-_Iris_Johansen.epub,1,,,,1,1
9789566,1,2,32498,Free,Quinn,"#1 New York Times bestselling author Iris Johansen explores the darkest corners of the human heart as forensic sculptor Eve Duncan closes in on the killer who stole her daughter so many years ago. 
As a former Navy SEAL turned cop, Joe Quinn has seen the face of evil and knows just how deadly it can be. When he first met Eve Duncan, he never expected to fall in love with a woman whose life would be defined by her dual desires to bring home her missing daughter and discover the truth behind her disappearance—no matter how devastating. With the help of CIA agent Catherine Ling, they make a shocking discovery that sheds new light on young Bonnie's abduction and puts Quinn squarely in the crosshairs of danger. Eve's first love, John Gallo, a soldier supposedly killed in the line of duty, is very much alive—and very much a threat.Emotionally charged, with one shock after another, Quinn reveals the electricity of Joe and Eve's first connection, and how they fell in love in the midst of haunting tragedy. As their search takes them deeper and deeper into a web of murder and madness, Joe and Eve must confront their most primal fears . . . and test their resolve to uncover the ultimate bone-chilling truth.",https://images-na.ssl-images-amazon.com/images/S/compressed.photo.goodreads.com/books/1442287225i/9789566.jpg,server_url,upload\Iris Johansen\Quinn_-_Iris_Johansen.epub,1,,,,1,1
128748964,1,2,13730,Free,"How to Be a Vampire (R.L. Stine's Ghosts of Fear Street) by Stine, R.L. (August 30, 2011) Paperback","Life was pretty average for Andrew. Until the morning he woke up undead. First there were bite marks on his neck. Then he tried to eat garlic—but that didn’t work out so well. And now he’s got this weird urge to sleep upside down....Andrew’s kind of excited about being a vampire. He’ll get to fly, stay up all night, and totally scare his sister. But when he meets his vampire teacher, Andy realizes that being a vampire isn’t as all it’s cracked up to be....",https://images-na.ssl-images-amazon.com/images/S/compressed.photo.goodreads.com/books/1697592051i/128748964.jpg,server_url,upload\R.L. Stine\R.L._Stine's_Ghosts_of_Fear_Str_-_R._L._Stine.epub,1,,,,1,1
66370,1,2,"5858,3389",Free,Rage,"A disturbed high-school student with authority problems kills one of his teachers and takes the rest of his class hostage. Over the course of one long, tense and unbearable hot afternoon, Charlie Decker explains what led him to this drastic sequence of events, while at the same time deconstructing the personalities of his classmates, forcing each one to justify his or her existence.",https://images-na.ssl-images-amazon.com/images/S/compressed.photo.goodreads.com/books/1747708915i/66370.jpg,server_url,upload\Richard  Bachman\Rage_-_Stephen_King.epub,1,,,,1,1
32814047,1,14,1160213,Free,Rakanti's Indecent Proposition,"Innocent Elle Bradley arrives in Athens with a rather ill-thought-out plan to blackmail one of the hottest bachelors in town. She needs his help and she's not going to take any risks. He has to agree to her plan, or else! Her beloved little brother's whole future rides on her success. She'll do whatever it takes ... When Christos Rakanti discovers the sexy blonde’s devious scheme he responds with a counter-offer she can’t he’ll happily pay for her brother’s school fees on two silence, and that she remain his mistress for as long as it suits him. A sizzling romance of betrayal, lies, guilt and hope, fall in love with Christos and Elle. From the bestselling author Clare Connelly comes another romance that will set your soul on fire.",https://images-na.ssl-images-amazon.com/images/S/compressed.photo.goodreads.com/books/1477877099i/32814047.jpg,server_url,upload\Clare   Connelly\Rakanti's_Indecent_Proposition_-_Clare_Connelly.epub,1,,,,1,1
59865,1,2,14255,Free,Ransom,"A violent crime brings together four lives in Danielle Steel's sixtieth bestselling novel, the story of a mother's courage, a family's terror, and a triumph of human strength and dignity in the face of overwhelming odds.Outside the gates of a California prison, Peter Morgan is released after four long years and vows to redeem himself in the eyes of the young daughters he left behind. Simultaneously, Carl Waters, a convicted murderer, is set on the path of freedom with him. That night, three hundred miles south in San Francisco, police detective Ted Lee comes home to a silent house; for twenty-nine years, he has been living for his job--and slowly falling out of love with his wife. Across town, in an exclusive Pacific Heights neighborhood, a mother tries to shield her three children from the panic rising within her. Four months after her husband's death, Fernanda Barnes faces a mountain of debt she cannot repay, a world destroyed, and a marriage lost.Within weeks, the lives of these four people will collide in ways none of them could have foreseen. For Fernanda, whose life had once been graced by beautiful homes, security, success, and stunning wealth, the death of her brilliant, brooding husband was already too much to bear. She simply couldn't imagine a greater loss, until a devastating crime rocks her family to its core--and brings Detective Ted Lee into her life.A man of unshakable integrity, Lee will soon become the one person who tries to save Fernanda's family from a terrifying fate. Fernanda must draw on a strength she never knew she had. Racing against time in the underbelly of the criminal world, buffeted by the dark side of power, and unmoored by loss and betrayal, no one can predict where this tragedy will take them.Danielle Steel brilliantly explores the collision of a shocking crime with the ordinary lives of its victims in a novel that mesmerizes from start to finish. Ransom is at once a riveting evocation of life's inexplicable turns of fate and a testament to the human will to survive.",https://images-na.ssl-images-amazon.com/images/S/compressed.photo.goodreads.com/books/1349107492i/59865.jpg,server_url,upload\Danielle Steel\Ransom_-_Danielle_Steel.epub,1,,,,1,1
201175,1,2,"17065,717304",Free,Rapture in Death,"They died with smiles on their faces. Three apparent suicides: a brilliant engineer, an infamous lawyer, and a controversial politician. Three strangers with nothing in common - and no obvious reasons for killing themselves. Police lieutenant Eve Dallas found the deaths suspicious. And her instincts paid off when autopsies revealed small burns on the brains of the victims. Was it a genetic abnormality or a high-tech method of murder? Eve's investigation turned to the provocative world of virtual reality games - where the same techniques used to create joy and desire could also prompt the mind to become the weapon of its own destruction . . .",https://images-na.ssl-images-amazon.com/images/S/compressed.photo.goodreads.com/books/1347628556i/201175.jpg,server_url,upload\J.D. Robb\Rapture_in_Death_-_J._D._Robb.epub,1,,,,1,1
21926985,1,3,2965060,Free,Rare Find,"When people need help or are injured, they call out for their friends and family. When an animal needs help or is injured, it calls out for…anyone…that can help them…  One person hears them…  Tabitha is determined to bury her aching heart in the service of her animals at Exotic Landscape. Until she’s yanked out of her cozy retreat to help someone in need…and she gets more than she bargained for. Detective Ronin Chandler understands secrets. He’s got a few of his own. But when the woman he loves gets into trouble – the kind that stretches even his belief system – he struggles to understand…and to help…before he loses her. Maybe forever. As the danger escalates, Tabitha and Ronin need to find out who they can trust…and who they can’t…and who wants them dead…before it’s too late.",https://images-na.ssl-images-amazon.com/images/S/compressed.photo.goodreads.com/books/1397568579i/21926985.jpg,server_url,upload\Dale Mayer\Rare_Find_-_Dale_Mayer.epub,1,,,,1,1
44323659,1,3,7200339,Free,Raven-Mocking,"Among the Cherokee there is a legend, a myth about witches who steal from the sick and dying. These witches are called raven-mockers, after the sound they make when they scour the night for victims. The legend is true but the Cherokee got one thing wrong about raven-mockers. They're not witches at all; they're fairies.Now Seren must find proof of their crimes, so she can stop the raven-mockers from breaking the truce between fairies and humans. But what she finds is a truth far more shocking than she ever expected.",https://images-na.ssl-images-amazon.com/images/S/compressed.photo.goodreads.com/books/1552245852i/44323659.jpg,server_url,upload\Amy Sumida\Raven-Mocking_(Book_3_in_the_Tw_-_Amy_Sumida.epub,1,,,,1,1
33410373,1,5,7235860,Free,Ray of Hope,Ryker and I aren’t exactly perfect.But I was falling for him—and falling hard.Every kiss. Every touch. Every embrace.Just made me realize this wasn’t a fling. It wasn’t even a relationship.It was so much more.I just hoped Rex was wrong about Ryker. Because I didn’t have the heart to listen to him say those terrible three words.Told you so.,https://images-na.ssl-images-amazon.com/images/S/compressed.photo.goodreads.com/books/1482078484i/33410373.jpg,server_url,upload\E.L. Todd\Ray_of_Hope_(Ray_#2)_-_E._L._Todd.epub,1,,,,1,1
35209085,1,5,7235860,Free,Ray of Life,"I’ve moved on—and so has Austen. She’s decided to give that cheating jerk-off another chance, and I’ve gone back to an endless line of nameless women. But I can’t stop thinking about her. I think about her even more than I think about Rae. I write her text messages that I never send. When I’m out with Liam once night I run into her, and of course, she’s with Nathan. We sit across the table from one another and it’s the most awkward thing ever. His arm is around her shoulders, like she’s his when she should be mine. I have an epiphany that moment, that I gave up on Rae when I should have fought for her with tooth-and-nail. I won’t repeat that horrible mistake. I grab her by the arm and take her outside. “I’m not over Rae and you aren’t over Nathan, but I want to try this anyway. I miss you like crazy, and I know you must miss me too. Let’s just…try.” I put my heart on the line when I thought I didn’t have a heart anymore. There’s fear in her eyes, fear that she’ll get hurt all over again, but her answer takes me by surprise. “Okay…let’s try.” Pick up the last installment of this romantic comedy series now by clicking the BUY NOW button at the top of this page. This brother’s best friend romance is also available in Kindle Unlimited!",https://images-na.ssl-images-amazon.com/images/S/compressed.photo.goodreads.com/books/1495500712i/35209085.jpg,server_url,upload\E.L. Todd\Ray_of_Life_-_E._L._Todd.epub,1,,,,1,1
32933836,1,5,7235860,Free,Ray of Light,"Librarian’s note: This is a previously-published edition of Kindle ASIN: B01LYQQC80.
My brother is an idiot. He won the lottery and invested all of his money in a run-down bowling alley. Since he’s barely making it, he moved in with me. Great. Having him around the house isn’t the worst thing in the world, but he does make a mess like nobody’s business. My friends Zeke, Jessie, and Kayden keep me sane but there’s only so much they can do. And it’s definitely not the worst thing in the world when his old friend, Ryker, moves to town. The second I lay eyes on him, I’m hot under the collar. He makes my body burn in longing and freeze in desperation at the exact same time. When he talks, I don’t listen to anything he says because I’m staring at that hard jaw and those kissable lips like I already own them. But he’s a bed hopper. A playboy. A heartbreaker. I’m all down for some hot, sweaty, yummy sex even if it doesn’t have a fairy tale ending. I’ve been down that road before. I know the drill. But with Ryker, it’s different. Because I know I’ll fall in love with him. For now, I’ll steer clear of him and keep my hands to myself. It can’t be that hard, right? Or can it?",https://images-na.ssl-images-amazon.com/images/S/compressed.photo.goodreads.com/books/1478729720i/32933836.jpg,server_url,upload\E.L. Todd\Ray_of_Light_-_E._L._Todd.epub,1,,,,1,1
33413012,1,5,7235860,Free,Ray of Love,"There's no way to sugarcoat it.Ryker dumped me.Everyone warned me dating him was the wrong decision. But I did it anyway. Now that it's been three months I'm finally in a good place. I haven't started dating just yet but I know that will happen in time. Finally, I don't think about Ryker anymore.But when I have a dream about Zeke, a very inappropriate one, I start to wonder things I shouldn't. And I start to look at him in a way I never have before...",https://images-na.ssl-images-amazon.com/images/S/compressed.photo.goodreads.com/books/1482107085i/33413012.jpg,server_url,upload\E.L. Todd\Ray_of_Love_(Ray_#3)_-_E._L._Todd.epub,1,,,,1,1
34888887,1,5,7235860,Free,Ray of New,She picked him.Because I waited too long to get my shit together.This is all my fault.I need to get out of here. I need to start over. I need to get over her.So I'm moving back to New York.I'm going back to my old ways.Lots of sex. Lots of alcohol. Lots of fun.Until I meet Austen.,https://images-na.ssl-images-amazon.com/images/S/compressed.photo.goodreads.com/books/1492616609i/34888887.jpg,server_url,upload\E.L. Todd\Ray_of_New_(Ray_#6)_-_E._L._Todd.epub,1,,,,1,1
33820974,1,5,7235860,Free,Ray of Time,"Zeke and I are finally together.  Going from best friends to lovers is surprisingly easier than I thought it would be. We do everything together, and of course, the sex is fabulous.  Everything is great until Ryker shows up. He says he needs to talk to me and I think I know what it's regarding. If my suspicion is right, he's in for rejection.  Because he missed his chance a long time ago.",https://images-na.ssl-images-amazon.com/images/S/compressed.photo.goodreads.com/books/1483911436i/33820974.jpg,server_url,upload\E.L. Todd\Ray_of_Time_(Ray_#4)_-_E._L._Todd.epub,1,,,,1,1
25305964,1,5,7235860,Free,Ready for Love,"Roland and Heath are celebrating their one-year anniversary with a romantic dinner in Roland’s apartment. The night goes well, and Roland realizes he never wants their relationship to end. But when Conrad stops by the apartment, will Roland hide Heath like a dirty secret like he has so many times? Or will he finally tell his best friend who he really is?Skye eats like a horse as usual, but when someone makes a joke that she might be pregnant, Cayson stiffens in fear. When he bluntly asks her if she is, her answer is no. But Cayson isn’t convinced.Arsen and Silke are starting a new relationship, and their compatibility and playfulness are back. Arsen can’t believe he finally found the two women he loves more than anything, and he can’t imagine his life getting any better than it already is. But is Silke ready for the level of commitment he wants. Or does she still need more time?Slade asks Arsen to hang out since he assumes they’ll be brothers-in-law someday. They play basketball together, eat together, and even talk about playing music together. But how will Cayson feel about Slade’s new best friend? Will this raise tensions?Clementine tries to stay strong and steer clear of Ward, but what will she do when he surprises her at a show? Will she push him away like she wants? Or will she cave because she simply can’t resist him?",https://images-na.ssl-images-amazon.com/images/S/compressed.photo.goodreads.com/books/1432311254i/25305964.jpg,server_url,upload\E.L. Todd\Ready_For_Love_-_E._L._Todd.epub,1,,,,1,1
43235969,1,23,2879706,Free,Rebel Cell,"My name is Nadia, and I'm a shadow agent of the High Queen of the Elves. But for some reason, the High Queen wants me to attend the birthday party of an Elven noble. Just in case there's trouble. And it's just my luck there's going to be more trouble than either of us expect...",https://images-na.ssl-images-amazon.com/images/S/compressed.photo.goodreads.com/books/1544834250i/43235969.jpg,server_url,upload\Jonathan Moeller\Rebel_Cell_-_Jonathan_Moeller.epub,1,,,,1,1
51429,1,2,"28946,1310149",Free,Rebel Fay,"The Noble Dead Saga has been hailed as “fabulous entertainment wrought with mystery, adventure, and sharp-toothed wit.” * Now the “action-packed” ** adventures of Magiere and Leesil continue as they journey into the dangerous and mysterious Elven Territories...Desperate to free his mother from a caste of ruthless elven assassins, Leesil pushes on through the mountains at the height of a harsh winter. Obsession blinds him to reason, and he and his companions — his beloved Magiere, the sage Wynn, and their canine protector, Chap — find their lives at stake under the hardships of the wilderness. Should they survive, they still face the perils of the Elven Territories, a culture of tranquil beauty, savage customs, and deep-rooted hatred and fear of all humankind.Magiere was created with strange powers by a shadowy, long-forgotten enemy of many names — an enemy whom Leesil was trained from childhood to kill. Unbeknownst to them, Chap brought them together at the command of his kin, the Fay, to forge an alliance that might have the power to stand against the forces of dark magics.In the place of his birth, Chap must guard his companions from enemies and allies alike, though he is not always certain which is which. And as they uncover the truth, they discover just how close the enemy has always been...* Mark Anthony, author of The Last Rune series** Midwest Book Review""...a hybrid crossing Tolkienesque fantasy with vampire-infused horror...""    —Publisher's Weekly""A real page-turner for Noble Dead series newcomers and veterans alike.""    —Frieda Murray, Booklist: American Library Association.""Fans of the Hendees' Noble Dead series who have been trying to understand the saga's many unexplained mysteries will be absolutely blown away by the bombshell plot twists revealed in Rebel Fay... Fantasy fans who like their adventures done very rare — fast and bloody &mdash: should definitely check out this addictively readable saga, which seamlessly blends the vampire mythos with high fantasy.""    —Paul Goat Allen, The Barnes & Noble Review",https://images-na.ssl-images-amazon.com/images/S/compressed.photo.goodreads.com/books/1436928714i/51429.jpg,server_url,upload\Barb Hendee\Rebel_Fay_-_Barb_Hendee.epub,1,,,,1,1
28166925,1,3,2879706,Free,Rebel Fist,"Long ago the ruthless High Queen of the Elves conquered the nations of 21st century Earth. Centuries later, Nadia Moran is a thief and a wizard bound in service to the cruel Elven noble Morvilind, forced to use her skills and her spells to steal treasures for him.  If she does not do Morvilind's bidding, her brother will die.  But there are more dangers in the world than Morvilind.  When rebel Elves launch an assault upon the High Queen, Nadia Moran finds herself caught between the rebels and Morvilind's implacable demands.  One false step, and she will die...",https://images-na.ssl-images-amazon.com/images/S/compressed.photo.goodreads.com/books/1449754249i/28166925.jpg,server_url,upload\Jonathan Moeller\Rebel_Fist_-_Jonathan_Moeller.epub,1,,,,1,1
8587539,1,3,7581,Free,Recruit,"A piece of free online fiction available on Kelly Armstrong's website at www.kelleyarmstrong.com.The introduction to the story reads:This was a very short story written as an extra for Frostbitten.It takes place before the book begins, and launched the investigation that eventually led Elena and Clay to Alaska.",https://dryofg8nmyqjw.cloudfront.net/images/no-cover.png,server_url,upload\Kelley Armstrong\Recruit_-_Kelley_Armstrong.epub,1,,,,1,1
36547074,1,2,"3780,261862",Free,Red Alert: An NYPD Red Mystery,"#1 BESTSELLING SERIESThe one who knows the secrets is the one who holds the power. Can NYPD Red find the truth before the city explodes? The richest of New York's rich gather at the Pierre's Cotillion Room to raise money for those less fortunate. Detectives Zach Jordan and Kylie MacDonald of the elite NYPD Red task force are on hand to provide security as the guests applaud the Silver Bullet Foundation's new plan for public housing.But when a fatal blast rocks the room, horrifying memories of 9/11 are relived. Is the explosion an act of terrorism--or a homicide?The perpetrators may be among the A-list New Yorkers NYPD Red was formed to protect. Their insane pursuit of ever-greater pleasures, indulgences, and thrills could be the catalyst of destruction on an unthinkable scale. Zach and Kylie must track a shadowy killer as he masterfully plays out his vendetta -- and threatens to take down NYPD Red in the process.",https://images-na.ssl-images-amazon.com/images/S/compressed.photo.goodreads.com/books/1518147064i/36547074.jpg,server_url,upload\James  Patterson\Red_Alert--An_NYPD_Red_Mystery_-_James_Patterson.epub,1,,,,1,1
34869662,1,5,386699,Free,Rediscovering Himself,"Drako Rundin had a rude awakening to the paranormal world—holy crap, vampires and shifters are real! Still, he thinks it’s pretty cool. After so much time thinking he’s weird for being a gay, video-game-loving geek, he finds he’s not the only oddball. Accepting his new friends’ offer to go to Denver, helping the pair move an ostrich farm in the process, he meets so many more people who are different.  Kwanza learns he’s been in captivity for a long, long time. He’s grateful to the group of friendly paranormals who rescued him and knows they worry about him. While he remembers shifting to human form—decades ago—he struggles to actually do it. The other shifters are patient and accommodating, giving him wide open spaces in which to live.  When Kwanza meets Drako, he recognizes the plump, cute human as his mate. While he succeeds in shifting, he can’t seem to hold it for long. With Drako’s help, can he relearn how to be human all over again?",https://images-na.ssl-images-amazon.com/images/S/compressed.photo.goodreads.com/books/1492738211i/34869662.jpg,server_url,upload\Charlie Richards\Rediscovering_Himself_-_Charlie_Richards.epub,1,,,,1,1
1788609,1,2,"4766,259377",Free,Redline The Stars,"It's been more than twenty years since the last Solar Queen novel was published. Memorable adventures like Sargasso of Space took the crew of the small interstellar trade ship across the rim of the galaxy in search of valuable cargo and profitable new markets. Business wasn't easy for small independents like the Solar Queen, but it kept Captain Jellico and his crew busy enough to keep the ship viable - and along the way, their adventures have entertained science fiction readers for decades.No matter how perilous their voyages are, the crew has always survived, even Dane Thorson, the Cargo apprentice who seemed to bring his own luck to the ship. And now there's another new crew Rael Cofort, half-sister of one of the Queen's chief competitors. Attractive and competent, she just wanted passage to the new port of call, Canuche, in the Halios system. But what seems a simple run becomes a doubly dangerous mission as first a plague of rats and then an explosive crisis on the planetary star docks threaten to end the days of the Solar Queen and wipe out the population of Canuche's capital as well.It's do-or-die time for the Solar Queen...and her mysterious new crew member!",https://images-na.ssl-images-amazon.com/images/S/compressed.photo.goodreads.com/books/1558820763i/1788609.jpg,server_url,upload\Andre Norton\Redline_the_Stars_-_Andre_Norton.epub,1,,,,1,1
1137862,1,5,12692,Free,Regan's Pride,"The last thing Ted Regan wanted was a lovestruck filly swooning over him! But Coreen Tarleton had fallen hard for the sexy, millionaire cowboy. Whenever Coreen was near, he could feel his restraint slipping ... yet he couldn't admit the uncontrollable effect she had on him. Years later, she was no longer the yielding young girl Ted had spurned. A tangled past threatened to keep these star-crossed lovers apart, but this Texan's pride would no get in their way again...",https://images-na.ssl-images-amazon.com/images/S/compressed.photo.goodreads.com/books/1428757260i/1137862.jpg,server_url,upload\Diana Palmer\Regan's_Pride_-_Diana_Palmer.epub,1,,,,1,1
24014805,1,5,4107685,Free,Releasing the Billionaire's Passion,"Charles Henson the Third was a frustrated man. Having recently parted ways with his girlfriend, he was free to focus on the business of his bank, and business was very good. However, his attention was repeatedly drawn to the beautiful and free spirited Fiona Chandler. As executor for her grandfather’s will, Charles was responsible for overseeing any disbursements from the estate, but he found himself taking a much more personal interest in this client than normal. And lately that interest was becoming much harder to suppress.Fiona was not interested in any conversation about her grandfather’s money, but all too interested in spending any time with Charles! Though formal and conservative, she was drawn to his brilliance with numbers just as much as his broad shoulders. But Fiona was worried that Charles’ ever present concerns about her finances would raise questions that she didn’t want to answer. Because if he found out more about what she did with her time, he might never be hers…",https://images-na.ssl-images-amazon.com/images/S/compressed.photo.goodreads.com/books/1432223550i/24014805.jpg,server_url,upload\Elizabeth Lennox\Releasing_the_Billionaire's_Pas_-_Elizabeth_Lennox_1.epub,1,,,,1,1
369778,1,2,"625,17065",Free,Remember When,"Part 1: Hot RocksPart 2: Big JackShe's one author - with two number-one New York Times-bestselling careers. As Nora Roberts, her novels include Three Fates and Birthright. As J. D. Robb, she offers such novels as Portrait in Death. Now she unites her separate identities in a riveting two-part novel that combines edgy suspense and romantic passion - and journeys through past, present, and future.In Part One, Nora Roberts introduces us to Laine Tavish, known to the folks in Angel's Gap, Maryland, as the proprietor of Remember When, an antique treasures and gift shop. They have no idea that she used to be Elaine O'Hara, daughter of the notorious con man Big Jack O'Hara ... or that she grew up moving from place to place, one step ahead of the law. But Laine's past has just caught up with her. Her long-lost uncle has visited her shop, leaving a cryptic warning before dying in the street, run down by a car. Soon afterward, Laine's home is ransacked. Now it's up to her, and an enigmatic stranger named Max Gannon, to find out who's chasing her, and why. The answer lies in a hidden fortune - a fortune that will change Laine's life.In Part Two, J. D. Robb takes us to New York City in 2059, and puts Detective Lieutenant Eve Dallas on the case. The treasure that Laine and Max sought has never been fully recovered. And now someone else is pursuing the missing gems ... someone who's willing to kill for them. Sharp-witted and sexy, Eve is used to traveling in the shadowy corners outside the law, in a future where crime meets cutting-edge technology. She will attempt to track down the diamonds once and for all - and stop the danger and death that have surrounded them for decades.",https://images-na.ssl-images-amazon.com/images/S/compressed.photo.goodreads.com/books/1442699572i/369778.jpg,server_url,upload\Nora Roberts\Remember_When_-_J._D._Robb.epub,1,,,,1,1
37657837,1,3,6860531,Free,Renegades,"Reunite with Navan and Riley in Renegades, the heartpounding third book of the bestselling Hotbloods series.Pre-order now, and prepare for an unputdownable read...",https://images-na.ssl-images-amazon.com/images/S/compressed.photo.goodreads.com/books/1514015795i/37657837.jpg,server_url,upload\Bella Forrest\Renegades_-_Bella_Forrest.epub,1,,,,1,1
35661431,1,5,386699,Free,Renewing the Fireworks,"Jared Templeton has settled down with his wolf shifter mate, Carson Angeni. For the most part, he’s given up his life as an assassin, but he finds other ways to fill his time. When he comes home with the scent of another male on him, Carson shows Jared that he hasn’t forgotten what he gave up to be with him.",https://images-na.ssl-images-amazon.com/images/S/compressed.photo.goodreads.com/books/1499885243i/35661431.jpg,server_url,upload\Charlie Richards\Renewing_the_Fireworks_-_Charlie_Richards.epub,1,,,,1,1
22709521,1,2,790143,Free,Requiem's Hope,"From fire and blood, the kingdom of Requiem rises. It is a home for the lost, the exiled, the hunted--those they call weredragons. In their new kingdom, they gather--men and women who can grow wings, breathe fire, and take flight as dragons. But there is one who would see this fledgling kingdom crushed. The tyrant Raem has opened the gates of the Abyss, summoning a demon army. His unholy host musters around him and flies across the sea . . . toward Requiem. The demons swarm, mad with hunger. Their rot wilts forests and boils rivers. Their shrieks echo like storms. Their purpose is one: to slay dragons. Requiem was birthed in blood and flame. Now her war for survival begins.",https://images-na.ssl-images-amazon.com/images/S/compressed.photo.goodreads.com/books/1405095653i/22709521.jpg,server_url,upload\Daniel Arenson\Requiem's_Hope_-_Daniel_Arenson.epub,1,,,,1,1
23352781,1,2,790143,Free,Requiem's Prayer,"Requiem. A kingdom forged in flame and blood. A kingdom for those who can grow wings, blow fire, and take to the sky as dragons. After a long war, Requiem is founded and her columns rise.  Yet Requiem will never know peace so long as Raem, the cruel Demon King, still lurks in his underground realm. Forever he plagues the dragons of Requiem, sending enemies to burn their forests and topple their halls.  The dragons of Requiem have repelled attacks on their kingdom, yet now they must fly to their most dangerous battlefield. For the first time, Requiem's dragons will go underground, into the Abyss itself . . . and face the Demon King in darkness.",https://images-na.ssl-images-amazon.com/images/S/compressed.photo.goodreads.com/books/1412964997i/23352781.jpg,server_url,upload\Daniel Arenson\Requiem's_Prayer_-_Daniel_Arenson.epub,1,,,,1,1
21870863,1,2,790143,Free,Requiem's Song,"Weredragons, men call them. Monsters. Cursed ones. People who can turn into beastly reptiles.In an ancient world just rising from darkness, they are everywhere. Some wander the plains with clans of mammoth hunters. Others are born in riverside huts. Some live across the ocean where seafaring tribes are discovering the secrets of bronze and writing in clay. Everywhere their curse is the same--people who can grow wings, breathe fire, and take flight as dragons.And everywhere, they are hunted. They hide in forests and caves, dispersed. Many are alone, unaware that others exist. They are shunned, afraid, dying . . . until a group of these lost souls binds together and stands tall.A blacksmith in a world of stone tools. A mammoth hunter exiled from her tribe. A traveling juggler and a wandering warrior. An elderly druid and an outcast prince. They are weredragons. They are cursed and hunted. Together they will forge a new tribe, a home for their kind. A dawn of dragon rises. The nation of Requiem is born.",https://images-na.ssl-images-amazon.com/images/S/compressed.photo.goodreads.com/books/1399217419i/21870863.jpg,server_url,upload\Daniel Arenson\Requiem's_Song_-_Daniel_Arenson.epub,1,,,,1,1
38741551,1,1,4107685,Free,Rescued,"Ivy had always loved capturing images, scenes and human emotions on film. The light, the clouds, the sorrow or happiness…the world was a picture waiting to happen. So when she was the one captured – by terrorists no less, she wasn’t exactly sure what to do. One thing she wasn’t going to do – call her friend’s brother. As a Navy SEAL, Gunner had always irritated her. She couldn’t quite define why, but Ivy was determined to get out of this mess on her own. Gunner, Daisy’s brother, heard about Ivy’s predicament and immediately formed a plan. The annoying, obnoxious, sexy Ivy was going to accept his help this time. Never before had he considered a jungle rescue to be sexy. Then again, he’d never been doing it with Ivy before. But then Ivy is pregnant and… Throw a grenade at him, and Gunner knew what to do. Twenty terrorists trying to blow up a building? Gunner was your man. But a pregnant Ivy? He was stunned. Thrilled. Amazed and…and so many emotions. But first he had to convince the stubborn woman to marry him!",https://images-na.ssl-images-amazon.com/images/S/compressed.photo.goodreads.com/books/1519546104i/38741551.jpg,server_url,upload\Elizabeth Lennox\Rescued_-_Final_EPUB_-_Elizabeth_Lennox.epub,1,,,,1,1
1237433,1,14,171159,Free,Rescued by a Millionaire,"Rescued by a Millionaire by Marion Lennox released on Jul 26, 2005 is available now for purchase.",https://images-na.ssl-images-amazon.com/images/S/compressed.photo.goodreads.com/books/1182152049i/1237433.jpg,server_url,upload\Marion Lennox\Rescued_by_a_Millionaire_-_Marion_Lennox.epub,1,,,,1,1
34682508,1,17,4107685,Free,Resisting His Seduction,"Her legal machinations were causing his legal team to look like they were chasing their tails and her arguments caused delays in his schedule. Bryce Steele wanted these issues out of the way immediately. The best way to forge ahead was a face to face meeting. But Bryce hadn’t realized that the brilliant legal mind was attached to a woman with a luscious figure and fiery red hair…being held up by four, no five pencils! He was floored…and then entranced.  Quinn hated the man! Bryce Steele represented everything that was wrong with the world – too wealthy, too arrogant and unconcerned with people who were just trying to make a living. She wasn’t going to let him get away with tearing down a whole neighborhood just so he could put up one of his massive monstrosities. Someone had to stand up to the man – she was just the woman for the job!  Until he showed up in her office and Quinn realized that he was over a foot taller than her and, even worse, made her heart race.  No, she couldn’t allow that to get in the way of her job! Quinn was determined to ignore the growing attraction between them and focus only on stopping him, on protecting her clients.  So who was going to stop her from falling for the charming rogue?",https://images-na.ssl-images-amazon.com/images/S/compressed.photo.goodreads.com/books/1490482412i/34682508.jpg,server_url,upload\Elizabeth Lennox\Resisting_His_Seduction_-_Elizabeth_Lennox.epub,1,,,,1,1
22312296,1,3,386699,Free,Restitution From His Mate,"Logan McByrne enjoys working at his construction company, drinking beer with his buddies, and sex with no strings attached…usually in that order. When his occasional hook-up, the gargoyle Geoffrey, gets too serious, Logan heads to Oregon for a working vacation at his friend, Zander’s ranch. On a hunting expedition to thin a large pack of coyotes that have been terrorizing his buddy’s goat herds, he runs into the last thing he expects, a group of wolf shifters. Zander panics, there are shots fired, and Logan is blamed for a stray bullet that hits one of the wolves.  James Jimmy Noleander is the beta of the Tamang wolf pack. While he never expected meeting his mate would grant him an immediate happily ever after, he never in his wildest dreams thought his mate would shoot him. Jimmy wants to forgive his mate, but there are laws in place and restitution must be made. On top of that, Jimmy discovers that a jealous gargoyle is on Logan’s tail and Logan has commitment issues. Can Jimmy keep Logan safe, figure out a way to convince Logan of the benefits of mating, while finding suitable reparation that won’t drive his mate away?",https://images-na.ssl-images-amazon.com/images/S/compressed.photo.goodreads.com/books/1401663100i/22312296.jpg,server_url,upload\Charlie Richards\Restitution_From_His_Mate_-_Charlie_Richards.epub,1,,,,1,1
8739430,1,2,61693,Free,Restless Soul,"Deep in the mouth of darkness something calls for help...In 1966, a group of battle-weary American GIs trekked through the Vietnamese jungle knowing each step could mean facing the enemy's guns. But instead of ambush, they stumbled upon a hidden treasure beyond their wildest dreams. It was a discovery that exacted a terrible cost.A vacation spot picked at random, Thailand is intended to provide relaxation time for globe-trotting archaeologist Annja Creed. Yet the irresistible pull of the country's legendary Spirit Cave lures Annja and her companions deep within a network of underground chambers--nearly to their deaths. The ancient burial sites have slumbered through the ages. Yet no rest is found there--just the voices of the dead. When the dead speak, will they help Annja uncover the perplexing past of a remarkable find or will they call her to join them?",https://images-na.ssl-images-amazon.com/images/S/compressed.photo.goodreads.com/books/1347562754i/8739430.jpg,server_url,upload\Alex Archer\Restless_Soul_-_Alex_Archer.epub,1,,,,1,1
695392,1,14,86756,Free,Return Engagement,"LIGHTNING THAT LINGERSCyn was certain the Harcourt wedding would finally launch her bridal consulting and catering business. But anticipation turned to shock when she met the groom--Wolf Thornton, the man she'd once intended to marry.Clearly, the upcoming union was not a match made in heaven. And if Wolf could still kiss her with such passion, then he had no right to marry Rebecca Harcourt at all! But how far could Cyn go to assuage her own burning needs?",https://images-na.ssl-images-amazon.com/images/S/compressed.photo.goodreads.com/books/1293960816i/695392.jpg,server_url,upload\Carole Mortimer\Return_Engagement_-_Carole_Mortimer.epub,1,,,,1,1
460505,1,2,13730,Free,Return of the Mummy,"They're baa-ack! Make way for the bestselling children's series of all time! With a fresh new look, GOOSEBUMPS is set to scare a whole new generation of kids. So reader beware--you're in for a scare!Dead . . . or alive?After last year's scary adventure, Gabe's a little nervous about being back in Egypt. Back near the ancient pyramids. Back where he saw all those creepy mummies.Then he learns about an Egyptian superstition. A secret chant that is supposed to bring mummies to life. Gabe's uncle says it's just a hoax.But now it sounds like something's moving in the mummy's tomb.No way a couple of dumb words can wake the dead.Can they?",https://images-na.ssl-images-amazon.com/images/S/compressed.photo.goodreads.com/books/1379854280i/460505.jpg,server_url,upload\R.L. Stine\Return_of_the_Mummy_-_R._L._Stine.epub,1,,,,1,1
35169753,1,3,386699,Free,Return To Biker Lane,"Jethro Gunther has been servicing the motorcycles of his old pal’s gang for over a decade. When his buddy brings him a new customer, Wilhelm Smith, Jethro finds himself tempted to give in to his attraction for men for only the second time in his life. The first guy had left Jethro used and rejected, so he’d turned to one night stands with biker bunnies. It was just easier. Wilhelm, however, seems different. He’s straightforward in his attraction and direct in his desires—he also refuses to be a dirty little secret. One night, Jethro realizes just how different Wilhelm actually is. Shifters are real and Wilhelm is one. Can Jethro accept his new reality and figure out a way to openly incorporate a male partner into his life, or will he miss out on the best thing that could ever happen to him?",https://images-na.ssl-images-amazon.com/images/S/compressed.photo.goodreads.com/books/1495162495i/35169753.jpg,server_url,upload\Charlie Richards\Return_To_Biker_Lane_-_Charlie_Richards.epub,1,,,,1,1
238140,1,2,17065,Free,Reunion in Death,"A birthday bash sets the scene for a frightening reunion with a killer from Eve Dallas's past. At exactly 7:30 p.m., Walter Pettibone arrived home to over a hundred friends and family shouting, surprise! It was his birthday. Although he had known about the planned event for weeks, the real surprise was yet to come. At 8:45 p.m., a woman with emerald eyes and red hair handed him a glass of champagne. One sip of birthday bubbly, and he was dead. The woman's name is Julie Dockport. No one at the party knew who she was. But Detective Eve Dallas remembers her all too well. Eve was personally responsible for her incarceration nearly ten years ago. And now, let out on good behavior, she still has nothing but bad intentions. It appears she wants to meet Dallas again -- in a reunion neither will forget.",https://images-na.ssl-images-amazon.com/images/S/compressed.photo.goodreads.com/books/1305123931i/238140.jpg,server_url,upload\J.D. Robb\Reunion_in_Death_-_J._D._Robb.epub,1,,,,1,1
13505863,1,5,240840,Free,Revealed,"Book 5 in the Brides of the Kindred seriesThis book is a plus length novel--around 130,000 words longNadiah has the Sight—the ability to see into the future. But the one thing she can’t see is how she’s ever going to be free of the blood bond her parents forced her into when she was only six. Her fiancée is an evil bastard who delights in torturing her and her only way out of a loveless marriage is for a Kindred warrior to challenge the hated bond. But Nadiah has no warrior to challenge for her—she just has Rast.Adam Rast doesn’t know why he feels so protective and possessive of Nadiah, only that he’s willing to kill or die to protect her. When the chance to set her free arises, he takes it without hesitation, even though his lack of Kindred blood could mean his defeat or even his death. But Rast has a secret, one even he doesn’t know he possesses. When he undertakes Nadiah’s quest, the truth comes out in a strange and provocative way. Can Nadiah and Rast live through their ordeal? Will the truth about Rast set them free…or kill them? You’ll have to read Revealed to find out.",https://images-na.ssl-images-amazon.com/images/S/compressed.photo.goodreads.com/books/1330596105i/13505863.jpg,server_url,upload\Evangeline Anderson\Revealed_-_Evangeline_Anderson.epub,1,,,,1,1
37685727,1,3,4512224,Free,Revelations,"Power that’s growing ever more impossible to hide…  Captain Telryn “Trip” Yert is on the most important mission of his life. Accompanied by Captain Kaika, the sentient soulblade Jaxi, and Rysha Ravenwood—the noble-born scholar and officer he definitely shouldn’t be developing feelings for—he must find a way to close a portal that’s allowing more and more dragons into the world. If he fails, all of humanity could fall to the powerful creatures.  As if that wasn’t enough to worry about, the secret Trip has spent his whole life hiding, that he can draw upon magical power, is on the verge of being discovered. What will his superior officers think when they find out? What will Rysha think?  But as Trip will soon discover, what he thought he knew about himself is only a shadow of the truth. Reality is far more incredible than he ever imagined.",https://images-na.ssl-images-amazon.com/images/S/compressed.photo.goodreads.com/books/1514263065i/37685727.jpg,server_url,upload\Lindsay Buroker\Revelations_-_Lindsay_Buroker.epub,1,,,,1,1
125619,1,2,13730,Free,Revenge of the Lawn Gnomes,Trouble begins when Joe Burton's dad brings home two new lawn ornaments--ugly lawn gnomes.,https://images-na.ssl-images-amazon.com/images/S/compressed.photo.goodreads.com/books/1328867833i/125619.jpg,server_url,upload\R.L. Stine\Revenge_of_the_Lawn_Gnomes_-_R._L._Stine.epub,1,,,,1,1
42730904,1,24,2965060,Free,Reyes's Raina,"He once picked the wrong woman… he won’t make that mistake again. Reyes Drere came from a long line of gardeners. He’d known since he was little which way his life was going to go and it had nothing to do with planting seasons. When he joined Legendary Securities after eight years as a Navy SEAL he’d been avoiding going home and joining the family business. The family business included an ex-fiancé he had no wish to see again. Her sister was a good friend but there was nothing more dead than a dead love – unless it was a dead ex-fiancé… Raina is reeling from the shock of seeing the only man she’s ever loved showing up at work one day, his new boss in tow. Ice is all about plants on a grand scale, whereas Reyes appears to be all about denial. Only the shocks continue as her twin and Reyes ex-fiancé show up dead… and he’s the one with a motive…",https://images-na.ssl-images-amazon.com/images/S/compressed.photo.goodreads.com/books/1541702465i/42730904.jpg,server_url,upload\Dale Mayer\Reyes's_Raina_-_Dale_Mayer.epub,1,,,,1,1
43685806,1,1,2879706,Free,Shield Knight: Rhodruthain,"For fifteen thousand years, the Guardian Rhodruthain has protected the world from the power of the Well of Storms. But the quest of the Seven Swords threatens to unlock the destructive power of the Well. And unless Rhodruthain can defeat the shadows in his own mind, not even the Shield Knight and the Keeper will be able to save him...",https://images-na.ssl-images-amazon.com/images/S/compressed.photo.goodreads.com/books/1548212723i/43685806.jpg,server_url,upload\Jonathan Moeller\Rhodruthain_-_Jonathan_Moeller.epub,1,,,,1,1
20971585,1,25,7235860,Free,Riding the Surf,"Derek wasn’t always the man he is now. After repeated mistakes, a life that lacks any morals, he finally feels remorse for what he did to Nancy, one of his closest friends. Now that all of his friends are paired off, the loneliness sets in. He wants—needs—to feel connected to someone. The only problem is, there is no one that catches his eye.  Until Paola…  A professional surfer with a confident attitude, Paola doesn’t need anyone to take care of her. She’s independent, intelligent, and beautiful. Derek immediately falls for her, and when she rejects him, he only works harder. He may have been a jerk in the past, but his bachelor days are over. He’ll only have one woman, whether she takes him or not.",https://images-na.ssl-images-amazon.com/images/S/compressed.photo.goodreads.com/books/1393926740i/20971585.jpg,server_url,upload\E.L. Todd\Riding_the_Surf_-_E._L._Todd.epub,1,,,,1,1
38888240,1,1,2879706,Free,Shield Knight: Ridmark's Tale,"Ridmark Arban is the Shield Knight of Andomhaim, the defender of the realm against dark magic. But years before he became the Shield Knight, he faced a deadly urdhracos in battle. If he can save her, she will become his loyal ally. But if he fails, she will kill him and everyone he loves...",https://images-na.ssl-images-amazon.com/images/S/compressed.photo.goodreads.com/books/1519873801i/38888240.jpg,server_url,upload\Jonathan Moeller\Ridmark's_Tale_-_Jonathan_Moeller.epub,1,,,,1,1
16418697,1,5,4107685,Free,Risky Negotiations,"The third book in the Attracelli series!Sal Attracelli met Laci Anderson three years ago at his brother’s wedding. At the time, he had thought she was too young for him. But the memory of her trembling in his arms during their one dance would not leave him. Now, he was out to win her heart and was willing to enact an elaborate ruse in order to bring her closer.For Laci, the impression Sal left at the wedding had made him impossible to forget. But now he was pursuing Laci with all the charm and sex appeal he had at his disposal, which was considerable. At first, Laci refused involvement with the sexy CEO, but he tore down her defenses. Her job and its responsibilities are swept away by the mad passion he inflames within her made. All that is left is her new dream of enfolding herself within the arms of a forbidden man.",https://images-na.ssl-images-amazon.com/images/S/compressed.photo.goodreads.com/books/1355264874i/16418697.jpg,server_url,upload\Elizabeth Lennox\Risky_Negotiations_-_Elizabeth_Lennox.epub,1,,,,1,1
3273744,1,2,17065,Free,Ritual in Death,"Listening Length: 3 audio discs (approximately 3 hr.)When a high-society party is crashed by a naked, knife-wielding, blood-covered man who ""thinks"" he might have killed someone, Eve Dallas must track down the crime, and the criminals. Everything points to Satanic ritual, but Eve doesn't believe in devil worship.…",https://images-na.ssl-images-amazon.com/images/S/compressed.photo.goodreads.com/books/1388785173i/3273744.jpg,server_url,upload\J.D. Robb\Ritual_in_Death_-_J._D._Robb.epub,1,,,,1,1
33400535,1,2,7581,Free,Rituals: Book 5 of the Cainsville Series,"Olivia Jones must make a choice. Caught between two rival supernatural forces, Liv has been given a brief period in which to make her decision. Now that time has run out. Whichever side she chooses, someone she loves will pay. Her lover, Ricky. Gabriel Walsh - the man she knows she cannot, must not love. Her parents - already trapped in prison.And now there is a new, terrifying power rising - one that doesn't distinguish between good and evil intentions. It feeds on chaos and destroys without mercy. Unless Liv acts fast, no one will survive. In this gripping thriller, international bestselling author Kelley Armstrong brings the Cainsville series to a powerful, richly rewarding climax.",https://images-na.ssl-images-amazon.com/images/S/compressed.photo.goodreads.com/books/1501597015i/33400535.jpg,server_url,upload\Kelley Armstrong\Rituals__The_Cainsville_Series_-_Kelley_Armstrong.epub,1,,,,1,1
18246262,1,2,"61693,3406",Free,River of Nightmares,"The secrets of the dead inspire the deadly intent of the living on the banks of the Amazon… Deep in the Amazon jungle, a tribe holds the key to the truest form of dreaming—where the human spirit walks the petal-thin line between life and death. In an elaborate ceremony, the dreamer ingests a toxic brew, then submerges herself in an herbal bath that turns human skin a vivid shade of midnight-blue. And the experience changes the dreamer forever…. Archaeologist Annja Creed has a full crew in tow as her TV show, Chasing History's Monsters, prepares for an in-depth exploration of the rain forest's most guarded secrets—including a magical child and a slothlike beast with two mouths and a single eye. But an opportunity to tread off the beaten path proves too tempting to ignore, and Annja leads her crew into an uncharted world that's both alien and dangerous—a world that attracts the morally corrupt with promises of wealth and power. A world that will steal the one thing Annja needs to survive: herself.",https://images-na.ssl-images-amazon.com/images/S/compressed.photo.goodreads.com/books/1388448485i/18246262.jpg,server_url,upload\Alex Archer\River_of_Nightmares_-_Alex_Archer.epub,1,,,,1,1
